regime,arc,n_samples,n_bezier,method,time_s,metric_name,metric,failed
rush_hour,1->31,542,10,bezier_pgd,0.0019179219962097,mse,5.163971161259523e-05,False
rush_hour,1->31,542,10,bezier_ipopt,1.532413380977232,mse,2.6682474939199662e-05,False
rush_hour,1->31,542,10,bezier_nm,7.661014778946992,mse,0.0007507363387763,False
rush_hour,10->435,542,10,bezier_pgd,0.0014845870318822,mse,0.0009611156970278,False
rush_hour,10->435,542,10,bezier_ipopt,1.0171847940073349,mse,6.507236375747828e-05,False
rush_hour,10->435,542,10,bezier_nm,7.551831749966368,mse,0.0057308567317912,False
rush_hour,100->524,542,10,bezier_pgd,0.0012021579896099,mse,7.17290561270096e-05,False
rush_hour,100->524,542,10,bezier_ipopt,0.869322630984243,mse,3.6355054831945984e-05,False
rush_hour,100->524,542,10,bezier_nm,8.204387662990484,mse,0.0002439399072414,False
rush_hour,100->99,542,10,bezier_pgd,0.0014016979839652,mse,8.648895756427175e-05,False
rush_hour,100->99,542,10,bezier_ipopt,0.9645882360055112,mse,1.452826119641833e-05,False
rush_hour,100->99,542,10,bezier_nm,11.641538536001462,mse,0.0002257213015009,False
rush_hour,101->102,542,10,bezier_pgd,0.0011041649850085,mse,4.604783098395546e-05,False
rush_hour,101->102,542,10,bezier_ipopt,1.2135114659904502,mse,2.3090369490002163e-05,False
rush_hour,101->102,542,10,bezier_nm,11.596616920956876,mse,0.0001937566890456,False
rush_hour,101->457,542,10,bezier_pgd,0.0009111859835684,mse,2.8859129546960964e-05,False
rush_hour,101->457,542,10,bezier_ipopt,1.197901774023194,mse,2.007744921288684e-05,False
rush_hour,101->457,542,10,bezier_nm,11.620001049013808,mse,9.143740966323613e-05,False
rush_hour,102->101,542,10,bezier_pgd,0.0015735769993625,mse,5.6325908598372654e-05,False
rush_hour,102->101,542,10,bezier_ipopt,1.0546957550104707,mse,1.5394095336472463e-05,False
rush_hour,102->101,542,10,bezier_nm,10.348355849040672,mse,0.0002613010641088,False
rush_hour,102->103,542,10,bezier_pgd,0.0010522110387682,mse,6.0002471724967816e-05,False
rush_hour,102->103,542,10,bezier_ipopt,1.0248601050116122,mse,1.545588025714132e-05,False
rush_hour,102->103,542,10,bezier_nm,14.686080104962455,mse,0.0002832710171412,False
rush_hour,103->102,542,10,bezier_pgd,0.0009924260084517,mse,4.325161321712052e-05,False
rush_hour,103->102,542,10,bezier_ipopt,0.8245602159877308,mse,2.451652590445978e-05,False
rush_hour,103->102,542,10,bezier_nm,8.317823963996489,mse,0.0002272430554092,False
rush_hour,103->104,542,10,bezier_pgd,0.0011149199563078,mse,4.587352920004395e-05,False
rush_hour,103->104,542,10,bezier_ipopt,0.9474221160053276,mse,1.574631004310811e-05,False
rush_hour,103->104,542,10,bezier_nm,8.262934984988533,mse,0.0002080485399839,False
rush_hour,104->103,542,10,bezier_pgd,0.0008583330200053,mse,4.528804590136876e-05,False
rush_hour,104->103,542,10,bezier_ipopt,0.8756504659540951,mse,2.8570570502763103e-05,False
rush_hour,104->103,542,10,bezier_nm,8.03147267102031,mse,0.0001559086745035,False
rush_hour,104->105,542,10,bezier_pgd,0.0009152559796348,mse,2.6130228629542834e-05,False
rush_hour,104->105,542,10,bezier_ipopt,1.4091279360000044,mse,1.1775115884330349e-05,False
rush_hour,104->105,542,10,bezier_nm,7.970110538997687,mse,3.6606782140290666e-05,False
rush_hour,105->104,542,10,bezier_pgd,0.001035617024172,mse,8.463352815028322e-05,False
rush_hour,105->104,542,10,bezier_ipopt,1.0237547649885528,mse,2.3397750971863077e-05,False
rush_hour,105->104,542,10,bezier_nm,8.76792137598386,mse,0.0003681360396055,False
rush_hour,105->18,542,10,bezier_pgd,0.0016252060304395,mse,3.258843376570092e-05,False
rush_hour,105->18,542,10,bezier_ipopt,0.8393251679954119,mse,1.4887520807437636e-05,False
rush_hour,105->18,542,10,bezier_nm,8.670100122981239,mse,0.0001832042780136,False
rush_hour,106->216,542,10,bezier_pgd,0.0051398879732005,mse,0.8209162606148228,False
rush_hour,106->216,542,10,bezier_ipopt,,mse,,True
rush_hour,106->216,542,10,bezier_nm,5.639199622964952,mse,0.8288917296105577,False
rush_hour,106->5,542,10,bezier_pgd,0.0011799469939433,mse,7.330961984513733e-05,False
rush_hour,106->5,542,10,bezier_ipopt,0.9141877749934793,mse,3.835101533144968e-05,False
rush_hour,106->5,542,10,bezier_nm,7.805160042946227,mse,0.0003236978694474,False
rush_hour,107->111,542,10,bezier_pgd,0.0008175669936463,mse,5.288822588906064e-05,False
rush_hour,107->111,542,10,bezier_ipopt,0.84003387397388,mse,2.2038994541699583e-05,False
rush_hour,107->111,542,10,bezier_nm,8.750358471996151,mse,8.600424434615709e-05,False
rush_hour,107->7,542,10,bezier_pgd,0.0010762450401671,mse,6.343639328306988e-05,False
rush_hour,107->7,542,10,bezier_ipopt,0.8539112049620599,mse,2.079879173243307e-05,False
rush_hour,107->7,542,10,bezier_nm,8.843218511028681,mse,0.0003775265523814,False
rush_hour,108->510,542,10,bezier_pgd,0.0011020209640264,mse,0.0141119026530478,False
rush_hour,108->510,542,10,bezier_ipopt,0.6485328639973886,mse,0.0003907830885906,False
rush_hour,108->510,542,10,bezier_nm,7.489614993974101,mse,0.1362130873226894,False
rush_hour,108->7,542,10,bezier_pgd,0.0011800740030594,mse,0.0074134651908276,False
rush_hour,108->7,542,10,bezier_ipopt,,mse,,True
rush_hour,108->7,542,10,bezier_nm,7.273361169034615,mse,0.0612709869268784,False
rush_hour,109->341,542,10,bezier_pgd,0.0017596539692021,mse,0.0006685983659451,False
rush_hour,109->341,542,10,bezier_ipopt,1.0071946550160646,mse,0.000242397299724,False
rush_hour,109->341,542,10,bezier_nm,7.590766859007999,mse,0.0243717002122723,False
rush_hour,109->78,542,10,bezier_pgd,0.0007681770366616,mse,2.5984653789409045e-05,False
rush_hour,109->78,542,10,bezier_ipopt,0.8342132190009579,mse,1.893760030313411e-05,False
rush_hour,109->78,542,10,bezier_nm,7.22176375600975,mse,0.0009157787165703,False
rush_hour,11->517,542,10,bezier_pgd,0.0012008270132355,mse,0.0020606064745077,False
rush_hour,11->517,542,10,bezier_ipopt,0.8349290650221519,mse,0.0002313067874751,False
rush_hour,11->517,542,10,bezier_nm,7.3636912459624,mse,0.130986531352479,False
rush_hour,110->345,542,10,bezier_pgd,0.0013206779840402,mse,3.967285571440295e-05,False
rush_hour,110->345,542,10,bezier_ipopt,1.7217125779716298,mse,1.2143595091779094e-05,False
rush_hour,110->345,542,10,bezier_nm,6.737079210986849,mse,0.0011031287541633,False
rush_hour,110->79,542,10,bezier_pgd,0.0008404579712077,mse,5.620494679773203e-05,False
rush_hour,110->79,542,10,bezier_ipopt,0.9421622160007246,mse,2.3162546525882363e-05,False
rush_hour,110->79,542,10,bezier_nm,8.170522177999374,mse,0.0001608168312568,False
rush_hour,111->107,542,10,bezier_pgd,0.0009905340266413,mse,0.1336989683806919,False
rush_hour,111->107,542,10,bezier_ipopt,,mse,,True
rush_hour,111->107,542,10,bezier_nm,7.166455274040345,mse,0.3847888649041607,False
rush_hour,111->239,542,10,bezier_pgd,0.0012150519760325,mse,0.0004161028198276,False
rush_hour,111->239,542,10,bezier_ipopt,0.7452255610260181,mse,0.0002493500486672,False
rush_hour,111->239,542,10,bezier_nm,8.360866318980698,mse,0.0008209551648465,False
rush_hour,112->42,542,10,bezier_pgd,0.0014827619888819,mse,3.438679324546399e-05,False
rush_hour,112->42,542,10,bezier_ipopt,1.128348881029524,mse,1.8089122229003292e-05,False
rush_hour,112->42,542,10,bezier_nm,8.002515267988201,mse,0.0001692979279535,False
rush_hour,113->531,542,10,bezier_pgd,0.0007744560134597,mse,0.0157100747348691,False
rush_hour,113->531,542,10,bezier_ipopt,,mse,,True
rush_hour,113->531,542,10,bezier_nm,7.543563771992922,mse,0.2713555445242241,False
rush_hour,113->532,542,10,bezier_pgd,0.0010573209729045,mse,5.184669486589309e-05,False
rush_hour,113->532,542,10,bezier_ipopt,0.9047904339968228,mse,2.469399687570189e-05,False
rush_hour,113->532,542,10,bezier_nm,7.982151884993073,mse,0.0001636737140366,False
rush_hour,114->280,542,10,bezier_pgd,0.0008627909701317,mse,0.0348872367640248,False
rush_hour,114->280,542,10,bezier_ipopt,,mse,,True
rush_hour,114->280,542,10,bezier_nm,8.543991634971462,mse,0.2804726440359116,False
rush_hour,114->297,542,10,bezier_pgd,0.000757107976824,mse,3.409533703827282e-05,False
rush_hour,114->297,542,10,bezier_ipopt,1.7788068240042776,mse,1.833977776633772e-05,False
rush_hour,114->297,542,10,bezier_nm,8.300933929975145,mse,0.0001379938089181,False
rush_hour,115->353,542,10,bezier_pgd,0.0013423799537122,mse,0.000426607768851,False
rush_hour,115->353,542,10,bezier_ipopt,1.1075360959512182,mse,0.0002472102834898,False
rush_hour,115->353,542,10,bezier_nm,7.803915137948934,mse,0.0067551765800022,False
rush_hour,115->459,542,10,bezier_pgd,0.0011634930269792,mse,0.0108658246377996,False
rush_hour,115->459,542,10,bezier_ipopt,0.7946710340329446,mse,0.000155720924654,False
rush_hour,115->459,542,10,bezier_nm,7.604724019009154,mse,0.1504018360685466,False
rush_hour,116->177,542,10,bezier_pgd,0.0009687830461189,mse,0.0119642743429331,False
rush_hour,116->177,542,10,bezier_ipopt,0.8060938460403122,mse,0.0003250803686499,False
rush_hour,116->177,542,10,bezier_nm,7.015660711971577,mse,0.158213184911052,False
rush_hour,116->423,542,10,bezier_pgd,0.0014424410182982,mse,0.0004458964863043,False
rush_hour,116->423,542,10,bezier_ipopt,1.3207000639522448,mse,0.0002500171359777,False
rush_hour,116->423,542,10,bezier_nm,8.221106369048357,mse,0.0014643387828666,False
rush_hour,117->460,542,10,bezier_pgd,0.0012023419840261,mse,0.0002278593703516,False
rush_hour,117->460,542,10,bezier_ipopt,0.7933828249806538,mse,0.0001949895506187,False
rush_hour,117->460,542,10,bezier_nm,7.593709900975227,mse,0.0004722940703197,False
rush_hour,117->484,542,10,bezier_pgd,0.0007846339722163,mse,0.0044055277603328,False
rush_hour,117->484,542,10,bezier_ipopt,0.7342718070140108,mse,0.0004282189002793,False
rush_hour,117->484,542,10,bezier_nm,7.061800063995179,mse,0.0436544345341245,False
rush_hour,118->119,542,10,bezier_pgd,0.001169846043922,mse,0.0002365643238631,False
rush_hour,118->119,542,10,bezier_ipopt,0.8692246389691718,mse,0.0001386419784495,False
rush_hour,118->119,542,10,bezier_nm,8.324753913038876,mse,0.0006061050151315,False
rush_hour,118->137,542,10,bezier_pgd,0.0013483840157277,mse,0.0003076019161737,False
rush_hour,118->137,542,10,bezier_ipopt,0.8759471330558881,mse,0.0002446677964163,False
rush_hour,118->137,542,10,bezier_nm,7.421066629001871,mse,0.0011599353371871,False
rush_hour,119->118,542,10,bezier_pgd,0.0010722230072133,mse,0.0080828608852903,False
rush_hour,119->118,542,10,bezier_ipopt,0.7951158600044437,mse,0.0003016103032162,False
rush_hour,119->118,542,10,bezier_nm,7.029939931991976,mse,0.1510424289595263,False
rush_hour,119->311,542,10,bezier_pgd,0.0011983679723925,mse,0.0002079339952324,False
rush_hour,119->311,542,10,bezier_ipopt,0.754965039959643,mse,0.000144667284022,False
rush_hour,119->311,542,10,bezier_nm,8.432472406013403,mse,0.0009210195793494,False
rush_hour,12->443,542,10,bezier_pgd,0.0012355920043773,mse,0.0007796307066003,False
rush_hour,12->443,542,10,bezier_ipopt,1.1278532699798234,mse,0.0001122819038778,False
rush_hour,12->443,542,10,bezier_nm,7.270097280968912,mse,0.0116365756784255,False
rush_hour,12->533,542,10,bezier_pgd,0.0010662910062819,mse,0.0095665184577734,False
rush_hour,12->533,542,10,bezier_ipopt,0.7854751939885318,mse,0.0003625994315381,False
rush_hour,12->533,542,10,bezier_nm,7.208252231997903,mse,0.1596600419618711,False
rush_hour,120->462,542,10,bezier_pgd,0.0015580419567413,mse,0.0002714071233001,False
rush_hour,120->462,542,10,bezier_ipopt,0.8160275080008432,mse,0.0002021157623828,False
rush_hour,120->462,542,10,bezier_nm,8.159941174031701,mse,0.0007852632319237,False
rush_hour,120->490,542,10,bezier_pgd,0.0011469490127637,mse,0.0202938362075928,False
rush_hour,120->490,542,10,bezier_ipopt,0.6745373170124367,mse,0.0003026443002769,False
rush_hour,120->490,542,10,bezier_nm,6.8439553279895335,mse,0.2013928753493364,False
rush_hour,121->299,542,10,bezier_pgd,0.0010043160291388,mse,0.0066908450577785,False
rush_hour,121->299,542,10,bezier_ipopt,0.8077507800189778,mse,0.0005430596732947,False
rush_hour,121->299,542,10,bezier_nm,7.954920744989067,mse,0.0679800993818429,False
rush_hour,121->423,542,10,bezier_pgd,0.0010268909973092,mse,0.0001353531466783,False
rush_hour,121->423,542,10,bezier_ipopt,,mse,,True
rush_hour,121->423,542,10,bezier_nm,8.491165551007725,mse,0.0007662665831438,False
rush_hour,122->348,542,10,bezier_pgd,0.0008937020320445,mse,0.000203826090134,False
rush_hour,122->348,542,10,bezier_ipopt,1.0041375879663974,mse,0.0001238686469539,False
rush_hour,122->348,542,10,bezier_nm,8.304615922970697,mse,0.0004246208808308,False
rush_hour,122->415,542,10,bezier_pgd,0.0020434650359675,mse,0.0004615692301209,False
rush_hour,122->415,542,10,bezier_ipopt,0.8030193130252883,mse,0.0001595645607019,False
rush_hour,122->415,542,10,bezier_nm,8.63975589495385,mse,0.0037514517132133,False
rush_hour,123->463,542,10,bezier_pgd,0.00073682598304,mse,0.089928052789967,False
rush_hour,123->463,542,10,bezier_ipopt,0.8591502080089413,mse,0.0005580791926416,False
rush_hour,123->463,542,10,bezier_nm,7.360229219018947,mse,0.3901740478538809,False
rush_hour,123->486,542,10,bezier_pgd,0.0013453720021061,mse,0.0001899935364595,False
rush_hour,123->486,542,10,bezier_ipopt,0.8804568250197917,mse,0.0001540108415043,False
rush_hour,123->486,542,10,bezier_nm,7.759691946033854,mse,0.0007564333150313,False
rush_hour,124->125,542,10,bezier_pgd,0.0009232989978045,mse,0.065923650141768,False
rush_hour,124->125,542,10,bezier_ipopt,1.0212548659765162,mse,0.0002253786420144,False
rush_hour,124->125,542,10,bezier_nm,8.496952122019138,mse,0.2733059283071783,False
rush_hour,124->453,542,10,bezier_pgd,0.0013871999690309,mse,0.0001859143470452,False
rush_hour,124->453,542,10,bezier_ipopt,0.9906076330225916,mse,0.0001298139471372,False
rush_hour,124->453,542,10,bezier_nm,7.078827360994183,mse,0.0004663875383657,False
rush_hour,125->124,542,10,bezier_pgd,0.0010087280534207,mse,0.0055024611748975,False
rush_hour,125->124,542,10,bezier_ipopt,0.9211432239972056,mse,0.0004107592089566,False
rush_hour,125->124,542,10,bezier_nm,6.940775318013039,mse,0.1007964488876753,False
rush_hour,125->429,542,10,bezier_pgd,0.0008610649965703,mse,0.0093835541524677,False
rush_hour,125->429,542,10,bezier_ipopt,0.8197943750419654,mse,0.0006987853378622,False
rush_hour,125->429,542,10,bezier_nm,6.7389961940352805,mse,0.0889368590282586,False
rush_hour,126->343,542,10,bezier_pgd,0.0014667319483123,mse,0.0005839229265154,False
rush_hour,126->343,542,10,bezier_ipopt,0.9139058609725907,mse,0.0003157049893756,False
rush_hour,126->343,542,10,bezier_nm,6.617042185040191,mse,0.0039756949992582,False
rush_hour,126->464,542,10,bezier_pgd,0.0013335659750737,mse,0.0003791435053834,False
rush_hour,126->464,542,10,bezier_ipopt,0.8250762850511819,mse,0.0002275650659925,False
rush_hour,126->464,542,10,bezier_nm,9.104799897992052,mse,0.0012011174501157,False
rush_hour,127->17,542,10,bezier_pgd,0.0012230150168761,mse,0.0082468858677829,False
rush_hour,127->17,542,10,bezier_ipopt,1.4120679590268992,mse,0.0001208955826211,False
rush_hour,127->17,542,10,bezier_nm,7.12307004496688,mse,0.186966693817725,False
rush_hour,127->471,542,10,bezier_pgd,0.0008806510013528,mse,0.0006193829702379,False
rush_hour,127->471,542,10,bezier_ipopt,0.6952832750394009,mse,0.000174151436422,False
rush_hour,127->471,542,10,bezier_nm,6.787776067969389,mse,0.0063583619896815,False
rush_hour,128->357,542,10,bezier_pgd,0.0014982940047048,mse,0.0051774491132882,False
rush_hour,128->357,542,10,bezier_ipopt,,mse,,True
rush_hour,128->357,542,10,bezier_nm,6.925904256990179,mse,0.139309849595943,False
rush_hour,128->465,542,10,bezier_pgd,0.0007448870455846,mse,0.0002582900882647,False
rush_hour,128->465,542,10,bezier_ipopt,1.033001433999743,mse,0.0001902007490598,False
rush_hour,128->465,542,10,bezier_nm,8.121074678027071,mse,0.0036404522590423,False
rush_hour,129->160,542,10,bezier_pgd,0.0025097039761021,mse,0.0004973946269229,False
rush_hour,129->160,542,10,bezier_ipopt,0.8221872809808701,mse,0.0002730873241595,False
rush_hour,129->160,542,10,bezier_nm,10.158315095002765,mse,0.0024772540287184,False
rush_hour,129->511,542,10,bezier_pgd,0.0009050459484569,mse,0.0014237560949229,False
rush_hour,129->511,542,10,bezier_ipopt,0.8935842550126836,mse,0.0001521457149051,False
rush_hour,129->511,542,10,bezier_nm,7.438158976030536,mse,0.0632069809193816,False
rush_hour,13->530,542,10,bezier_pgd,0.0006066389614716,mse,0.0003360364935874,False
rush_hour,13->530,542,10,bezier_ipopt,0.8333781430264935,mse,0.000289702208064,False
rush_hour,13->530,542,10,bezier_nm,7.347527267993428,mse,0.0004120151699167,False
rush_hour,13->532,542,10,bezier_pgd,0.0012209779815748,mse,0.0092277047949183,False
rush_hour,13->532,542,10,bezier_ipopt,4.915794054977596,mse,0.0073951326333004,False
rush_hour,13->532,542,10,bezier_nm,6.950683168019168,mse,0.0817237932609575,False
rush_hour,130->450,542,10,bezier_pgd,0.000701735028997,mse,0.0001668040498847,False
rush_hour,130->450,542,10,bezier_ipopt,1.1487644420121796,mse,0.000141460779925,False
rush_hour,130->450,542,10,bezier_nm,8.469725930015557,mse,0.000855676853811,False
rush_hour,130->65,542,10,bezier_pgd,0.0009246470290236,mse,0.0202581606932244,False
rush_hour,130->65,542,10,bezier_ipopt,1.2417278689681552,mse,0.0003958100827856,False
rush_hour,130->65,542,10,bezier_nm,8.106277704006061,mse,0.2337164585558163,False
rush_hour,131->221,542,10,bezier_pgd,0.0009281740058213,mse,0.0002203953459718,False
rush_hour,131->221,542,10,bezier_ipopt,1.0504074009950273,mse,0.0001763837901567,False
rush_hour,131->221,542,10,bezier_nm,7.402589565026574,mse,0.0004243495913156,False
rush_hour,131->457,542,10,bezier_pgd,0.0009012049995362,mse,0.0031599908887121,False
rush_hour,131->457,542,10,bezier_ipopt,0.9451088829664512,mse,0.0002452886162069,False
rush_hour,131->457,542,10,bezier_nm,7.064061670971569,mse,0.0783223020576758,False
rush_hour,132->133,542,10,bezier_pgd,0.0013574020122177,mse,0.029430858317305,False
rush_hour,132->133,542,10,bezier_ipopt,0.9378352530184202,mse,0.0002588077055018,False
rush_hour,132->133,542,10,bezier_nm,6.938207878032699,mse,0.2339452892246922,False
rush_hour,132->493,542,10,bezier_pgd,0.0012963199988007,mse,0.0068592308938803,False
rush_hour,132->493,542,10,bezier_ipopt,1.1147676489781588,mse,0.0002954663058861,False
rush_hour,132->493,542,10,bezier_nm,7.400893699959852,mse,0.1830397101137672,False
rush_hour,133->132,542,10,bezier_pgd,0.0012720039812847,mse,0.0068592308938803,False
rush_hour,133->132,542,10,bezier_ipopt,1.3345868039759807,mse,0.0002954662752849,False
rush_hour,133->132,542,10,bezier_nm,7.736178380961064,mse,0.1830397101137653,False
rush_hour,133->479,542,10,bezier_pgd,0.0013115900219418,mse,0.0032824068496946,False
rush_hour,133->479,542,10,bezier_ipopt,0.7616338519728743,mse,0.0005061477083233,False
rush_hour,133->479,542,10,bezier_nm,7.506381481012795,mse,0.1027912427823096,False
rush_hour,134->135,542,10,bezier_pgd,0.0010437320452183,mse,0.0043562326443894,False
rush_hour,134->135,542,10,bezier_ipopt,0.8670230360003188,mse,0.0001561329533705,False
rush_hour,134->135,542,10,bezier_nm,6.7344679340021685,mse,0.1017766344446164,False
rush_hour,134->320,542,10,bezier_pgd,0.0012081550084985,mse,0.0130329699198381,False
rush_hour,134->320,542,10,bezier_ipopt,0.8170525919995271,mse,0.0002864925286832,False
rush_hour,134->320,542,10,bezier_nm,8.503713309008162,mse,0.1869005081865344,False
rush_hour,135->134,542,10,bezier_pgd,0.0018124229973182,mse,0.0004509193473569,False
rush_hour,135->134,542,10,bezier_ipopt,1.0714510949910618,mse,0.00021782889411,False
rush_hour,135->134,542,10,bezier_nm,9.230066789023113,mse,0.0075012022398005,False
rush_hour,135->479,542,10,bezier_pgd,0.0030351889436133,mse,0.0004979475887121,False
rush_hour,135->479,542,10,bezier_ipopt,0.896378488978371,mse,0.0001747642126829,False
rush_hour,135->479,542,10,bezier_nm,9.294082692009397,mse,0.0056515452346255,False
rush_hour,136->444,542,10,bezier_pgd,0.0011105769663117,mse,0.0003703284445924,False
rush_hour,136->444,542,10,bezier_ipopt,0.8442872050218284,mse,0.0002546279585194,False
rush_hour,136->444,542,10,bezier_nm,8.794834385975264,mse,0.0006868151075617,False
rush_hour,136->517,542,10,bezier_pgd,0.0011429490405134,mse,0.0004554938999324,False
rush_hour,136->517,542,10,bezier_ipopt,1.077810267044697,mse,0.0003694148297368,False
rush_hour,136->517,542,10,bezier_nm,7.90776166098658,mse,0.0008279033005822,False
rush_hour,137->118,542,10,bezier_pgd,0.0008249740349128,mse,0.0003108991110437,False
rush_hour,137->118,542,10,bezier_ipopt,0.6730682339984924,mse,0.0002580956035148,False
rush_hour,137->118,542,10,bezier_nm,8.646719916025177,mse,0.0009389275371417,False
rush_hour,137->466,542,10,bezier_pgd,0.0016251509659923,mse,0.0002598273082157,False
rush_hour,137->466,542,10,bezier_ipopt,0.9366880640154704,mse,0.0001660766882027,False
rush_hour,137->466,542,10,bezier_nm,10.086617616994772,mse,0.0012691863624232,False
rush_hour,138->422,542,10,bezier_pgd,0.0010995659977197,mse,0.0002456950867088,False
rush_hour,138->422,542,10,bezier_ipopt,1.0443322240025736,mse,0.0002029926254791,False
rush_hour,138->422,542,10,bezier_nm,8.428301579027902,mse,0.0004240444239363,False
rush_hour,138->467,542,10,bezier_pgd,0.001797360018827,mse,0.0003902341020451,False
rush_hour,138->467,542,10,bezier_ipopt,,mse,,True
rush_hour,138->467,542,10,bezier_nm,9.013999218994286,mse,0.0017641160796081,False
rush_hour,139->374,542,10,bezier_pgd,0.0013761339941993,mse,0.0015963211827198,False
rush_hour,139->374,542,10,bezier_ipopt,0.9540390929905698,mse,6.35705874009201e-05,False
rush_hour,139->374,542,10,bezier_nm,6.505084537027869,mse,0.049085797601987,False
rush_hour,139->468,542,10,bezier_pgd,0.0014873140025883,mse,0.0593288822295043,False
rush_hour,139->468,542,10,bezier_ipopt,0.8378822900122032,mse,0.0002328418025025,False
rush_hour,139->468,542,10,bezier_nm,7.194592118030414,mse,0.2594368709804009,False
rush_hour,14->392,542,10,bezier_pgd,0.0011510970070958,mse,3.665469046588282e-05,False
rush_hour,14->392,542,10,bezier_ipopt,1.107367670047097,mse,1.6975766922260354e-05,False
rush_hour,14->392,542,10,bezier_nm,8.342748738010414,mse,0.0003106836181381,False
rush_hour,14->76,542,10,bezier_pgd,0.0010606430005282,mse,3.795805630992161e-05,False
rush_hour,14->76,542,10,bezier_ipopt,1.0566029710462317,mse,2.2289482706018877e-05,False
rush_hour,14->76,542,10,bezier_nm,10.260155007010326,mse,0.0003364840116617,False
rush_hour,140->152,542,10,bezier_pgd,0.0011592209921218,mse,0.0002482378587074,False
rush_hour,140->152,542,10,bezier_ipopt,0.9327277039992624,mse,0.0002028620389299,False
rush_hour,140->152,542,10,bezier_nm,8.714605599001516,mse,0.0021082287594681,False
rush_hour,140->469,542,10,bezier_pgd,0.0010983279789797,mse,0.0019551030179563,False
rush_hour,140->469,542,10,bezier_ipopt,0.846833303978201,mse,8.971903772136204e-05,False
rush_hour,140->469,542,10,bezier_nm,8.602413981978316,mse,0.0592819083310175,False
rush_hour,141->399,542,10,bezier_pgd,0.0007734810351394,mse,0.0002897801533633,False
rush_hour,141->399,542,10,bezier_ipopt,0.822178772999905,mse,0.0001694409931525,False
rush_hour,141->399,542,10,bezier_nm,8.539885688980576,mse,0.0006124487313075,False
rush_hour,141->510,542,10,bezier_pgd,0.0008035429636947,mse,0.000468618568449,False
rush_hour,141->510,542,10,bezier_ipopt,1.154118983016815,mse,0.0004351313677911,False
rush_hour,141->510,542,10,bezier_nm,8.394817804044578,mse,0.0006319252599651,False
rush_hour,142->470,542,10,bezier_pgd,0.0012179600307717,mse,0.0001500499322094,False
rush_hour,142->470,542,10,bezier_ipopt,0.984409855969716,mse,9.042312811711828e-05,False
rush_hour,142->470,542,10,bezier_nm,9.47856330004288,mse,0.0013525262925233,False
rush_hour,142->86,542,10,bezier_pgd,0.0015073569957166,mse,0.0003542771194748,False
rush_hour,142->86,542,10,bezier_ipopt,1.1263147959834896,mse,0.0002234721508868,False
rush_hour,142->86,542,10,bezier_nm,9.265739716996904,mse,0.0004794586010983,False
rush_hour,143->415,542,10,bezier_pgd,0.0013424539938569,mse,0.0069968170858984,False
rush_hour,143->415,542,10,bezier_ipopt,1.1768442909815349,mse,0.0004328212485777,False
rush_hour,143->415,542,10,bezier_nm,7.423734662006609,mse,0.1254509219682583,False
rush_hour,143->74,542,10,bezier_pgd,0.0011262850021012,mse,0.0161271763751053,False
rush_hour,143->74,542,10,bezier_ipopt,1.1317898310371677,mse,0.0002468075118928,False
rush_hour,143->74,542,10,bezier_nm,7.148454396985471,mse,0.2217681502906985,False
rush_hour,144->145,542,10,bezier_pgd,0.0011164569878019,mse,0.0004591905922133,False
rush_hour,144->145,542,10,bezier_ipopt,1.3541097000124864,mse,0.0003776046522631,False
rush_hour,144->145,542,10,bezier_nm,7.857880812021904,mse,0.0011314022237145,False
rush_hour,144->383,542,10,bezier_pgd,0.000674887036439,mse,0.0006272939440722,False
rush_hour,144->383,542,10,bezier_ipopt,0.9403277679812164,mse,0.000313965009678,False
rush_hour,144->383,542,10,bezier_nm,8.86187768302625,mse,0.0007860993470896,False
rush_hour,145->144,542,10,bezier_pgd,0.0017501029651612,mse,0.0004470248319584,False
rush_hour,145->144,542,10,bezier_ipopt,1.3511182919610292,mse,0.0001937434594041,False
rush_hour,145->144,542,10,bezier_nm,8.74017772701336,mse,0.0027172709427448,False
rush_hour,145->509,542,10,bezier_pgd,0.0012864189920946,mse,0.0369972287664897,False
rush_hour,145->509,542,10,bezier_ipopt,0.925618642999325,mse,0.0001879303326899,False
rush_hour,145->509,542,10,bezier_nm,6.786536868021358,mse,0.2482584418024185,False
rush_hour,146->147,542,10,bezier_pgd,0.0009764590067788,mse,0.0002634874441739,False
rush_hour,146->147,542,10,bezier_ipopt,0.7589423210010864,mse,0.0001579396758303,False
rush_hour,146->147,542,10,bezier_nm,7.823660437017679,mse,0.0014124355541934,False
rush_hour,146->415,542,10,bezier_pgd,0.0015288490103557,mse,0.0213818454120333,False
rush_hour,146->415,542,10,bezier_ipopt,0.7218929859809577,mse,0.0003304443940872,False
rush_hour,146->415,542,10,bezier_nm,6.698248208034784,mse,0.2292649734872073,False
rush_hour,147->146,542,10,bezier_pgd,0.0009755889768712,mse,0.0181891309099412,False
rush_hour,147->146,542,10,bezier_ipopt,0.8228858570219018,mse,0.0007110474113372,False
rush_hour,147->146,542,10,bezier_nm,7.606781273032539,mse,0.2212369183375854,False
rush_hour,147->198,542,10,bezier_pgd,0.0009184459922835,mse,0.0070222942920563,False
rush_hour,147->198,542,10,bezier_ipopt,1.183557134994771,mse,0.0004289222610496,False
rush_hour,147->198,542,10,bezier_nm,6.764687545015477,mse,0.0747111310379818,False
rush_hour,148->472,542,10,bezier_pgd,0.0013242630520835,mse,0.0003841928470871,False
rush_hour,148->472,542,10,bezier_ipopt,1.010990344977472,mse,0.0001668727563608,False
rush_hour,148->472,542,10,bezier_nm,8.19195997301722,mse,0.0008642630793138,False
rush_hour,148->498,542,10,bezier_pgd,0.0008805340039543,mse,0.0002596739687941,False
rush_hour,148->498,542,10,bezier_ipopt,0.9148273289902136,mse,0.0001733294381382,False
rush_hour,148->498,542,10,bezier_nm,7.119082011980936,mse,0.0063264468832342,False
rush_hour,149->150,542,10,bezier_pgd,0.0010321260197088,mse,0.0003861411264438,False
rush_hour,149->150,542,10,bezier_ipopt,0.792570727004204,mse,0.0002578230169795,False
rush_hour,149->150,542,10,bezier_nm,8.128866860992275,mse,0.0012172401666973,False
rush_hour,149->215,542,10,bezier_pgd,0.0014378229971043,mse,0.0004540373385434,False
rush_hour,149->215,542,10,bezier_ipopt,1.1612408669898286,mse,0.0001783596516885,False
rush_hour,149->215,542,10,bezier_nm,6.988482097047381,mse,0.0204992205300167,False
rush_hour,15->23,542,10,bezier_pgd,0.0009133929852396,mse,6.669561629168191e-05,False
rush_hour,15->23,542,10,bezier_ipopt,0.9073781099868938,mse,3.122997122718e-05,False
rush_hour,15->23,542,10,bezier_nm,8.752479396993294,mse,0.0001329993516733,False
rush_hour,15->234,542,10,bezier_pgd,0.0011269049718976,mse,0.3094515352749672,False
rush_hour,15->234,542,10,bezier_ipopt,,mse,,True
rush_hour,15->234,542,10,bezier_nm,6.569161807012279,mse,0.4642554257202692,False
rush_hour,15->516,542,10,bezier_pgd,0.0010332780075259,mse,0.0014701529765347,False
rush_hour,15->516,542,10,bezier_ipopt,0.733779238013085,mse,0.0001520636649078,False
rush_hour,15->516,542,10,bezier_nm,6.803729880019091,mse,0.0925463095460678,False
rush_hour,150->149,542,10,bezier_pgd,0.000928946014028,mse,0.000160053581451,False
rush_hour,150->149,542,10,bezier_ipopt,0.8786991040105931,mse,6.966143685386299e-05,False
rush_hour,150->149,542,10,bezier_nm,7.618040161032695,mse,0.0005922871390418,False
rush_hour,150->507,542,10,bezier_pgd,0.0009888699860312,mse,0.0006166840641345,False
rush_hour,150->507,542,10,bezier_ipopt,1.1542536030174233,mse,0.0002983816513962,False
rush_hour,150->507,542,10,bezier_nm,7.377506512973923,mse,0.0103804873011678,False
rush_hour,151->290,542,10,bezier_pgd,0.0009475200204178,mse,0.0374471795845487,False
rush_hour,151->290,542,10,bezier_ipopt,,mse,,True
rush_hour,151->290,542,10,bezier_nm,6.405315804993734,mse,0.2312375022741173,False
rush_hour,151->473,542,10,bezier_pgd,0.0017759259790182,mse,0.0004602158944655,False
rush_hour,151->473,542,10,bezier_ipopt,0.7921119390521199,mse,0.0001542987520699,False
rush_hour,151->473,542,10,bezier_nm,9.834541475982403,mse,0.0017548045247032,False
rush_hour,152->140,542,10,bezier_pgd,0.0010036090388894,mse,0.00022944067511,False
rush_hour,152->140,542,10,bezier_ipopt,1.0902297760476358,mse,0.0001480210569879,False
rush_hour,152->140,542,10,bezier_nm,7.803795605024788,mse,0.0014085364531502,False
rush_hour,152->220,542,10,bezier_pgd,0.0012675519683398,mse,0.0003550420215713,False
rush_hour,152->220,542,10,bezier_ipopt,0.8679797520162538,mse,0.000204586598407,False
rush_hour,152->220,542,10,bezier_nm,8.561339266016148,mse,0.0007051810985168,False
rush_hour,153->447,542,10,bezier_pgd,0.0008319480111822,mse,0.0002145764952086,False
rush_hour,153->447,542,10,bezier_ipopt,,mse,,True
rush_hour,153->447,542,10,bezier_nm,8.083756911044475,mse,0.0006371677641345,False
rush_hour,153->474,542,10,bezier_pgd,0.0009138800087384,mse,0.0026197665775064,False
rush_hour,153->474,542,10,bezier_ipopt,0.9508986300206744,mse,0.000248050372915,False
rush_hour,153->474,542,10,bezier_nm,5.991859049012419,mse,0.0901032006329298,False
rush_hour,154->434,542,10,bezier_pgd,0.0013903170474804,mse,0.0008532324999252,False
rush_hour,154->434,542,10,bezier_ipopt,0.9403416310087778,mse,0.0001890729619735,False
rush_hour,154->434,542,10,bezier_nm,7.330487357976381,mse,0.0403001535151413,False
rush_hour,154->470,542,10,bezier_pgd,0.0018211510032415,mse,0.0004507628726844,False
rush_hour,154->470,542,10,bezier_ipopt,0.8973481920547783,mse,0.0002526377183883,False
rush_hour,154->470,542,10,bezier_nm,7.828961779014207,mse,0.0008493163087803,False
rush_hour,155->398,542,10,bezier_pgd,0.0011447150027379,mse,0.0068125581435816,False
rush_hour,155->398,542,10,bezier_ipopt,1.1900089499540627,mse,0.0002571128928654,False
rush_hour,155->398,542,10,bezier_nm,6.655443227966316,mse,0.170471744947524,False
rush_hour,155->480,542,10,bezier_pgd,0.0015298440121114,mse,0.0004503416418127,False
rush_hour,155->480,542,10,bezier_ipopt,0.8384317049640231,mse,0.0001758860018004,False
rush_hour,155->480,542,10,bezier_nm,7.866373994969763,mse,0.0528690226796064,False
rush_hour,156->391,542,10,bezier_pgd,0.0009896020055748,mse,0.0809876439402606,False
rush_hour,156->391,542,10,bezier_ipopt,,mse,,True
rush_hour,156->391,542,10,bezier_nm,6.63991263700882,mse,0.2741385587318544,False
rush_hour,156->469,542,10,bezier_pgd,0.0012341080000624,mse,0.0030745020085602,False
rush_hour,156->469,542,10,bezier_ipopt,,mse,,True
rush_hour,156->469,542,10,bezier_nm,6.395752776996233,mse,0.0889038918129624,False
rush_hour,157->390,542,10,bezier_pgd,0.0011447420110926,mse,0.0004729749328572,False
rush_hour,157->390,542,10,bezier_ipopt,1.238000702986028,mse,0.0002168665952081,False
rush_hour,157->390,542,10,bezier_nm,8.532634691044223,mse,0.0006838481896972,False
rush_hour,157->476,542,10,bezier_pgd,0.0018877880065701,mse,0.0914482367990575,False
rush_hour,157->476,542,10,bezier_ipopt,3.1045001659658737,mse,0.064256906591848,False
rush_hour,157->476,542,10,bezier_nm,7.113234199001454,mse,0.2474058788502744,False
rush_hour,158->159,542,10,bezier_pgd,0.0028097299509681,mse,0.0006307611715392,False
rush_hour,158->159,542,10,bezier_ipopt,0.8133864789851941,mse,0.0002452083932143,False
rush_hour,158->159,542,10,bezier_nm,8.79779507801868,mse,0.0011592900037567,False
rush_hour,158->244,542,10,bezier_pgd,0.0015646739630028,mse,0.0058087444431733,False
rush_hour,158->244,542,10,bezier_ipopt,,mse,,True
rush_hour,158->244,542,10,bezier_nm,6.644571080978494,mse,0.1090658140340738,False
rush_hour,159->158,542,10,bezier_pgd,0.0008483810233883,mse,0.0336345990214575,False
rush_hour,159->158,542,10,bezier_ipopt,0.9605742950225248,mse,0.0007056210407387,False
rush_hour,159->158,542,10,bezier_nm,6.699565393966623,mse,0.2404813003670179,False
rush_hour,159->253,542,10,bezier_pgd,0.0022966179531067,mse,0.0007633633090508,False
rush_hour,159->253,542,10,bezier_ipopt,0.9958927929983474,mse,0.0002646096571572,False
rush_hour,159->253,542,10,bezier_nm,8.913206756988075,mse,0.0030765996164314,False
rush_hour,16->228,542,10,bezier_pgd,0.0011262579937465,mse,0.000264106151015,False
rush_hour,16->228,542,10,bezier_ipopt,1.0504859710345045,mse,0.000162548072964,False
rush_hour,16->228,542,10,bezier_nm,7.133188953972422,mse,0.0005741411582014,False
rush_hour,16->451,542,10,bezier_pgd,0.0010371239623054,mse,3.703621848273353e-05,False
rush_hour,16->451,542,10,bezier_ipopt,0.86736347299302,mse,1.5747762293657983e-05,False
rush_hour,16->451,542,10,bezier_nm,9.140429925988428,mse,0.0002560466295111,False
rush_hour,16->88,542,10,bezier_pgd,0.0008450640016235,mse,8.177143750831835e-05,False
rush_hour,16->88,542,10,bezier_ipopt,0.7992160780122504,mse,3.188717975431598e-05,False
rush_hour,16->88,542,10,bezier_nm,8.787592102016788,mse,0.000233903656096,False
rush_hour,160->129,542,10,bezier_pgd,0.0008313690195791,mse,0.0306696640345897,False
rush_hour,160->129,542,10,bezier_ipopt,0.7387124400120229,mse,0.0004063945561301,False
rush_hour,160->129,542,10,bezier_nm,7.432563120964915,mse,0.2477987403720589,False
rush_hour,160->529,542,10,bezier_pgd,0.0008457479998469,mse,0.003057748829471,False
rush_hour,160->529,542,10,bezier_ipopt,0.7591548439813778,mse,0.0001370837955577,False
rush_hour,160->529,542,10,bezier_nm,7.280804814014118,mse,0.0705783535243678,False
rush_hour,161->162,542,10,bezier_pgd,0.0040914540295489,mse,0.001239820929634,False
rush_hour,161->162,542,10,bezier_ipopt,1.0408435270073824,mse,0.0003810406943093,False
rush_hour,161->162,542,10,bezier_nm,6.426416657981463,mse,0.0033723784154969,False
rush_hour,161->405,542,10,bezier_pgd,0.0016731079667806,mse,0.0012818473285999,False
rush_hour,161->405,542,10,bezier_ipopt,0.6956933500478044,mse,0.0004560029040525,False
rush_hour,161->405,542,10,bezier_nm,8.582290504011326,mse,0.0049937971623413,False
rush_hour,162->161,542,10,bezier_pgd,0.001088656950742,mse,0.0003481082700206,False
rush_hour,162->161,542,10,bezier_ipopt,1.0072823170339689,mse,0.0002141906107114,False
rush_hour,162->161,542,10,bezier_nm,7.481996474030893,mse,0.0013786188916805,False
rush_hour,162->464,542,10,bezier_pgd,0.0011070119799114,mse,0.0185297604801218,False
rush_hour,162->464,542,10,bezier_ipopt,0.8117819500039332,mse,0.0002332828742778,False
rush_hour,162->464,542,10,bezier_nm,7.216778268979397,mse,0.1840669909558543,False
rush_hour,163->164,542,10,bezier_pgd,0.001001925964374,mse,0.0022959821919467,False
rush_hour,163->164,542,10,bezier_ipopt,0.9129850500030444,mse,0.0002152352156678,False
rush_hour,163->164,542,10,bezier_nm,6.9037474090000615,mse,0.1113639588272029,False
rush_hour,163->166,542,10,bezier_pgd,0.0021157030132599,mse,0.0002802334431296,False
rush_hour,163->166,542,10,bezier_ipopt,0.8346254359930754,mse,0.00019704329067,False
rush_hour,163->166,542,10,bezier_nm,8.697164184995927,mse,0.0009243609109267,False
rush_hour,164->163,542,10,bezier_pgd,0.0012307860306464,mse,0.0007878894851886,False
rush_hour,164->163,542,10,bezier_ipopt,0.8235398650285788,mse,0.0002684478089879,False
rush_hour,164->163,542,10,bezier_nm,8.97970239399001,mse,0.0026598204498966,False
rush_hour,164->517,542,10,bezier_pgd,0.0011809620191343,mse,0.0003080712672674,False
rush_hour,164->517,542,10,bezier_ipopt,0.8843933899770491,mse,0.0001894351931249,False
rush_hour,164->517,542,10,bezier_nm,8.25796795100905,mse,0.0008067719362739,False
rush_hour,165->240,542,10,bezier_pgd,0.0007361979805864,mse,0.0002054148856381,False
rush_hour,165->240,542,10,bezier_ipopt,1.1319103080313653,mse,9.634152689141908e-05,False
rush_hour,165->240,542,10,bezier_nm,7.026541133003775,mse,0.0066102339197545,False
rush_hour,165->427,542,10,bezier_pgd,0.0013878819881938,mse,0.0003207172651279,False
rush_hour,165->427,542,10,bezier_ipopt,0.7154108809772879,mse,0.000143577405447,False
rush_hour,165->427,542,10,bezier_nm,10.0276363560115,mse,0.0047528594331685,False
rush_hour,166->163,542,10,bezier_pgd,0.0012923899921588,mse,0.0002402562366968,False
rush_hour,166->163,542,10,bezier_ipopt,0.7991136950440705,mse,0.0001606077123882,False
rush_hour,166->163,542,10,bezier_nm,8.89659145299811,mse,0.0004752190187145,False
rush_hour,166->307,542,10,bezier_pgd,0.0009645720128901,mse,0.0003242403522263,False
rush_hour,166->307,542,10,bezier_ipopt,1.0810613060020842,mse,0.0001689461814987,False
rush_hour,166->307,542,10,bezier_nm,9.926910111971663,mse,0.0006386979780859,False
rush_hour,167->168,542,10,bezier_pgd,0.0014829729916527,mse,0.0196820151467586,False
rush_hour,167->168,542,10,bezier_ipopt,,mse,,True
rush_hour,167->168,542,10,bezier_nm,6.353537219983991,mse,0.2100401664765558,False
rush_hour,167->397,542,10,bezier_pgd,0.0010105390101671,mse,4.682884600164985e-05,False
rush_hour,167->397,542,10,bezier_ipopt,0.905526676971931,mse,3.171724865715711e-05,False
rush_hour,167->397,542,10,bezier_nm,7.731819526001345,mse,0.0002411250397125,False
rush_hour,168->167,542,10,bezier_pgd,0.0009736969950608,mse,3.5033879047687534e-05,False
rush_hour,168->167,542,10,bezier_ipopt,0.8542770829517394,mse,1.691574845009901e-05,False
rush_hour,168->167,542,10,bezier_nm,8.433001907018479,mse,0.0002311679836896,False
rush_hour,168->285,542,10,bezier_pgd,0.0014411360025405,mse,0.0002997248557939,False
rush_hour,168->285,542,10,bezier_ipopt,0.8069265360245481,mse,0.0001853557125974,False
rush_hour,168->285,542,10,bezier_nm,8.289285026025027,mse,0.00066704496025,False
rush_hour,169->170,542,10,bezier_pgd,0.0020430619479157,mse,0.0005229194368503,False
rush_hour,169->170,542,10,bezier_ipopt,0.7976414019940421,mse,0.0001479207047671,False
rush_hour,169->170,542,10,bezier_nm,9.124356791027822,mse,0.0033941049203109,False
rush_hour,169->279,542,10,bezier_pgd,0.0005969630437903,mse,0.0001826405093335,False
rush_hour,169->279,542,10,bezier_ipopt,0.9925934789935128,mse,0.0001411615718604,False
rush_hour,169->279,542,10,bezier_nm,7.61594122403767,mse,0.0002848404900112,False
rush_hour,17->127,542,10,bezier_pgd,0.0010301630245521,mse,0.0039615822227369,False
rush_hour,17->127,542,10,bezier_ipopt,0.8943326720036566,mse,0.0002163482271324,False
rush_hour,17->127,542,10,bezier_nm,7.180259828979615,mse,0.1306372007830478,False
rush_hour,17->492,542,10,bezier_pgd,0.0012745400308631,mse,0.0082468858677829,False
rush_hour,17->492,542,10,bezier_ipopt,1.614216918009333,mse,0.0001208958354826,False
rush_hour,17->492,542,10,bezier_nm,7.831668490020093,mse,0.1664417342326414,False
rush_hour,17->97,542,10,bezier_pgd,0.0010365020134486,mse,2.8368486480906903e-05,False
rush_hour,17->97,542,10,bezier_ipopt,1.1672213340061717,mse,1.378541444087408e-05,False
rush_hour,17->97,542,10,bezier_nm,7.271281136025209,mse,0.0001349852717618,False
rush_hour,170->169,542,10,bezier_pgd,0.0010885539813898,mse,0.000546978518945,False
rush_hour,170->169,542,10,bezier_ipopt,1.0661435640067791,mse,0.0001929317178889,False
rush_hour,170->169,542,10,bezier_nm,7.139700711006299,mse,0.0325202217076868,False
rush_hour,170->348,542,10,bezier_pgd,0.0010175060015171,mse,0.0001604379858208,False
rush_hour,170->348,542,10,bezier_ipopt,0.9515484910225496,mse,0.0001103261017318,False
rush_hour,170->348,542,10,bezier_nm,8.03315102198394,mse,0.0005355383931456,False
rush_hour,171->231,542,10,bezier_pgd,0.0014740069746039,mse,0.0007798901961141,False
rush_hour,171->231,542,10,bezier_ipopt,0.8806074769818224,mse,0.0001376801320806,False
rush_hour,171->231,542,10,bezier_nm,9.57410432305187,mse,0.0020987655826043,False
rush_hour,171->476,542,10,bezier_pgd,0.0009863160084933,mse,0.0004330353097904,False
rush_hour,171->476,542,10,bezier_ipopt,1.0825997299980372,mse,0.0002178331833231,False
rush_hour,171->476,542,10,bezier_nm,7.695766999968328,mse,0.0006162201911612,False
rush_hour,172->438,542,10,bezier_pgd,0.0011027449509128,mse,0.0130184675066291,False
rush_hour,172->438,542,10,bezier_ipopt,,mse,,True
rush_hour,172->438,542,10,bezier_nm,7.0744784330017865,mse,0.1454596960211002,False
rush_hour,172->452,542,10,bezier_pgd,0.0014595520333386,mse,0.000484418846818,False
rush_hour,172->452,542,10,bezier_ipopt,1.5209056200110354,mse,0.000229892376621,False
rush_hour,172->452,542,10,bezier_nm,8.43341534002684,mse,0.0009904656820846,False
rush_hour,173->174,542,10,bezier_pgd,0.0011028010048903,mse,0.000286577089419,False
rush_hour,173->174,542,10,bezier_ipopt,1.3052123200031929,mse,0.0001748429338828,False
rush_hour,173->174,542,10,bezier_nm,7.4796873810119,mse,0.0005755550858236,False
rush_hour,173->275,542,10,bezier_pgd,0.0010439030011184,mse,0.023078031156044,False
rush_hour,173->275,542,10,bezier_ipopt,,mse,,True
rush_hour,173->275,542,10,bezier_nm,6.873479440982919,mse,0.1795422748799572,False
rush_hour,174->173,542,10,bezier_pgd,0.0012560840114019,mse,0.0002760414370383,False
rush_hour,174->173,542,10,bezier_ipopt,0.7917962140054442,mse,0.0002372382503197,False
rush_hour,174->173,542,10,bezier_nm,8.41537739202613,mse,0.0008939351870907,False
rush_hour,174->284,542,10,bezier_pgd,0.0007630480104126,mse,0.0001310150940705,False
rush_hour,174->284,542,10,bezier_ipopt,0.9466952519724146,mse,0.0001047298982788,False
rush_hour,174->284,542,10,bezier_nm,8.08613544004038,mse,0.0003286340355328,False
rush_hour,175->517,542,10,bezier_pgd,0.0008216630085371,mse,0.0003677531870063,False
rush_hour,175->517,542,10,bezier_ipopt,1.1178402560180984,mse,0.0001278562250065,False
rush_hour,175->517,542,10,bezier_nm,6.402356875012629,mse,0.0254667579001706,False
rush_hour,175->521,542,10,bezier_pgd,0.0008475630311295,mse,0.0004819757929969,False
rush_hour,175->521,542,10,bezier_ipopt,1.0078155639930628,mse,0.0003379262200569,False
rush_hour,175->521,542,10,bezier_nm,7.367617575975601,mse,0.000808425891177,False
rush_hour,176->333,542,10,bezier_pgd,0.0007374869892373,mse,0.00024504636879,False
rush_hour,176->333,542,10,bezier_ipopt,0.9496648050262592,mse,0.0001811370473725,False
rush_hour,176->333,542,10,bezier_nm,8.781720771978144,mse,0.0003143672600088,False
rush_hour,176->484,542,10,bezier_pgd,0.0013304650201462,mse,0.0003733112401771,False
rush_hour,176->484,542,10,bezier_ipopt,0.8072077800170518,mse,0.0002774621768703,False
rush_hour,176->484,542,10,bezier_nm,6.2990716530475765,mse,0.0288402062909112,False
rush_hour,177->116,542,10,bezier_pgd,0.0017385009559802,mse,0.0003042415713941,False
rush_hour,177->116,542,10,bezier_ipopt,0.7860462000244297,mse,0.000202880683812,False
rush_hour,177->116,542,10,bezier_nm,8.920004384999629,mse,0.000919885645805,False
rush_hour,177->178,542,10,bezier_pgd,0.0008847549906931,mse,0.0009540203935612,False
rush_hour,177->178,542,10,bezier_ipopt,0.9697812179801986,mse,0.0003651963868738,False
rush_hour,177->178,542,10,bezier_nm,6.207948768977076,mse,0.0386262830101149,False
rush_hour,178->177,542,10,bezier_pgd,0.0008896549697965,mse,0.00122641078976,False
rush_hour,178->177,542,10,bezier_ipopt,0.745789912994951,mse,0.0002847651389634,False
rush_hour,178->177,542,10,bezier_nm,6.978743903979193,mse,0.0572309391716832,False
rush_hour,178->385,542,10,bezier_pgd,0.0009592180140316,mse,0.0003409825325565,False
rush_hour,178->385,542,10,bezier_ipopt,1.040620666986797,mse,0.0002166882715512,False
rush_hour,178->385,542,10,bezier_nm,8.184795128006954,mse,0.000960922793397,False
rush_hour,179->394,542,10,bezier_pgd,0.0008361939690075,mse,0.0007819932648441,False
rush_hour,179->394,542,10,bezier_ipopt,,mse,,True
rush_hour,179->394,542,10,bezier_nm,6.951915149984416,mse,0.0010110956342516,False
rush_hour,179->513,542,10,bezier_pgd,0.0023072669864632,mse,0.0017455008099317,False
rush_hour,179->513,542,10,bezier_ipopt,2.276053744019009,mse,0.0013226901012635,False
rush_hour,179->513,542,10,bezier_nm,7.008696069999132,mse,0.1236372860453573,False
rush_hour,18->105,542,10,bezier_pgd,0.0013969439896754,mse,4.790170787661095e-05,False
rush_hour,18->105,542,10,bezier_ipopt,0.7171850169543177,mse,2.264231984364092e-05,False
rush_hour,18->105,542,10,bezier_nm,7.722983452025801,mse,0.0002427751582558,False
rush_hour,18->291,542,10,bezier_pgd,0.0009160339832305,mse,0.1426170766878895,False
rush_hour,18->291,542,10,bezier_ipopt,,mse,,True
rush_hour,18->291,542,10,bezier_nm,7.595185404992662,mse,0.3415264670889556,False
rush_hour,18->326,542,10,bezier_pgd,0.0011100709671154,mse,0.0178674792042366,False
rush_hour,18->326,542,10,bezier_ipopt,,mse,,True
rush_hour,18->326,542,10,bezier_nm,6.758951310010161,mse,0.1820752577631539,False
rush_hour,180->181,542,10,bezier_pgd,0.0011498309904709,mse,0.0033599689251371,False
rush_hour,180->181,542,10,bezier_ipopt,0.8456714790081605,mse,0.0002147537241031,False
rush_hour,180->181,542,10,bezier_nm,7.107247464999091,mse,0.1244753639675545,False
rush_hour,180->373,542,10,bezier_pgd,0.0009390729828737,mse,0.000490412631159,False
rush_hour,180->373,542,10,bezier_ipopt,0.9054669340257532,mse,0.0002404363133546,False
rush_hour,180->373,542,10,bezier_nm,7.449975731025916,mse,0.0144045947613905,False
rush_hour,181->180,542,10,bezier_pgd,0.0010165909770876,mse,0.0035772601090806,False
rush_hour,181->180,542,10,bezier_ipopt,0.7598244799883105,mse,0.0003169988479883,False
rush_hour,181->180,542,10,bezier_nm,6.432090110029094,mse,0.1291742889864993,False
rush_hour,181->429,542,10,bezier_pgd,0.0009045689948834,mse,0.017559737138078,False
rush_hour,181->429,542,10,bezier_ipopt,0.7320324130123481,mse,0.0003427259864816,False
rush_hour,181->429,542,10,bezier_nm,8.160756013006903,mse,0.2386517910407413,False
rush_hour,182->390,542,10,bezier_pgd,0.0019231970072723,mse,0.0005361251838387,False
rush_hour,182->390,542,10,bezier_ipopt,,mse,,True
rush_hour,182->390,542,10,bezier_nm,8.254454552021343,mse,0.0062766546425396,False
rush_hour,182->433,542,10,bezier_pgd,0.0022997820051386,mse,0.0008821219531005,False
rush_hour,182->433,542,10,bezier_ipopt,0.8028150349855423,mse,0.0003835889759361,False
rush_hour,182->433,542,10,bezier_nm,7.0002081480342895,mse,0.0960815489375104,False
rush_hour,183->184,542,10,bezier_pgd,0.0017401500372216,mse,0.0004385039714564,False
rush_hour,183->184,542,10,bezier_ipopt,0.8957513290224597,mse,0.0001527618463701,False
rush_hour,183->184,542,10,bezier_nm,9.063087459013332,mse,0.0014561850054459,False
rush_hour,183->267,542,10,bezier_pgd,0.0011052420013584,mse,0.0001961066053586,False
rush_hour,183->267,542,10,bezier_ipopt,0.8379554949933663,mse,0.0001482540198428,False
rush_hour,183->267,542,10,bezier_nm,7.873659475997556,mse,0.0005046523349791,False
rush_hour,184->183,542,10,bezier_pgd,0.0019233119674026,mse,0.0011323073721143,False
rush_hour,184->183,542,10,bezier_ipopt,0.9517250030185096,mse,0.0001867070711111,False
rush_hour,184->183,542,10,bezier_nm,6.459230038046371,mse,0.0656539092372708,False
rush_hour,184->485,542,10,bezier_pgd,0.0013851330149918,mse,0.0003658789928851,False
rush_hour,184->485,542,10,bezier_ipopt,1.0892920180340298,mse,0.0001519928996283,False
rush_hour,184->485,542,10,bezier_nm,7.826770230021793,mse,0.0013706220461502,False
rush_hour,185->186,542,10,bezier_pgd,0.0012060219887644,mse,0.0006985261939879,False
rush_hour,185->186,542,10,bezier_ipopt,0.8917832850129344,mse,0.0002134864892086,False
rush_hour,185->186,542,10,bezier_nm,8.50321111397352,mse,0.0031014159899693,False
rush_hour,185->227,542,10,bezier_pgd,0.0011977920075878,mse,0.0003321419791577,False
rush_hour,185->227,542,10,bezier_ipopt,1.024386505014263,mse,0.0002125721845204,False
rush_hour,185->227,542,10,bezier_nm,7.378263960999902,mse,0.0029171817923511,False
rush_hour,186->185,542,10,bezier_pgd,0.0011884050327353,mse,0.0037410133083001,False
rush_hour,186->185,542,10,bezier_ipopt,0.927515474963002,mse,0.0003052801404668,False
rush_hour,186->185,542,10,bezier_nm,6.401547499001026,mse,0.1389877522866569,False
rush_hour,186->19,542,10,bezier_pgd,0.0011098929680883,mse,0.0129610400896614,False
rush_hour,186->19,542,10,bezier_ipopt,1.181212755967863,mse,0.0002610820196632,False
rush_hour,186->19,542,10,bezier_nm,6.73654502700083,mse,0.1863673644403105,False
rush_hour,187->454,542,10,bezier_pgd,0.0013794400147162,mse,0.0006217633817737,False
rush_hour,187->454,542,10,bezier_ipopt,0.6052989329909906,mse,0.0003234436041125,False
rush_hour,187->454,542,10,bezier_nm,8.024486319045536,mse,0.0041366071674942,False
rush_hour,187->514,542,10,bezier_pgd,0.0008891570032574,mse,0.0027521586410999,False
rush_hour,187->514,542,10,bezier_ipopt,0.8492949389619753,mse,0.0001398057538459,False
rush_hour,187->514,542,10,bezier_nm,6.922212825971656,mse,0.0602711431808345,False
rush_hour,188->485,542,10,bezier_pgd,0.0007587450090795,mse,0.000864590862364,False
rush_hour,188->485,542,10,bezier_ipopt,0.8524756379774772,mse,0.0007750754427546,False
rush_hour,188->485,542,10,bezier_nm,8.081388150982093,mse,0.0008796629237717,False
rush_hour,188->513,542,10,bezier_pgd,0.001339350012131,mse,0.1208793600149094,False
rush_hour,188->513,542,10,bezier_ipopt,0.9242778680054472,mse,0.002058939704867,False
rush_hour,188->513,542,10,bezier_nm,7.308249392022844,mse,0.2756697938829578,False
rush_hour,189->190,542,10,bezier_pgd,0.0017790870042517,mse,0.0033730308464952,False
rush_hour,189->190,542,10,bezier_ipopt,0.9466950829955748,mse,0.0003631000672513,False
rush_hour,189->190,542,10,bezier_nm,6.526966225006618,mse,0.0543077941518059,False
rush_hour,189->524,542,10,bezier_pgd,0.0010787130449898,mse,0.0019262678112681,False
rush_hour,189->524,542,10,bezier_ipopt,0.7679084949777462,mse,0.0003117039370271,False
rush_hour,189->524,542,10,bezier_nm,6.013188876968343,mse,0.0430280111297694,False
rush_hour,19->186,542,10,bezier_pgd,0.0010506670223549,mse,0.1059092173495633,False
rush_hour,19->186,542,10,bezier_ipopt,0.9557308729854412,mse,0.0005225979550329,False
rush_hour,19->186,542,10,bezier_nm,7.012231683998834,mse,0.2879655054735032,False
rush_hour,19->458,542,10,bezier_pgd,0.0011688179802149,mse,4.957368551494949e-05,False
rush_hour,19->458,542,10,bezier_ipopt,0.7737953109899536,mse,3.023087489950571e-05,False
rush_hour,19->458,542,10,bezier_nm,7.397799764003139,mse,0.0001137261550092,False
rush_hour,19->506,542,10,bezier_pgd,0.001175143988803,mse,0.0129610400896614,False
rush_hour,19->506,542,10,bezier_ipopt,1.029321341018658,mse,0.0002610820161908,False
rush_hour,19->506,542,10,bezier_nm,7.092035715002567,mse,0.1862903236069339,False
rush_hour,190->189,542,10,bezier_pgd,0.0011144599993713,mse,0.0003566307133277,False
rush_hour,190->189,542,10,bezier_ipopt,0.7357455620076507,mse,0.000236019787094,False
rush_hour,190->189,542,10,bezier_nm,7.721118860994466,mse,0.000669703919928,False
rush_hour,190->495,542,10,bezier_pgd,0.0021727409912273,mse,0.0003355432811319,False
rush_hour,190->495,542,10,bezier_ipopt,0.7773371689836495,mse,0.0001509517319932,False
rush_hour,190->495,542,10,bezier_nm,8.634415155043826,mse,0.0009623871898317,False
rush_hour,191->269,542,10,bezier_pgd,0.0008940700208768,mse,0.0886676296829033,False
rush_hour,191->269,542,10,bezier_ipopt,0.717009706015233,mse,0.000434343079825,False
rush_hour,191->269,542,10,bezier_nm,6.077975536987651,mse,0.2816870237998403,False
rush_hour,191->472,542,10,bezier_pgd,0.001710345968604,mse,0.0035624206017338,False
rush_hour,191->472,542,10,bezier_ipopt,0.8189273669850081,mse,0.0001495092786509,False
rush_hour,191->472,542,10,bezier_nm,7.846789632982109,mse,0.1050316126208548,False
rush_hour,192->193,542,10,bezier_pgd,0.0017512940103188,mse,0.0004171596165361,False
rush_hour,192->193,542,10,bezier_ipopt,0.9661440599593334,mse,0.0002213333052938,False
rush_hour,192->193,542,10,bezier_nm,8.573116256971844,mse,0.0064312293219932,False
rush_hour,192->420,542,10,bezier_pgd,0.0012549550156109,mse,0.0011737668502276,False
rush_hour,192->420,542,10,bezier_ipopt,0.9977068880107254,mse,0.0004882335738122,False
rush_hour,192->420,542,10,bezier_nm,6.279358141997363,mse,0.0943758056934995,False
rush_hour,193->192,542,10,bezier_pgd,0.0016680909902788,mse,0.0005178337166967,False
rush_hour,193->192,542,10,bezier_ipopt,,mse,,True
rush_hour,193->192,542,10,bezier_nm,8.670270952978171,mse,0.0016100783446764,False
rush_hour,193->300,542,10,bezier_pgd,0.0012105909991078,mse,0.0003439210976966,False
rush_hour,193->300,542,10,bezier_ipopt,0.9250557480263524,mse,0.0001562255243988,False
rush_hour,193->300,542,10,bezier_nm,7.843362431973219,mse,0.0011528349812877,False
rush_hour,194->475,542,10,bezier_pgd,0.0011475110077299,mse,0.0002730435539433,False
rush_hour,194->475,542,10,bezier_ipopt,0.7221436960389838,mse,0.0002123146688653,False
rush_hour,194->475,542,10,bezier_nm,8.947220714006107,mse,0.000582214611852,False
rush_hour,194->486,542,10,bezier_pgd,0.0018369060126133,mse,0.0002252260173475,False
rush_hour,194->486,542,10,bezier_ipopt,0.7946176169789396,mse,7.640450301453617e-05,False
rush_hour,194->486,542,10,bezier_nm,7.550682555011008,mse,0.0005308088494545,False
rush_hour,195->196,542,10,bezier_pgd,0.0017466360004618,mse,0.0004957351613691,False
rush_hour,195->196,542,10,bezier_ipopt,0.628366102988366,mse,0.0002483934373694,False
rush_hour,195->196,542,10,bezier_nm,8.556667933997232,mse,0.001270450978972,False
rush_hour,195->484,542,10,bezier_pgd,0.0020564459846355,mse,0.0003300901633914,False
rush_hour,195->484,542,10,bezier_ipopt,0.8830763650476001,mse,0.0001716748617356,False
rush_hour,195->484,542,10,bezier_nm,8.080453520000447,mse,0.0004937461780391,False
rush_hour,196->195,542,10,bezier_pgd,0.0009173100115731,mse,0.0003163460107358,False
rush_hour,196->195,542,10,bezier_ipopt,0.8992528500384651,mse,0.0002070040530195,False
rush_hour,196->195,542,10,bezier_nm,8.726069561962504,mse,0.0005596242253528,False
rush_hour,196->328,542,10,bezier_pgd,0.0009442120208404,mse,0.0002921093319694,False
rush_hour,196->328,542,10,bezier_ipopt,0.7501121539971791,mse,0.0001882731939273,False
rush_hour,196->328,542,10,bezier_nm,8.265456547029316,mse,0.0004967223845179,False
rush_hour,197->340,542,10,bezier_pgd,0.0009968109661713,mse,0.0104177474740029,False
rush_hour,197->340,542,10,bezier_ipopt,0.6957860899856314,mse,0.000389948370112,False
rush_hour,197->340,542,10,bezier_nm,6.892948186025024,mse,0.1652263929566955,False
rush_hour,197->389,542,10,bezier_pgd,0.0011513990466482,mse,0.0002214751894921,False
rush_hour,197->389,542,10,bezier_ipopt,1.2004030580283145,mse,0.0001542319128206,False
rush_hour,197->389,542,10,bezier_nm,7.785121346998494,mse,0.0006151522473062,False
rush_hour,198->147,542,10,bezier_pgd,0.0018983770278282,mse,0.0003283578844909,False
rush_hour,198->147,542,10,bezier_ipopt,,mse,,True
rush_hour,198->147,542,10,bezier_nm,8.174758001987357,mse,0.0022635680856819,False
rush_hour,198->410,542,10,bezier_pgd,0.0011767290416173,mse,0.0009384273502122,False
rush_hour,198->410,542,10,bezier_ipopt,0.921629885036964,mse,0.0004760997404949,False
rush_hour,198->410,542,10,bezier_nm,7.90964922204148,mse,0.0021855436424032,False
rush_hour,199->200,542,10,bezier_pgd,0.0009223429951816,mse,0.0004337179712003,False
rush_hour,199->200,542,10,bezier_ipopt,0.9585515919607132,mse,0.000314402572267,False
rush_hour,199->200,542,10,bezier_nm,7.9566443510120735,mse,0.0010768325892371,False
rush_hour,199->420,542,10,bezier_pgd,0.0017561709973961,mse,0.0008226657683423,False
rush_hour,199->420,542,10,bezier_ipopt,0.9675420229905284,mse,0.0002154773341311,False
rush_hour,199->420,542,10,bezier_nm,6.305854016041849,mse,0.0590984252110628,False
rush_hour,2->60,542,10,bezier_pgd,0.0010862229974009,mse,6.843854804502631e-05,False
rush_hour,2->60,542,10,bezier_ipopt,0.8648877340019681,mse,1.9480452036945368e-05,False
rush_hour,2->60,542,10,bezier_nm,8.77701201097807,mse,0.0003072717053857,False
rush_hour,20->25,542,10,bezier_pgd,0.0018163929926231,mse,0.0004848851724085,False
rush_hour,20->25,542,10,bezier_ipopt,1.026726120035164,mse,0.000194371853439,False
rush_hour,20->25,542,10,bezier_nm,6.801535202015657,mse,0.00831368613876,False
rush_hour,20->526,542,10,bezier_pgd,0.0012473380193114,mse,0.0007716250021813,False
rush_hour,20->526,542,10,bezier_ipopt,0.9986761499894784,mse,0.0005447363126881,False
rush_hour,20->526,542,10,bezier_nm,8.00465489499038,mse,0.0017281612915716,False
rush_hour,200->199,542,10,bezier_pgd,0.0014073739876039,mse,0.0003534338292441,False
rush_hour,200->199,542,10,bezier_ipopt,0.8893070619669743,mse,0.000197757350699,False
rush_hour,200->199,542,10,bezier_nm,7.828125633997843,mse,0.0023210454786863,False
rush_hour,200->384,542,10,bezier_pgd,0.0009516350110061,mse,0.0252148879292771,False
rush_hour,200->384,542,10,bezier_ipopt,,mse,,True
rush_hour,200->384,542,10,bezier_nm,6.851244520046748,mse,0.1254057776459481,False
rush_hour,201->476,542,10,bezier_pgd,0.0023193079978227,mse,0.000817138520735,False
rush_hour,201->476,542,10,bezier_ipopt,,mse,,True
rush_hour,201->476,542,10,bezier_nm,4.771779500006232,mse,0.0116233596198822,False
rush_hour,201->487,542,10,bezier_pgd,0.0009208340197801,mse,0.1976397690012329,False
rush_hour,201->487,542,10,bezier_ipopt,,mse,,True
rush_hour,201->487,542,10,bezier_nm,6.399421592999715,mse,0.4022010998138268,False
rush_hour,202->203,542,10,bezier_pgd,0.0009763790294528,mse,0.0014962218305627,False
rush_hour,202->203,542,10,bezier_ipopt,1.14800688799005,mse,0.0002228562071823,False
rush_hour,202->203,542,10,bezier_nm,6.556866616010666,mse,0.0744211986358042,False
rush_hour,202->72,542,10,bezier_pgd,0.0006902930326759,mse,2.7721843264299145e-05,False
rush_hour,202->72,542,10,bezier_ipopt,1.2969835870317183,mse,1.3927586249366976e-05,False
rush_hour,202->72,542,10,bezier_nm,7.159842479974032,mse,5.305172974019674e-05,False
rush_hour,202->80,542,10,bezier_pgd,0.0009120460017584,mse,3.019179293996305e-05,False
rush_hour,202->80,542,10,bezier_ipopt,0.8420480719651096,mse,1.307890946920767e-05,False
rush_hour,202->80,542,10,bezier_nm,6.80585331004113,mse,0.0005016926122769,False
rush_hour,203->202,542,10,bezier_pgd,0.0012137279845774,mse,0.0004467179958294,False
rush_hour,203->202,542,10,bezier_ipopt,0.8915451539796777,mse,0.0002840140185233,False
rush_hour,203->202,542,10,bezier_nm,7.451821665978059,mse,0.0050699383563923,False
rush_hour,203->315,542,10,bezier_pgd,0.000983390957117,mse,0.0007871799327999,False
rush_hour,203->315,542,10,bezier_ipopt,1.0781815350055697,mse,0.0002746500896595,False
rush_hour,203->315,542,10,bezier_nm,6.597951918956824,mse,0.0795896779932119,False
rush_hour,204->288,542,10,bezier_pgd,0.0010450289701111,mse,0.0033640636881092,False
rush_hour,204->288,542,10,bezier_ipopt,,mse,,True
rush_hour,204->288,542,10,bezier_nm,6.8253556080162525,mse,0.0979111948620531,False
rush_hour,204->472,542,10,bezier_pgd,0.0013620289973914,mse,0.0003213260473497,False
rush_hour,204->472,542,10,bezier_ipopt,0.7736651430022903,mse,0.0002626218209692,False
rush_hour,204->472,542,10,bezier_nm,7.723435969965067,mse,0.0008878280549234,False
rush_hour,205->206,542,10,bezier_pgd,0.0013533000019378,mse,0.0166707295775486,False
rush_hour,205->206,542,10,bezier_ipopt,0.8380342440214008,mse,0.0004979295112971,False
rush_hour,205->206,542,10,bezier_nm,6.375882415974047,mse,0.1979667904189824,False
rush_hour,205->294,542,10,bezier_pgd,0.0013175220228731,mse,0.0003311023634677,False
rush_hour,205->294,542,10,bezier_ipopt,1.2626234729541466,mse,0.0002247339968913,False
rush_hour,205->294,542,10,bezier_nm,8.355512490030378,mse,0.0007842133272275,False
rush_hour,206->205,542,10,bezier_pgd,0.0009844040032476,mse,0.0029788364957564,False
rush_hour,206->205,542,10,bezier_ipopt,0.7313240219955333,mse,0.0001602116491774,False
rush_hour,206->205,542,10,bezier_nm,6.583746143965982,mse,0.1160428081288896,False
rush_hour,206->504,542,10,bezier_pgd,0.0011686239740811,mse,0.001731081068636,False
rush_hour,206->504,542,10,bezier_ipopt,0.6764421580010094,mse,0.0002973151418601,False
rush_hour,206->504,542,10,bezier_nm,6.719677998975385,mse,0.1202141181472079,False
rush_hour,207->490,542,10,bezier_pgd,0.0012188550317659,mse,0.0009287310377495,False
rush_hour,207->490,542,10,bezier_ipopt,0.7024753769510426,mse,0.0002916185654367,False
rush_hour,207->490,542,10,bezier_nm,6.139291224011686,mse,0.0290156450774843,False
rush_hour,207->504,542,10,bezier_pgd,0.0015211150166578,mse,0.0001648255825303,False
rush_hour,207->504,542,10,bezier_ipopt,0.7681740400148556,mse,7.451667457409281e-05,False
rush_hour,207->504,542,10,bezier_nm,9.532435695989989,mse,0.0010917913478996,False
rush_hour,208->358,542,10,bezier_pgd,0.0016477539902552,mse,0.0142573650197073,False
rush_hour,208->358,542,10,bezier_ipopt,2.4457082229782827,mse,0.0063533096102527,False
rush_hour,208->358,542,10,bezier_nm,8.523165190999862,mse,0.0662475195052935,False
rush_hour,208->390,542,10,bezier_pgd,0.0010635979706421,mse,0.0017662694612596,False
rush_hour,208->390,542,10,bezier_ipopt,,mse,,True
rush_hour,208->390,542,10,bezier_nm,5.17753210599767,mse,0.0053318007362101,False
rush_hour,209->210,542,10,bezier_pgd,0.0008792220032773,mse,0.0068788683990297,False
rush_hour,209->210,542,10,bezier_ipopt,1.7887750589870848,mse,0.0031238286013092,False
rush_hour,209->210,542,10,bezier_nm,8.372593439999036,mse,0.2080522261893562,False
rush_hour,209->94,542,10,bezier_pgd,0.0009839929989539,mse,0.0002323505774331,False
rush_hour,209->94,542,10,bezier_ipopt,,mse,,True
rush_hour,209->94,542,10,bezier_nm,8.130902933015022,mse,0.0031334068644034,False
rush_hour,21->435,542,10,bezier_pgd,0.0008629589574411,mse,0.0093954003010928,False
rush_hour,21->435,542,10,bezier_ipopt,0.9099131019902416,mse,0.0002495643302748,False
rush_hour,21->435,542,10,bezier_nm,6.378881245967932,mse,0.0900201485720554,False
rush_hour,21->488,542,10,bezier_pgd,0.0008488459861837,mse,0.0074416058563396,False
rush_hour,21->488,542,10,bezier_ipopt,0.675120698986575,mse,0.0005000011731469,False
rush_hour,21->488,542,10,bezier_nm,7.13255494897021,mse,0.1178548744223208,False
rush_hour,21->534,542,10,bezier_pgd,0.0012007329496555,mse,0.0002811781279762,False
rush_hour,21->534,542,10,bezier_ipopt,0.7813888050150126,mse,0.0001122937173953,False
rush_hour,21->534,542,10,bezier_nm,7.899573504982982,mse,0.0014987935252342,False
rush_hour,210->209,542,10,bezier_pgd,0.0011113730142824,mse,0.0146745694150759,False
rush_hour,210->209,542,10,bezier_ipopt,1.06514334800886,mse,0.0004466233933192,False
rush_hour,210->209,542,10,bezier_nm,7.032332110975403,mse,0.1803003345003144,False
rush_hour,210->522,542,10,bezier_pgd,0.0010491120046935,mse,0.0062044218814837,False
rush_hour,210->522,542,10,bezier_ipopt,0.8796302039991133,mse,0.0002984607861688,False
rush_hour,210->522,542,10,bezier_nm,6.727894692972768,mse,0.1244834012076563,False
rush_hour,211->219,542,10,bezier_pgd,0.0012866570032201,mse,0.0023482443568724,False
rush_hour,211->219,542,10,bezier_ipopt,0.776896094030235,mse,0.0002460593471196,False
rush_hour,211->219,542,10,bezier_nm,6.445230153971352,mse,0.0344399018353799,False
rush_hour,211->469,542,10,bezier_pgd,0.0010085649555549,mse,0.0078793746097972,False
rush_hour,211->469,542,10,bezier_ipopt,0.7918383340002038,mse,0.0003362870428829,False
rush_hour,211->469,542,10,bezier_nm,6.754927531001158,mse,0.157317831685222,False
rush_hour,212->488,542,10,bezier_pgd,0.0011593510280363,mse,0.0001736276168928,False
rush_hour,212->488,542,10,bezier_ipopt,0.8282022299827076,mse,0.0001531461354839,False
rush_hour,212->488,542,10,bezier_nm,7.098892601963598,mse,0.0002662047256203,False
rush_hour,212->535,542,10,bezier_pgd,0.001094899023883,mse,0.0004420781625437,False
rush_hour,212->535,542,10,bezier_ipopt,1.0491988280555231,mse,0.000304292182399,False
rush_hour,212->535,542,10,bezier_nm,8.713713218981866,mse,0.0031099249693155,False
rush_hour,213->214,542,10,bezier_pgd,0.0013060000492259,mse,0.0008997774534882,False
rush_hour,213->214,542,10,bezier_ipopt,0.9770380239933728,mse,0.0001513387948651,False
rush_hour,213->214,542,10,bezier_nm,8.38591146597173,mse,0.0048407876158132,False
rush_hour,213->270,542,10,bezier_pgd,0.0011338199838064,mse,0.0011555137421833,False
rush_hour,213->270,542,10,bezier_ipopt,0.7469180690241046,mse,0.0004161394193948,False
rush_hour,213->270,542,10,bezier_nm,7.126091539976187,mse,0.0600833432816979,False
rush_hour,214->213,542,10,bezier_pgd,0.0012958450242877,mse,0.0004981108224079,False
rush_hour,214->213,542,10,bezier_ipopt,1.095880958950147,mse,0.0002821014969597,False
rush_hour,214->213,542,10,bezier_nm,7.5132814480457455,mse,0.0013630704010753,False
rush_hour,214->520,542,10,bezier_pgd,0.0006498839939013,mse,0.0002535319158439,False
rush_hour,214->520,542,10,bezier_ipopt,0.8170585709740408,mse,0.0001691766190998,False
rush_hour,214->520,542,10,bezier_nm,7.290184114011936,mse,0.0006668300304062,False
rush_hour,215->149,542,10,bezier_pgd,0.0008980560232885,mse,0.005209373344051,False
rush_hour,215->149,542,10,bezier_ipopt,0.9697561910143122,mse,0.0003236019722608,False
rush_hour,215->149,542,10,bezier_nm,6.987208125996403,mse,0.0973289868747854,False
rush_hour,215->236,542,10,bezier_pgd,0.001058230001945,mse,0.0020203939429623,False
rush_hour,215->236,542,10,bezier_ipopt,0.7641170069691725,mse,0.0001228830435361,False
rush_hour,215->236,542,10,bezier_nm,6.442409600014798,mse,0.0240195556541748,False
rush_hour,216->106,542,10,bezier_pgd,0.0010338769643567,mse,0.0002487741829991,False
rush_hour,216->106,542,10,bezier_ipopt,0.7898847520118579,mse,0.0001856964603856,False
rush_hour,216->106,542,10,bezier_nm,7.631942712003365,mse,0.0004783175122022,False
rush_hour,216->90,542,10,bezier_pgd,0.0008852569735608,mse,0.0699282123858226,False
rush_hour,216->90,542,10,bezier_ipopt,,mse,,True
rush_hour,216->90,542,10,bezier_nm,6.607590772036929,mse,0.2879044818047555,False
rush_hour,217->239,542,10,bezier_pgd,0.0014715780271217,mse,0.4857650333606867,False
rush_hour,217->239,542,10,bezier_ipopt,,mse,,True
rush_hour,217->239,542,10,bezier_nm,8.409759622998536,mse,0.7550937186132889,False
rush_hour,217->426,542,10,bezier_pgd,0.0014381909859366,mse,0.0675150211670361,False
rush_hour,217->426,542,10,bezier_ipopt,,mse,,True
rush_hour,217->426,542,10,bezier_nm,7.980365430994425,mse,0.2198522096289633,False
rush_hour,218->479,542,10,bezier_pgd,0.0011924789869226,mse,0.0002700135254994,False
rush_hour,218->479,542,10,bezier_ipopt,0.836697394028306,mse,0.0001977220786202,False
rush_hour,218->479,542,10,bezier_nm,8.356060641992372,mse,0.0004887795656772,False
rush_hour,218->489,542,10,bezier_pgd,0.0013809149968437,mse,0.000415530239167,False
rush_hour,218->489,542,10,bezier_ipopt,0.7850543920067139,mse,0.0003090877032412,False
rush_hour,218->489,542,10,bezier_nm,8.127622758969665,mse,0.0017100228415251,False
rush_hour,219->211,542,10,bezier_pgd,0.0012419130071066,mse,0.0008147220815012,False
rush_hour,219->211,542,10,bezier_ipopt,0.723792128963396,mse,0.0002775782240375,False
rush_hour,219->211,542,10,bezier_nm,7.382901379023679,mse,0.004305633397432,False
rush_hour,219->491,542,10,bezier_pgd,0.001636850007344,mse,0.0005125578099901,False
rush_hour,219->491,542,10,bezier_ipopt,1.0600763899856247,mse,0.0002280236791752,False
rush_hour,219->491,542,10,bezier_nm,5.8023348150309175,mse,0.0049538138745465,False
rush_hour,22->364,542,10,bezier_pgd,0.0008877320215106,mse,0.0029754561499588,False
rush_hour,22->364,542,10,bezier_ipopt,0.8313314040424302,mse,0.0001052007180737,False
rush_hour,22->364,542,10,bezier_nm,6.664279436983634,mse,0.0045929131040838,False
rush_hour,22->437,542,10,bezier_pgd,0.0010011180420406,mse,0.0027518166307017,False
rush_hour,22->437,542,10,bezier_ipopt,0.7957631720346399,mse,0.0002121830405769,False
rush_hour,22->437,542,10,bezier_nm,6.762186812993605,mse,0.1350419163864726,False
rush_hour,22->516,542,10,bezier_pgd,0.001209270034451,mse,0.3153369697090346,False
rush_hour,22->516,542,10,bezier_ipopt,,mse,,True
rush_hour,22->516,542,10,bezier_nm,6.306211004965007,mse,0.4411924383524853,False
rush_hour,220->152,542,10,bezier_pgd,0.0014508719905279,mse,0.0115361037382131,False
rush_hour,220->152,542,10,bezier_ipopt,0.8489884340087883,mse,0.0002026826505676,False
rush_hour,220->152,542,10,bezier_nm,6.897551735979505,mse,0.211528220399828,False
rush_hour,220->494,542,10,bezier_pgd,0.0011794359888881,mse,0.0005171356954749,False
rush_hour,220->494,542,10,bezier_ipopt,0.8537557880044915,mse,0.0003273842680595,False
rush_hour,220->494,542,10,bezier_nm,8.683436071965843,mse,0.002515171945277,False
rush_hour,221->131,542,10,bezier_pgd,0.0010183090344071,mse,0.0011731837461771,False
rush_hour,221->131,542,10,bezier_ipopt,0.9383403630345128,mse,0.0003138658852589,False
rush_hour,221->131,542,10,bezier_nm,6.721259339014068,mse,0.0388491957068731,False
rush_hour,221->376,542,10,bezier_pgd,0.0015787730226293,mse,0.0004322415237496,False
rush_hour,221->376,542,10,bezier_ipopt,0.7249884989578277,mse,0.0002817233194427,False
rush_hour,221->376,542,10,bezier_nm,8.011701211973559,mse,0.0008878497093458,False
rush_hour,222->223,542,10,bezier_pgd,0.0010316089610569,mse,0.0006567432377402,False
rush_hour,222->223,542,10,bezier_ipopt,0.9229506109841168,mse,0.0002684714482086,False
rush_hour,222->223,542,10,bezier_nm,6.487365479988512,mse,0.0306550947369043,False
rush_hour,222->344,542,10,bezier_pgd,0.0027270150021649,mse,0.0003131428032714,False
rush_hour,222->344,542,10,bezier_ipopt,0.7248101509758271,mse,0.0001507197372747,False
rush_hour,222->344,542,10,bezier_nm,8.027274146967102,mse,0.0010578703032279,False
rush_hour,223->222,542,10,bezier_pgd,0.0010543669923208,mse,0.0016702584424938,False
rush_hour,223->222,542,10,bezier_ipopt,0.8071205559535883,mse,0.0001531727590401,False
rush_hour,223->222,542,10,bezier_nm,7.380256970995106,mse,0.0510982592577627,False
rush_hour,223->329,542,10,bezier_pgd,0.0011405909899622,mse,0.000347979823303,False
rush_hour,223->329,542,10,bezier_ipopt,0.8441380459698848,mse,0.0002727239641239,False
rush_hour,223->329,542,10,bezier_nm,8.721698632987682,mse,0.0005411530167802,False
rush_hour,224->252,542,10,bezier_pgd,0.000964188016951,mse,0.0033990659765727,False
rush_hour,224->252,542,10,bezier_ipopt,0.6953418349730782,mse,0.0002497504949013,False
rush_hour,224->252,542,10,bezier_nm,7.369183166010771,mse,0.0617988110514769,False
rush_hour,224->451,542,10,bezier_pgd,0.0012961010215803,mse,0.0005883359770241,False
rush_hour,224->451,542,10,bezier_ipopt,0.8739183269790374,mse,0.0002693117678438,False
rush_hour,224->451,542,10,bezier_nm,7.786575410980731,mse,0.0021657746170378,False
rush_hour,225->251,542,10,bezier_pgd,0.0009305250132456,mse,0.0096167845793393,False
rush_hour,225->251,542,10,bezier_ipopt,0.9378258300130256,mse,0.0002395868399759,False
rush_hour,225->251,542,10,bezier_nm,7.674345495994203,mse,0.1449021773247781,False
rush_hour,225->7,542,10,bezier_pgd,0.0006383130094036,mse,0.0001397579288811,False
rush_hour,225->7,542,10,bezier_ipopt,0.9832851589890196,mse,0.0001042818759176,False
rush_hour,225->7,542,10,bezier_nm,6.882491672993638,mse,0.0004723896819267,False
rush_hour,226->453,542,10,bezier_pgd,0.0013200059765949,mse,0.0003024789433112,False
rush_hour,226->453,542,10,bezier_ipopt,0.7997212229529396,mse,0.0001376102820369,False
rush_hour,226->453,542,10,bezier_nm,7.767273849982303,mse,0.0007657948874204,False
rush_hour,226->495,542,10,bezier_pgd,0.0009710669983178,mse,0.0003524997560911,False
rush_hour,226->495,542,10,bezier_ipopt,,mse,,True
rush_hour,226->495,542,10,bezier_nm,7.634359481045976,mse,0.000467769993641,False
rush_hour,227->185,542,10,bezier_pgd,0.0009496490238234,mse,0.0001902444752043,False
rush_hour,227->185,542,10,bezier_ipopt,1.037139504973311,mse,0.0001242428183826,False
rush_hour,227->185,542,10,bezier_nm,8.955801486968994,mse,0.0005226542461006,False
rush_hour,227->485,542,10,bezier_pgd,0.0015689730062149,mse,0.0002787605401978,False
rush_hour,227->485,542,10,bezier_ipopt,0.9415188190178014,mse,0.0001734568005739,False
rush_hour,227->485,542,10,bezier_nm,7.914510940026957,mse,0.0004945210634624,False
rush_hour,228->16,542,10,bezier_pgd,0.0009647969854995,mse,0.000343317974371,False
rush_hour,228->16,542,10,bezier_ipopt,0.9264245260274038,mse,0.0002496788507316,False
rush_hour,228->16,542,10,bezier_nm,8.182973417977337,mse,0.0004954503290811,False
rush_hour,228->471,542,10,bezier_pgd,0.0012250510044395,mse,0.0002326521741345,False
rush_hour,228->471,542,10,bezier_ipopt,0.8565371219883673,mse,0.0001186778482609,False
rush_hour,228->471,542,10,bezier_nm,7.634257087018341,mse,0.000632925788801,False
rush_hour,229->230,542,10,bezier_pgd,0.0012329750461503,mse,0.1498001776494315,False
rush_hour,229->230,542,10,bezier_ipopt,,mse,,True
rush_hour,229->230,542,10,bezier_nm,7.22462541499408,mse,0.2946618258335192,False
rush_hour,229->417,542,10,bezier_pgd,0.0007421760237775,mse,0.0392102479701716,False
rush_hour,229->417,542,10,bezier_ipopt,,mse,,True
rush_hour,229->417,542,10,bezier_nm,6.405662029981613,mse,0.3651389811162149,False
rush_hour,23->15,542,10,bezier_pgd,0.0008961320272646,mse,0.0003900955571404,False
rush_hour,23->15,542,10,bezier_ipopt,1.037878370960243,mse,0.00012844355681,False
rush_hour,23->15,542,10,bezier_nm,6.550715236982796,mse,0.025476639579449,False
rush_hour,23->435,542,10,bezier_pgd,0.0010398700251244,mse,5.220226367890623e-05,False
rush_hour,23->435,542,10,bezier_ipopt,0.8660867239814252,mse,2.256082732088781e-05,False
rush_hour,23->435,542,10,bezier_nm,7.797876389988232,mse,0.0001752976374086,False
rush_hour,23->536,542,10,bezier_pgd,0.0016885389923118,mse,0.0005358213280516,False
rush_hour,23->536,542,10,bezier_ipopt,0.8028043170343153,mse,0.0001941017289064,False
rush_hour,23->536,542,10,bezier_nm,6.138328763016034,mse,0.0425126953635688,False
rush_hour,230->229,542,10,bezier_pgd,0.0009395530214533,mse,0.0265405786219395,False
rush_hour,230->229,542,10,bezier_ipopt,1.0619658220093695,mse,0.0002009003346452,False
rush_hour,230->229,542,10,bezier_nm,7.012623214046471,mse,0.208238282577383,False
rush_hour,230->508,542,10,bezier_pgd,0.0012384779984131,mse,0.0057005038201216,False
rush_hour,230->508,542,10,bezier_ipopt,0.8893358419882134,mse,0.0001466998389492,False
rush_hour,230->508,542,10,bezier_nm,6.838991327036638,mse,0.150977267070225,False
rush_hour,231->171,542,10,bezier_pgd,0.0014647920033894,mse,0.0005567265342843,False
rush_hour,231->171,542,10,bezier_ipopt,0.8960308050154708,mse,0.0002194469892404,False
rush_hour,231->171,542,10,bezier_nm,6.558075027016457,mse,0.0913708774680692,False
rush_hour,231->349,542,10,bezier_pgd,0.001161690976005,mse,0.0086994048884559,False
rush_hour,231->349,542,10,bezier_ipopt,1.6371538349776529,mse,0.0001837919542243,False
rush_hour,231->349,542,10,bezier_nm,6.437909182976,mse,0.1480564842590712,False
rush_hour,232->233,542,10,bezier_pgd,0.0028418820002116,mse,0.0005573442483496,False
rush_hour,232->233,542,10,bezier_ipopt,0.7806366800214164,mse,0.0003136151819816,False
rush_hour,232->233,542,10,bezier_nm,8.203112818999216,mse,0.0063445667778103,False
rush_hour,232->340,542,10,bezier_pgd,0.0009533719858154,mse,0.0067811789648989,False
rush_hour,232->340,542,10,bezier_ipopt,0.8965139479842037,mse,0.0002401879777647,False
rush_hour,232->340,542,10,bezier_nm,7.01941984903533,mse,0.1476571665460803,False
rush_hour,233->232,542,10,bezier_pgd,0.0027582589536905,mse,0.0004524748093596,False
rush_hour,233->232,542,10,bezier_ipopt,0.8500520410016179,mse,0.0002489073745396,False
rush_hour,233->232,542,10,bezier_nm,9.514334496983793,mse,0.0036621865912801,False
rush_hour,233->378,542,10,bezier_pgd,0.0037890399689786,mse,0.0004679533731043,False
rush_hour,233->378,542,10,bezier_ipopt,1.0382414070190862,mse,0.0002458522795083,False
rush_hour,233->378,542,10,bezier_nm,7.778551271010656,mse,0.0009746147410696,False
rush_hour,234->15,542,10,bezier_pgd,0.001010745007079,mse,0.0014701529765347,False
rush_hour,234->15,542,10,bezier_ipopt,0.7187234409502707,mse,0.0001520633084688,False
rush_hour,234->15,542,10,bezier_nm,6.965286731021479,mse,0.0969611889723174,False
rush_hour,234->332,542,10,bezier_pgd,0.0009833369986154,mse,0.0349468503354059,False
rush_hour,234->332,542,10,bezier_ipopt,,mse,,True
rush_hour,234->332,542,10,bezier_nm,6.758242006006185,mse,0.1839562128433289,False
rush_hour,235->470,542,10,bezier_pgd,0.0013331560185179,mse,0.0004474084333184,False
rush_hour,235->470,542,10,bezier_ipopt,0.9077736330218612,mse,0.0002320212962245,False
rush_hour,235->470,542,10,bezier_nm,7.750250464945566,mse,0.0012299768627603,False
rush_hour,235->474,542,10,bezier_pgd,0.0008187350467778,mse,0.001018167731437,False
rush_hour,235->474,542,10,bezier_ipopt,0.8905010090093128,mse,0.0002312262419707,False
rush_hour,235->474,542,10,bezier_nm,6.998547422001138,mse,0.0237151056299064,False
rush_hour,236->215,542,10,bezier_pgd,0.0011093170032836,mse,0.0011507611795339,False
rush_hour,236->215,542,10,bezier_ipopt,0.98978031903971,mse,0.0002242911723485,False
rush_hour,236->215,542,10,bezier_nm,7.450496391043998,mse,0.0768457977387614,False
rush_hour,236->498,542,10,bezier_pgd,0.0008711570408195,mse,0.0002285977257968,False
rush_hour,236->498,542,10,bezier_ipopt,0.8195719179930165,mse,0.0001442131601531,False
rush_hour,236->498,542,10,bezier_nm,6.899925610981882,mse,0.0005080294734391,False
rush_hour,237->238,542,10,bezier_pgd,0.0013518269988708,mse,0.000239454760741,False
rush_hour,237->238,542,10,bezier_ipopt,1.0346160790068095,mse,0.0001849991989844,False
rush_hour,237->238,542,10,bezier_nm,8.179044492018875,mse,0.0011653528588917,False
rush_hour,237->495,542,10,bezier_pgd,0.0014715940342284,mse,0.0006071419495594,False
rush_hour,237->495,542,10,bezier_ipopt,,mse,,True
rush_hour,237->495,542,10,bezier_nm,7.378207197994925,mse,0.0028752456042001,False
rush_hour,238->237,542,10,bezier_pgd,0.0010779289877973,mse,0.0001563012910083,False
rush_hour,238->237,542,10,bezier_ipopt,0.8483541430323385,mse,0.0001011269017199,False
rush_hour,238->237,542,10,bezier_nm,7.843474690977018,mse,0.0003817216293446,False
rush_hour,238->456,542,10,bezier_pgd,0.000580242020078,mse,0.0001515163458915,False
rush_hour,238->456,542,10,bezier_ipopt,0.8634887509979308,mse,9.3096000994991e-05,False
rush_hour,238->456,542,10,bezier_nm,7.955360880994704,mse,0.0003024123257649,False
rush_hour,239->111,542,10,bezier_pgd,0.0009426409960724,mse,0.0338236998738174,False
rush_hour,239->111,542,10,bezier_ipopt,,mse,,True
rush_hour,239->111,542,10,bezier_nm,8.394208993995562,mse,0.1949086453201224,False
rush_hour,239->217,542,10,bezier_pgd,0.0019410859677009,mse,0.1506270254502831,False
rush_hour,239->217,542,10,bezier_ipopt,,mse,,True
rush_hour,239->217,542,10,bezier_nm,6.446018687041942,mse,0.2731188309254519,False
rush_hour,24->432,542,10,bezier_pgd,0.0010294910171069,mse,0.0038588220847235,False
rush_hour,24->432,542,10,bezier_ipopt,0.9528633650043048,mse,0.0001494864105725,False
rush_hour,24->432,542,10,bezier_nm,6.718089500966016,mse,0.0183251273971085,False
rush_hour,24->446,542,10,bezier_pgd,0.000912713992875,mse,0.0072754760296063,False
rush_hour,24->446,542,10,bezier_ipopt,0.9724284560070372,mse,0.000225187585593,False
rush_hour,24->446,542,10,bezier_nm,6.744571489980444,mse,0.140208075375551,False
rush_hour,24->528,542,10,bezier_pgd,0.0009036090341396,mse,0.0040985680555057,False
rush_hour,24->528,542,10,bezier_ipopt,1.063178265991155,mse,0.0001832140574819,False
rush_hour,24->528,542,10,bezier_nm,7.272901109012309,mse,0.0900084947397023,False
rush_hour,240->165,542,10,bezier_pgd,0.0010012169950641,mse,0.0001389725831173,False
rush_hour,240->165,542,10,bezier_ipopt,0.9851469470304436,mse,8.449222814786406e-05,False
rush_hour,240->165,542,10,bezier_nm,7.843474989000242,mse,0.0006459464137926,False
rush_hour,240->281,542,10,bezier_pgd,0.0013891540002077,mse,0.0001352060362004,False
rush_hour,240->281,542,10,bezier_ipopt,0.8837437650072388,mse,0.0001034570531458,False
rush_hour,240->281,542,10,bezier_nm,7.692576531029772,mse,0.0007913612916013,False
rush_hour,241->242,542,10,bezier_pgd,0.0008712930139154,mse,0.3692190899771965,False
rush_hour,241->242,542,10,bezier_ipopt,,mse,,True
rush_hour,241->242,542,10,bezier_nm,6.3841661990154535,mse,0.6463016913988103,False
rush_hour,241->51,542,10,bezier_pgd,0.0008314729784615,mse,0.0122789003572324,False
rush_hour,241->51,542,10,bezier_ipopt,0.698929630976636,mse,0.0007134513271485,False
rush_hour,241->51,542,10,bezier_nm,6.19067045598058,mse,0.2250408609537618,False
rush_hour,242->241,542,10,bezier_pgd,0.0006398900295607,mse,0.049944986563052,False
rush_hour,242->241,542,10,bezier_ipopt,,mse,,True
rush_hour,242->241,542,10,bezier_nm,7.268005452991929,mse,0.4537980386029246,False
rush_hour,242->345,542,10,bezier_pgd,0.0012926110066473,mse,0.0008395647663088,False
rush_hour,242->345,542,10,bezier_ipopt,1.0288693910115398,mse,0.000408225613887,False
rush_hour,242->345,542,10,bezier_nm,8.48552526498679,mse,0.0031079395346608,False
rush_hour,243->308,542,10,bezier_pgd,0.0008824759861454,mse,0.0087150770526719,False
rush_hour,243->308,542,10,bezier_ipopt,1.034918858029414,mse,0.0001506011989256,False
rush_hour,243->308,542,10,bezier_nm,7.239048241986893,mse,0.0934137610744366,False
rush_hour,243->472,542,10,bezier_pgd,0.000797735992819,mse,0.0008135899653515,False
rush_hour,243->472,542,10,bezier_ipopt,0.7552409089985304,mse,0.0006760321365786,False
rush_hour,243->472,542,10,bezier_nm,6.396166862978134,mse,0.0026657344246553,False
rush_hour,244->158,542,10,bezier_pgd,0.0016450420371256,mse,0.0077610902205314,False
rush_hour,244->158,542,10,bezier_ipopt,,mse,,True
rush_hour,244->158,542,10,bezier_nm,6.051721730967984,mse,0.1026172639123707,False
rush_hour,244->473,542,10,bezier_pgd,0.0011400270159356,mse,0.0088988390582644,False
rush_hour,244->473,542,10,bezier_ipopt,0.8607132940087467,mse,0.0002794567475682,False
rush_hour,244->473,542,10,bezier_nm,6.923884588002693,mse,0.1722005168752769,False
rush_hour,245->246,542,10,bezier_pgd,0.0008793190354481,mse,0.0222429583188442,False
rush_hour,245->246,542,10,bezier_ipopt,0.7983270550030284,mse,0.0003621150462766,False
rush_hour,245->246,542,10,bezier_nm,6.030030661029741,mse,0.2235455150221748,False
rush_hour,245->326,542,10,bezier_pgd,0.0016862399643287,mse,0.0281462835837195,False
rush_hour,245->326,542,10,bezier_ipopt,,mse,,True
rush_hour,245->326,542,10,bezier_nm,4.8236643970012665,mse,0.0453538422170083,False
rush_hour,246->245,542,10,bezier_pgd,0.0009719369700178,mse,0.0012201262917914,False
rush_hour,246->245,542,10,bezier_ipopt,0.9769906459841876,mse,0.0003313537549037,False
rush_hour,246->245,542,10,bezier_nm,6.535395802988205,mse,0.0641031397586039,False
rush_hour,246->521,542,10,bezier_pgd,0.0012927009956911,mse,0.0003028997872205,False
rush_hour,246->521,542,10,bezier_ipopt,1.1117534080403857,mse,0.0002655880800642,False
rush_hour,246->521,542,10,bezier_nm,7.543992707040161,mse,0.0059709827878004,False
rush_hour,247->451,542,10,bezier_pgd,0.0008920929976738,mse,0.0293422930951435,False
rush_hour,247->451,542,10,bezier_ipopt,0.8451934619806707,mse,0.0004230654755691,False
rush_hour,247->451,542,10,bezier_nm,6.509004009014461,mse,0.2390548476506578,False
rush_hour,247->478,542,10,bezier_pgd,0.001058604044374,mse,0.000203407751852,False
rush_hour,247->478,542,10,bezier_ipopt,0.928830446966458,mse,0.0001586866114775,False
rush_hour,247->478,542,10,bezier_nm,7.995128350972664,mse,0.0003944885080605,False
rush_hour,248->249,542,10,bezier_pgd,0.0020241269958205,mse,0.0003864923616513,False
rush_hour,248->249,542,10,bezier_ipopt,0.9562228259746915,mse,0.0002728457398466,False
rush_hour,248->249,542,10,bezier_nm,9.106422461976765,mse,0.0019360542292465,False
rush_hour,248->460,542,10,bezier_pgd,0.0020085659925825,mse,0.0078103016821118,False
rush_hour,248->460,542,10,bezier_ipopt,1.0216406380059198,mse,0.0001069322471361,False
rush_hour,248->460,542,10,bezier_nm,6.950779398030136,mse,0.1601761949610896,False
rush_hour,249->248,542,10,bezier_pgd,0.0009008609922602,mse,0.0043427646770971,False
rush_hour,249->248,542,10,bezier_ipopt,1.0386055250419304,mse,0.0001876600352544,False
rush_hour,249->248,542,10,bezier_nm,6.504105422005523,mse,0.0759960651911203,False
rush_hour,249->262,542,10,bezier_pgd,0.0015766650321893,mse,0.0005267583851902,False
rush_hour,249->262,542,10,bezier_ipopt,1.0274141649715602,mse,0.0001756313909049,False
rush_hour,249->262,542,10,bezier_nm,7.150688386987895,mse,0.0514091606748258,False
rush_hour,25->527,542,10,bezier_pgd,0.0009434259845875,mse,0.0171404840707271,False
rush_hour,25->527,542,10,bezier_ipopt,0.8544131819508038,mse,0.0001692721812219,False
rush_hour,25->527,542,10,bezier_nm,6.56204275903292,mse,0.162148351864135,False
rush_hour,25->528,542,10,bezier_pgd,0.00159390096087,mse,0.0008111617889595,False
rush_hour,25->528,542,10,bezier_ipopt,,mse,,True
rush_hour,25->528,542,10,bezier_nm,6.637867140991148,mse,0.0018654001379235,False
rush_hour,25->6,542,10,bezier_pgd,0.0017622649902477,mse,0.0004848851724085,False
rush_hour,25->6,542,10,bezier_ipopt,0.8899188369978219,mse,0.0001943954585177,False
rush_hour,25->6,542,10,bezier_nm,6.974876694963314,mse,0.0142738343247142,False
rush_hour,250->347,542,10,bezier_pgd,0.0008421579841524,mse,0.0136238369689682,False
rush_hour,250->347,542,10,bezier_ipopt,1.0705777499824762,mse,0.0006663679291172,False
rush_hour,250->347,542,10,bezier_nm,7.259434859035537,mse,0.2167555662154036,False
rush_hour,250->520,542,10,bezier_pgd,0.0011900980025529,mse,0.0084535992717385,False
rush_hour,250->520,542,10,bezier_ipopt,0.9889335759798996,mse,0.0001432332522201,False
rush_hour,250->520,542,10,bezier_nm,7.54404536599759,mse,0.1751713148173121,False
rush_hour,251->225,542,10,bezier_pgd,0.0017796729807741,mse,0.0001805569742213,False
rush_hour,251->225,542,10,bezier_ipopt,0.8017713730223477,mse,0.0001174799985043,False
rush_hour,251->225,542,10,bezier_nm,7.737719982978888,mse,0.0005484821119646,False
rush_hour,251->30,542,10,bezier_pgd,0.0006704240222461,mse,0.0001789174319429,False
rush_hour,251->30,542,10,bezier_ipopt,0.820820806955453,mse,0.0001475929092496,False
rush_hour,251->30,542,10,bezier_nm,7.621885459986515,mse,0.0002852318212781,False
rush_hour,252->224,542,10,bezier_pgd,0.0008340179920196,mse,0.0433329782295087,False
rush_hour,252->224,542,10,bezier_ipopt,1.0233135689632036,mse,0.0002246172206678,False
rush_hour,252->224,542,10,bezier_nm,6.865199736959767,mse,0.2444520215273041,False
rush_hour,252->439,542,10,bezier_pgd,0.0017914620111696,mse,0.00049826922198,False
rush_hour,252->439,542,10,bezier_ipopt,,mse,,True
rush_hour,252->439,542,10,bezier_nm,7.470876053033862,mse,0.000882451278868,False
rush_hour,253->159,542,10,bezier_pgd,0.0009007590124383,mse,0.0124652685194149,False
rush_hour,253->159,542,10,bezier_ipopt,0.8407456700224429,mse,0.000254365540245,False
rush_hour,253->159,542,10,bezier_nm,6.514673780999146,mse,0.2004891690555805,False
rush_hour,253->500,542,10,bezier_pgd,0.0010632300400175,mse,0.0003814407962257,False
rush_hour,253->500,542,10,bezier_ipopt,0.739135634037666,mse,0.0002193309549556,False
rush_hour,253->500,542,10,bezier_nm,7.369071809982415,mse,0.0008463967736035,False
rush_hour,254->255,542,10,bezier_pgd,0.0015653709997422,mse,0.0005948092562345,False
rush_hour,254->255,542,10,bezier_ipopt,0.8219546839827672,mse,0.0002629057839038,False
rush_hour,254->255,542,10,bezier_nm,6.855335452011786,mse,0.0294811409040672,False
rush_hour,254->484,542,10,bezier_pgd,0.0007477820036001,mse,0.0003746032243543,False
rush_hour,254->484,542,10,bezier_ipopt,0.8470917840022594,mse,0.0003093326163021,False
rush_hour,254->484,542,10,bezier_nm,9.035157919977792,mse,0.0006297633470008,False
rush_hour,255->254,542,10,bezier_pgd,0.001505549007561,mse,0.0004990335916978,False
rush_hour,255->254,542,10,bezier_ipopt,1.21771544899093,mse,0.0002528463825685,False
rush_hour,255->254,542,10,bezier_nm,8.93076401000144,mse,0.0011209216379746,False
rush_hour,255->352,542,10,bezier_pgd,0.0011730520054697,mse,0.0004626604798353,False
rush_hour,255->352,542,10,bezier_ipopt,0.939186034956947,mse,0.000132268695417,False
rush_hour,255->352,542,10,bezier_nm,9.112750764004886,mse,0.002475694077453,False
rush_hour,256->475,542,10,bezier_pgd,0.0007230230257846,mse,0.0003601293428765,False
rush_hour,256->475,542,10,bezier_ipopt,0.8407507080119103,mse,0.0002679388406055,False
rush_hour,256->475,542,10,bezier_nm,8.114108401001431,mse,0.0004805456875748,False
rush_hour,256->501,542,10,bezier_pgd,0.0008449569577351,mse,0.0076210162978952,False
rush_hour,256->501,542,10,bezier_ipopt,0.9211198289995082,mse,0.0005595333714541,False
rush_hour,256->501,542,10,bezier_nm,6.669365659006871,mse,0.1152006641549638,False
rush_hour,257->494,542,10,bezier_pgd,0.0006838359986431,mse,0.0003158340543304,False
rush_hour,257->494,542,10,bezier_ipopt,0.915346704015974,mse,0.0002700981898273,False
rush_hour,257->494,542,10,bezier_nm,6.926084084028844,mse,0.000353361432583,False
rush_hour,257->498,542,10,bezier_pgd,0.0019301330321468,mse,0.0002885725004466,False
rush_hour,257->498,542,10,bezier_ipopt,1.0334631240111776,mse,0.0002107786662265,False
rush_hour,257->498,542,10,bezier_nm,8.763664669007994,mse,0.0005845182367925,False
rush_hour,258->473,542,10,bezier_pgd,0.0007137620123103,mse,0.0002680126785424,False
rush_hour,258->473,542,10,bezier_ipopt,1.1031716470024548,mse,0.0001720987017097,False
rush_hour,258->473,542,10,bezier_nm,7.883581126050558,mse,0.0005548081930968,False
rush_hour,258->474,542,10,bezier_pgd,0.0014998979750089,mse,0.0004988911020325,False
rush_hour,258->474,542,10,bezier_ipopt,0.9173080809996464,mse,0.000180863190912,False
rush_hour,258->474,542,10,bezier_nm,6.630942514981143,mse,0.0382046283456919,False
rush_hour,259->384,542,10,bezier_pgd,0.0008315700106322,mse,0.0004720536212719,False
rush_hour,259->384,542,10,bezier_ipopt,1.101217193994671,mse,0.0003761995100083,False
rush_hour,259->384,542,10,bezier_nm,7.078840412024874,mse,0.0006050584917998,False
rush_hour,259->92,542,10,bezier_pgd,0.0020049210288561,mse,0.2867290888838428,False
rush_hour,259->92,542,10,bezier_ipopt,,mse,,True
rush_hour,259->92,542,10,bezier_nm,7.98372505500447,mse,0.3550590433287404,False
rush_hour,26->27,542,10,bezier_pgd,0.0009354650392197,mse,5.07114154843954e-05,False
rush_hour,26->27,542,10,bezier_ipopt,0.964274554979056,mse,2.813496702379129e-05,False
rush_hour,26->27,542,10,bezier_nm,7.984962690039538,mse,0.0001290680289494,False
rush_hour,26->39,542,10,bezier_pgd,0.0010411639814265,mse,0.0003670796505053,False
rush_hour,26->39,542,10,bezier_ipopt,0.8955180459888652,mse,0.0002891158795618,False
rush_hour,26->39,542,10,bezier_nm,7.896210804989096,mse,0.0007242513755026,False
rush_hour,260->261,542,10,bezier_pgd,0.0015107990475371,mse,0.0013180242144543,False
rush_hour,260->261,542,10,bezier_ipopt,0.8466153090121225,mse,0.0002014961949097,False
rush_hour,260->261,542,10,bezier_nm,6.414386668999214,mse,0.0343457676221921,False
rush_hour,260->473,542,10,bezier_pgd,0.0011133169755339,mse,0.0002153837561726,False
rush_hour,260->473,542,10,bezier_ipopt,0.9868697879719548,mse,0.0001775915851799,False
rush_hour,260->473,542,10,bezier_nm,8.110937928955536,mse,0.0003285086826437,False
rush_hour,261->260,542,10,bezier_pgd,0.0009045340120792,mse,0.001572107339303,False
rush_hour,261->260,542,10,bezier_ipopt,0.8294350610231049,mse,0.0002877940526067,False
rush_hour,261->260,542,10,bezier_nm,7.110200394003186,mse,0.1137043181761374,False
rush_hour,261->267,542,10,bezier_pgd,0.0010059340274892,mse,0.0786848539283036,False
rush_hour,261->267,542,10,bezier_ipopt,0.986199637001846,mse,0.000256101967716,False
rush_hour,261->267,542,10,bezier_nm,6.865824046020862,mse,0.2762775036471895,False
rush_hour,262->249,542,10,bezier_pgd,0.0011693339911289,mse,0.0003484173861552,False
rush_hour,262->249,542,10,bezier_ipopt,0.8097862030263059,mse,0.0002175264416591,False
rush_hour,262->249,542,10,bezier_nm,8.479253627010621,mse,0.0006025548020686,False
rush_hour,262->434,542,10,bezier_pgd,0.0009812149801291,mse,0.0002416512589515,False
rush_hour,262->434,542,10,bezier_ipopt,0.8075925959856249,mse,0.0001896317762325,False
rush_hour,262->434,542,10,bezier_nm,8.874080834037159,mse,0.0003563905676443,False
rush_hour,263->497,542,10,bezier_pgd,0.000976970011834,mse,0.0149425386507273,False
rush_hour,263->497,542,10,bezier_ipopt,0.8173402110114694,mse,0.000366565453214,False
rush_hour,263->497,542,10,bezier_nm,6.561797650996596,mse,0.1538216119353758,False
rush_hour,263->505,542,10,bezier_pgd,0.0011670659878291,mse,0.0234272925598287,False
rush_hour,263->505,542,10,bezier_ipopt,0.77872629504418,mse,0.0002469606448369,False
rush_hour,263->505,542,10,bezier_nm,7.037469945033081,mse,0.1941902014623732,False
rush_hour,264->421,542,10,bezier_pgd,0.0009889680077321,mse,0.0042309254973718,False
rush_hour,264->421,542,10,bezier_ipopt,0.8086895580054261,mse,0.0003632081071981,False
rush_hour,264->421,542,10,bezier_nm,6.599996723001823,mse,0.1296126921463022,False
rush_hour,264->468,542,10,bezier_pgd,0.0011084649595431,mse,0.0003095145011662,False
rush_hour,264->468,542,10,bezier_ipopt,0.7877374279778451,mse,0.0002593168796035,False
rush_hour,264->468,542,10,bezier_nm,7.797011132992338,mse,0.0006352153108546,False
rush_hour,265->266,542,10,bezier_pgd,0.0008173459791578,mse,0.0002348298930989,False
rush_hour,265->266,542,10,bezier_ipopt,1.261358801042661,mse,0.0001648996926195,False
rush_hour,265->266,542,10,bezier_nm,8.673164559004363,mse,0.0007926683479161,False
rush_hour,265->440,542,10,bezier_pgd,0.0007737950072623,mse,0.0002737036704474,False
rush_hour,265->440,542,10,bezier_ipopt,1.271188638987951,mse,0.0002057054502031,False
rush_hour,265->440,542,10,bezier_nm,9.22232579998672,mse,0.0008326761838117,False
rush_hour,266->265,542,10,bezier_pgd,0.002018578001298,mse,0.0010950379317923,False
rush_hour,266->265,542,10,bezier_ipopt,0.7644752010237426,mse,0.0002505150674292,False
rush_hour,266->265,542,10,bezier_nm,6.587507085991092,mse,0.0601131947862217,False
rush_hour,266->522,542,10,bezier_pgd,0.0011289289686828,mse,0.0002222494314967,False
rush_hour,266->522,542,10,bezier_ipopt,0.6486105510266498,mse,0.0001159182216058,False
rush_hour,266->522,542,10,bezier_nm,7.332505534985103,mse,0.0006259881572535,False
rush_hour,267->183,542,10,bezier_pgd,0.001069855003152,mse,0.0002885597402253,False
rush_hour,267->183,542,10,bezier_ipopt,1.0127280380111188,mse,0.0002095296258387,False
rush_hour,267->183,542,10,bezier_nm,8.954126066004392,mse,0.0010802399630417,False
rush_hour,267->261,542,10,bezier_pgd,0.0006981369806453,mse,0.0001800329224901,False
rush_hour,267->261,542,10,bezier_ipopt,0.7830651890253648,mse,0.0001301755983678,False
rush_hour,267->261,542,10,bezier_nm,8.65929831401445,mse,0.0012886189318863,False
rush_hour,268->388,542,10,bezier_pgd,0.0009512779652141,mse,0.0001865863930664,False
rush_hour,268->388,542,10,bezier_ipopt,1.0155912669724785,mse,0.0001349039774812,False
rush_hour,268->388,542,10,bezier_nm,8.064310122048482,mse,0.0005669897390099,False
rush_hour,268->494,542,10,bezier_pgd,0.0007522800005972,mse,0.0003023727110946,False
rush_hour,268->494,542,10,bezier_ipopt,1.0388746060198173,mse,0.0002059250259356,False
rush_hour,268->494,542,10,bezier_nm,8.599800530995708,mse,0.0008379915812009,False
rush_hour,269->191,542,10,bezier_pgd,0.0009459049906581,mse,0.0004468515169521,False
rush_hour,269->191,542,10,bezier_ipopt,0.9978232180001214,mse,0.0001202082227918,False
rush_hour,269->191,542,10,bezier_nm,6.384720508009195,mse,0.0480798940943992,False
rush_hour,269->321,542,10,bezier_pgd,0.0010819979943335,mse,0.0002256638516968,False
rush_hour,269->321,542,10,bezier_ipopt,0.8767181140137836,mse,0.000185657433799,False
rush_hour,269->321,542,10,bezier_nm,7.846584796032403,mse,0.0005656908643695,False
rush_hour,27->26,542,10,bezier_pgd,0.0009753869962878,mse,0.0001032538620775,False
rush_hour,27->26,542,10,bezier_ipopt,1.1396193010150455,mse,3.166478205490465e-05,False
rush_hour,27->26,542,10,bezier_nm,8.431612254993524,mse,0.0003466614342656,False
rush_hour,27->28,542,10,bezier_pgd,0.0027206130325794,mse,0.000453600093381,False
rush_hour,27->28,542,10,bezier_ipopt,0.8279219469986856,mse,0.000302044788108,False
rush_hour,27->28,542,10,bezier_nm,8.349314566003159,mse,0.0014702540328234,False
rush_hour,270->213,542,10,bezier_pgd,0.0020423519890755,mse,0.0004184455053366,False
rush_hour,270->213,542,10,bezier_ipopt,0.8801407509599812,mse,0.000103070738659,False
rush_hour,270->213,542,10,bezier_nm,6.913640337996185,mse,0.0066889327132227,False
rush_hour,270->444,542,10,bezier_pgd,0.0010407390072941,mse,0.0003453239222918,False
rush_hour,270->444,542,10,bezier_ipopt,,mse,,True
rush_hour,270->444,542,10,bezier_nm,7.322823165974114,mse,0.0005103002289525,False
rush_hour,271->272,542,10,bezier_pgd,0.0008532149950042,mse,0.0007103494280275,False
rush_hour,271->272,542,10,bezier_ipopt,1.166899269039277,mse,0.0001478600439216,False
rush_hour,271->272,542,10,bezier_nm,8.818667407962494,mse,0.0018962197658852,False
rush_hour,271->375,542,10,bezier_pgd,0.00124649197096,mse,0.6227646193914775,False
rush_hour,271->375,542,10,bezier_ipopt,,mse,,True
rush_hour,271->375,542,10,bezier_nm,6.811158747994341,mse,0.7731011169353934,False
rush_hour,272->271,542,10,bezier_pgd,0.0010429670219309,mse,0.132859635724236,False
rush_hour,272->271,542,10,bezier_ipopt,,mse,,True
rush_hour,272->271,542,10,bezier_nm,7.627699803037103,mse,0.320551679739022,False
rush_hour,272->274,542,10,bezier_pgd,0.0010917399777099,mse,0.0028918739117239,False
rush_hour,272->274,542,10,bezier_ipopt,1.39963663299568,mse,0.0020649433588151,False
rush_hour,272->274,542,10,bezier_nm,7.5154420410399325,mse,0.0239714443254785,False
rush_hour,273->351,542,10,bezier_pgd,0.0009929199586622,mse,0.0002513928741784,False
rush_hour,273->351,542,10,bezier_ipopt,1.015378335956484,mse,0.0002166494395484,False
rush_hour,273->351,542,10,bezier_nm,7.462123422010336,mse,0.0010604191207373,False
rush_hour,273->465,542,10,bezier_pgd,0.001629373000469,mse,0.0003586217909922,False
rush_hour,273->465,542,10,bezier_ipopt,0.8528256479767151,mse,0.0001809519799061,False
rush_hour,273->465,542,10,bezier_nm,8.940789156011306,mse,0.0075936346226526,False
rush_hour,274->272,542,10,bezier_pgd,0.0017242429894395,mse,0.0129314775833972,False
rush_hour,274->272,542,10,bezier_ipopt,0.8079446739866398,mse,4.573614582342304e-05,False
rush_hour,274->272,542,10,bezier_nm,7.782557594007812,mse,0.1078856736791638,False
rush_hour,274->441,542,10,bezier_pgd,0.0010136979981325,mse,0.0001364995996991,False
rush_hour,274->441,542,10,bezier_ipopt,0.9182733729830944,mse,8.084220974705086e-05,False
rush_hour,274->441,542,10,bezier_nm,8.934481245989446,mse,0.0006706178024993,False
rush_hour,275->173,542,10,bezier_pgd,0.0010207770392298,mse,0.0183374411946904,False
rush_hour,275->173,542,10,bezier_ipopt,5.403888334985822,mse,9.015389031673306e-05,False
rush_hour,275->173,542,10,bezier_nm,6.958016119024251,mse,0.1484535632718874,False
rush_hour,275->312,542,10,bezier_pgd,0.0006638080230914,mse,0.21756022054313,False
rush_hour,275->312,542,10,bezier_ipopt,,mse,,True
rush_hour,275->312,542,10,bezier_nm,7.300689643016085,mse,0.5679117332340572,False
rush_hour,276->364,542,10,bezier_pgd,0.0013767619966529,mse,0.0030470514699319,False
rush_hour,276->364,542,10,bezier_ipopt,,mse,,True
rush_hour,276->364,542,10,bezier_nm,7.868636834027711,mse,0.1008298028899473,False
rush_hour,276->76,542,10,bezier_pgd,0.0008125150343403,mse,0.0064272203847794,False
rush_hour,276->76,542,10,bezier_ipopt,,mse,,True
rush_hour,276->76,542,10,bezier_nm,7.649782660999335,mse,0.0743879759897937,False
rush_hour,277->278,542,10,bezier_pgd,0.0016494049923494,mse,0.0077142131669066,False
rush_hour,277->278,542,10,bezier_ipopt,1.0201678170124069,mse,0.0002504202375315,False
rush_hour,277->278,542,10,bezier_nm,7.061735825962387,mse,0.1466624856423965,False
rush_hour,277->453,542,10,bezier_pgd,0.0007652100175619,mse,0.000439929251059,False
rush_hour,277->453,542,10,bezier_ipopt,1.0600123580079526,mse,0.0003413176399199,False
rush_hour,277->453,542,10,bezier_nm,8.295003556995653,mse,0.0023861417359077,False
rush_hour,278->277,542,10,bezier_pgd,0.0009545009816065,mse,0.0003535448202116,False
rush_hour,278->277,542,10,bezier_ipopt,1.0619378989795225,mse,0.0001635311018389,False
rush_hour,278->277,542,10,bezier_nm,7.721909529995173,mse,0.0087889913435953,False
rush_hour,278->323,542,10,bezier_pgd,0.0008748230175115,mse,0.0042739470426894,False
rush_hour,278->323,542,10,bezier_ipopt,0.8593187090009451,mse,0.0002038141894048,False
rush_hour,278->323,542,10,bezier_nm,6.871032444993034,mse,0.1143552077941368,False
rush_hour,279->169,542,10,bezier_pgd,0.0029588059987872,mse,0.000264511139154,False
rush_hour,279->169,542,10,bezier_ipopt,1.206375540990848,mse,0.000208275541653,False
rush_hour,279->169,542,10,bezier_nm,8.74783197598299,mse,0.0010617553002884,False
rush_hour,279->460,542,10,bezier_pgd,0.0017370809800922,mse,0.000589540265765,False
rush_hour,279->460,542,10,bezier_ipopt,,mse,,True
rush_hour,279->460,542,10,bezier_nm,9.10100462997798,mse,0.0031351996395723,False
rush_hour,28->27,542,10,bezier_pgd,0.0008026899886317,mse,4.8514738106442194e-05,False
rush_hour,28->27,542,10,bezier_ipopt,1.0919177889591083,mse,2.312451906634141e-05,False
rush_hour,28->27,542,10,bezier_nm,8.222065305977594,mse,0.0002748835666245,False
rush_hour,28->29,542,10,bezier_pgd,0.0016234170179814,mse,4.9034560035331706e-05,False
rush_hour,28->29,542,10,bezier_ipopt,0.96685757098021,mse,2.176515211782891e-05,False
rush_hour,28->29,542,10,bezier_nm,7.752672097005416,mse,0.0003317922652708,False
rush_hour,280->114,542,10,bezier_pgd,0.002056811004877,mse,0.0081599935690621,False
rush_hour,280->114,542,10,bezier_ipopt,1.5183284010272473,mse,0.0003446911803946,False
rush_hour,280->114,542,10,bezier_nm,7.987871315970551,mse,0.1976200103064768,False
rush_hour,280->341,542,10,bezier_pgd,0.0013382019824348,mse,0.0718548984184821,False
rush_hour,280->341,542,10,bezier_ipopt,0.7557893830235116,mse,0.0002321514902378,False
rush_hour,280->341,542,10,bezier_nm,6.744763150985818,mse,0.2816742477072107,False
rush_hour,281->240,542,10,bezier_pgd,0.000982562021818,mse,0.0015616560364294,False
rush_hour,281->240,542,10,bezier_ipopt,1.3477927049971186,mse,0.000117600831958,False
rush_hour,281->240,542,10,bezier_nm,6.158537299954332,mse,0.0728618935950137,False
rush_hour,281->282,542,10,bezier_pgd,0.0013451910344883,mse,0.0002310805186636,False
rush_hour,281->282,542,10,bezier_ipopt,0.9341626430395992,mse,0.0001309952997833,False
rush_hour,281->282,542,10,bezier_nm,8.164909732004162,mse,0.0009271802813352,False
rush_hour,282->281,542,10,bezier_pgd,0.0018759809900075,mse,0.0002628264783976,False
rush_hour,282->281,542,10,bezier_ipopt,0.9055725820362568,mse,0.0001864871385361,False
rush_hour,282->281,542,10,bezier_nm,8.786788088968024,mse,0.0010074942518288,False
rush_hour,282->495,542,10,bezier_pgd,0.000816115993075,mse,0.000448454231574,False
rush_hour,282->495,542,10,bezier_ipopt,1.0975462889764458,mse,0.0003782307177959,False
rush_hour,282->495,542,10,bezier_nm,7.587855644000228,mse,0.0019565235584516,False
rush_hour,283->381,542,10,bezier_pgd,0.0014458099612966,mse,0.0006433111086111,False
rush_hour,283->381,542,10,bezier_ipopt,1.135820031980984,mse,0.000277403355811,False
rush_hour,283->381,542,10,bezier_nm,7.91007774398895,mse,0.0008328040246372,False
rush_hour,283->440,542,10,bezier_pgd,0.0011920680408366,mse,0.0062648400341124,False
rush_hour,283->440,542,10,bezier_ipopt,1.0866324419621378,mse,0.0003943371329985,False
rush_hour,283->440,542,10,bezier_nm,6.405333553964738,mse,0.1086654143856563,False
rush_hour,284->174,542,10,bezier_pgd,0.0021311049931682,mse,0.0003155407742236,False
rush_hour,284->174,542,10,bezier_ipopt,1.276509821007494,mse,0.0001566937343066,False
rush_hour,284->174,542,10,bezier_nm,6.518706939008553,mse,0.0121877582915613,False
rush_hour,284->335,542,10,bezier_pgd,0.0012482510064728,mse,0.0001756581573809,False
rush_hour,284->335,542,10,bezier_ipopt,0.9135248360107652,mse,9.139932625841722e-05,False
rush_hour,284->335,542,10,bezier_nm,7.270280616008677,mse,0.0005078258901654,False
rush_hour,285->168,542,10,bezier_pgd,0.0011800599750131,mse,0.0222092375998647,False
rush_hour,285->168,542,10,bezier_ipopt,42.84401780099142,mse,0.0188911484915026,False
rush_hour,285->168,542,10,bezier_nm,4.538117732969113,mse,0.0490424222692704,False
rush_hour,285->440,542,10,bezier_pgd,0.0015065050101839,mse,0.0003484621868059,False
rush_hour,285->440,542,10,bezier_ipopt,0.9267752610030584,mse,0.000170510492568,False
rush_hour,285->440,542,10,bezier_nm,7.709975859965198,mse,0.0005631118343441,False
rush_hour,286->468,542,10,bezier_pgd,0.002908372960519,mse,0.0002974554595168,False
rush_hour,286->468,542,10,bezier_ipopt,0.8458892470225692,mse,0.0002064698202442,False
rush_hour,286->468,542,10,bezier_nm,7.834565880999435,mse,0.0010547628323039,False
rush_hour,286->490,542,10,bezier_pgd,0.0013791469973511,mse,0.0002789474598038,False
rush_hour,286->490,542,10,bezier_ipopt,0.9389367679832504,mse,0.0002273068707765,False
rush_hour,286->490,542,10,bezier_nm,7.957936858001631,mse,0.0007079830256371,False
rush_hour,287->356,542,10,bezier_pgd,0.0012537490110844,mse,0.0007368347510122,False
rush_hour,287->356,542,10,bezier_ipopt,1.0244304160005413,mse,0.0003674345530133,False
rush_hour,287->356,542,10,bezier_nm,7.420130518032238,mse,0.0522320238916341,False
rush_hour,287->497,542,10,bezier_pgd,0.0012584590003825,mse,0.0005703946623458,False
rush_hour,287->497,542,10,bezier_ipopt,0.9198148649884388,mse,0.0002803677052845,False
rush_hour,287->497,542,10,bezier_nm,8.225187010015361,mse,0.0023587637526665,False
rush_hour,288->204,542,10,bezier_pgd,0.0007559080258943,mse,0.0001689171411208,False
rush_hour,288->204,542,10,bezier_ipopt,1.2773281969712116,mse,0.0001166303817203,False
rush_hour,288->204,542,10,bezier_nm,7.932350333954673,mse,0.0004699126565991,False
rush_hour,288->338,542,10,bezier_pgd,0.0007830220274627,mse,0.0007380405554902,False
rush_hour,288->338,542,10,bezier_ipopt,0.8102263010223396,mse,0.0001349427966582,False
rush_hour,288->338,542,10,bezier_nm,5.507396128959954,mse,0.0105852285422921,False
rush_hour,289->320,542,10,bezier_pgd,0.0015356710064224,mse,0.0039686713049643,False
rush_hour,289->320,542,10,bezier_ipopt,,mse,,True
rush_hour,289->320,542,10,bezier_nm,6.588672226003837,mse,0.1395908314942883,False
rush_hour,289->425,542,10,bezier_pgd,0.0007367199868895,mse,0.0002907367184799,False
rush_hour,289->425,542,10,bezier_ipopt,0.9687082069576718,mse,0.0002435307472281,False
rush_hour,289->425,542,10,bezier_nm,7.33835368801374,mse,0.0017352615665597,False
rush_hour,29->28,542,10,bezier_pgd,0.0011965289595536,mse,0.0001080746608334,False
rush_hour,29->28,542,10,bezier_ipopt,0.6815961709944531,mse,4.8741845610943375e-05,False
rush_hour,29->28,542,10,bezier_nm,7.99280364398146,mse,0.0003385783927921,False
rush_hour,29->30,542,10,bezier_pgd,0.0006809729966334,mse,3.7032182405236776e-05,False
rush_hour,29->30,542,10,bezier_ipopt,1.493609007971827,mse,1.9375992353822095e-05,False
rush_hour,29->30,542,10,bezier_nm,7.907086750958115,mse,9.182315633653574e-05,False
rush_hour,290->151,542,10,bezier_pgd,0.0010506419930607,mse,0.0046167440931642,False
rush_hour,290->151,542,10,bezier_ipopt,,mse,,True
rush_hour,290->151,542,10,bezier_nm,6.693653799011372,mse,0.0769565921644896,False
rush_hour,290->509,542,10,bezier_pgd,0.0009306810097768,mse,0.0003791998967366,False
rush_hour,290->509,542,10,bezier_ipopt,0.9627760949661024,mse,0.0001759894133096,False
rush_hour,290->509,542,10,bezier_nm,8.954305384017061,mse,0.001522993652136,False
rush_hour,291->18,542,10,bezier_pgd,0.0012669970165006,mse,0.0178674792042366,False
rush_hour,291->18,542,10,bezier_ipopt,,mse,,True
rush_hour,291->18,542,10,bezier_nm,7.159732136991806,mse,0.1607650326024228,False
rush_hour,291->292,542,10,bezier_pgd,0.0006745510036125,mse,0.0542051042875519,False
rush_hour,291->292,542,10,bezier_ipopt,,mse,,True
rush_hour,291->292,542,10,bezier_nm,6.973154134000652,mse,0.3868749732356424,False
rush_hour,292->291,542,10,bezier_pgd,0.001613673986867,mse,0.005285173819744,False
rush_hour,292->291,542,10,bezier_ipopt,1.0159567989758216,mse,0.0002448784022731,False
rush_hour,292->291,542,10,bezier_nm,6.678896990022622,mse,0.1296088538339698,False
rush_hour,292->397,542,10,bezier_pgd,0.0008951760246418,mse,3.526660436802148e-05,False
rush_hour,292->397,542,10,bezier_ipopt,1.196172378025949,mse,2.17380852134004e-05,False
rush_hour,292->397,542,10,bezier_nm,8.445222956012003,mse,0.0001387476737459,False
rush_hour,292->408,542,10,bezier_pgd,0.0009191760327666,mse,6.65322591364155e-05,False
rush_hour,292->408,542,10,bezier_ipopt,1.479992915992625,mse,3.4849189212072806e-05,False
rush_hour,292->408,542,10,bezier_nm,7.121734533982817,mse,0.0001353680052561,False
rush_hour,293->322,542,10,bezier_pgd,0.0015059240395203,mse,0.0015356746363473,False
rush_hour,293->322,542,10,bezier_ipopt,0.9441180230351164,mse,0.0003172471734912,False
rush_hour,293->322,542,10,bezier_nm,7.276636607013643,mse,0.1299883134035119,False
rush_hour,293->487,542,10,bezier_pgd,0.0016024330398067,mse,0.0044549198355289,False
rush_hour,293->487,542,10,bezier_ipopt,0.9115896269795484,mse,0.0001747236572072,False
rush_hour,293->487,542,10,bezier_nm,6.60709579201648,mse,0.0853638324151615,False
rush_hour,294->205,542,10,bezier_pgd,0.0010971240117214,mse,0.0043830995828963,False
rush_hour,294->205,542,10,bezier_ipopt,0.915024081012234,mse,0.0002724918810112,False
rush_hour,294->205,542,10,bezier_nm,6.867798820021562,mse,0.1196240043980356,False
rush_hour,294->370,542,10,bezier_pgd,0.0015642429934814,mse,0.0099812531828598,False
rush_hour,294->370,542,10,bezier_ipopt,0.9487394049647264,mse,0.000168369190093,False
rush_hour,294->370,542,10,bezier_nm,6.064940129988827,mse,0.1435128948591346,False
rush_hour,295->458,542,10,bezier_pgd,0.0010076839826069,mse,0.0052322791668971,False
rush_hour,295->458,542,10,bezier_ipopt,0.793227054993622,mse,0.0002896404155385,False
rush_hour,295->458,542,10,bezier_nm,7.284124855999835,mse,0.0901613951736125,False
rush_hour,295->459,542,10,bezier_pgd,0.0010174830094911,mse,0.0006260685229575,False
rush_hour,295->459,542,10,bezier_ipopt,0.9263754319981672,mse,0.0004293193858634,False
rush_hour,295->459,542,10,bezier_nm,7.309956827957649,mse,0.0014497111337811,False
rush_hour,296->503,542,10,bezier_pgd,0.0016001249896362,mse,0.0008272403587348,False
rush_hour,296->503,542,10,bezier_ipopt,1.061326475988608,mse,0.000311233243167,False
rush_hour,296->503,542,10,bezier_nm,8.271745042002294,mse,0.0026317939183864,False
rush_hour,296->506,542,10,bezier_pgd,0.0009733719634823,mse,0.0056014067087065,False
rush_hour,296->506,542,10,bezier_ipopt,1.0180129000218583,mse,0.0001329547360284,False
rush_hour,296->506,542,10,bezier_nm,6.52781653002603,mse,0.0914408881129534,False
rush_hour,297->114,542,10,bezier_pgd,0.0007821680046617,mse,3.953886347543695e-05,False
rush_hour,297->114,542,10,bezier_ipopt,0.9954138880129904,mse,2.3539302784405617e-05,False
rush_hour,297->114,542,10,bezier_nm,8.772108273056801,mse,5.6403287221653046e-05,False
rush_hour,297->298,542,10,bezier_pgd,0.0012586080119945,mse,0.0041739164213056,False
rush_hour,297->298,542,10,bezier_ipopt,,mse,,True
rush_hour,297->298,542,10,bezier_nm,6.58056105999276,mse,0.1076139638059138,False
rush_hour,297->89,542,10,bezier_pgd,0.000970616005361,mse,6.03302554071779e-05,False
rush_hour,297->89,542,10,bezier_ipopt,0.9399784719571472,mse,3.358581698230013e-05,False
rush_hour,297->89,542,10,bezier_nm,7.919184663973283,mse,0.0002874371179963,False
rush_hour,298->297,542,10,bezier_pgd,0.0006812560022808,mse,0.0004377276791645,False
rush_hour,298->297,542,10,bezier_ipopt,,mse,,True
rush_hour,298->297,542,10,bezier_nm,8.173882494971622,mse,0.0006913657621567,False
rush_hour,298->465,542,10,bezier_pgd,0.0017716899747028,mse,0.0004904602421145,False
rush_hour,298->465,542,10,bezier_ipopt,,mse,,True
rush_hour,298->465,542,10,bezier_nm,7.833402641001157,mse,0.0008854134477876,False
rush_hour,299->121,542,10,bezier_pgd,0.0009813900105655,mse,0.0003434658875329,False
rush_hour,299->121,542,10,bezier_ipopt,0.8535915489774197,mse,0.0003242625663169,False
rush_hour,299->121,542,10,bezier_nm,8.340637106040958,mse,0.0036437173216259,False
rush_hour,299->319,542,10,bezier_pgd,0.000663999991957,mse,0.0002387519683778,False
rush_hour,299->319,542,10,bezier_ipopt,0.9890853780088946,mse,0.0001945730854792,False
rush_hour,299->319,542,10,bezier_nm,7.303656522009987,mse,0.0003511203712839,False
rush_hour,30->251,542,10,bezier_pgd,0.0011343980440869,mse,0.0002430888657039,False
rush_hour,30->251,542,10,bezier_ipopt,0.6783244689577259,mse,0.0001389561254398,False
rush_hour,30->251,542,10,bezier_nm,7.887299116991926,mse,0.0004835701951862,False
rush_hour,30->29,542,10,bezier_pgd,0.0007414059946313,mse,7.558758747072351e-05,False
rush_hour,30->29,542,10,bezier_ipopt,1.7935003119637258,mse,1.5546003817384197e-05,False
rush_hour,30->29,542,10,bezier_nm,7.392308868002146,mse,0.0001270779875896,False
rush_hour,300->193,542,10,bezier_pgd,0.001600993971806,mse,0.0002822556861079,False
rush_hour,300->193,542,10,bezier_ipopt,0.8541009890032001,mse,0.0001860170220731,False
rush_hour,300->193,542,10,bezier_nm,8.633669111004565,mse,0.001302961594284,False
rush_hour,300->427,542,10,bezier_pgd,0.000986659026239,mse,0.000383404242956,False
rush_hour,300->427,542,10,bezier_ipopt,1.068267000024207,mse,0.0002918534404821,False
rush_hour,300->427,542,10,bezier_nm,7.708058264979627,mse,0.0008707953889551,False
rush_hour,301->386,542,10,bezier_pgd,0.0014110240153968,mse,0.0001602125939797,False
rush_hour,301->386,542,10,bezier_ipopt,0.9547029089881108,mse,0.0001074357418525,False
rush_hour,301->386,542,10,bezier_nm,8.064024001010694,mse,0.0004843832019493,False
rush_hour,301->405,542,10,bezier_pgd,0.0009434369858354,mse,0.0001906871287737,False
rush_hour,301->405,542,10,bezier_ipopt,0.8269604440429248,mse,0.0001372991922975,False
rush_hour,301->405,542,10,bezier_nm,7.617962583957706,mse,0.0004198679780713,False
rush_hour,302->487,542,10,bezier_pgd,0.0015880450373515,mse,0.0002609144467908,False
rush_hour,302->487,542,10,bezier_ipopt,0.929225903993938,mse,0.0002137284835937,False
rush_hour,302->487,542,10,bezier_nm,7.566273972974159,mse,0.0010709820412547,False
rush_hour,302->507,542,10,bezier_pgd,0.0008705840446054,mse,0.0053754087067532,False
rush_hour,302->507,542,10,bezier_ipopt,1.1232702860143036,mse,0.0002052246563549,False
rush_hour,302->507,542,10,bezier_nm,6.339370761997998,mse,0.0196997825598281,False
rush_hour,303->499,542,10,bezier_pgd,0.0008222120231948,mse,0.0002539281582108,False
rush_hour,303->499,542,10,bezier_ipopt,0.7945921390200965,mse,0.0002030440025984,False
rush_hour,303->499,542,10,bezier_nm,7.855168026988395,mse,0.0012523572294627,False
rush_hour,303->514,542,10,bezier_pgd,0.0025642230175435,mse,0.0004507295248798,False
rush_hour,303->514,542,10,bezier_ipopt,1.241428643988911,mse,0.0002083332335665,False
rush_hour,303->514,542,10,bezier_nm,7.10094872105401,mse,0.055038961713302,False
rush_hour,304->500,542,10,bezier_pgd,0.0010445389780215,mse,0.000489210159299,False
rush_hour,304->500,542,10,bezier_ipopt,1.039824737992603,mse,0.0001626593040926,False
rush_hour,304->500,542,10,bezier_nm,6.068054803996347,mse,0.0641698312993307,False
rush_hour,304->506,542,10,bezier_pgd,0.0009404990123584,mse,0.0003923561258384,False
rush_hour,304->506,542,10,bezier_ipopt,0.7938059390289709,mse,0.0003252797274746,False
rush_hour,304->506,542,10,bezier_nm,8.344714926963206,mse,0.0046955131015765,False
rush_hour,305->329,542,10,bezier_pgd,0.0014394990284927,mse,0.000774573866802,False
rush_hour,305->329,542,10,bezier_ipopt,1.2475528870127164,mse,0.000323458882918,False
rush_hour,305->329,542,10,bezier_nm,8.953662953979801,mse,0.0045221848383397,False
rush_hour,305->517,542,10,bezier_pgd,0.0010551820159889,mse,0.0002563330588123,False
rush_hour,305->517,542,10,bezier_ipopt,0.896695883013308,mse,0.0001777542840563,False
rush_hour,305->517,542,10,bezier_nm,7.824286379036494,mse,0.0009204415073964,False
rush_hour,306->307,542,10,bezier_pgd,0.0012765029678121,mse,0.0004200774318257,False
rush_hour,306->307,542,10,bezier_ipopt,0.8047276490251534,mse,0.0002274217546178,False
rush_hour,306->307,542,10,bezier_nm,6.913075758027844,mse,0.0207998242714254,False
rush_hour,306->460,542,10,bezier_pgd,0.0015589380054734,mse,0.0003125592015703,False
rush_hour,306->460,542,10,bezier_ipopt,0.7192394350422546,mse,0.0002185165214739,False
rush_hour,306->460,542,10,bezier_nm,8.333339899952989,mse,0.0017658246203829,False
rush_hour,307->166,542,10,bezier_pgd,0.0014927650336176,mse,0.0002658562032057,False
rush_hour,307->166,542,10,bezier_ipopt,0.9247017449815758,mse,0.0001672488916561,False
rush_hour,307->166,542,10,bezier_nm,8.789433539030142,mse,0.0028619307811139,False
rush_hour,307->306,542,10,bezier_pgd,0.0011186260380782,mse,0.0001626011213394,False
rush_hour,307->306,542,10,bezier_ipopt,0.8719005419989116,mse,0.0001007964479555,False
rush_hour,307->306,542,10,bezier_nm,7.707505926024169,mse,0.0003887140700711,False
rush_hour,308->243,542,10,bezier_pgd,0.0016705410089343,mse,0.0013324787189856,False
rush_hour,308->243,542,10,bezier_ipopt,0.8246628839988261,mse,0.0002461095882946,False
rush_hour,308->243,542,10,bezier_nm,6.800584090000484,mse,0.0023163779346482,False
rush_hour,308->314,542,10,bezier_pgd,0.0010500670177862,mse,0.003265907673379,False
rush_hour,308->314,542,10,bezier_ipopt,0.9343996309908108,mse,0.0002534058147548,False
rush_hour,308->314,542,10,bezier_nm,7.80181823100429,mse,0.0722918102559508,False
rush_hour,309->463,542,10,bezier_pgd,0.0016153649776242,mse,0.0001384545565675,False
rush_hour,309->463,542,10,bezier_ipopt,1.0771504240110517,mse,0.0001195445176056,False
rush_hour,309->463,542,10,bezier_nm,8.374000234005507,mse,0.0005383342671336,False
rush_hour,309->500,542,10,bezier_pgd,0.0008682549814693,mse,0.0001531897615224,False
rush_hour,309->500,542,10,bezier_ipopt,1.1298518149997108,mse,0.0001000232086031,False
rush_hour,309->500,542,10,bezier_nm,7.52549845201429,mse,0.0004427309620383,False
rush_hour,31->1,542,10,bezier_pgd,0.0015517610008828,mse,4.945597059435778e-05,False
rush_hour,31->1,542,10,bezier_ipopt,1.0568945790291764,mse,2.547116042846751e-05,False
rush_hour,31->1,542,10,bezier_nm,6.935401041002479,mse,0.0005008595247521,False
rush_hour,31->32,542,10,bezier_pgd,0.0005940179689787,mse,2.8519336515656547e-05,False
rush_hour,31->32,542,10,bezier_ipopt,0.8008615499711595,mse,1.9244768499696985e-05,False
rush_hour,31->32,542,10,bezier_nm,6.6802787620108575,mse,0.0002503358903553,False
rush_hour,310->462,542,10,bezier_pgd,0.0017135470407083,mse,0.0003278721365718,False
rush_hour,310->462,542,10,bezier_ipopt,1.1492068189545537,mse,0.0002495358871011,False
rush_hour,310->462,542,10,bezier_nm,8.723799937986769,mse,0.0007527068272405,False
rush_hour,310->476,542,10,bezier_pgd,0.0007874260190874,mse,0.0001713666825982,False
rush_hour,310->476,542,10,bezier_ipopt,1.0128309780266136,mse,0.000114126671796,False
rush_hour,310->476,542,10,bezier_nm,7.217535262985621,mse,0.000329093880982,False
rush_hour,311->119,542,10,bezier_pgd,0.0010895330342464,mse,0.0003703176413238,False
rush_hour,311->119,542,10,bezier_ipopt,0.8230835580034181,mse,0.0002405508021769,False
rush_hour,311->119,542,10,bezier_nm,8.330526750010904,mse,0.001769586354419,False
rush_hour,311->489,542,10,bezier_pgd,0.0011690229875966,mse,0.000236772400991,False
rush_hour,311->489,542,10,bezier_ipopt,0.9997843080200256,mse,0.0001783033761443,False
rush_hour,311->489,542,10,bezier_nm,7.583618790959008,mse,0.0005195987217664,False
rush_hour,312->275,542,10,bezier_pgd,0.000561329012271,mse,0.0579328631264964,False
rush_hour,312->275,542,10,bezier_ipopt,,mse,,True
rush_hour,312->275,542,10,bezier_nm,6.771254559978843,mse,0.4888946489195866,False
rush_hour,312->313,542,10,bezier_pgd,0.0013229299802333,mse,0.3135682178608982,False
rush_hour,312->313,542,10,bezier_ipopt,,mse,,True
rush_hour,312->313,542,10,bezier_nm,7.485152171982918,mse,0.4310974144476446,False
rush_hour,313->312,542,10,bezier_pgd,0.0008996169781312,mse,0.0292717622990875,False
rush_hour,313->312,542,10,bezier_ipopt,,mse,,True
rush_hour,313->312,542,10,bezier_nm,7.369517282000743,mse,0.1902368390554407,False
rush_hour,313->409,542,10,bezier_pgd,0.0011302580242045,mse,0.1026766310219016,False
rush_hour,313->409,542,10,bezier_ipopt,0.9414194760029204,mse,0.0014418181999793,False
rush_hour,313->409,542,10,bezier_nm,7.397681661008391,mse,0.2691837048236818,False
rush_hour,314->308,542,10,bezier_pgd,0.00192953099031,mse,0.000282117386065,False
rush_hour,314->308,542,10,bezier_ipopt,1.0086143060470931,mse,0.0002118049244176,False
rush_hour,314->308,542,10,bezier_nm,7.278235147998203,mse,0.0004255982433621,False
rush_hour,314->458,542,10,bezier_pgd,0.0014137370162643,mse,0.0002218035765504,False
rush_hour,314->458,542,10,bezier_ipopt,0.8253560700104572,mse,0.0001218645540063,False
rush_hour,314->458,542,10,bezier_nm,8.13171006203629,mse,0.0003913502672721,False
rush_hour,315->203,542,10,bezier_pgd,0.0009008960332721,mse,0.0013934596627996,False
rush_hour,315->203,542,10,bezier_ipopt,1.1930532910046168,mse,0.0002243571854028,False
rush_hour,315->203,542,10,bezier_nm,6.576131362002343,mse,0.0662177645392212,False
rush_hour,315->509,542,10,bezier_pgd,0.0012051049852743,mse,0.0004301353882613,False
rush_hour,315->509,542,10,bezier_ipopt,0.8600494120037183,mse,0.0001092887527496,False
rush_hour,315->509,542,10,bezier_nm,9.59186518000206,mse,0.0017592323501805,False
rush_hour,316->411,542,10,bezier_pgd,0.0009342440171167,mse,0.0013783212767291,False
rush_hour,316->411,542,10,bezier_ipopt,0.7375547820120119,mse,0.000369703015798,False
rush_hour,316->411,542,10,bezier_nm,6.7198053280008025,mse,0.0752685360766798,False
rush_hour,316->478,542,10,bezier_pgd,0.0011768289841711,mse,0.0017916794664384,False
rush_hour,316->478,542,10,bezier_ipopt,0.8099120230181143,mse,0.0002775079703536,False
rush_hour,316->478,542,10,bezier_nm,6.7101373199839145,mse,0.004338373325478,False
rush_hour,317->318,542,10,bezier_pgd,0.0029703629552386,mse,0.0003534715208965,False
rush_hour,317->318,542,10,bezier_ipopt,0.9142791220219806,mse,0.0001394465064632,False
rush_hour,317->318,542,10,bezier_nm,9.080444359977264,mse,0.0029681203727305,False
rush_hour,317->487,542,10,bezier_pgd,0.0011357369949109,mse,0.008586318456684,False
rush_hour,317->487,542,10,bezier_ipopt,0.7956230970448814,mse,0.0002712968448325,False
rush_hour,317->487,542,10,bezier_nm,6.395139965985436,mse,0.153215421195596,False
rush_hour,318->317,542,10,bezier_pgd,0.0033362419926561,mse,0.0002318146100033,False
rush_hour,318->317,542,10,bezier_ipopt,0.8073619359638542,mse,8.871172763077796e-05,False
rush_hour,318->317,542,10,bezier_nm,8.579263539984822,mse,0.0007495458514284,False
rush_hour,318->336,542,10,bezier_pgd,0.0006358080427162,mse,0.0001789040727871,False
rush_hour,318->336,542,10,bezier_ipopt,0.8740376579808071,mse,0.0001201668968289,False
rush_hour,318->336,542,10,bezier_nm,7.388828937022481,mse,0.0003664789017577,False
rush_hour,319->299,542,10,bezier_pgd,0.0013968409621156,mse,0.0002609126698608,False
rush_hour,319->299,542,10,bezier_ipopt,0.8536623059771955,mse,0.0001896756813001,False
rush_hour,319->299,542,10,bezier_nm,7.870590949023608,mse,0.0005084779093632,False
rush_hour,319->355,542,10,bezier_pgd,0.0010042450157925,mse,0.00023862462066,False
rush_hour,319->355,542,10,bezier_ipopt,0.8520855180104263,mse,0.0001697589616994,False
rush_hour,319->355,542,10,bezier_nm,7.146610434981994,mse,0.0004988088023764,False
rush_hour,32->31,542,10,bezier_pgd,0.0007383240154013,mse,3.576547846771954e-05,False
rush_hour,32->31,542,10,bezier_ipopt,0.9130357960239052,mse,2.310198836322661e-05,False
rush_hour,32->31,542,10,bezier_nm,6.211873863998335,mse,0.0001500752860612,False
rush_hour,32->33,542,10,bezier_pgd,0.0008731060079298,mse,4.489806309691164e-05,False
rush_hour,32->33,542,10,bezier_ipopt,0.8946849179919809,mse,2.7076192238468064e-05,False
rush_hour,32->33,542,10,bezier_nm,7.828666672983672,mse,8.987504797347522e-05,False
rush_hour,320->134,542,10,bezier_pgd,0.0013659640098921,mse,0.002264745331486,False
rush_hour,320->134,542,10,bezier_ipopt,0.906819301948417,mse,0.0003368335626044,False
rush_hour,320->134,542,10,bezier_nm,6.632765756978188,mse,0.1107304706345138,False
rush_hour,320->289,542,10,bezier_pgd,0.0011139879934489,mse,0.1385896809304164,False
rush_hour,320->289,542,10,bezier_ipopt,1.1072680020006374,mse,0.0002824232673882,False
rush_hour,320->289,542,10,bezier_nm,6.351766186999157,mse,0.285499507567947,False
rush_hour,321->269,542,10,bezier_pgd,0.000968804990407,mse,0.0001873561600117,False
rush_hour,321->269,542,10,bezier_ipopt,1.0908107270370238,mse,0.0001058208180823,False
rush_hour,321->269,542,10,bezier_nm,7.270281234988943,mse,0.0005379066462923,False
rush_hour,321->322,542,10,bezier_pgd,0.0010938089690171,mse,0.0178918193089948,False
rush_hour,321->322,542,10,bezier_ipopt,0.8137866370379925,mse,0.000186874413193,False
rush_hour,321->322,542,10,bezier_nm,7.708107162965462,mse,0.2094961706614988,False
rush_hour,322->293,542,10,bezier_pgd,0.0008099189726635,mse,0.009942522597803,False
rush_hour,322->293,542,10,bezier_ipopt,,mse,,True
rush_hour,322->293,542,10,bezier_nm,6.512166631000582,mse,0.0504990029596083,False
rush_hour,322->321,542,10,bezier_pgd,0.0012147480156272,mse,0.0014595641331928,False
rush_hour,322->321,542,10,bezier_ipopt,0.7623428329825401,mse,0.0002719770728221,False
rush_hour,322->321,542,10,bezier_nm,6.779328045027796,mse,0.0321020324705646,False
rush_hour,323->278,542,10,bezier_pgd,0.0010100660147145,mse,0.0150113962155572,False
rush_hour,323->278,542,10,bezier_ipopt,0.9059124600025824,mse,0.0002750872271727,False
rush_hour,323->278,542,10,bezier_nm,7.132627118960954,mse,0.1887160131623251,False
rush_hour,323->324,542,10,bezier_pgd,0.0009100789902731,mse,0.0027820572550762,False
rush_hour,323->324,542,10,bezier_ipopt,0.7999058039858937,mse,0.000161957352715,False
rush_hour,323->324,542,10,bezier_nm,6.417212856002152,mse,0.0584588560818141,False
rush_hour,324->323,542,10,bezier_pgd,0.0016842259792611,mse,0.0002416537851376,False
rush_hour,324->323,542,10,bezier_ipopt,0.8511800190317445,mse,0.0001601316464827,False
rush_hour,324->323,542,10,bezier_nm,7.219940793991554,mse,0.0009949968996297,False
rush_hour,324->455,542,10,bezier_pgd,0.0019696890376508,mse,0.0008069213972419,False
rush_hour,324->455,542,10,bezier_ipopt,0.7631894570076838,mse,0.0002393029081353,False
rush_hour,324->455,542,10,bezier_nm,9.43164544296451,mse,0.0034530267604982,False
rush_hour,325->377,542,10,bezier_pgd,0.000848967989441,mse,0.000688313610574,False
rush_hour,325->377,542,10,bezier_ipopt,0.673274984001182,mse,0.0001966117420525,False
rush_hour,325->377,542,10,bezier_nm,6.78365490102442,mse,0.0284956673122468,False
rush_hour,325->385,542,10,bezier_pgd,0.0009577519958838,mse,0.0013842457298826,False
rush_hour,325->385,542,10,bezier_ipopt,,mse,,True
rush_hour,325->385,542,10,bezier_nm,7.573116727988236,mse,0.0892982907582068,False
rush_hour,326->18,542,10,bezier_pgd,0.0018609829712659,mse,0.1426170766878894,False
rush_hour,326->18,542,10,bezier_ipopt,,mse,,True
rush_hour,326->18,542,10,bezier_nm,8.000769903999753,mse,0.3449844682509109,False
rush_hour,326->245,542,10,bezier_pgd,0.000995579001028,mse,0.0002517513705881,False
rush_hour,326->245,542,10,bezier_ipopt,0.9068202300113626,mse,8.523931927148862e-08,False
rush_hour,326->245,542,10,bezier_nm,5.420536907971837,mse,0.0546157591068765,False
rush_hour,327->328,542,10,bezier_pgd,0.0013819289742968,mse,0.0001147659343355,False
rush_hour,327->328,542,10,bezier_ipopt,0.9363862380268984,mse,7.16556406226278e-05,False
rush_hour,327->328,542,10,bezier_nm,7.083675202040467,mse,0.0006357554404991,False
rush_hour,327->447,542,10,bezier_pgd,0.0014407819835469,mse,0.0002419386937958,False
rush_hour,327->447,542,10,bezier_ipopt,0.9284303010208532,mse,8.669394684113939e-05,False
rush_hour,327->447,542,10,bezier_nm,7.718051822041161,mse,0.000486130480339,False
rush_hour,328->196,542,10,bezier_pgd,0.0013516440521925,mse,0.0004378649960131,False
rush_hour,328->196,542,10,bezier_ipopt,0.7192792909918353,mse,0.0001959343096909,False
rush_hour,328->196,542,10,bezier_nm,6.151091721025296,mse,0.0129404415518973,False
rush_hour,328->327,542,10,bezier_pgd,0.0021193059510551,mse,0.0002887809707822,False
rush_hour,328->327,542,10,bezier_ipopt,0.6679567570099607,mse,0.0001879419930077,False
rush_hour,328->327,542,10,bezier_nm,7.3589196219691075,mse,0.0011055801043306,False
rush_hour,329->223,542,10,bezier_pgd,0.00101851898944,mse,0.0152833177878112,False
rush_hour,329->223,542,10,bezier_ipopt,0.8004113549832255,mse,0.0002054921381843,False
rush_hour,329->223,542,10,bezier_nm,6.948831653979141,mse,0.2083909275897261,False
rush_hour,329->305,542,10,bezier_pgd,0.0031461939797736,mse,0.0005225654900931,False
rush_hour,329->305,542,10,bezier_ipopt,1.0362511379644277,mse,0.0002848983933689,False
rush_hour,329->305,542,10,bezier_nm,8.640784817980602,mse,0.0044715468111277,False
rush_hour,33->32,542,10,bezier_pgd,0.001828767999541,mse,5.913310571678225e-05,False
rush_hour,33->32,542,10,bezier_ipopt,0.8422024470055476,mse,3.3149369966653955e-05,False
rush_hour,33->32,542,10,bezier_nm,7.894238848995883,mse,0.0002436929769584,False
rush_hour,33->34,542,10,bezier_pgd,0.0008375899633392,mse,4.091644997672545e-05,False
rush_hour,33->34,542,10,bezier_ipopt,0.7889052329701371,mse,1.9141820037332952e-05,False
rush_hour,33->34,542,10,bezier_nm,7.289031027990859,mse,0.0013054229188857,False
rush_hour,330->358,542,10,bezier_pgd,0.0009657079936005,mse,0.0003547136846698,False
rush_hour,330->358,542,10,bezier_ipopt,1.0414373399689794,mse,0.0003012647990286,False
rush_hour,330->358,542,10,bezier_nm,6.401340178039391,mse,0.0008607813204165,False
rush_hour,330->423,542,10,bezier_pgd,0.0013758830027654,mse,0.0106644763569697,False
rush_hour,330->423,542,10,bezier_ipopt,,mse,,True
rush_hour,330->423,542,10,bezier_nm,6.7720327420393005,mse,0.0226557855595812,False
rush_hour,331->425,542,10,bezier_pgd,0.0014280439936555,mse,0.0002719352581198,False
rush_hour,331->425,542,10,bezier_ipopt,0.7940259689930826,mse,0.0001763734562931,False
rush_hour,331->425,542,10,bezier_nm,9.075824824976737,mse,0.0024289087944507,False
rush_hour,331->466,542,10,bezier_pgd,0.0009179460466839,mse,0.0028449849981575,False
rush_hour,331->466,542,10,bezier_ipopt,0.9017396700219252,mse,0.0002148944730315,False
rush_hour,331->466,542,10,bezier_nm,7.020155608013738,mse,0.079992661653122,False
rush_hour,332->234,542,10,bezier_pgd,0.0010725989704951,mse,0.0148194480331856,False
rush_hour,332->234,542,10,bezier_ipopt,,mse,,True
rush_hour,332->234,542,10,bezier_nm,7.665381558006629,mse,0.1231669665228709,False
rush_hour,332->441,542,10,bezier_pgd,0.0034190959995612,mse,0.4833800858539102,False
rush_hour,332->441,542,10,bezier_ipopt,,mse,,True
rush_hour,332->441,542,10,bezier_nm,6.894449736981187,mse,0.5669641957876109,False
rush_hour,333->176,542,10,bezier_pgd,0.0013553669559769,mse,0.0008735368401131,False
rush_hour,333->176,542,10,bezier_ipopt,0.7624472670140676,mse,0.0003778729946842,False
rush_hour,333->176,542,10,bezier_nm,6.903704953030683,mse,0.0251657372637603,False
rush_hour,333->367,542,10,bezier_pgd,0.0011131249484606,mse,0.0002929387296919,False
rush_hour,333->367,542,10,bezier_ipopt,0.6546381539665163,mse,0.000271410650488,False
rush_hour,333->367,542,10,bezier_nm,9.39956962398719,mse,0.0006194479454953,False
rush_hour,334->385,542,10,bezier_pgd,0.0019324860186316,mse,0.0005223280773257,False
rush_hour,334->385,542,10,bezier_ipopt,1.0773709279601462,mse,0.000174995702897,False
rush_hour,334->385,542,10,bezier_nm,6.43533704301808,mse,0.0155663871004374,False
rush_hour,334->421,542,10,bezier_pgd,0.0010551399900577,mse,0.0002836964834526,False
rush_hour,334->421,542,10,bezier_ipopt,0.7963236619834788,mse,0.000209326538495,False
rush_hour,334->421,542,10,bezier_nm,7.521236255008262,mse,0.001039134931476,False
rush_hour,335->284,542,10,bezier_pgd,0.0008842420065775,mse,0.0002819077399677,False
rush_hour,335->284,542,10,bezier_ipopt,0.8833674879861064,mse,0.0001989411041573,False
rush_hour,335->284,542,10,bezier_nm,6.731898617988918,mse,0.0063631867592415,False
rush_hour,335->386,542,10,bezier_pgd,0.0011087479651905,mse,0.000629937295724,False
rush_hour,335->386,542,10,bezier_ipopt,0.9292854020022788,mse,0.0002426337264934,False
rush_hour,335->386,542,10,bezier_nm,6.352542891050689,mse,0.0722773038705916,False
rush_hour,336->318,542,10,bezier_pgd,0.0011259579914622,mse,0.0002229983903394,False
rush_hour,336->318,542,10,bezier_ipopt,0.8933302139630541,mse,0.0001724459019375,False
rush_hour,336->318,542,10,bezier_nm,7.657657679985277,mse,0.001408588681294,False
rush_hour,336->466,542,10,bezier_pgd,0.000890860974323,mse,0.009147701393511,False
rush_hour,336->466,542,10,bezier_ipopt,0.9432039399980569,mse,0.0001991168174612,False
rush_hour,336->466,542,10,bezier_nm,6.891819305950776,mse,0.1313853525542334,False
rush_hour,337->448,542,10,bezier_pgd,0.0014590499922633,mse,0.0004953895283985,False
rush_hour,337->448,542,10,bezier_ipopt,0.716003421053756,mse,0.0001710497959284,False
rush_hour,337->448,542,10,bezier_nm,9.128450992982836,mse,0.0020576390102142,False
rush_hour,337->467,542,10,bezier_pgd,0.0010121670202352,mse,0.0006817439121408,False
rush_hour,337->467,542,10,bezier_ipopt,0.9385293909581378,mse,0.0004117286758712,False
rush_hour,337->467,542,10,bezier_nm,7.582006561046001,mse,0.0008432253030094,False
rush_hour,338->288,542,10,bezier_pgd,0.001524101011455,mse,0.0003439507800832,False
rush_hour,338->288,542,10,bezier_ipopt,,mse,,True
rush_hour,338->288,542,10,bezier_nm,8.21941998199327,mse,0.0013399229855868,False
rush_hour,338->489,542,10,bezier_pgd,0.0009535809513181,mse,0.005738197459323,False
rush_hour,338->489,542,10,bezier_ipopt,,mse,,True
rush_hour,338->489,542,10,bezier_nm,7.248670259024948,mse,0.1257429955648201,False
rush_hour,339->466,542,10,bezier_pgd,0.0009776270017027,mse,0.0003203638119245,False
rush_hour,339->466,542,10,bezier_ipopt,0.9295780580141582,mse,0.0001831253702346,False
rush_hour,339->466,542,10,bezier_nm,7.20993330195779,mse,0.0007193364018744,False
rush_hour,339->467,542,10,bezier_pgd,0.0009823450236581,mse,0.0502843099968761,False
rush_hour,339->467,542,10,bezier_ipopt,0.9986824169754982,mse,0.0002520056450647,False
rush_hour,339->467,542,10,bezier_nm,7.092278085008729,mse,0.257009678356155,False
rush_hour,34->33,542,10,bezier_pgd,0.0008848510333336,mse,5.298792493611111e-05,False
rush_hour,34->33,542,10,bezier_ipopt,1.0822479500202462,mse,1.861773355332549e-05,False
rush_hour,34->33,542,10,bezier_nm,6.988737386011053,mse,0.0006812997467464,False
rush_hour,34->35,542,10,bezier_pgd,0.0009025859762914,mse,6.914777976520018e-05,False
rush_hour,34->35,542,10,bezier_ipopt,1.2075052229920402,mse,3.8852897251628166e-05,False
rush_hour,34->35,542,10,bezier_nm,7.466546952025965,mse,0.0001158848364558,False
rush_hour,340->197,542,10,bezier_pgd,0.0009705380070954,mse,0.0126572225352555,False
rush_hour,340->197,542,10,bezier_ipopt,1.093115743016824,mse,0.0002950897851957,False
rush_hour,340->197,542,10,bezier_nm,5.991946087044198,mse,0.170419168086047,False
rush_hour,340->232,542,10,bezier_pgd,0.0017298979801125,mse,0.0124256945477896,False
rush_hour,340->232,542,10,bezier_ipopt,0.8637258859816939,mse,0.0003579872632829,False
rush_hour,340->232,542,10,bezier_nm,6.220613393001258,mse,0.168312769575527,False
rush_hour,341->109,542,10,bezier_pgd,0.0012741519603878,mse,0.0006559881506549,False
rush_hour,341->109,542,10,bezier_ipopt,1.1861067920108326,mse,0.0002414522574138,False
rush_hour,341->109,542,10,bezier_nm,8.256285861018114,mse,0.0085749091461085,False
rush_hour,341->280,542,10,bezier_pgd,0.0015061310259625,mse,0.0006086388870508,False
rush_hour,341->280,542,10,bezier_ipopt,0.957717303012032,mse,0.0005011747873405,False
rush_hour,341->280,542,10,bezier_nm,7.529526146012358,mse,0.0026407982827631,False
rush_hour,342->464,542,10,bezier_pgd,0.0014878110378049,mse,0.00040870267246,False
rush_hour,342->464,542,10,bezier_ipopt,0.660682819026988,mse,0.0002291646290934,False
rush_hour,342->464,542,10,bezier_nm,8.862581920984667,mse,0.0019963325722602,False
rush_hour,342->514,542,10,bezier_pgd,0.0011423649848438,mse,0.0002854534996242,False
rush_hour,342->514,542,10,bezier_ipopt,0.9103335459949448,mse,0.0002054582104417,False
rush_hour,342->514,542,10,bezier_nm,7.794228475017007,mse,0.0025252333017618,False
rush_hour,343->126,542,10,bezier_pgd,0.0013459039619192,mse,0.0009769804481286,False
rush_hour,343->126,542,10,bezier_ipopt,0.7433957059984095,mse,0.0002736310365409,False
rush_hour,343->126,542,10,bezier_nm,6.701933185977396,mse,0.0254391063134476,False
rush_hour,343->504,542,10,bezier_pgd,0.0008732120040804,mse,0.001301911014349,False
rush_hour,343->504,542,10,bezier_ipopt,0.8355153679731302,mse,0.0002338195199497,False
rush_hour,343->504,542,10,bezier_nm,6.371477072010748,mse,0.0140493784647718,False
rush_hour,344->222,542,10,bezier_pgd,0.0006698479992337,mse,0.0002223319887436,False
rush_hour,344->222,542,10,bezier_ipopt,1.0557399899698794,mse,0.0001454285824937,False
rush_hour,344->222,542,10,bezier_nm,7.331437390996143,mse,0.0014581470262609,False
rush_hour,344->522,542,10,bezier_pgd,0.0008120709680952,mse,0.0002946503558275,False
rush_hour,344->522,542,10,bezier_ipopt,0.777775454975199,mse,0.0002238778139072,False
rush_hour,344->522,542,10,bezier_nm,7.114053536963183,mse,0.0032386665634201,False
rush_hour,345->110,542,10,bezier_pgd,0.0009078200091607,mse,7.795431672646302e-05,False
rush_hour,345->110,542,10,bezier_ipopt,1.245525197009556,mse,2.244672899617724e-05,False
rush_hour,345->110,542,10,bezier_nm,6.729640436009504,mse,0.0013644559999489,False
rush_hour,345->242,542,10,bezier_pgd,0.0013836959842592,mse,0.000317983725897,False
rush_hour,345->242,542,10,bezier_ipopt,0.94001473399112,mse,0.0002060312771552,False
rush_hour,345->242,542,10,bezier_nm,9.560715597006492,mse,0.0016199028327214,False
rush_hour,346->433,542,10,bezier_pgd,0.0010094330064021,mse,0.0007207272898392,False
rush_hour,346->433,542,10,bezier_ipopt,0.9240379420225509,mse,0.0003474806558051,False
rush_hour,346->433,542,10,bezier_nm,8.591539229033515,mse,0.0049217437083864,False
rush_hour,346->468,542,10,bezier_pgd,0.0008592369849793,mse,0.0661140227984622,False
rush_hour,346->468,542,10,bezier_ipopt,0.8290513280080631,mse,0.0002796927006537,False
rush_hour,346->468,542,10,bezier_nm,6.564281523984391,mse,0.2617607029856225,False
rush_hour,347->250,542,10,bezier_pgd,0.00079049897613,mse,0.0218747525632623,False
rush_hour,347->250,542,10,bezier_ipopt,,mse,,True
rush_hour,347->250,542,10,bezier_nm,7.240639575989917,mse,0.2606515974575455,False
rush_hour,347->456,542,10,bezier_pgd,0.0011657760478556,mse,0.0001755256959803,False
rush_hour,347->456,542,10,bezier_ipopt,,mse,,True
rush_hour,347->456,542,10,bezier_nm,8.291602034005336,mse,0.0004962218930566,False
rush_hour,348->122,542,10,bezier_pgd,0.0008717349846847,mse,0.0016593631575744,False
rush_hour,348->122,542,10,bezier_ipopt,0.8109908329788595,mse,0.0002045226930908,False
rush_hour,348->122,542,10,bezier_nm,8.029120666964445,mse,0.0797768477581137,False
rush_hour,348->170,542,10,bezier_pgd,0.0008411449962295,mse,0.003359329887249,False
rush_hour,348->170,542,10,bezier_ipopt,0.9899296250077896,mse,0.0002235147746838,False
rush_hour,348->170,542,10,bezier_nm,6.765225179027766,mse,0.0844000855205952,False
rush_hour,349->231,542,10,bezier_pgd,0.0012413299991749,mse,0.0064390210611932,False
rush_hour,349->231,542,10,bezier_ipopt,0.8420978449867107,mse,0.004430989341289,False
rush_hour,349->231,542,10,bezier_nm,6.689946817001328,mse,0.1601874687586476,False
rush_hour,349->467,542,10,bezier_pgd,0.0008703920175321,mse,0.0003006316452419,False
rush_hour,349->467,542,10,bezier_ipopt,0.9284712090156972,mse,0.0002063067297838,False
rush_hour,349->467,542,10,bezier_nm,8.270874744979665,mse,0.0003481604887991,False
rush_hour,35->34,542,10,bezier_pgd,0.0010359560255892,mse,6.024020586250183e-05,False
rush_hour,35->34,542,10,bezier_ipopt,1.4149636590154842,mse,4.280270026449698e-05,False
rush_hour,35->34,542,10,bezier_nm,7.119970222003758,mse,0.0002442555554636,False
rush_hour,35->397,542,10,bezier_pgd,0.0013248519971966,mse,4.849302352929009e-05,False
rush_hour,35->397,542,10,bezier_ipopt,0.94988052098779,mse,1.549568927205005e-05,False
rush_hour,35->397,542,10,bezier_nm,7.710829660005402,mse,0.0003660262265656,False
rush_hour,350->481,542,10,bezier_pgd,0.0008331640274263,mse,0.0002029172775094,False
rush_hour,350->481,542,10,bezier_ipopt,1.0776170439785346,mse,0.000116279132188,False
rush_hour,350->481,542,10,bezier_nm,8.596099102054723,mse,0.0004056435706222,False
rush_hour,350->517,542,10,bezier_pgd,0.0011783029767684,mse,0.0007627686432526,False
rush_hour,350->517,542,10,bezier_ipopt,0.8408553409972228,mse,0.0002476692964894,False
rush_hour,350->517,542,10,bezier_nm,8.28068406903185,mse,0.0042310226621954,False
rush_hour,351->273,542,10,bezier_pgd,0.0015008169575594,mse,0.0187851809386262,False
rush_hour,351->273,542,10,bezier_ipopt,0.7722086909925565,mse,0.0011239320816358,False
rush_hour,351->273,542,10,bezier_nm,6.406142744992394,mse,0.2188179652457083,False
rush_hour,351->377,542,10,bezier_pgd,0.0011288179666735,mse,0.0002897469047674,False
rush_hour,351->377,542,10,bezier_ipopt,1.095640895946417,mse,0.0002075420149427,False
rush_hour,351->377,542,10,bezier_nm,9.363575030001812,mse,0.0004886150620199,False
rush_hour,352->255,542,10,bezier_pgd,0.0021000700071454,mse,0.0003014223183321,False
rush_hour,352->255,542,10,bezier_ipopt,0.8063214920111932,mse,0.0001875861586398,False
rush_hour,352->255,542,10,bezier_nm,8.634902296995278,mse,0.0015424659439706,False
rush_hour,352->444,542,10,bezier_pgd,0.0008586589829064,mse,0.0030941836666761,False
rush_hour,352->444,542,10,bezier_ipopt,0.8980908269877546,mse,0.0001800750927544,False
rush_hour,352->444,542,10,bezier_nm,6.093453312991187,mse,0.0631954355640734,False
rush_hour,353->115,542,10,bezier_pgd,0.0008413910400122,mse,0.0047726581286536,False
rush_hour,353->115,542,10,bezier_ipopt,0.7217013909830712,mse,0.000242862436576,False
rush_hour,353->115,542,10,bezier_nm,7.333456721971743,mse,0.1141596675140043,False
rush_hour,353->369,542,10,bezier_pgd,0.0006628080154769,mse,0.000259106800971,False
rush_hour,353->369,542,10,bezier_ipopt,0.9956784849637188,mse,0.0001546610311198,False
rush_hour,353->369,542,10,bezier_nm,7.572265717957634,mse,0.0010431057020322,False
rush_hour,354->410,542,10,bezier_pgd,0.0009081910247914,mse,0.0339307936365431,False
rush_hour,354->410,542,10,bezier_ipopt,1.0627829219447449,mse,0.0002842303870216,False
rush_hour,354->410,542,10,bezier_nm,7.689415965985972,mse,0.237897764418229,False
rush_hour,354->522,542,10,bezier_pgd,0.0021141530014574,mse,0.0011001609515942,False
rush_hour,354->522,542,10,bezier_ipopt,0.9786038969759828,mse,0.0002027110759427,False
rush_hour,354->522,542,10,bezier_nm,6.814667860977352,mse,0.0532172670167444,False
rush_hour,355->319,542,10,bezier_pgd,0.0009950380190275,mse,0.0003794971789319,False
rush_hour,355->319,542,10,bezier_ipopt,1.084630167984869,mse,0.0002144613500418,False
rush_hour,355->319,542,10,bezier_nm,8.233518116991036,mse,0.00141190246964,False
rush_hour,355->396,542,10,bezier_pgd,0.0009902800084091,mse,0.0001302984256101,False
rush_hour,355->396,542,10,bezier_ipopt,0.7284663800382987,mse,0.0001020099118166,False
rush_hour,355->396,542,10,bezier_nm,7.7237427810323425,mse,0.0008420059693505,False
rush_hour,356->287,542,10,bezier_pgd,0.0008576139807701,mse,0.0065898013419724,False
rush_hour,356->287,542,10,bezier_ipopt,0.8363111289800145,mse,0.000397400049815,False
rush_hour,356->287,542,10,bezier_nm,7.78186814498622,mse,0.0926799712652935,False
rush_hour,356->373,542,10,bezier_pgd,0.0008476969669573,mse,0.0051508512737206,False
rush_hour,356->373,542,10,bezier_ipopt,0.7224170910194516,mse,0.0003922330277959,False
rush_hour,356->373,542,10,bezier_nm,6.048627476033289,mse,0.1145015144140583,False
rush_hour,357->128,542,10,bezier_pgd,0.0012122030020691,mse,0.0155138265281051,False
rush_hour,357->128,542,10,bezier_ipopt,,mse,,True
rush_hour,357->128,542,10,bezier_nm,7.259713654988445,mse,0.18774170085742,False
rush_hour,357->454,542,10,bezier_pgd,0.0007719399873167,mse,0.0001354587865303,False
rush_hour,357->454,542,10,bezier_ipopt,0.8186751889879815,mse,8.826683218132546e-05,False
rush_hour,357->454,542,10,bezier_nm,7.507277650001924,mse,0.0006519942032543,False
rush_hour,358->208,542,10,bezier_pgd,0.0020617840345948,mse,0.0014418546882918,False
rush_hour,358->208,542,10,bezier_ipopt,1.3670583760249428,mse,0.001072641293596,False
rush_hour,358->208,542,10,bezier_nm,7.0673550350475125,mse,0.0020619239058063,False
rush_hour,358->330,542,10,bezier_pgd,0.0009174500009976,mse,0.0447457996028362,False
rush_hour,358->330,542,10,bezier_ipopt,,mse,,True
rush_hour,358->330,542,10,bezier_nm,5.539824674953707,mse,0.1052507387019317,False
rush_hour,359->463,542,10,bezier_pgd,0.0010402229963801,mse,0.008927898532688,False
rush_hour,359->463,542,10,bezier_ipopt,0.7365884800092317,mse,0.0002262726641925,False
rush_hour,359->463,542,10,bezier_nm,6.765889061964117,mse,0.1462221378831351,False
rush_hour,359->480,542,10,bezier_pgd,0.0011531229829415,mse,0.0004420294760282,False
rush_hour,359->480,542,10,bezier_ipopt,0.9761978139868006,mse,0.0001776057757952,False
rush_hour,359->480,542,10,bezier_nm,6.736778795020655,mse,0.0450029135267954,False
rush_hour,36->37,542,10,bezier_pgd,0.0007874019793234,mse,4.35271808380555e-05,False
rush_hour,36->37,542,10,bezier_ipopt,0.9664652139763348,mse,2.349975497706827e-05,False
rush_hour,36->37,542,10,bezier_nm,6.396572989004199,mse,0.0007772813361845,False
rush_hour,36->408,542,10,bezier_pgd,0.0009420939604751,mse,4.200049367783425e-05,False
rush_hour,36->408,542,10,bezier_ipopt,1.1262324650306257,mse,1.5884538825078765e-05,False
rush_hour,36->408,542,10,bezier_nm,7.591981734032743,mse,0.0003971148285746,False
rush_hour,360->405,542,10,bezier_pgd,0.0007318289717659,mse,0.0001536322674746,False
rush_hour,360->405,542,10,bezier_ipopt,0.9924244749709032,mse,0.0001214646361812,False
rush_hour,360->405,542,10,bezier_nm,7.957599371031392,mse,0.0009839776685621,False
rush_hour,360->499,542,10,bezier_pgd,0.00105545099359,mse,0.0003805540569643,False
rush_hour,360->499,542,10,bezier_ipopt,0.683967541961465,mse,0.0001524017997708,False
rush_hour,360->499,542,10,bezier_nm,8.210448472993448,mse,0.0006638287037626,False
rush_hour,361->389,542,10,bezier_pgd,0.0013792049721814,mse,0.0003597646057616,False
rush_hour,361->389,542,10,bezier_ipopt,0.8003674779902212,mse,0.000228912052898,False
rush_hour,361->389,542,10,bezier_nm,7.872453379968647,mse,0.0008670090828024,False
rush_hour,361->411,542,10,bezier_pgd,0.0008126370375975,mse,0.0002354710338141,False
rush_hour,361->411,542,10,bezier_ipopt,0.6872773380018771,mse,0.0001608306983117,False
rush_hour,361->411,542,10,bezier_nm,6.960128934006207,mse,0.0018141251719993,False
rush_hour,362->465,542,10,bezier_pgd,0.0017648190259933,mse,0.0004487968560274,False
rush_hour,362->465,542,10,bezier_ipopt,0.7827113589737564,mse,0.0002336968403264,False
rush_hour,362->465,542,10,bezier_nm,8.05945129902102,mse,0.0008624477460144,False
rush_hour,362->499,542,10,bezier_pgd,0.00074249797035,mse,0.000196429473865,False
rush_hour,362->499,542,10,bezier_ipopt,0.8552175039658323,mse,0.0001572065549278,False
rush_hour,362->499,542,10,bezier_nm,7.9309044139808975,mse,0.000370101192649,False
rush_hour,363->486,542,10,bezier_pgd,0.0008936609956435,mse,0.0136551125015166,False
rush_hour,363->486,542,10,bezier_ipopt,0.7309609520016238,mse,0.0002242472337803,False
rush_hour,363->486,542,10,bezier_nm,6.55392313899938,mse,0.1868350779076419,False
rush_hour,363->512,542,10,bezier_pgd,0.0012867399491369,mse,0.0031321484727105,False
rush_hour,363->512,542,10,bezier_ipopt,1.2044044859940186,mse,0.0002932485194282,False
rush_hour,363->512,542,10,bezier_nm,8.029735243006144,mse,0.0818264590689626,False
rush_hour,364->22,542,10,bezier_pgd,0.0021925140172243,mse,0.3153369697090346,False
rush_hour,364->22,542,10,bezier_ipopt,,mse,,True
rush_hour,364->22,542,10,bezier_nm,,mse,,True
rush_hour,364->276,542,10,bezier_pgd,0.0009550969698466,mse,0.0111451207617074,False
rush_hour,364->276,542,10,bezier_ipopt,,mse,,True
rush_hour,364->276,542,10,bezier_nm,7.692779676988721,mse,0.2294018578289499,False
rush_hour,364->392,542,10,bezier_pgd,0.0015476699918508,mse,0.0089206076179996,False
rush_hour,364->392,542,10,bezier_ipopt,0.8752727169776335,mse,0.0003750394389482,False
rush_hour,364->392,542,10,bezier_nm,7.098796242964454,mse,0.1019407603902546,False
rush_hour,365->383,542,10,bezier_pgd,0.0018137290026061,mse,0.0001165572634795,False
rush_hour,365->383,542,10,bezier_ipopt,0.8867347639752552,mse,7.130039534832627e-05,False
rush_hour,365->383,542,10,bezier_nm,8.66287314001238,mse,0.000357826426597,False
rush_hour,365->513,542,10,bezier_pgd,0.0034236329956911,mse,0.0003355489178226,False
rush_hour,365->513,542,10,bezier_ipopt,1.0418875640025362,mse,0.0001421899842601,False
rush_hour,365->513,542,10,bezier_nm,7.890491772035602,mse,0.001079904163088,False
rush_hour,366->490,542,10,bezier_pgd,0.0006895250407978,mse,0.0001623930950088,False
rush_hour,366->490,542,10,bezier_ipopt,1.0013239129912108,mse,0.0001226482998428,False
rush_hour,366->490,542,10,bezier_nm,8.423777828982566,mse,0.0011584891881289,False
rush_hour,366->514,542,10,bezier_pgd,0.0014333740109577,mse,0.0004899475843955,False
rush_hour,366->514,542,10,bezier_ipopt,1.1826924749766476,mse,0.0001387864907891,False
rush_hour,366->514,542,10,bezier_nm,8.775602601992432,mse,0.0023735364669248,False
rush_hour,367->333,542,10,bezier_pgd,0.0010878249886445,mse,0.0040623546909129,False
rush_hour,367->333,542,10,bezier_ipopt,1.0924560720450245,mse,0.0002216772889306,False
rush_hour,367->333,542,10,bezier_nm,6.487003879039548,mse,0.0723118081658951,False
rush_hour,367->502,542,10,bezier_pgd,0.0013516560429707,mse,0.0002463347110998,False
rush_hour,367->502,542,10,bezier_ipopt,0.8412140349973924,mse,0.0001915124752952,False
rush_hour,367->502,542,10,bezier_nm,8.911065719963517,mse,0.001323349573245,False
rush_hour,368->433,542,10,bezier_pgd,0.0010244129807688,mse,0.0807173264133032,False
rush_hour,368->433,542,10,bezier_ipopt,0.8311632429831661,mse,0.0002692935646723,False
rush_hour,368->433,542,10,bezier_nm,7.075370534032118,mse,0.2715277016476282,False
rush_hour,368->462,542,10,bezier_pgd,0.0010437450255267,mse,0.0003367219815771,False
rush_hour,368->462,542,10,bezier_ipopt,1.0255441979970783,mse,9.89080354710778e-05,False
rush_hour,368->462,542,10,bezier_nm,6.798209358006716,mse,0.0010055980863836,False
rush_hour,369->353,542,10,bezier_pgd,0.0018550790264271,mse,0.0004517944664984,False
rush_hour,369->353,542,10,bezier_ipopt,0.9085066260304302,mse,0.0001552675728599,False
rush_hour,369->353,542,10,bezier_nm,8.41660412895726,mse,0.0066545864411718,False
rush_hour,369->498,542,10,bezier_pgd,0.0012664400273934,mse,0.0020624771260729,False
rush_hour,369->498,542,10,bezier_ipopt,0.8618469840148464,mse,0.0001730749524631,False
rush_hour,369->498,542,10,bezier_nm,6.756231402978301,mse,0.1142944456163251,False
rush_hour,37->36,542,10,bezier_pgd,0.0007826819783076,mse,8.894155810587158e-05,False
rush_hour,37->36,542,10,bezier_ipopt,0.910897110006772,mse,2.797367331749965e-05,False
rush_hour,37->36,542,10,bezier_nm,6.327051758999005,mse,0.0008926300322246,False
rush_hour,37->38,542,10,bezier_pgd,0.0007495629834011,mse,4.002769472979045e-05,False
rush_hour,37->38,542,10,bezier_ipopt,0.8042050839867443,mse,1.4928699588888856e-05,False
rush_hour,37->38,542,10,bezier_nm,6.87320702400757,mse,0.0005493404635282,False
rush_hour,370->294,542,10,bezier_pgd,0.0010943560046143,mse,0.0131447641379988,False
rush_hour,370->294,542,10,bezier_ipopt,0.7627322030020878,mse,0.0003947527018264,False
rush_hour,370->294,542,10,bezier_nm,6.972965827968437,mse,0.1703065351748035,False
rush_hour,370->371,542,10,bezier_pgd,0.0009623880032449,mse,0.0002845773070039,False
rush_hour,370->371,542,10,bezier_ipopt,0.8704279439989477,mse,0.0001932970117217,False
rush_hour,370->371,542,10,bezier_nm,8.155813333054539,mse,0.0009807872382668,False
rush_hour,371->370,542,10,bezier_pgd,0.0007759259897284,mse,0.0005745671233871,False
rush_hour,371->370,542,10,bezier_ipopt,0.8118388000293635,mse,0.0002783579676443,False
rush_hour,371->370,542,10,bezier_nm,6.539910872001201,mse,0.002302901449083,False
rush_hour,371->494,542,10,bezier_pgd,0.0015751909813843,mse,0.0002665095981929,False
rush_hour,371->494,542,10,bezier_ipopt,0.9087844030000268,mse,0.0001690336636641,False
rush_hour,371->494,542,10,bezier_nm,8.068912067974452,mse,0.0009349645073092,False
rush_hour,372->14,542,10,bezier_pgd,0.0009328899905085,mse,8.351710103600121e-05,False
rush_hour,372->14,542,10,bezier_ipopt,1.0073574539856054,mse,3.575983920850177e-05,False
rush_hour,372->14,542,10,bezier_nm,9.942377605999354,mse,0.0002428193764914,False
rush_hour,372->442,542,10,bezier_pgd,0.0008858070359565,mse,0.005160601547993,False
rush_hour,372->442,542,10,bezier_ipopt,0.8707892870297655,mse,0.0016498166763196,False
rush_hour,372->442,542,10,bezier_nm,7.465702517016325,mse,0.218283613075933,False
rush_hour,372->515,542,10,bezier_pgd,0.0010844800272025,mse,5.388802348123801e-05,False
rush_hour,372->515,542,10,bezier_ipopt,0.988537235010881,mse,2.059250597766648e-05,False
rush_hour,372->515,542,10,bezier_nm,8.789620530034881,mse,0.0002241790595829,False
rush_hour,373->180,542,10,bezier_pgd,0.0010053180158138,mse,0.0006406166138873,False
rush_hour,373->180,542,10,bezier_ipopt,0.8042297319625504,mse,0.0002205408858234,False
rush_hour,373->180,542,10,bezier_nm,6.607100185006857,mse,0.0142760231178169,False
rush_hour,373->356,542,10,bezier_pgd,0.0009679609793238,mse,0.0094392121393733,False
rush_hour,373->356,542,10,bezier_ipopt,0.8312221330124885,mse,0.0002896501394292,False
rush_hour,373->356,542,10,bezier_nm,7.167686918983236,mse,0.1515458021647511,False
rush_hour,374->139,542,10,bezier_pgd,0.0011656119604595,mse,0.0254808363891326,False
rush_hour,374->139,542,10,bezier_ipopt,0.7682249189820141,mse,0.000358572602551,False
rush_hour,374->139,542,10,bezier_nm,6.745854277978651,mse,0.1876744661092362,False
rush_hour,374->454,542,10,bezier_pgd,0.0012390399933792,mse,0.0003432452656229,False
rush_hour,374->454,542,10,bezier_ipopt,0.7285010979976505,mse,0.000223348992782,False
rush_hour,374->454,542,10,bezier_nm,8.034102855017409,mse,0.0084802159476591,False
rush_hour,375->271,542,10,bezier_pgd,0.0012691069860011,mse,0.00215872806173,False
rush_hour,375->271,542,10,bezier_ipopt,,mse,,True
rush_hour,375->271,542,10,bezier_nm,7.751222982013132,mse,0.0699746420235561,False
rush_hour,375->426,542,10,bezier_pgd,0.0006102349725551,mse,0.2208817138867912,False
rush_hour,375->426,542,10,bezier_ipopt,,mse,,True
rush_hour,375->426,542,10,bezier_nm,9.657172499981243,mse,0.6534045106640826,False
rush_hour,376->221,542,10,bezier_pgd,0.0012375300284475,mse,0.003905958509685,False
rush_hour,376->221,542,10,bezier_ipopt,0.7700516860350035,mse,0.0034424090130065,False
rush_hour,376->221,542,10,bezier_nm,7.141332284954842,mse,0.0622526010193987,False
rush_hour,376->420,542,10,bezier_pgd,0.0009498550207354,mse,0.0002205732410032,False
rush_hour,376->420,542,10,bezier_ipopt,0.937747999036219,mse,0.0001688047928146,False
rush_hour,376->420,542,10,bezier_nm,8.168312405992765,mse,0.0005190782496988,False
rush_hour,377->325,542,10,bezier_pgd,0.0020778629695996,mse,0.0002912532778142,False
rush_hour,377->325,542,10,bezier_ipopt,0.8887692879652604,mse,0.0002585584918217,False
rush_hour,377->325,542,10,bezier_nm,7.520558913995046,mse,0.0009804479551346,False
rush_hour,377->351,542,10,bezier_pgd,0.0013094890164211,mse,0.0003855347480722,False
rush_hour,377->351,542,10,bezier_ipopt,0.8904291090439074,mse,0.0001456982208376,False
rush_hour,377->351,542,10,bezier_nm,7.935358403017744,mse,0.0007776146974029,False
rush_hour,378->233,542,10,bezier_pgd,0.0011273570125922,mse,0.0003773131149147,False
rush_hour,378->233,542,10,bezier_ipopt,1.109113122045528,mse,9.646790115181744e-05,False
rush_hour,378->233,542,10,bezier_nm,7.649727587006055,mse,0.0459242905361472,False
rush_hour,378->464,542,10,bezier_pgd,0.0012083919718861,mse,0.0005996482802505,False
rush_hour,378->464,542,10,bezier_ipopt,0.7762996529927477,mse,0.0001751339064169,False
rush_hour,378->464,542,10,bezier_nm,8.521907163027208,mse,0.0031079719801761,False
rush_hour,379->398,542,10,bezier_pgd,0.0008673219708725,mse,0.0017381709783994,False
rush_hour,379->398,542,10,bezier_ipopt,0.8118294829619117,mse,0.0001580253442667,False
rush_hour,379->398,542,10,bezier_nm,6.624363460985478,mse,0.065032438127266,False
rush_hour,379->502,542,10,bezier_pgd,0.0016327659832313,mse,0.0003233978674118,False
rush_hour,379->502,542,10,bezier_ipopt,1.1056132929516025,mse,0.0002247654507785,False
rush_hour,379->502,542,10,bezier_nm,8.62944479600992,mse,0.0010852270518878,False
rush_hour,38->37,542,10,bezier_pgd,0.0007206770242191,mse,8.443753087191829e-05,False
rush_hour,38->37,542,10,bezier_ipopt,0.93641905504046,mse,2.790674428975801e-05,False
rush_hour,38->37,542,10,bezier_nm,7.166248110006563,mse,0.0007583220203765,False
rush_hour,38->39,542,10,bezier_pgd,0.0010530910221859,mse,0.0078674709056599,False
rush_hour,38->39,542,10,bezier_ipopt,,mse,,True
rush_hour,38->39,542,10,bezier_nm,6.951750807987992,mse,0.1541560451821779,False
rush_hour,380->381,542,10,bezier_pgd,0.0017844699905253,mse,0.0003649960210412,False
rush_hour,380->381,542,10,bezier_ipopt,0.978803060017526,mse,0.0002523095934288,False
rush_hour,380->381,542,10,bezier_nm,9.168303230952006,mse,0.000833356468416,False
rush_hour,380->400,542,10,bezier_pgd,0.0009568080422468,mse,0.0019943362047588,False
rush_hour,380->400,542,10,bezier_ipopt,1.0183992439997382,mse,0.0001894797082754,False
rush_hour,380->400,542,10,bezier_nm,5.86135971697513,mse,0.0130540456180986,False
rush_hour,381->283,542,10,bezier_pgd,0.0006149089895188,mse,0.0003623075932263,False
rush_hour,381->283,542,10,bezier_ipopt,1.032242979039438,mse,0.0002800158397334,False
rush_hour,381->283,542,10,bezier_nm,7.23560491000535,mse,0.0020185140844098,False
rush_hour,381->380,542,10,bezier_pgd,0.0010693619842641,mse,0.000572504428144,False
rush_hour,381->380,542,10,bezier_ipopt,0.8924042480066419,mse,0.0003305373767442,False
rush_hour,381->380,542,10,bezier_nm,6.958452013030183,mse,0.0592857277401255,False
rush_hour,382->501,542,10,bezier_pgd,0.0010770059889182,mse,0.0004989345764778,False
rush_hour,382->501,542,10,bezier_ipopt,,mse,,True
rush_hour,382->501,542,10,bezier_nm,7.261692636995576,mse,0.0009099658466228,False
rush_hour,382->512,542,10,bezier_pgd,0.0016371199744753,mse,0.0002751411995884,False
rush_hour,382->512,542,10,bezier_ipopt,0.9979615269694476,mse,0.0002013812494413,False
rush_hour,382->512,542,10,bezier_nm,9.721369168022648,mse,0.0011686824546839,False
rush_hour,383->144,542,10,bezier_pgd,0.0010959269711747,mse,0.0002118223859822,False
rush_hour,383->144,542,10,bezier_ipopt,0.9932361620012672,mse,0.00017818512288,False
rush_hour,383->144,542,10,bezier_nm,8.174311776005197,mse,0.0006654155821682,False
rush_hour,383->365,542,10,bezier_pgd,0.000854859012179,mse,0.0002513862701584,False
rush_hour,383->365,542,10,bezier_ipopt,0.9904571000370196,mse,0.0001710183752063,False
rush_hour,383->365,542,10,bezier_nm,7.559543665032834,mse,0.0004150446731899,False
rush_hour,384->200,542,10,bezier_pgd,0.0012230200227349,mse,0.026893721145434,False
rush_hour,384->200,542,10,bezier_ipopt,,mse,,True
rush_hour,384->200,542,10,bezier_nm,6.577963501040358,mse,0.2327271656369262,False
rush_hour,384->259,542,10,bezier_pgd,0.0018172989948652,mse,0.0046243692945085,False
rush_hour,384->259,542,10,bezier_ipopt,0.8304007780388929,mse,0.0002265711740826,False
rush_hour,384->259,542,10,bezier_nm,6.553802956012078,mse,0.121680121399758,False
rush_hour,385->178,542,10,bezier_pgd,0.0008008419536054,mse,0.0004037018180372,False
rush_hour,385->178,542,10,bezier_ipopt,0.7946519899996929,mse,0.0002382826236681,False
rush_hour,385->178,542,10,bezier_nm,8.020295381022152,mse,0.0011610776508324,False
rush_hour,385->325,542,10,bezier_pgd,0.0017086089937947,mse,0.0004012029353788,False
rush_hour,385->325,542,10,bezier_ipopt,1.1040498780203052,mse,0.0002148692314112,False
rush_hour,385->325,542,10,bezier_nm,7.964082263002638,mse,0.0040630460531343,False
rush_hour,385->334,542,10,bezier_pgd,0.0008127350010909,mse,0.0003935183477406,False
rush_hour,385->334,542,10,bezier_ipopt,1.034879173967056,mse,0.000312366205094,False
rush_hour,385->334,542,10,bezier_nm,7.245261226024013,mse,0.0006128923225887,False
rush_hour,386->301,542,10,bezier_pgd,0.0011402649688534,mse,0.000716930800543,False
rush_hour,386->301,542,10,bezier_ipopt,0.809745448990725,mse,0.0003330792272286,False
rush_hour,386->301,542,10,bezier_nm,6.847015033010393,mse,0.0117405266409455,False
rush_hour,386->335,542,10,bezier_pgd,0.0011092899949289,mse,0.0045633218209233,False
rush_hour,386->335,542,10,bezier_ipopt,1.2405651320004836,mse,0.0001868219190627,False
rush_hour,386->335,542,10,bezier_nm,6.909873073047493,mse,0.1460030362989068,False
rush_hour,387->12,542,10,bezier_pgd,0.0009537900332361,mse,0.0095665184577734,False
rush_hour,387->12,542,10,bezier_ipopt,1.196167536021676,mse,0.0003625994306811,False
rush_hour,387->12,542,10,bezier_nm,6.412536084011663,mse,0.1522872010414878,False
rush_hour,387->452,542,10,bezier_pgd,0.0010259590344503,mse,0.0052989258933147,False
rush_hour,387->452,542,10,bezier_ipopt,1.1051159750204531,mse,0.0001281775229282,False
rush_hour,387->452,542,10,bezier_nm,7.189338752010372,mse,0.1366467491336444,False
rush_hour,387->475,542,10,bezier_pgd,0.0016990849981084,mse,0.0013077253702654,False
rush_hour,387->475,542,10,bezier_ipopt,0.8898969669826329,mse,0.0005865077295097,False
rush_hour,387->475,542,10,bezier_nm,6.676157203037292,mse,0.0123418020400691,False
rush_hour,388->268,542,10,bezier_pgd,0.0013221299741417,mse,0.0176018921620822,False
rush_hour,388->268,542,10,bezier_ipopt,1.133890100987628,mse,0.0007508558835183,False
rush_hour,388->268,542,10,bezier_nm,6.202337727998383,mse,0.2287692164157345,False
rush_hour,388->389,542,10,bezier_pgd,0.000830920995213,mse,0.0002362361470512,False
rush_hour,388->389,542,10,bezier_ipopt,1.0004558750079011,mse,0.0001945622571576,False
rush_hour,388->389,542,10,bezier_nm,8.540839355962817,mse,0.0004685714597251,False
rush_hour,389->197,542,10,bezier_pgd,0.0009999549947679,mse,0.0003036804490041,False
rush_hour,389->197,542,10,bezier_ipopt,1.05033837701194,mse,0.0001643652234583,False
rush_hour,389->197,542,10,bezier_nm,7.271521886985283,mse,0.0005859865378804,False
rush_hour,389->361,542,10,bezier_pgd,0.0011467339936643,mse,0.0005711862937298,False
rush_hour,389->361,542,10,bezier_ipopt,0.8408239660202526,mse,0.0001415801331248,False
rush_hour,389->361,542,10,bezier_nm,8.210081461002119,mse,0.001826987872862,False
rush_hour,389->388,542,10,bezier_pgd,0.0010018660104833,mse,0.0002513824598802,False
rush_hour,389->388,542,10,bezier_ipopt,1.2558243329986,mse,0.0001772679522259,False
rush_hour,389->388,542,10,bezier_nm,7.2185323689482175,mse,0.0004147139588704,False
rush_hour,39->26,542,10,bezier_pgd,0.0011585910106077,mse,0.0002808856021516,False
rush_hour,39->26,542,10,bezier_ipopt,1.4854193990468048,mse,0.0002381776067736,False
rush_hour,39->26,542,10,bezier_nm,8.108098906988744,mse,0.0004215487760921,False
rush_hour,39->38,542,10,bezier_pgd,0.0011223059846088,mse,4.2379142271704985e-05,False
rush_hour,39->38,542,10,bezier_ipopt,0.8676813369966112,mse,1.870070441273592e-05,False
rush_hour,39->38,542,10,bezier_nm,6.900803758006077,mse,0.0010711520875664,False
rush_hour,390->157,542,10,bezier_pgd,0.0012687240377999,mse,0.0003710973795656,False
rush_hour,390->157,542,10,bezier_ipopt,1.01123728195671,mse,0.0002962441575601,False
rush_hour,390->157,542,10,bezier_nm,8.337911381968297,mse,0.0014080261751126,False
rush_hour,390->182,542,10,bezier_pgd,0.0011792699806392,mse,0.0014581659257894,False
rush_hour,390->182,542,10,bezier_ipopt,,mse,,True
rush_hour,390->182,542,10,bezier_nm,6.858360419049859,mse,0.1072264929888061,False
rush_hour,390->208,542,10,bezier_pgd,0.0042787740239873,mse,0.7104124104197712,False
rush_hour,390->208,542,10,bezier_ipopt,2.2652254889835604,mse,0.7076910977319619,False
rush_hour,390->208,542,10,bezier_nm,4.823821121011861,mse,0.7187256035127797,False
rush_hour,391->156,542,10,bezier_pgd,0.001942241040524,mse,0.0036999214238705,False
rush_hour,391->156,542,10,bezier_ipopt,,mse,,True
rush_hour,391->156,542,10,bezier_nm,7.119336459029,mse,0.0176770717281589,False
rush_hour,391->478,542,10,bezier_pgd,0.0010767549974843,mse,0.001552984680627,False
rush_hour,391->478,542,10,bezier_ipopt,,mse,,True
rush_hour,391->478,542,10,bezier_nm,6.902656201971695,mse,0.0550247295475814,False
rush_hour,392->372,542,10,bezier_pgd,0.0007261830032803,mse,6.449582669859027e-05,False
rush_hour,392->372,542,10,bezier_ipopt,0.7992371279979125,mse,2.6674678741819706e-05,False
rush_hour,392->372,542,10,bezier_nm,7.958375194983091,mse,0.0002093737729048,False
rush_hour,392->437,542,10,bezier_pgd,0.0017352029681205,mse,0.0002618779110164,False
rush_hour,392->437,542,10,bezier_ipopt,1.2458368169609455,mse,0.0001633462208484,False
rush_hour,392->437,542,10,bezier_nm,7.951255374995526,mse,0.0003391602820524,False
rush_hour,392->518,542,10,bezier_pgd,0.0022224800195544,mse,0.0003419823317643,False
rush_hour,392->518,542,10,bezier_ipopt,0.7084539320203476,mse,0.0001369229428258,False
rush_hour,392->518,542,10,bezier_nm,11.27361324802041,mse,0.001305564863823,False
rush_hour,393->446,542,10,bezier_pgd,0.0009062419994734,mse,0.0037567963554397,False
rush_hour,393->446,542,10,bezier_ipopt,0.831300702993758,mse,0.0001480716971861,False
rush_hour,393->446,542,10,bezier_nm,7.842493383970577,mse,0.0416293486659082,False
rush_hour,393->471,542,10,bezier_pgd,0.0006965170032344,mse,0.0034758509666161,False
rush_hour,393->471,542,10,bezier_ipopt,0.7853032140410505,mse,0.0002386194946021,False
rush_hour,393->471,542,10,bezier_nm,7.303096118965186,mse,0.0483040105886936,False
rush_hour,394->179,542,10,bezier_pgd,0.0015219170018099,mse,0.0002214357970034,False
rush_hour,394->179,542,10,bezier_ipopt,0.9645241010002792,mse,0.0001087423581063,False
rush_hour,394->179,542,10,bezier_nm,7.38033761800034,mse,0.0003480605630172,False
rush_hour,394->493,542,10,bezier_pgd,0.0017221830203197,mse,0.003438137753335,False
rush_hour,394->493,542,10,bezier_ipopt,1.8385534799890595,mse,0.0024872118678421,False
rush_hour,394->493,542,10,bezier_nm,7.025438065000344,mse,0.0988178829736383,False
rush_hour,395->459,542,10,bezier_pgd,0.0009227109840139,mse,0.0010221508070389,False
rush_hour,395->459,542,10,bezier_ipopt,0.7349926610477269,mse,0.0001382217049418,False
rush_hour,395->459,542,10,bezier_nm,8.486015503003728,mse,0.069931533509187,False
rush_hour,395->503,542,10,bezier_pgd,0.0008808450074866,mse,0.0002405780986478,False
rush_hour,395->503,542,10,bezier_ipopt,0.7943955939845182,mse,0.0001583102356077,False
rush_hour,395->503,542,10,bezier_nm,8.369951717962977,mse,0.004714337519725,False
rush_hour,396->355,542,10,bezier_pgd,0.0010571560123935,mse,0.0002993641448911,False
rush_hour,396->355,542,10,bezier_ipopt,,mse,,True
rush_hour,396->355,542,10,bezier_nm,7.604648635024205,mse,0.0005910260407093,False
rush_hour,396->422,542,10,bezier_pgd,0.001229987014085,mse,0.0003305138556138,False
rush_hour,396->422,542,10,bezier_ipopt,0.7843705349951051,mse,0.0002315427065457,False
rush_hour,396->422,542,10,bezier_nm,6.272337534988765,mse,0.0449476522681724,False
rush_hour,397->167,542,10,bezier_pgd,0.0004180729738436,mse,0.0146808093607761,False
rush_hour,397->167,542,10,bezier_ipopt,3.96679607097758,mse,0.0131725305555888,False
rush_hour,397->167,542,10,bezier_nm,5.858336357981898,mse,0.0146728278197685,False
rush_hour,397->292,542,10,bezier_pgd,0.0008935289806686,mse,5.513513166665952e-05,False
rush_hour,397->292,542,10,bezier_ipopt,0.8836393429664895,mse,2.075378269613069e-05,False
rush_hour,397->292,542,10,bezier_nm,9.052946764975786,mse,0.0002027290737716,False
rush_hour,397->35,542,10,bezier_pgd,0.0008346529793925,mse,5.969977116928818e-05,False
rush_hour,397->35,542,10,bezier_ipopt,1.0268969829776324,mse,2.3291544090134496e-05,False
rush_hour,397->35,542,10,bezier_nm,7.5295860699843615,mse,0.0002436112047995,False
rush_hour,398->155,542,10,bezier_pgd,0.0010516239563003,mse,0.0067441977556014,False
rush_hour,398->155,542,10,bezier_ipopt,0.755025427963119,mse,0.0003497949519519,False
rush_hour,398->155,542,10,bezier_nm,6.531099106010515,mse,0.1255153505428063,False
rush_hour,398->379,542,10,bezier_pgd,0.0008903470006771,mse,0.0020435015738364,False
rush_hour,398->379,542,10,bezier_ipopt,0.9304794559720904,mse,0.0002690566607433,False
rush_hour,398->379,542,10,bezier_nm,6.964095103030559,mse,0.1131094706630534,False
rush_hour,399->141,542,10,bezier_pgd,0.000847226998303,mse,0.0030419964316655,False
rush_hour,399->141,542,10,bezier_ipopt,0.8359161840053275,mse,0.0003195676715113,False
rush_hour,399->141,542,10,bezier_nm,6.562475087994244,mse,0.0820661404943326,False
rush_hour,399->427,542,10,bezier_pgd,0.0011757009779103,mse,0.0072366068479128,False
rush_hour,399->427,542,10,bezier_ipopt,,mse,,True
rush_hour,399->427,542,10,bezier_nm,6.337348426983226,mse,0.195376748172821,False
rush_hour,4->454,542,10,bezier_pgd,0.0009189049596898,mse,5.259755640196298e-05,False
rush_hour,4->454,542,10,bezier_ipopt,0.7190485199680552,mse,3.260237436754455e-05,False
rush_hour,4->454,542,10,bezier_nm,8.132599605014548,mse,0.0001960106171844,False
rush_hour,40->447,1084,10,bezier_pgd,0.0029558330425061,mse,4.651452956237103e-05,False
rush_hour,40->447,1084,10,bezier_ipopt,2.1810716300387867,mse,1.215298391548663e-05,False
rush_hour,40->447,1084,10,bezier_nm,16.67478243698133,mse,0.0003067907739581,False
rush_hour,400->380,542,10,bezier_pgd,0.0008431280148215,mse,0.0063641868414962,False
rush_hour,400->380,542,10,bezier_ipopt,0.8388520629960112,mse,0.0002024119305478,False
rush_hour,400->380,542,10,bezier_nm,7.221192352997605,mse,0.0496426730765977,False
rush_hour,400->521,542,10,bezier_pgd,0.0021525010233744,mse,0.0011487857760524,False
rush_hour,400->521,542,10,bezier_ipopt,0.7431459610234015,mse,0.0005169910165386,False
rush_hour,400->521,542,10,bezier_nm,6.930590659962036,mse,0.0807287437732507,False
rush_hour,401->402,542,10,bezier_pgd,0.0012026579934172,mse,0.0022077392063636,False
rush_hour,401->402,542,10,bezier_ipopt,0.815299372014124,mse,0.0002867107508899,False
rush_hour,401->402,542,10,bezier_nm,7.05570423102472,mse,0.0396462704821267,False
rush_hour,401->416,542,10,bezier_pgd,0.001949138008058,mse,0.0002837637271814,False
rush_hour,401->416,542,10,bezier_ipopt,0.8262036599917337,mse,0.0002011856551704,False
rush_hour,401->416,542,10,bezier_nm,8.584263549011666,mse,0.0014876772967943,False
rush_hour,402->401,542,10,bezier_pgd,0.0011274029966443,mse,0.0002361201119631,False
rush_hour,402->401,542,10,bezier_ipopt,0.9710990370367654,mse,0.0002172858237152,False
rush_hour,402->401,542,10,bezier_nm,7.531900175032206,mse,0.0003375802861941,False
rush_hour,402->463,542,10,bezier_pgd,0.0013551070005632,mse,0.0002160328238462,False
rush_hour,402->463,542,10,bezier_ipopt,1.0186186650535092,mse,0.0001163801623439,False
rush_hour,402->463,542,10,bezier_nm,8.367606365005486,mse,0.0007539973889566,False
rush_hour,403->486,542,10,bezier_pgd,0.0013266640016809,mse,0.0020374121515508,False
rush_hour,403->486,542,10,bezier_ipopt,0.8473693099804223,mse,0.0002900296921027,False
rush_hour,403->486,542,10,bezier_nm,6.668945490964688,mse,0.0206079835348138,False
rush_hour,403->529,542,10,bezier_pgd,0.0011744759976863,mse,0.0004765793824439,False
rush_hour,403->529,542,10,bezier_ipopt,0.985741167969536,mse,0.00023818115908,False
rush_hour,403->529,542,10,bezier_nm,7.217609377985354,mse,0.0022841442170184,False
rush_hour,404->462,542,10,bezier_pgd,0.0008786100079305,mse,0.0653136486148008,False
rush_hour,404->462,542,10,bezier_ipopt,0.792656823003199,mse,0.0004101766506721,False
rush_hour,404->462,542,10,bezier_nm,7.133015713014174,mse,0.2771299702443247,False
rush_hour,404->507,542,10,bezier_pgd,0.0008648020448163,mse,0.000272267036634,False
rush_hour,404->507,542,10,bezier_ipopt,1.0701275579631329,mse,0.0001504685695489,False
rush_hour,404->507,542,10,bezier_nm,6.293940920964815,mse,0.0119399258603007,False
rush_hour,405->161,542,10,bezier_pgd,0.0017097599920816,mse,0.0006624200108101,False
rush_hour,405->161,542,10,bezier_ipopt,0.9000809110002592,mse,0.0003863563458289,False
rush_hour,405->161,542,10,bezier_nm,7.115609825996216,mse,0.0019260137090345,False
rush_hour,405->301,542,10,bezier_pgd,0.002054680022411,mse,0.0004117197204071,False
rush_hour,405->301,542,10,bezier_ipopt,1.1171197529765775,mse,0.0001419369210882,False
rush_hour,405->301,542,10,bezier_nm,8.537068844016176,mse,0.0082245007539628,False
rush_hour,405->360,542,10,bezier_pgd,0.001682267000433,mse,0.000409031425372,False
rush_hour,405->360,542,10,bezier_ipopt,1.8332779969787223,mse,0.0002092515760553,False
rush_hour,405->360,542,10,bezier_nm,8.039856571005657,mse,0.001967156786137,False
rush_hour,406->500,542,10,bezier_pgd,0.0010034030419774,mse,0.0003139308827109,False
rush_hour,406->500,542,10,bezier_ipopt,0.9086408349685372,mse,0.0002246633754855,False
rush_hour,406->500,542,10,bezier_nm,9.233047946006993,mse,0.0007725909268758,False
rush_hour,406->512,542,10,bezier_pgd,0.0012744740233756,mse,0.0002048293885832,False
rush_hour,406->512,542,10,bezier_ipopt,0.6886560060083866,mse,0.0001528434463578,False
rush_hour,406->512,542,10,bezier_nm,8.014370782999322,mse,0.000434491190853,False
rush_hour,407->505,542,10,bezier_pgd,0.0015028089983388,mse,0.000244029751936,False
rush_hour,407->505,542,10,bezier_ipopt,0.8673221559729427,mse,0.0001449944862902,False
rush_hour,407->505,542,10,bezier_nm,9.152821955969555,mse,0.0011390809991857,False
rush_hour,407->511,542,10,bezier_pgd,0.000676110968925,mse,0.0006598446514653,False
rush_hour,407->511,542,10,bezier_ipopt,0.7530858379905112,mse,0.0005799295957885,False
rush_hour,407->511,542,10,bezier_nm,7.555135128030088,mse,0.0009872263732272,False
rush_hour,407->532,542,10,bezier_pgd,0.0020653899991884,mse,0.0003460650581898,False
rush_hour,407->532,542,10,bezier_ipopt,0.8224705180036835,mse,0.0001313405737132,False
rush_hour,407->532,542,10,bezier_nm,8.490072736982256,mse,0.0013898278100546,False
rush_hour,408->292,542,10,bezier_pgd,0.0010451230336911,mse,4.755952422265152e-05,False
rush_hour,408->292,542,10,bezier_ipopt,0.8087329249829054,mse,2.2148491299845582e-05,False
rush_hour,408->292,542,10,bezier_nm,8.239221703028306,mse,0.0001523980987598,False
rush_hour,408->36,542,10,bezier_pgd,0.0021297900239005,mse,0.000314220008287,False
rush_hour,408->36,542,10,bezier_ipopt,1.81590733199846,mse,0.0002153878027166,False
rush_hour,408->36,542,10,bezier_nm,8.059626486967318,mse,0.0008384584951241,False
rush_hour,408->91,542,10,bezier_pgd,0.000727979990188,mse,9.405432713097944e-05,False
rush_hour,408->91,542,10,bezier_ipopt,0.841911269002594,mse,5.2133116641026106e-05,False
rush_hour,408->91,542,10,bezier_nm,8.1725206800038,mse,0.0002908181383391,False
rush_hour,409->313,542,10,bezier_pgd,0.002210312988609,mse,0.3224375385005649,False
rush_hour,409->313,542,10,bezier_ipopt,,mse,,True
rush_hour,409->313,542,10,bezier_nm,6.711944934038911,mse,0.3873188751031624,False
rush_hour,409->418,542,10,bezier_pgd,0.001254222006537,mse,0.2345499190280553,False
rush_hour,409->418,542,10,bezier_ipopt,1.011110669001937,mse,6.632540280248553e-05,False
rush_hour,409->418,542,10,bezier_nm,7.810217302001547,mse,0.3525259490005036,False
rush_hour,41->112,1084,10,bezier_pgd,0.0014133270015008,mse,2.138045388356444e-05,False
rush_hour,41->112,1084,10,bezier_ipopt,2.346793459961191,mse,6.70882058056033e-06,False
rush_hour,41->112,1084,10,bezier_nm,17.36537351604784,mse,0.0001174554785772,False
rush_hour,410->198,542,10,bezier_pgd,0.0026849440182559,mse,0.0005787226788352,False
rush_hour,410->198,542,10,bezier_ipopt,0.6801481290021911,mse,0.0001760072868956,False
rush_hour,410->198,542,10,bezier_nm,8.550079534994438,mse,0.005515011699598,False
rush_hour,410->354,542,10,bezier_pgd,0.0010351240052841,mse,0.0093728009430729,False
rush_hour,410->354,542,10,bezier_ipopt,0.8271869739983231,mse,0.0003904969000874,False
rush_hour,410->354,542,10,bezier_nm,6.914468155999202,mse,0.1541493420545221,False
rush_hour,411->316,542,10,bezier_pgd,0.0009709059959277,mse,0.0101205539384745,False
rush_hour,411->316,542,10,bezier_ipopt,0.8697203140472993,mse,0.0002760597774339,False
rush_hour,411->316,542,10,bezier_nm,7.066893554001581,mse,0.1459673177080298,False
rush_hour,411->361,542,10,bezier_pgd,0.0028759659617207,mse,0.0006205848035712,False
rush_hour,411->361,542,10,bezier_ipopt,0.9081021830206736,mse,0.0003016797884119,False
rush_hour,411->361,542,10,bezier_nm,8.149431077006739,mse,0.0108238436292416,False
rush_hour,412->419,542,10,bezier_pgd,0.0024396810331381,mse,0.00407070416616,False
rush_hour,412->419,542,10,bezier_ipopt,,mse,,True
rush_hour,412->419,542,10,bezier_nm,6.69030155998189,mse,0.0924648083629248,False
rush_hour,412->529,542,10,bezier_pgd,0.0010038439650088,mse,0.0003678458321698,False
rush_hour,412->529,542,10,bezier_ipopt,0.8196412959950976,mse,0.0003024195331136,False
rush_hour,412->529,542,10,bezier_nm,7.550106703012716,mse,0.0008219148966628,False
rush_hour,412->533,1084,10,bezier_pgd,0.0018316909554414,mse,0.0004325379202101,False
rush_hour,412->533,1084,10,bezier_ipopt,2.2278540729894303,mse,0.0003037825876109,False
rush_hour,412->533,1084,10,bezier_nm,15.69966076296987,mse,0.0005774843323734,False
rush_hour,413->414,542,10,bezier_pgd,0.0014803890371695,mse,0.0004253362417397,False
rush_hour,413->414,542,10,bezier_ipopt,2.512964060995728,mse,0.0002048610456192,False
rush_hour,413->414,542,10,bezier_nm,7.710260697989725,mse,0.0068054600694761,False
rush_hour,413->493,1084,10,bezier_pgd,0.0017578880069777,mse,0.0004933165080277,False
rush_hour,413->493,1084,10,bezier_ipopt,2.266734369972255,mse,0.000115766250068,False
rush_hour,413->493,1084,10,bezier_nm,17.1582372970297,mse,0.0006371789602472,False
rush_hour,414->413,542,10,bezier_pgd,0.0019313679658807,mse,0.0056065118679513,False
rush_hour,414->413,542,10,bezier_ipopt,1.0405450490070507,mse,0.0002799760386851,False
rush_hour,414->413,542,10,bezier_nm,6.780515207035933,mse,0.1567843227176612,False
rush_hour,414->450,542,10,bezier_pgd,0.0010390360257588,mse,0.006979766212324,False
rush_hour,414->450,542,10,bezier_ipopt,0.8347335750004277,mse,0.0002582748560891,False
rush_hour,414->450,542,10,bezier_nm,7.059380134975072,mse,0.1295494637237254,False
rush_hour,415->122,542,10,bezier_pgd,0.0017897139769047,mse,0.0002478621472049,False
rush_hour,415->122,542,10,bezier_ipopt,1.0734936380176805,mse,0.0001611762719277,False
rush_hour,415->122,542,10,bezier_nm,7.666363405005541,mse,0.0012266921004645,False
rush_hour,415->143,542,10,bezier_pgd,0.0010040290071628,mse,0.000244959581341,False
rush_hour,415->143,542,10,bezier_ipopt,1.176800440007355,mse,0.0002087629176575,False
rush_hour,415->143,542,10,bezier_nm,8.01001351402374,mse,0.0020977932185517,False
rush_hour,415->146,542,10,bezier_pgd,0.001218469988089,mse,0.0002705394751306,False
rush_hour,415->146,542,10,bezier_ipopt,0.906424889981281,mse,0.0001063265166981,False
rush_hour,415->146,542,10,bezier_nm,8.184587388997898,mse,0.0016389199818136,False
rush_hour,416->401,542,10,bezier_pgd,0.0010311820078641,mse,0.0102667252182059,False
rush_hour,416->401,542,10,bezier_ipopt,1.170714650012087,mse,0.0002742688799419,False
rush_hour,416->401,542,10,bezier_nm,7.168317229021341,mse,0.147261158923581,False
rush_hour,416->474,542,10,bezier_pgd,0.001307732949499,mse,0.0005365316895999,False
rush_hour,416->474,542,10,bezier_ipopt,0.8335009919828735,mse,0.0002057515602669,False
rush_hour,416->474,542,10,bezier_nm,6.400995824020356,mse,0.0340954683203711,False
rush_hour,417->229,542,10,bezier_pgd,0.0009396399836987,mse,0.0553878944690258,False
rush_hour,417->229,542,10,bezier_ipopt,0.9663349239854142,mse,2.8649187245937176e-05,False
rush_hour,417->229,542,10,bezier_nm,7.794450599991251,mse,0.2403632913426234,False
rush_hour,417->430,542,10,bezier_pgd,0.001699490007013,mse,0.3022957463526081,False
rush_hour,417->430,542,10,bezier_ipopt,,mse,,True
rush_hour,417->430,542,10,bezier_nm,7.300927614036482,mse,0.3870696151074611,False
rush_hour,417->451,542,10,bezier_pgd,0.0010703380103223,mse,5.272390072960807e-05,False
rush_hour,417->451,542,10,bezier_ipopt,1.071754435019102,mse,1.837229918025832e-05,False
rush_hour,417->451,542,10,bezier_nm,7.4752178900525905,mse,0.0001870006621121,False
rush_hour,418->409,542,10,bezier_pgd,0.0007563529652543,mse,0.0188228384825667,False
rush_hour,418->409,542,10,bezier_ipopt,,mse,,True
rush_hour,418->409,542,10,bezier_nm,8.450515795964748,mse,0.2517200886820976,False
rush_hour,418->430,542,10,bezier_pgd,0.00110960600432,mse,0.2923614530956848,False
rush_hour,418->430,542,10,bezier_ipopt,0.7990443840390071,mse,8.467717075005433e-06,False
rush_hour,418->430,542,10,bezier_nm,8.359889503975864,mse,0.4620804779523215,False
rush_hour,419->412,542,10,bezier_pgd,0.0012789060128852,mse,0.012872180158943,False
rush_hour,419->412,542,10,bezier_ipopt,1.0542635270394385,mse,6.414123826868346e-05,False
rush_hour,419->412,542,10,bezier_nm,7.590187443012837,mse,0.0330245971394354,False
rush_hour,419->529,542,10,bezier_pgd,0.0062058500479906,mse,0.6259059094904842,False
rush_hour,419->529,542,10,bezier_ipopt,,mse,,True
rush_hour,419->529,542,10,bezier_nm,4.825301732984372,mse,0.6881389131600594,False
rush_hour,42->112,542,10,bezier_pgd,0.0012067680363543,mse,7.033407048224287e-05,False
rush_hour,42->112,542,10,bezier_ipopt,0.8883190510096028,mse,4.802093615981966e-05,False
rush_hour,42->112,542,10,bezier_nm,8.78774403699208,mse,0.0002952989595158,False
rush_hour,42->43,542,10,bezier_pgd,0.0009002389851957,mse,4.846805684178059e-05,False
rush_hour,42->43,542,10,bezier_ipopt,0.8903094440465793,mse,3.0144451800195964e-05,False
rush_hour,42->43,542,10,bezier_nm,7.928771915961988,mse,0.0001239288625343,False
rush_hour,420->192,542,10,bezier_pgd,0.0010034989682026,mse,0.0033399509289496,False
rush_hour,420->192,542,10,bezier_ipopt,0.9381588179967366,mse,0.0003925701538587,False
rush_hour,420->192,542,10,bezier_nm,6.38830600399524,mse,0.0999793287451713,False
rush_hour,420->199,542,10,bezier_pgd,0.0016206249711103,mse,0.0006323384986335,False
rush_hour,420->199,542,10,bezier_ipopt,1.3224524530232884,mse,0.0002684909781058,False
rush_hour,420->199,542,10,bezier_nm,8.125923611049075,mse,0.0012984140993977,False
rush_hour,420->376,542,10,bezier_pgd,0.0008488509920425,mse,0.004257027671994,False
rush_hour,420->376,542,10,bezier_ipopt,1.023102244012989,mse,0.0002757214700948,False
rush_hour,420->376,542,10,bezier_nm,6.778816698002629,mse,0.0649680993516689,False
rush_hour,421->264,542,10,bezier_pgd,0.0013650089967995,mse,0.0004298029336277,False
rush_hour,421->264,542,10,bezier_ipopt,0.9814433199935592,mse,0.000276013313571,False
rush_hour,421->264,542,10,bezier_nm,8.325297997973394,mse,0.0041696054162648,False
rush_hour,421->334,542,10,bezier_pgd,0.0008499299874529,mse,0.0017687135735348,False
rush_hour,421->334,542,10,bezier_ipopt,0.8935665570315905,mse,0.0002015352689129,False
rush_hour,421->334,542,10,bezier_nm,7.279670651012566,mse,0.0789801201989681,False
rush_hour,422->138,542,10,bezier_pgd,0.00054497201927,mse,0.0003145804501013,False
rush_hour,422->138,542,10,bezier_ipopt,0.8796285029966384,mse,0.0002740684119273,False
rush_hour,422->138,542,10,bezier_nm,6.940740605990868,mse,0.0005254408523357,False
rush_hour,422->396,542,10,bezier_pgd,0.0012518449802882,mse,0.0002613684729673,False
rush_hour,422->396,542,10,bezier_ipopt,0.9859442269662396,mse,0.0002046225135714,False
rush_hour,422->396,542,10,bezier_nm,8.264236485003494,mse,0.0007693374373122,False
rush_hour,422->449,542,10,bezier_pgd,0.0008294439758174,mse,2.4636291622978278e-05,False
rush_hour,422->449,542,10,bezier_ipopt,0.9557763979537413,mse,1.4011948271272994e-05,False
rush_hour,422->449,542,10,bezier_nm,6.842503766005393,mse,0.00075290591252,False
rush_hour,423->116,542,10,bezier_pgd,0.0017302019987255,mse,0.0011037324039539,False
rush_hour,423->116,542,10,bezier_ipopt,0.7138063519960269,mse,0.000391000714747,False
rush_hour,423->116,542,10,bezier_nm,9.10703857097542,mse,0.0089806265609476,False
rush_hour,423->121,542,10,bezier_pgd,0.0015719060320407,mse,0.0010006609081126,False
rush_hour,423->121,542,10,bezier_ipopt,0.6955827359925024,mse,0.0002226185603267,False
rush_hour,423->121,542,10,bezier_nm,8.677636358013842,mse,0.0128874395920962,False
rush_hour,423->330,542,10,bezier_pgd,0.0015015830285847,mse,0.0007356919126503,False
rush_hour,423->330,542,10,bezier_ipopt,1.0342086679884233,mse,0.0004538280418517,False
rush_hour,423->330,542,10,bezier_nm,8.191450695041567,mse,0.0068089750214844,False
rush_hour,424->504,542,10,bezier_pgd,0.0016221060068346,mse,0.0006292346097353,False
rush_hour,424->504,542,10,bezier_ipopt,,mse,,True
rush_hour,424->504,542,10,bezier_nm,6.674101295007858,mse,0.0008169743883906,False
rush_hour,424->507,542,10,bezier_pgd,0.001945958007127,mse,0.0009690648562319,False
rush_hour,424->507,542,10,bezier_ipopt,0.9104804859962314,mse,0.00013902530965,False
rush_hour,424->507,542,10,bezier_nm,6.712936814001296,mse,0.0034686174203683,False
rush_hour,425->289,542,10,bezier_pgd,0.0025710460031405,mse,0.0002203287633314,False
rush_hour,425->289,542,10,bezier_ipopt,0.7507975199841894,mse,0.0001425856287391,False
rush_hour,425->289,542,10,bezier_nm,9.092588746978436,mse,0.0012623523476861,False
rush_hour,425->331,542,10,bezier_pgd,0.0014631650410592,mse,0.0148387008337137,False
rush_hour,425->331,542,10,bezier_ipopt,0.7301551359705627,mse,0.0001663699765206,False
rush_hour,425->331,542,10,bezier_nm,6.852000170038082,mse,0.2239422915011219,False
rush_hour,425->93,542,10,bezier_pgd,0.0008189509971998,mse,4.4013944236102366e-05,False
rush_hour,425->93,542,10,bezier_ipopt,1.0615903200232424,mse,2.5254498743444475e-05,False
rush_hour,425->93,542,10,bezier_nm,7.5265886330162175,mse,0.000133852768369,False
rush_hour,426->217,542,10,bezier_pgd,0.001151901029516,mse,0.0288689352358252,False
rush_hour,426->217,542,10,bezier_ipopt,,mse,,True
rush_hour,426->217,542,10,bezier_nm,,mse,,True
rush_hour,426->375,542,10,bezier_pgd,0.0027724190149456,mse,0.0008666386764087,False
rush_hour,426->375,542,10,bezier_ipopt,0.979951991001144,mse,0.0001914956043393,False
rush_hour,426->375,542,10,bezier_nm,8.97317606996512,mse,0.0023173786527515,False
rush_hour,426->429,542,10,bezier_pgd,0.0007907929830253,mse,0.0283768698822618,False
rush_hour,426->429,542,10,bezier_ipopt,,mse,,True
rush_hour,426->429,542,10,bezier_nm,6.687578529992607,mse,0.2360490736304155,False
rush_hour,427->165,542,10,bezier_pgd,0.0015269400319084,mse,0.0001742548254685,False
rush_hour,427->165,542,10,bezier_ipopt,0.7976159910322167,mse,9.688205951156976e-05,False
rush_hour,427->165,542,10,bezier_nm,7.748990082007367,mse,0.0003606529353408,False
rush_hour,427->300,542,10,bezier_pgd,0.001458485960029,mse,0.0036990039634162,False
rush_hour,427->300,542,10,bezier_ipopt,0.9541969610145316,mse,0.0001462359225927,False
rush_hour,427->300,542,10,bezier_nm,6.734578320989385,mse,0.1157951551101726,False
rush_hour,427->399,542,10,bezier_pgd,0.0010760150034911,mse,0.0005153414131755,False
rush_hour,427->399,542,10,bezier_ipopt,0.8831483310204931,mse,0.0003315686826595,False
rush_hour,427->399,542,10,bezier_nm,8.308874081005342,mse,0.001770177541413,False
rush_hour,428->442,542,10,bezier_pgd,0.0010680469567887,mse,0.0029869155382634,False
rush_hour,428->442,542,10,bezier_ipopt,0.9377658560406416,mse,0.0001530228289969,False
rush_hour,428->442,542,10,bezier_nm,6.555674828996416,mse,0.0756923551387498,False
rush_hour,428->508,542,10,bezier_pgd,0.0009135360014624,mse,0.0001146304299216,False
rush_hour,428->508,542,10,bezier_ipopt,0.7259343540063128,mse,4.1606124491753895e-05,False
rush_hour,428->508,542,10,bezier_nm,8.354245043999981,mse,0.0002689441385375,False
rush_hour,428->76,542,10,bezier_pgd,0.0013488979893736,mse,0.0014878749253522,False
rush_hour,428->76,542,10,bezier_ipopt,0.8666724470094778,mse,0.0002895654773299,False
rush_hour,428->76,542,10,bezier_nm,5.977657840005122,mse,0.0661299373114875,False
rush_hour,429->125,542,10,bezier_pgd,0.0009461159934289,mse,0.0056119755501816,False
rush_hour,429->125,542,10,bezier_ipopt,0.7469206869718619,mse,0.0002682243462058,False
rush_hour,429->125,542,10,bezier_nm,7.878955891006626,mse,0.0925073104522459,False
rush_hour,429->181,542,10,bezier_pgd,0.0009447489865124,mse,5.151066363637348e-05,False
rush_hour,429->181,542,10,bezier_ipopt,0.8958015569951385,mse,2.7410788463675145e-05,False
rush_hour,429->181,542,10,bezier_nm,8.539861060038675,mse,0.00019113026873,False
rush_hour,429->426,542,10,bezier_pgd,0.0008553179795853,mse,0.0034665291466499,False
rush_hour,429->426,542,10,bezier_ipopt,0.7588997700368054,mse,0.0001384142280137,False
rush_hour,429->426,542,10,bezier_nm,6.180051392992027,mse,0.0691744213218677,False
rush_hour,43->42,542,10,bezier_pgd,0.0008253350388258,mse,0.0004193189377927,False
rush_hour,43->42,542,10,bezier_ipopt,0.693770425976254,mse,0.0001888782763741,False
rush_hour,43->42,542,10,bezier_nm,8.44175548403291,mse,0.0020693996184986,False
rush_hour,43->480,542,10,bezier_pgd,0.0007434670114889,mse,4.521144538701999e-05,False
rush_hour,43->480,542,10,bezier_ipopt,1.071187581983395,mse,2.563744439920497e-05,False
rush_hour,43->480,542,10,bezier_nm,7.950886432023253,mse,8.428518264297722e-05,False
rush_hour,430->417,542,10,bezier_pgd,0.0016194329946301,mse,0.1397490145822255,False
rush_hour,430->417,542,10,bezier_ipopt,0.992960250005126,mse,2.2046405596544288e-05,False
rush_hour,430->417,542,10,bezier_nm,7.94803014799254,mse,0.3035725450572673,False
rush_hour,430->418,542,10,bezier_pgd,0.0006318000378087,mse,0.0212663154259541,False
rush_hour,430->418,542,10,bezier_ipopt,,mse,,True
rush_hour,430->418,542,10,bezier_nm,8.143937151995488,mse,0.2736301561164581,False
rush_hour,430->77,542,10,bezier_pgd,0.0008914250065572,mse,6.306508051272662e-05,False
rush_hour,430->77,542,10,bezier_ipopt,0.9166075440007262,mse,3.660527584927124e-05,False
rush_hour,430->77,542,10,bezier_nm,7.501527216983959,mse,0.0001445848411104,False
rush_hour,431->455,542,10,bezier_pgd,0.0012738200020976,mse,0.0141920474697324,False
rush_hour,431->455,542,10,bezier_ipopt,,mse,,True
rush_hour,431->455,542,10,bezier_nm,6.691464491013903,mse,0.1572115598408666,False
rush_hour,431->496,542,10,bezier_pgd,0.001135601021815,mse,0.0008833265983449,False
rush_hour,431->496,542,10,bezier_ipopt,0.829152644961141,mse,0.0002557751843748,False
rush_hour,431->496,542,10,bezier_nm,7.598051836015657,mse,0.0290435775379134,False
rush_hour,431->497,542,10,bezier_pgd,0.0012226460385136,mse,0.0002740342119108,False
rush_hour,431->497,542,10,bezier_ipopt,1.107691940967925,mse,0.0001256533780225,False
rush_hour,431->497,542,10,bezier_nm,8.60375443304656,mse,0.0008448996601218,False
rush_hour,432->24,542,10,bezier_pgd,0.0009350479813292,mse,0.0072754760296063,False
rush_hour,432->24,542,10,bezier_ipopt,0.7436133429873735,mse,0.0002251875817344,False
rush_hour,432->24,542,10,bezier_nm,7.080990778980777,mse,0.127887940410598,False
rush_hour,432->436,542,10,bezier_pgd,0.0008355780155397,mse,0.0002656030432984,False
rush_hour,432->436,542,10,bezier_ipopt,1.1945316579658538,mse,0.0001282172908649,False
rush_hour,432->436,542,10,bezier_nm,9.058079792011997,mse,0.0006565684520264,False
rush_hour,432->438,542,10,bezier_pgd,0.0013633330236189,mse,0.0019258482548823,False
rush_hour,432->438,542,10,bezier_ipopt,0.7904202200006694,mse,0.0001524841832518,False
rush_hour,432->438,542,10,bezier_nm,6.728854022978339,mse,0.0471352771111521,False
rush_hour,433->182,542,10,bezier_pgd,0.000640932994429,mse,0.0001226699832962,False
rush_hour,433->182,542,10,bezier_ipopt,0.7464031080016866,mse,0.0001110091411475,False
rush_hour,433->182,542,10,bezier_nm,8.057686078012921,mse,0.0002718265148454,False
rush_hour,433->346,542,10,bezier_pgd,0.0008973240037448,mse,0.0468138347213282,False
rush_hour,433->346,542,10,bezier_ipopt,0.6710102739743888,mse,0.0005463767768675,False
rush_hour,433->346,542,10,bezier_nm,7.549622652994003,mse,0.2497448731035336,False
rush_hour,433->368,542,10,bezier_pgd,0.0005511320196092,mse,0.0003120368493904,False
rush_hour,433->368,542,10,bezier_ipopt,0.9419654730008916,mse,0.0002769040742058,False
rush_hour,433->368,542,10,bezier_nm,6.849671351024881,mse,0.0010127565278325,False
rush_hour,434->154,542,10,bezier_pgd,0.0013921380159445,mse,0.0006167189775839,False
rush_hour,434->154,542,10,bezier_ipopt,1.1140602650120854,mse,0.0003374603125506,False
rush_hour,434->154,542,10,bezier_nm,7.122630127996672,mse,0.0357530380212638,False
rush_hour,434->262,542,10,bezier_pgd,0.0008054280187934,mse,0.0234846345230242,False
rush_hour,434->262,542,10,bezier_ipopt,0.7228496199822985,mse,0.0002369439169313,False
rush_hour,434->262,542,10,bezier_nm,6.596139487985056,mse,0.2364645191859988,False
rush_hour,434->40,1084,10,bezier_pgd,0.0015044249594211,mse,3.465788837102333e-05,False
rush_hour,434->40,1084,10,bezier_ipopt,3.2440355839789845,mse,1.0536015094583077e-05,False
rush_hour,434->40,1084,10,bezier_nm,16.877211025042925,mse,0.0001739152939228,False
rush_hour,435->10,542,10,bezier_pgd,0.0014128889888525,mse,0.0034483634137243,False
rush_hour,435->10,542,10,bezier_ipopt,1.6011602469952777,mse,5.8979163936719227e-05,False
rush_hour,435->10,542,10,bezier_nm,6.77405649702996,mse,0.0044722630217974,False
rush_hour,435->21,542,10,bezier_pgd,0.0008744599763303,mse,0.0074416058563396,False
rush_hour,435->21,542,10,bezier_ipopt,0.7547713259700686,mse,0.0005000011715069,False
rush_hour,435->21,542,10,bezier_nm,6.966049815993756,mse,0.0881446252257337,False
rush_hour,435->23,542,10,bezier_pgd,0.0009352749912068,mse,0.0003900955571404,False
rush_hour,435->23,542,10,bezier_ipopt,1.1324068440007975,mse,0.0001284436194335,False
rush_hour,435->23,542,10,bezier_nm,6.648176033981144,mse,0.0294901651541884,False
rush_hour,435->537,542,10,bezier_pgd,0.0012547689839266,mse,0.0009611156970278,False
rush_hour,435->537,542,10,bezier_ipopt,0.8792557890410535,mse,6.50725460934629e-05,False
rush_hour,435->537,542,10,bezier_nm,7.0300440870341845,mse,0.0068180218018883,False
rush_hour,436->432,542,10,bezier_pgd,0.0009035170078277,mse,0.0030905099973033,False
rush_hour,436->432,542,10,bezier_ipopt,0.919667748035863,mse,0.0001269343515278,False
rush_hour,436->432,542,10,bezier_nm,6.881580279034097,mse,0.0907172824887934,False
rush_hour,436->452,542,10,bezier_pgd,0.0010133670293726,mse,5.360127284809362e-05,False
rush_hour,436->452,542,10,bezier_ipopt,1.016839970019646,mse,1.837133405510722e-05,False
rush_hour,436->452,542,10,bezier_nm,8.145905318961013,mse,0.0002190324583065,False
rush_hour,436->475,542,10,bezier_pgd,0.001100514025893,mse,0.0085891746386038,False
rush_hour,436->475,542,10,bezier_ipopt,0.81677067396231,mse,0.0002278284667733,False
rush_hour,436->475,542,10,bezier_nm,7.585883977997582,mse,0.2002640463532075,False
rush_hour,437->22,542,10,bezier_pgd,0.0017283849883824,mse,0.006819973055089,False
rush_hour,437->22,542,10,bezier_ipopt,,mse,,True
rush_hour,437->22,542,10,bezier_nm,7.572185793018434,mse,0.0958628241821621,False
rush_hour,437->392,542,10,bezier_pgd,0.001472208998166,mse,0.0006068063292623,False
rush_hour,437->392,542,10,bezier_ipopt,0.9865289599983952,mse,0.0001646127743298,False
rush_hour,437->392,542,10,bezier_nm,7.158352689992171,mse,0.0539934072098826,False
rush_hour,437->525,542,10,bezier_pgd,0.0010142319952137,mse,0.0027518166307017,False
rush_hour,437->525,542,10,bezier_ipopt,0.79023285896983,mse,0.0002121829187356,False
rush_hour,437->525,542,10,bezier_nm,7.875111047993414,mse,0.1238220098396846,False
rush_hour,437->536,542,10,bezier_pgd,0.0011221950408071,mse,0.0002618779110164,False
rush_hour,437->536,542,10,bezier_ipopt,1.29127333604265,mse,0.0001633462650376,False
rush_hour,437->536,542,10,bezier_nm,8.348417675995734,mse,0.0003202332811854,False
rush_hour,438->172,542,10,bezier_pgd,0.0009295549825765,mse,0.0139119718883994,False
rush_hour,438->172,542,10,bezier_ipopt,,mse,,True
rush_hour,438->172,542,10,bezier_nm,6.441376272006892,mse,0.2193076948157772,False
rush_hour,438->432,542,10,bezier_pgd,0.0011420569499023,mse,0.0003504116745202,False
rush_hour,438->432,542,10,bezier_ipopt,0.8339892430230975,mse,0.0002811088721218,False
rush_hour,438->432,542,10,bezier_nm,8.34290060197236,mse,0.0011174186194394,False
rush_hour,438->528,1084,10,bezier_pgd,0.0011665070196613,mse,0.0284323072889687,False
rush_hour,438->528,1084,10,bezier_ipopt,,mse,,True
rush_hour,438->528,1084,10,bezier_nm,14.026551671035122,mse,0.2075322080113184,False
rush_hour,439->252,542,10,bezier_pgd,0.0011266570072621,mse,0.0003535222776837,False
rush_hour,439->252,542,10,bezier_ipopt,0.8107991139986552,mse,0.0001680065540792,False
rush_hour,439->252,542,10,bezier_nm,8.715859061980154,mse,0.0004400476713239,False
rush_hour,439->471,542,10,bezier_pgd,0.0012792060151696,mse,0.0002562320836619,False
rush_hour,439->471,542,10,bezier_ipopt,0.7649305640370585,mse,9.838163977024833e-05,False
rush_hour,439->471,542,10,bezier_nm,9.599919750995468,mse,0.0013328465259684,False
rush_hour,44->480,542,10,bezier_pgd,0.0014706110232509,mse,6.110288659359348e-05,False
rush_hour,44->480,542,10,bezier_ipopt,1.032896562013775,mse,3.443151061865394e-05,False
rush_hour,44->480,542,10,bezier_nm,7.502252336009405,mse,0.0001426807627627,False
rush_hour,44->529,542,10,bezier_pgd,0.00077672599582,mse,0.0026338588083582,False
rush_hour,44->529,542,10,bezier_ipopt,0.789499695005361,mse,0.0004613343848859,False
rush_hour,44->529,542,10,bezier_nm,6.442542020988185,mse,0.0057747557213409,False
rush_hour,440->265,542,10,bezier_pgd,0.0015127750230021,mse,0.0002550559346199,False
rush_hour,440->265,542,10,bezier_ipopt,0.9867313459981232,mse,0.0001202466621346,False
rush_hour,440->265,542,10,bezier_nm,8.062163486029021,mse,0.0008500870034634,False
rush_hour,440->283,542,10,bezier_pgd,0.0008133869851008,mse,0.0005212316417515,False
rush_hour,440->283,542,10,bezier_ipopt,1.1996760980109684,mse,0.000369543509712,False
rush_hour,440->283,542,10,bezier_nm,7.154102989996318,mse,0.0031453599962934,False
rush_hour,440->285,542,10,bezier_pgd,0.0008776820031926,mse,0.0525000367221456,False
rush_hour,440->285,542,10,bezier_ipopt,,mse,,True
rush_hour,440->285,542,10,bezier_nm,7.402711816015653,mse,0.4218162829713698,False
rush_hour,441->274,542,10,bezier_pgd,0.0011748560355044,mse,0.1303351791410782,False
rush_hour,441->274,542,10,bezier_ipopt,1.4793674839893356,mse,0.0005729295350128,False
rush_hour,441->274,542,10,bezier_nm,7.161009025003295,mse,0.2936973478626693,False
rush_hour,441->332,542,10,bezier_pgd,0.0024838930112309,mse,0.0007162438102494,False
rush_hour,441->332,542,10,bezier_ipopt,0.99838181596715,mse,0.0001059612616141,False
rush_hour,441->332,542,10,bezier_nm,,mse,,True
rush_hour,441->535,542,10,bezier_pgd,0.0013770809746347,mse,0.0181110996412502,False
rush_hour,441->535,542,10,bezier_ipopt,,mse,,True
rush_hour,441->535,542,10,bezier_nm,6.152714116033167,mse,0.0718252662291762,False
rush_hour,442->372,542,10,bezier_pgd,0.0006478590075857,mse,0.0011615113757022,False
rush_hour,442->372,542,10,bezier_ipopt,0.948029266030062,mse,0.0011465941425707,False
rush_hour,442->372,542,10,bezier_nm,7.604803284048103,mse,0.00129502864879,False
rush_hour,442->428,542,10,bezier_pgd,0.0017510729958303,mse,0.0010323819268941,False
rush_hour,442->428,542,10,bezier_ipopt,0.7783147459849715,mse,0.0001615227680152,False
rush_hour,442->428,542,10,bezier_nm,6.795528501039371,mse,0.0389380980024178,False
rush_hour,442->445,542,10,bezier_pgd,0.001077955996152,mse,0.0029869155382634,False
rush_hour,442->445,542,10,bezier_ipopt,0.89283448405331,mse,0.0001530230036691,False
rush_hour,442->445,542,10,bezier_nm,6.569675391016062,mse,0.1476299214131326,False
rush_hour,442->508,542,10,bezier_pgd,0.0009270479786209,mse,0.005160601547993,False
rush_hour,442->508,542,10,bezier_ipopt,,mse,,True
rush_hour,442->508,542,10,bezier_nm,7.677622793009505,mse,0.2173260278838783,False
rush_hour,443->452,542,10,bezier_pgd,0.0012429389753378,mse,0.0193680612099375,False
rush_hour,443->452,542,10,bezier_ipopt,11.46328187797917,mse,0.0187921924436932,False
rush_hour,443->452,542,10,bezier_nm,6.662881966971327,mse,0.0259634369500413,False
rush_hour,443->461,542,10,bezier_pgd,0.00115166103933,mse,0.0007796307066003,False
rush_hour,443->461,542,10,bezier_ipopt,1.1016804249957204,mse,0.0001103809105662,False
rush_hour,443->461,542,10,bezier_nm,7.060342493990902,mse,0.0177548674868907,False
rush_hour,443->530,542,10,bezier_pgd,0.0007525160326622,mse,0.0458994657958215,False
rush_hour,443->530,542,10,bezier_ipopt,,mse,,True
rush_hour,443->530,542,10,bezier_nm,6.432918125996366,mse,0.289036077084126,False
rush_hour,444->136,542,10,bezier_pgd,0.0011327830143272,mse,0.0003453239222918,False
rush_hour,444->136,542,10,bezier_ipopt,,mse,,True
rush_hour,444->136,542,10,bezier_nm,7.29814648599131,mse,0.0006111459907394,False
rush_hour,444->270,542,10,bezier_pgd,0.0010640150285325,mse,0.0003703284445925,False
rush_hour,444->270,542,10,bezier_ipopt,1.0387164170388132,mse,0.000254650650999,False
rush_hour,444->270,542,10,bezier_nm,8.601643515052274,mse,0.000729178445017,False
rush_hour,444->352,542,10,bezier_pgd,0.0018124780035577,mse,0.0005653558472194,False
rush_hour,444->352,542,10,bezier_ipopt,1.1024314160458744,mse,0.0002341294708385,False
rush_hour,444->352,542,10,bezier_nm,6.839372257993091,mse,0.0195922581116266,False
rush_hour,444->481,542,10,bezier_pgd,0.0014076699735596,mse,0.0001357332258058,False
rush_hour,444->481,542,10,bezier_ipopt,0.8345571290119551,mse,9.235853627139196e-05,False
rush_hour,444->481,542,10,bezier_nm,8.082898045016918,mse,0.0004782676190801,False
rush_hour,445->442,542,10,bezier_pgd,0.0017062099650502,mse,0.0010323819268941,False
rush_hour,445->442,542,10,bezier_ipopt,1.0209608770092018,mse,0.0001615232294136,False
rush_hour,445->442,542,10,bezier_nm,6.412772834009957,mse,0.0319386855663427,False
rush_hour,445->446,542,10,bezier_pgd,0.0007831019465811,mse,0.0329128964535935,False
rush_hour,445->446,542,10,bezier_ipopt,0.7673510939930566,mse,0.0002125557618992,False
rush_hour,445->446,542,10,bezier_nm,6.3296756749623455,mse,0.2485939123438615,False
rush_hour,445->515,542,10,bezier_pgd,0.0007003369973972,mse,0.0129740086495334,False
rush_hour,445->515,542,10,bezier_ipopt,0.7298339679837227,mse,0.0001758579472062,False
rush_hour,445->515,542,10,bezier_nm,6.797050797031261,mse,0.0509443650444694,False
rush_hour,445->528,542,10,bezier_pgd,0.0010736410040408,mse,0.0029869155382634,False
rush_hour,445->528,542,10,bezier_ipopt,0.7554249169770628,mse,0.000153023032666,False
rush_hour,445->528,542,10,bezier_nm,7.138010737020522,mse,0.1506028912326003,False
rush_hour,446->24,542,10,bezier_pgd,0.0010121630039066,mse,0.0038588220847235,False
rush_hour,446->24,542,10,bezier_ipopt,0.867678540002089,mse,0.0001494865928898,False
rush_hour,446->24,542,10,bezier_nm,6.4867201810120605,mse,0.0217655458234841,False
rush_hour,446->393,542,10,bezier_pgd,0.0009076989954337,mse,0.0312113530311562,False
rush_hour,446->393,542,10,bezier_ipopt,0.723385744029656,mse,0.0002839144199294,False
rush_hour,446->393,542,10,bezier_nm,7.654855941946153,mse,0.2514288284702922,False
rush_hour,446->445,542,10,bezier_pgd,0.0011536859674379,mse,0.0129740086495334,False
rush_hour,446->445,542,10,bezier_ipopt,0.8558444910449907,mse,0.0001758590753434,False
rush_hour,446->445,542,10,bezier_nm,7.37314498401247,mse,0.0607929656697796,False
rush_hour,446->508,542,10,bezier_pgd,0.0008793799788691,mse,0.0072754760296063,False
rush_hour,446->508,542,10,bezier_ipopt,1.007265140011441,mse,0.0002251876173999,False
rush_hour,446->508,542,10,bezier_nm,7.352713502012193,mse,0.1288421274201767,False
rush_hour,447->153,542,10,bezier_pgd,0.0009251969750039,mse,0.0017706966645916,False
rush_hour,447->153,542,10,bezier_ipopt,0.9093121630139648,mse,0.0002959002303592,False
rush_hour,447->153,542,10,bezier_nm,7.626854731992353,mse,0.0060335336968945,False
rush_hour,447->327,542,10,bezier_pgd,0.0007503069937229,mse,0.0007649919543375,False
rush_hour,447->327,542,10,bezier_ipopt,0.693455753964372,mse,0.0001918543144757,False
rush_hour,447->327,542,10,bezier_nm,6.819534271024168,mse,0.0383220367488971,False
rush_hour,447->41,1084,10,bezier_pgd,0.0010753570240922,mse,1.89346699429169e-05,False
rush_hour,447->41,1084,10,bezier_ipopt,1.6195594779565,mse,1.229352856335602e-05,False
rush_hour,447->41,1084,10,bezier_nm,16.232187444984447,mse,0.0001560450114381,False
rush_hour,448->337,542,10,bezier_pgd,0.0021555419662036,mse,0.0004538797252712,False
rush_hour,448->337,542,10,bezier_ipopt,,mse,,True
rush_hour,448->337,542,10,bezier_nm,8.935358276998159,mse,0.0023858675621316,False
rush_hour,448->449,542,10,bezier_pgd,0.0010079499916173,mse,5.348388965917884e-05,False
rush_hour,448->449,542,10,bezier_ipopt,0.9512128869537264,mse,2.505374043205256e-05,False
rush_hour,448->449,542,10,bezier_nm,7.708622456993908,mse,0.0004580791568363,False
rush_hour,448->45,542,10,bezier_pgd,0.0008491219487041,mse,6.8993424097236e-05,False
rush_hour,448->45,542,10,bezier_ipopt,0.8872212480055168,mse,3.132219431152192e-05,False
rush_hour,448->45,542,10,bezier_nm,7.214312520984095,mse,0.0004249042840362,False
rush_hour,448->93,542,10,bezier_pgd,0.0007617420051246,mse,5.940247163523766e-05,False
rush_hour,448->93,542,10,bezier_ipopt,1.0998246340313926,mse,2.987946847632352e-05,False
rush_hour,448->93,542,10,bezier_nm,7.355450209986884,mse,0.0001224062469729,False
rush_hour,449->422,542,10,bezier_pgd,0.0011206060298718,mse,6.703023770533685e-05,False
rush_hour,449->422,542,10,bezier_ipopt,0.8616247110185213,mse,3.611985680438501e-05,False
rush_hour,449->422,542,10,bezier_nm,6.777498312003445,mse,0.000506813244715,False
rush_hour,449->448,542,10,bezier_pgd,0.0025296380044892,mse,0.5098261733377257,False
rush_hour,449->448,542,10,bezier_ipopt,9.228692765987944,mse,0.4958794313077412,False
rush_hour,449->448,542,10,bezier_nm,8.461149899987504,mse,0.5879712013436034,False
rush_hour,449->49,542,10,bezier_pgd,0.000616525998339,mse,4.635281731884895e-05,False
rush_hour,449->49,542,10,bezier_ipopt,0.9578048519906588,mse,2.669451773104011e-05,False
rush_hour,449->49,542,10,bezier_nm,6.402286855969578,mse,0.0006596481129987,False
rush_hour,449->57,542,10,bezier_pgd,0.0007922140066511,mse,4.4439037714070174e-05,False
rush_hour,449->57,542,10,bezier_ipopt,0.8831112580373883,mse,2.9634071164705545e-05,False
rush_hour,449->57,542,10,bezier_nm,6.834675228048582,mse,0.0003911521006341,False
rush_hour,45->448,542,10,bezier_pgd,0.0009572840062901,mse,4.967826467522234e-05,False
rush_hour,45->448,542,10,bezier_ipopt,1.12991677201353,mse,2.2962694638204767e-05,False
rush_hour,45->448,542,10,bezier_nm,7.616328331991099,mse,0.0003748459327222,False
rush_hour,45->61,542,10,bezier_pgd,0.0011439740192145,mse,5.419607333582269e-05,False
rush_hour,45->61,542,10,bezier_ipopt,0.8904814969864674,mse,1.825370765685989e-05,False
rush_hour,45->61,542,10,bezier_nm,8.21451772400178,mse,0.0004373361231244,False
rush_hour,450->130,542,10,bezier_pgd,0.0012473710230551,mse,0.0998697107728372,False
rush_hour,450->130,542,10,bezier_ipopt,,mse,,True
rush_hour,450->130,542,10,bezier_nm,8.337319822981954,mse,0.243755355150396,False
rush_hour,450->414,542,10,bezier_pgd,0.0010795670095831,mse,0.0004731146315231,False
rush_hour,450->414,542,10,bezier_ipopt,0.7653465240146033,mse,0.0001821182719303,False
rush_hour,450->414,542,10,bezier_nm,6.81324087001849,mse,0.0385936306057825,False
rush_hour,450->60,542,10,bezier_pgd,0.0010111519950442,mse,2.651430095869063e-05,False
rush_hour,450->60,542,10,bezier_ipopt,0.994761763024144,mse,1.6466638253049565e-05,False
rush_hour,450->60,542,10,bezier_nm,7.561564275994897,mse,0.0001489807946862,False
rush_hour,450->66,542,10,bezier_pgd,0.001162864966318,mse,8.688284812110855e-05,False
rush_hour,450->66,542,10,bezier_ipopt,0.9683106829761527,mse,2.5895089904136096e-05,False
rush_hour,450->66,542,10,bezier_nm,8.887393219978549,mse,0.0003487154011684,False
rush_hour,451->16,542,10,bezier_pgd,0.0011047010193578,mse,3.419702084827934e-05,False
rush_hour,451->16,542,10,bezier_ipopt,1.2214145620237105,mse,1.5188662476422282e-05,False
rush_hour,451->16,542,10,bezier_nm,8.308982583985198,mse,0.0002508783577196,False
rush_hour,451->224,542,10,bezier_pgd,0.0008439180091954,mse,0.0301745396632685,False
rush_hour,451->224,542,10,bezier_ipopt,1.072454139997717,mse,0.0005934585590768,False
rush_hour,451->224,542,10,bezier_nm,7.355857105983887,mse,0.2598874799903526,False
rush_hour,451->247,542,10,bezier_pgd,0.0013586079585365,mse,0.00053985448323,False
rush_hour,451->247,542,10,bezier_ipopt,0.8564797609578818,mse,0.000261434965973,False
rush_hour,451->247,542,10,bezier_nm,9.088350546022411,mse,0.0018947829629621,False
rush_hour,451->417,542,10,bezier_pgd,0.0010716990218497,mse,8.811439587766155e-05,False
rush_hour,451->417,542,10,bezier_ipopt,0.7337627070373856,mse,2.4044138379251643e-05,False
rush_hour,451->417,542,10,bezier_nm,10.055298066989051,mse,0.000335238769651,False
rush_hour,452->172,542,10,bezier_pgd,0.0010529370047152,mse,0.0052989258933147,False
rush_hour,452->172,542,10,bezier_ipopt,0.964490359008778,mse,0.0001281774979698,False
rush_hour,452->172,542,10,bezier_nm,6.611563200014643,mse,0.1376042655493285,False
rush_hour,452->387,542,10,bezier_pgd,0.001366018957924,mse,0.000484418846818,False
rush_hour,452->387,542,10,bezier_ipopt,1.86804015096277,mse,0.000229892593666,False
rush_hour,452->387,542,10,bezier_nm,8.244172870006878,mse,0.0010052271358151,False
rush_hour,452->436,542,10,bezier_pgd,0.0010040560155175,mse,7.155740370778275e-05,False
rush_hour,452->436,542,10,bezier_ipopt,1.032366119034123,mse,1.805483458342796e-05,False
rush_hour,452->436,542,10,bezier_nm,8.355831839027815,mse,0.0001828789186122,False
rush_hour,452->443,542,10,bezier_pgd,0.0011584979947656,mse,0.0458994657958215,False
rush_hour,452->443,542,10,bezier_ipopt,,mse,,True
rush_hour,452->443,542,10,bezier_nm,7.109660763991997,mse,0.2845967249844628,False
rush_hour,453->124,542,10,bezier_pgd,0.0015416059759445,mse,0.0002270872243961,False
rush_hour,453->124,542,10,bezier_ipopt,0.9983462999807672,mse,0.0001556204949421,False
rush_hour,453->124,542,10,bezier_nm,8.622894761967473,mse,0.000439465183351,False
rush_hour,453->226,542,10,bezier_pgd,0.0013186419964767,mse,0.0019989257034514,False
rush_hour,453->226,542,10,bezier_ipopt,1.0778883150196634,mse,0.0002598126861832,False
rush_hour,453->226,542,10,bezier_nm,8.682833464990836,mse,0.0604368954141694,False
rush_hour,453->277,542,10,bezier_pgd,0.0016451659612357,mse,0.0003300975710312,False
rush_hour,453->277,542,10,bezier_ipopt,0.9394695769879036,mse,8.802155783203023e-05,False
rush_hour,453->277,542,10,bezier_nm,8.772961648995988,mse,0.0016986813544952,False
rush_hour,453->81,542,10,bezier_pgd,0.0008673690026625,mse,5.330167541223852e-05,False
rush_hour,453->81,542,10,bezier_ipopt,1.1082898050080985,mse,2.6442153492412555e-05,False
rush_hour,453->81,542,10,bezier_nm,7.76398164103739,mse,0.0001719392349527,False
rush_hour,454->187,542,10,bezier_pgd,0.0008763139485381,mse,0.0004360743614375,False
rush_hour,454->187,542,10,bezier_ipopt,0.7640076500247233,mse,0.0001496355114898,False
rush_hour,454->187,542,10,bezier_nm,7.291946005017962,mse,0.0532419478624491,False
rush_hour,454->357,542,10,bezier_pgd,0.0009372499771416,mse,0.0001991335221209,False
rush_hour,454->357,542,10,bezier_ipopt,0.8769745629979298,mse,0.0001309885821242,False
rush_hour,454->357,542,10,bezier_nm,8.637246550002601,mse,0.0041236711115756,False
rush_hour,454->374,542,10,bezier_pgd,0.0023384750238619,mse,0.0004575816527672,False
rush_hour,454->374,542,10,bezier_ipopt,1.2014705190085806,mse,0.0001134124971327,False
rush_hour,454->374,542,10,bezier_nm,6.624165040964726,mse,0.0087541489282277,False
rush_hour,454->4,542,10,bezier_pgd,0.0009804379660636,mse,3.7698086534577264e-05,False
rush_hour,454->4,542,10,bezier_ipopt,0.8709918269887567,mse,2.136468644455613e-05,False
rush_hour,454->4,542,10,bezier_nm,9.906833656015806,mse,0.0002483345883489,False
rush_hour,455->324,542,10,bezier_pgd,0.0012160430196672,mse,0.0005212370756522,False
rush_hour,455->324,542,10,bezier_ipopt,1.1308698169887066,mse,0.0001146281204494,False
rush_hour,455->324,542,10,bezier_nm,7.855060754984152,mse,0.0456271991489291,False
rush_hour,455->431,542,10,bezier_pgd,0.0011916660005226,mse,4.660014891801859e-05,False
rush_hour,455->431,542,10,bezier_ipopt,0.7867830949835479,mse,3.1495137965542286e-05,False
rush_hour,455->431,542,10,bezier_nm,8.371033917996101,mse,0.0002300020320256,False
rush_hour,455->496,542,10,bezier_pgd,0.0022854299750179,mse,0.0003969725762303,False
rush_hour,455->496,542,10,bezier_ipopt,0.8431717890198343,mse,0.0001688603148555,False
rush_hour,455->496,542,10,bezier_nm,8.621089995955117,mse,0.0013879101014371,False
rush_hour,455->98,542,10,bezier_pgd,0.0010298349661752,mse,4.5737502251189016e-05,False
rush_hour,455->98,542,10,bezier_ipopt,0.8979836080106907,mse,1.889413837138288e-05,False
rush_hour,455->98,542,10,bezier_nm,7.629391191992909,mse,0.0003085760206626,False
rush_hour,456->238,542,10,bezier_pgd,0.001130765012931,mse,0.0001700673766293,False
rush_hour,456->238,542,10,bezier_ipopt,1.7455516179907136,mse,0.0001110954482298,False
rush_hour,456->238,542,10,bezier_nm,7.994173975952435,mse,0.0024023544210535,False
rush_hour,456->347,542,10,bezier_pgd,0.0011300990008749,mse,0.0094500412740867,False
rush_hour,456->347,542,10,bezier_ipopt,1.1010228450177235,mse,0.0001538631730938,False
rush_hour,456->347,542,10,bezier_nm,6.485613827011548,mse,0.1971402135479653,False
rush_hour,456->98,542,10,bezier_pgd,0.000811580044683,mse,4.227025230898256e-05,False
rush_hour,456->98,542,10,bezier_ipopt,1.1626041669514962,mse,1.734129756076838e-05,False
rush_hour,456->98,542,10,bezier_nm,8.469693872029893,mse,9.23118384067847e-05,False
rush_hour,456->99,542,10,bezier_pgd,0.0012249720166437,mse,4.838685412947192e-05,False
rush_hour,456->99,542,10,bezier_ipopt,1.0639815679751337,mse,2.6494659472565302e-05,False
rush_hour,456->99,542,10,bezier_nm,8.190873711020686,mse,0.0001665639578908,False
rush_hour,457->101,542,10,bezier_pgd,0.0010367109789513,mse,3.731940636867327e-05,False
rush_hour,457->101,542,10,bezier_ipopt,1.065291807986796,mse,2.3014517292564043e-05,False
rush_hour,457->101,542,10,bezier_nm,7.9795188889838755,mse,0.0001604032344572,False
rush_hour,457->131,542,10,bezier_pgd,0.0020203820313327,mse,0.0003869992595693,False
rush_hour,457->131,542,10,bezier_ipopt,0.883338076993823,mse,0.0002560540054629,False
rush_hour,457->131,542,10,bezier_nm,8.621389176987577,mse,0.0029067013105402,False
rush_hour,457->481,542,10,bezier_pgd,0.0011174120008945,mse,0.0011792113336972,False
rush_hour,457->481,542,10,bezier_ipopt,0.93622294801753,mse,0.0001236077197225,False
rush_hour,457->481,542,10,bezier_nm,7.266213367052842,mse,0.1103525107922129,False
rush_hour,457->524,542,10,bezier_pgd,0.001180422026664,mse,4.007578128545874e-05,False
rush_hour,457->524,542,10,bezier_ipopt,0.8749988719937392,mse,1.9216600592782057e-05,False
rush_hour,457->524,542,10,bezier_nm,9.56189368997002,mse,0.0002009386646946,False
rush_hour,458->19,542,10,bezier_pgd,0.0010506270336918,mse,4.925363880867667e-05,False
rush_hour,458->19,542,10,bezier_ipopt,0.7057971129543148,mse,2.537859575263004e-05,False
rush_hour,458->19,542,10,bezier_nm,9.504793482017703,mse,0.0002879526499889,False
rush_hour,458->295,542,10,bezier_pgd,0.0010755659895949,mse,0.0148833184531091,False
rush_hour,458->295,542,10,bezier_ipopt,,mse,,True
rush_hour,458->295,542,10,bezier_nm,7.419525970995892,mse,0.1219515734171979,False
rush_hour,458->314,542,10,bezier_pgd,0.0009199730120599,mse,0.0006413530293451,False
rush_hour,458->314,542,10,bezier_ipopt,1.4269451629952528,mse,0.0005616655887318,False
rush_hour,458->314,542,10,bezier_nm,7.716416199982632,mse,0.0009400972937608,False
rush_hour,458->506,542,10,bezier_pgd,0.0007488609990105,mse,0.0281039431051616,False
rush_hour,458->506,542,10,bezier_ipopt,,mse,,True
rush_hour,458->506,542,10,bezier_nm,,mse,,True
rush_hour,459->115,542,10,bezier_pgd,0.0009903939790092,mse,0.0074660734018364,False
rush_hour,459->115,542,10,bezier_ipopt,0.9699450610205532,mse,0.0001500247964702,False
rush_hour,459->115,542,10,bezier_nm,7.004880939959548,mse,0.1395948974920603,False
rush_hour,459->295,542,10,bezier_pgd,0.0008868889999575,mse,0.0003773657691586,False
rush_hour,459->295,542,10,bezier_ipopt,1.2693446910125203,mse,0.0003347153210999,False
rush_hour,459->295,542,10,bezier_nm,8.153754977043718,mse,0.0007650753851466,False
rush_hour,459->395,542,10,bezier_pgd,0.0012452449882403,mse,0.000167910190992,False
rush_hour,459->395,542,10,bezier_ipopt,0.976990761992056,mse,9.160077016047422e-05,False
rush_hour,459->395,542,10,bezier_nm,8.004119516990613,mse,0.0010783390997346,False
rush_hour,459->469,542,10,bezier_pgd,0.0008087119786068,mse,0.0005525047036796,False
rush_hour,459->469,542,10,bezier_ipopt,1.17779771896312,mse,0.0005197661734511,False
rush_hour,459->469,542,10,bezier_nm,7.639082148030866,mse,0.0013819701748626,False
rush_hour,46->47,542,10,bezier_pgd,0.0007186669972725,mse,2.3392573511214863e-05,False
rush_hour,46->47,542,10,bezier_ipopt,0.9957841470022686,mse,1.634318746175203e-05,False
rush_hour,46->47,542,10,bezier_nm,6.829212814976927,mse,0.0001462581166797,False
rush_hour,46->75,542,10,bezier_pgd,0.0008816060144454,mse,0.0001202849069614,False
rush_hour,46->75,542,10,bezier_ipopt,0.7868757580290549,mse,2.962223658795043e-05,False
rush_hour,46->75,542,10,bezier_nm,8.400816537963692,mse,0.0005786459029645,False
rush_hour,460->117,542,10,bezier_pgd,0.0014491150504909,mse,0.0577596524403669,False
rush_hour,460->117,542,10,bezier_ipopt,1.1688704959815368,mse,0.0003303533935749,False
rush_hour,460->117,542,10,bezier_nm,6.639575673965737,mse,0.2676401306547224,False
rush_hour,460->248,542,10,bezier_pgd,0.0010875080479308,mse,0.0002110210519598,False
rush_hour,460->248,542,10,bezier_ipopt,0.98565296898596,mse,0.0001190356446807,False
rush_hour,460->248,542,10,bezier_nm,6.995531616965309,mse,0.0005269376371824,False
rush_hour,460->279,542,10,bezier_pgd,0.0013241930282674,mse,0.0004528498382703,False
rush_hour,460->279,542,10,bezier_ipopt,0.8018075349973515,mse,0.0002334938295128,False
rush_hour,460->279,542,10,bezier_nm,8.768188955029473,mse,0.0045475431561616,False
rush_hour,460->306,542,10,bezier_pgd,0.0010692890500649,mse,0.000249148885991,False
rush_hour,460->306,542,10,bezier_ipopt,1.1066426589968614,mse,0.0001807808172535,False
rush_hour,460->306,542,10,bezier_nm,8.376168727001641,mse,0.0046185187354174,False
rush_hour,461->20,542,10,bezier_pgd,0.0027586309588514,mse,0.0004848851724085,False
rush_hour,461->20,542,10,bezier_ipopt,1.1579063780372962,mse,0.0001943957385501,False
rush_hour,461->20,542,10,bezier_nm,6.443227011011913,mse,0.0083136861387603,False
rush_hour,461->523,542,10,bezier_pgd,0.0013128700084052,mse,0.0004026590872699,False
rush_hour,461->523,542,10,bezier_ipopt,1.0379357460187748,mse,0.0002418038047996,False
rush_hour,461->523,542,10,bezier_nm,7.632837300014216,mse,0.0008409777735204,False
rush_hour,462->120,542,10,bezier_pgd,0.0019098990014754,mse,0.0003894387517854,False
rush_hour,462->120,542,10,bezier_ipopt,1.033552057982888,mse,0.0002857893504331,False
rush_hour,462->120,542,10,bezier_nm,8.633785045996774,mse,0.0008842193415422,False
rush_hour,462->310,542,10,bezier_pgd,0.0010553979664109,mse,0.0007348076302248,False
rush_hour,462->310,542,10,bezier_ipopt,0.8064653130131774,mse,0.0002138694497108,False
rush_hour,462->310,542,10,bezier_nm,6.922183409042191,mse,0.0704552025329253,False
rush_hour,462->368,542,10,bezier_pgd,0.0024235459859482,mse,0.0006533698214423,False
rush_hour,462->368,542,10,bezier_ipopt,0.9812607560306787,mse,8.039740402377759e-05,False
rush_hour,462->368,542,10,bezier_nm,7.189792582008522,mse,0.056252868309793,False
rush_hour,462->404,542,10,bezier_pgd,0.0007598900119774,mse,0.0003076199125249,False
rush_hour,462->404,542,10,bezier_ipopt,1.0506890619872138,mse,0.0001869189414276,False
rush_hour,462->404,542,10,bezier_nm,8.76792660803767,mse,0.0042254916079471,False
rush_hour,463->123,542,10,bezier_pgd,0.0011467469739727,mse,0.0069212440401996,False
rush_hour,463->123,542,10,bezier_ipopt,0.7545132159721106,mse,0.0003130444375226,False
rush_hour,463->123,542,10,bezier_nm,7.3889106010319665,mse,0.1911584821454537,False
rush_hour,463->309,542,10,bezier_pgd,0.0010826300131157,mse,0.0003077428126076,False
rush_hour,463->309,542,10,bezier_ipopt,0.7539086819742806,mse,0.0002292718215489,False
rush_hour,463->309,542,10,bezier_nm,8.080396103032399,mse,0.0019141895483462,False
rush_hour,463->359,542,10,bezier_pgd,0.0007170269964262,mse,0.0002599267171473,False
rush_hour,463->359,542,10,bezier_ipopt,1.0293041639961302,mse,0.0002035550063097,False
rush_hour,463->359,542,10,bezier_nm,7.644136340997647,mse,0.0037990723719758,False
rush_hour,463->402,542,10,bezier_pgd,0.0008204799960367,mse,0.0001768204161209,False
rush_hour,463->402,542,10,bezier_ipopt,0.7999326310236938,mse,9.51614265523362e-05,False
rush_hour,463->402,542,10,bezier_nm,7.859185078006703,mse,0.0005089953208266,False
rush_hour,464->126,542,10,bezier_pgd,0.0013792869867756,mse,0.0128733964680275,False
rush_hour,464->126,542,10,bezier_ipopt,0.9204766349866986,mse,0.0003668557215531,False
rush_hour,464->126,542,10,bezier_nm,7.255286129016895,mse,0.1370187319719119,False
rush_hour,464->162,542,10,bezier_pgd,0.0020772480056621,mse,0.0005175371331878,False
rush_hour,464->162,542,10,bezier_ipopt,1.2775848830351606,mse,0.0001285898422182,False
rush_hour,464->162,542,10,bezier_nm,6.4458997350302525,mse,0.0382945863987289,False
rush_hour,464->342,542,10,bezier_pgd,0.0019485410302877,mse,0.000586670237793,False
rush_hour,464->342,542,10,bezier_ipopt,0.922512487974018,mse,0.0002461481363067,False
rush_hour,464->342,542,10,bezier_nm,7.987551753001753,mse,0.0056209451328101,False
rush_hour,464->378,542,10,bezier_pgd,0.000906147994101,mse,0.0578866558488868,False
rush_hour,464->378,542,10,bezier_ipopt,0.8031737700221129,mse,0.0002548298698823,False
rush_hour,464->378,542,10,bezier_nm,7.182663220970426,mse,0.2692289768562946,False
rush_hour,465->128,542,10,bezier_pgd,0.001105698000174,mse,0.0003641855345997,False
rush_hour,465->128,542,10,bezier_ipopt,0.8953306730254553,mse,0.000172560097653,False
rush_hour,465->128,542,10,bezier_nm,6.857088210992515,mse,0.004656658847083,False
rush_hour,465->273,542,10,bezier_pgd,0.0014542120043188,mse,0.0040377805909433,False
rush_hour,465->273,542,10,bezier_ipopt,,mse,,True
rush_hour,465->273,542,10,bezier_nm,7.412719768995885,mse,0.0681782303803456,False
rush_hour,465->298,542,10,bezier_pgd,0.0012952869874425,mse,0.0943355782160501,False
rush_hour,465->298,542,10,bezier_ipopt,,mse,,True
rush_hour,465->298,542,10,bezier_nm,6.575616634043399,mse,0.2596424464721322,False
rush_hour,465->362,542,10,bezier_pgd,0.0015177770401351,mse,0.0003077774058213,False
rush_hour,465->362,542,10,bezier_ipopt,0.9877207929966972,mse,0.0001948476362034,False
rush_hour,465->362,542,10,bezier_nm,7.924416889029089,mse,0.0056850931814337,False
rush_hour,466->137,542,10,bezier_pgd,0.0008052539778873,mse,0.0001509888694865,False
rush_hour,466->137,542,10,bezier_ipopt,1.0484541609766893,mse,0.0001257149927748,False
rush_hour,466->137,542,10,bezier_nm,7.540350698982365,mse,0.0013132894622546,False
rush_hour,466->331,542,10,bezier_pgd,0.0009469290380366,mse,0.0018445759188253,False
rush_hour,466->331,542,10,bezier_ipopt,,mse,,True
rush_hour,466->331,542,10,bezier_nm,7.445379261975177,mse,0.0813105560331752,False
rush_hour,466->336,542,10,bezier_pgd,0.0009807950118556,mse,0.0293582377124863,False
rush_hour,466->336,542,10,bezier_ipopt,0.7438680040067993,mse,0.0006531832614066,False
rush_hour,466->336,542,10,bezier_nm,6.81247246399289,mse,0.2446381791220196,False
rush_hour,466->339,542,10,bezier_pgd,0.0011492979829199,mse,0.0014527806626399,False
rush_hour,466->339,542,10,bezier_ipopt,0.9729501630063168,mse,0.0001761098477974,False
rush_hour,466->339,542,10,bezier_nm,6.699899483006448,mse,0.1038079036916819,False
rush_hour,467->138,542,10,bezier_pgd,0.0013421910116448,mse,0.0532718627494987,False
rush_hour,467->138,542,10,bezier_ipopt,,mse,,True
rush_hour,467->138,542,10,bezier_nm,8.422759306035005,mse,0.1538614039336134,False
rush_hour,467->337,542,10,bezier_pgd,0.0020802320213988,mse,0.0007600271416894,False
rush_hour,467->337,542,10,bezier_ipopt,0.8800611749757081,mse,0.0001178711630496,False
rush_hour,467->337,542,10,bezier_nm,10.213416585989762,mse,0.0052353922681736,False
rush_hour,467->339,542,10,bezier_pgd,0.0019268509931862,mse,0.0018082118991456,False
rush_hour,467->339,542,10,bezier_ipopt,1.013970271043945,mse,0.0003117478570457,False
rush_hour,467->339,542,10,bezier_nm,7.167943392996676,mse,0.0457342872657178,False
rush_hour,467->349,542,10,bezier_pgd,0.0013696710229851,mse,0.0013229541223205,False
rush_hour,467->349,542,10,bezier_ipopt,1.081578758021351,mse,0.0011818775425699,False
rush_hour,467->349,542,10,bezier_nm,7.036226251977496,mse,0.0025410253193374,False
rush_hour,468->139,542,10,bezier_pgd,0.000917806988582,mse,0.0424790909217537,False
rush_hour,468->139,542,10,bezier_ipopt,0.8407674899790436,mse,0.0002020252978165,False
rush_hour,468->139,542,10,bezier_nm,6.354377572017256,mse,0.253458106278437,False
rush_hour,468->264,542,10,bezier_pgd,0.0009765899740159,mse,0.0002706635560814,False
rush_hour,468->264,542,10,bezier_ipopt,1.050124544010032,mse,0.0002166868520188,False
rush_hour,468->264,542,10,bezier_nm,8.256119635014329,mse,0.0008193206660693,False
rush_hour,468->286,542,10,bezier_pgd,0.0005977609544061,mse,0.0003424754573665,False
rush_hour,468->286,542,10,bezier_ipopt,1.1679503299528733,mse,0.0003071394708378,False
rush_hour,468->286,542,10,bezier_nm,7.624376007996034,mse,0.0005914785346975,False
rush_hour,468->346,542,10,bezier_pgd,0.0016984160174615,mse,0.0005867668816043,False
rush_hour,468->346,542,10,bezier_ipopt,1.0375966219580732,mse,0.0002040596787987,False
rush_hour,468->346,542,10,bezier_nm,9.054213769966736,mse,0.0030728321254998,False
rush_hour,469->140,542,10,bezier_pgd,0.0011391480220481,mse,0.0015379002634224,False
rush_hour,469->140,542,10,bezier_ipopt,0.8707309769815765,mse,0.0001877898070689,False
rush_hour,469->140,542,10,bezier_nm,7.5281561790034175,mse,0.0522887464838084,False
rush_hour,469->156,542,10,bezier_pgd,0.0009886869811452,mse,0.0725175188918753,False
rush_hour,469->156,542,10,bezier_ipopt,0.9685458099702372,mse,0.0003705001838315,False
rush_hour,469->156,542,10,bezier_nm,6.676665996026713,mse,0.2662069528324314,False
rush_hour,469->211,542,10,bezier_pgd,0.0013367280480451,mse,0.0010180220651386,False
rush_hour,469->211,542,10,bezier_ipopt,0.9685826289933176,mse,0.0002655598903857,False
rush_hour,469->211,542,10,bezier_nm,6.661299499042798,mse,0.0498406412449559,False
rush_hour,469->459,542,10,bezier_pgd,0.000746464007534,mse,0.0004647497068579,False
rush_hour,469->459,542,10,bezier_ipopt,,mse,,True
rush_hour,469->459,542,10,bezier_nm,7.882899752003141,mse,0.0008181645865913,False
rush_hour,47->46,542,10,bezier_pgd,0.0007727670017629,mse,4.521747529701655e-05,False
rush_hour,47->46,542,10,bezier_ipopt,1.1433333869790658,mse,2.447600060117625e-05,False
rush_hour,47->46,542,10,bezier_nm,6.407173472980503,mse,0.0001825197725053,False
rush_hour,47->48,542,10,bezier_pgd,0.0008979910053312,mse,6.028670733873747e-05,False
rush_hour,47->48,542,10,bezier_ipopt,0.7840998420142569,mse,2.56655282231794e-05,False
rush_hour,47->48,542,10,bezier_nm,7.320188108016737,mse,0.0001818923372138,False
rush_hour,470->142,542,10,bezier_pgd,0.001624813012313,mse,0.0003214959620869,False
rush_hour,470->142,542,10,bezier_ipopt,1.0456494680256585,mse,0.0001826253231265,False
rush_hour,470->142,542,10,bezier_nm,8.679802266007755,mse,0.0006949836844811,False
rush_hour,470->154,542,10,bezier_pgd,0.0012534509878605,mse,0.0004407646295326,False
rush_hour,470->154,542,10,bezier_ipopt,0.9842293740366586,mse,0.0001739634631047,False
rush_hour,470->154,542,10,bezier_nm,6.7639573480119,mse,0.0432042147054083,False
rush_hour,470->235,542,10,bezier_pgd,0.0009285940323024,mse,0.0038326870394177,False
rush_hour,470->235,542,10,bezier_ipopt,0.8154398879851215,mse,0.0002713771982169,False
rush_hour,470->235,542,10,bezier_nm,6.6830178469535895,mse,0.0454693702954465,False
rush_hour,470->509,542,10,bezier_pgd,0.0010859940084628,mse,0.0001417542038057,False
rush_hour,470->509,542,10,bezier_ipopt,0.7715631520259194,mse,0.0001073854393134,False
rush_hour,470->509,542,10,bezier_nm,7.87955025798874,mse,0.0006122622368833,False
rush_hour,471->127,542,10,bezier_pgd,0.001166992005892,mse,0.0108378103588563,False
rush_hour,471->127,542,10,bezier_ipopt,,mse,,True
rush_hour,471->127,542,10,bezier_nm,6.166920873976778,mse,0.1807087424212178,False
rush_hour,471->228,542,10,bezier_pgd,0.0008381949737668,mse,0.0016063916667498,False
rush_hour,471->228,542,10,bezier_ipopt,1.2431631869985722,mse,0.0002219077245817,False
rush_hour,471->228,542,10,bezier_nm,7.496285401983187,mse,0.061390225446757,False
rush_hour,471->393,542,10,bezier_pgd,0.0011021040263585,mse,0.0019857175495333,False
rush_hour,471->393,542,10,bezier_ipopt,0.9433497099671512,mse,0.0001239560127461,False
rush_hour,471->393,542,10,bezier_nm,7.192224274971522,mse,0.0012463744895444,False
rush_hour,471->439,542,10,bezier_pgd,0.0015449150232598,mse,0.0004527621213626,False
rush_hour,471->439,542,10,bezier_ipopt,0.7731231619836763,mse,0.0002655050297283,False
rush_hour,471->439,542,10,bezier_nm,8.962807907024398,mse,0.0015455047140486,False
rush_hour,472->148,542,10,bezier_pgd,0.0011815360048785,mse,0.000272519129192,False
rush_hour,472->148,542,10,bezier_ipopt,1.1343037459882908,mse,0.000200456114979,False
rush_hour,472->148,542,10,bezier_nm,8.117766739975195,mse,0.0008520504535716,False
rush_hour,472->191,542,10,bezier_pgd,0.0011367939878255,mse,0.0057478938651847,False
rush_hour,472->191,542,10,bezier_ipopt,0.9252228690311312,mse,0.0002489105239491,False
rush_hour,472->191,542,10,bezier_nm,7.74183894804446,mse,0.1653267468738224,False
rush_hour,472->204,542,10,bezier_pgd,0.0016712329816073,mse,0.0004662138250211,False
rush_hour,472->204,542,10,bezier_ipopt,1.062660557043273,mse,0.000376671332183,False
rush_hour,472->204,542,10,bezier_nm,7.371692787972279,mse,0.0027953220290612,False
rush_hour,472->243,542,10,bezier_pgd,0.001237734046299,mse,0.0017802422430973,False
rush_hour,472->243,542,10,bezier_ipopt,1.088663261034526,mse,0.0003686967681696,False
rush_hour,472->243,542,10,bezier_nm,6.270294766989537,mse,0.0986623897952418,False
rush_hour,473->151,542,10,bezier_pgd,0.0009212090517394,mse,0.0016117721885548,False
rush_hour,473->151,542,10,bezier_ipopt,0.8697961239959113,mse,0.0002932191264159,False
rush_hour,473->151,542,10,bezier_nm,6.559322046989109,mse,0.0737375866185164,False
rush_hour,473->244,542,10,bezier_pgd,0.0011631590314209,mse,0.0016293515341449,False
rush_hour,473->244,542,10,bezier_ipopt,0.9147175169782712,mse,0.0002453661177813,False
rush_hour,473->244,542,10,bezier_nm,7.1721478719846345,mse,0.0518811633524209,False
rush_hour,473->258,542,10,bezier_pgd,0.0009402090217918,mse,0.0038497779024259,False
rush_hour,473->258,542,10,bezier_ipopt,0.9232513480237684,mse,0.0002221007605353,False
rush_hour,473->258,542,10,bezier_nm,6.474830471037421,mse,0.0775700339347376,False
rush_hour,473->260,542,10,bezier_pgd,0.0012135979486629,mse,0.0002842525495164,False
rush_hour,473->260,542,10,bezier_ipopt,0.9793834500014782,mse,0.0002141712448221,False
rush_hour,473->260,542,10,bezier_nm,8.467763246968389,mse,0.0007262392463063,False
rush_hour,474->153,542,10,bezier_pgd,0.0022110969875939,mse,0.0011673497019819,False
rush_hour,474->153,542,10,bezier_ipopt,1.0718525280244648,mse,0.0002223041907885,False
rush_hour,474->153,542,10,bezier_nm,6.921351936995052,mse,0.0516042881961789,False
rush_hour,474->235,542,10,bezier_pgd,0.0015651860157959,mse,0.0045090068887514,False
rush_hour,474->235,542,10,bezier_ipopt,1.8563330490142107,mse,0.0003694685861752,False
rush_hour,474->235,542,10,bezier_nm,6.816733885963913,mse,0.0629484979418951,False
rush_hour,474->258,542,10,bezier_pgd,0.0016427939990535,mse,0.0010481997726383,False
rush_hour,474->258,542,10,bezier_ipopt,0.8666353540029377,mse,0.0003107619679153,False
rush_hour,474->258,542,10,bezier_nm,6.520118243992329,mse,0.0376606031977335,False
rush_hour,474->416,542,10,bezier_pgd,0.0007875839946791,mse,0.0002152139095367,False
rush_hour,474->416,542,10,bezier_ipopt,0.9603249639621936,mse,0.0001727953527278,False
rush_hour,474->416,542,10,bezier_nm,7.363072264997754,mse,0.0003183800367433,False
rush_hour,475->194,542,10,bezier_pgd,0.0011157029657624,mse,0.0001610998124211,False
rush_hour,475->194,542,10,bezier_ipopt,0.8143524480401538,mse,0.0001313475523753,False
rush_hour,475->194,542,10,bezier_nm,8.059529494028538,mse,0.0006352897758937,False
rush_hour,475->256,542,10,bezier_pgd,0.0012991869589313,mse,0.0009492191105684,False
rush_hour,475->256,542,10,bezier_ipopt,0.69948570599081,mse,0.0002622050881191,False
rush_hour,475->256,542,10,bezier_nm,7.092603597964626,mse,0.0657701964269533,False
rush_hour,475->387,542,10,bezier_pgd,0.000928362016566,mse,0.006325954927858,False
rush_hour,475->387,542,10,bezier_ipopt,0.8929365189978853,mse,0.0003138929994545,False
rush_hour,475->387,542,10,bezier_nm,6.601137786987238,mse,0.083835516382785,False
rush_hour,475->436,542,10,bezier_pgd,0.000853787001688,mse,0.0012111156205995,False
rush_hour,475->436,542,10,bezier_ipopt,0.7605472099967301,mse,0.0001974381807792,False
rush_hour,475->436,542,10,bezier_nm,6.272855781018734,mse,0.0763604919091775,False
rush_hour,476->157,542,10,bezier_pgd,0.0009106390061788,mse,0.0007638696371155,False
rush_hour,476->157,542,10,bezier_ipopt,,mse,,True
rush_hour,476->157,542,10,bezier_nm,7.229517412022687,mse,0.0007593935049815,False
rush_hour,476->171,542,10,bezier_pgd,0.001587122969795,mse,0.0002058772190536,False
rush_hour,476->171,542,10,bezier_ipopt,1.060965407988988,mse,0.0001462924440787,False
rush_hour,476->171,542,10,bezier_nm,8.312059165036771,mse,0.0010637417306364,False
rush_hour,476->201,542,10,bezier_pgd,0.0036255189916118,mse,0.0013607163065902,False
rush_hour,476->201,542,10,bezier_ipopt,8.273019210027996,mse,1.8612387576630905e-05,False
rush_hour,476->201,542,10,bezier_nm,5.4411859990214,mse,0.0378907107166839,False
rush_hour,476->310,542,10,bezier_pgd,0.0016874090069904,mse,0.0067716717413348,False
rush_hour,476->310,542,10,bezier_ipopt,,mse,,True
rush_hour,476->310,542,10,bezier_nm,6.647414001985453,mse,0.1139275698292039,False
rush_hour,477->483,542,10,bezier_pgd,0.0012556769652292,mse,0.0055859549385487,False
rush_hour,477->483,542,10,bezier_ipopt,0.7225199149688706,mse,0.0002509432913784,False
rush_hour,477->483,542,10,bezier_nm,7.372829749947414,mse,0.1729274448995085,False
rush_hour,477->525,542,10,bezier_pgd,0.0014851749874651,mse,0.0228006273530531,False
rush_hour,477->525,542,10,bezier_ipopt,,mse,,True
rush_hour,477->525,542,10,bezier_nm,6.961870401981287,mse,0.1671060108135544,False
rush_hour,477->527,542,10,bezier_pgd,0.0016063830116763,mse,0.0008111617889595,False
rush_hour,477->527,542,10,bezier_ipopt,,mse,,True
rush_hour,477->527,542,10,bezier_nm,7.016558074974455,mse,0.0015392362375293,False
rush_hour,477->534,542,10,bezier_pgd,0.0017222790047526,mse,0.0005207319719919,False
rush_hour,477->534,542,10,bezier_ipopt,0.8216027679736726,mse,0.0002579499704091,False
rush_hour,477->534,542,10,bezier_nm,7.653137765999418,mse,0.0012358384578843,False
rush_hour,478->247,542,10,bezier_pgd,0.0009196260361932,mse,0.0029071650545264,False
rush_hour,478->247,542,10,bezier_ipopt,0.8687769459793344,mse,0.0003469414911777,False
rush_hour,478->247,542,10,bezier_nm,6.22823085199343,mse,0.0872408905417293,False
rush_hour,478->316,542,10,bezier_pgd,0.001399764965754,mse,0.0006645499485262,False
rush_hour,478->316,542,10,bezier_ipopt,0.7696628469857387,mse,0.0003064357666145,False
rush_hour,478->316,542,10,bezier_nm,9.363126537005884,mse,0.0022154380719597,False
rush_hour,478->391,542,10,bezier_pgd,0.0010975399636663,mse,0.0047308995078906,False
rush_hour,478->391,542,10,bezier_ipopt,,mse,,True
rush_hour,478->391,542,10,bezier_nm,7.6925323260365985,mse,0.0652315191333666,False
rush_hour,478->77,542,10,bezier_pgd,0.0005909779574722,mse,0.0003101569076358,False
rush_hour,478->77,542,10,bezier_ipopt,1.2957347740302794,mse,0.0001755258347345,False
rush_hour,478->77,542,10,bezier_nm,8.119470831006765,mse,0.0003794506529535,False
rush_hour,479->133,542,10,bezier_pgd,0.0010194120113737,mse,0.0067419515336655,False
rush_hour,479->133,542,10,bezier_ipopt,,mse,,True
rush_hour,479->133,542,10,bezier_nm,6.514113689016085,mse,0.024776515390066,False
rush_hour,479->135,542,10,bezier_pgd,0.0010470279958099,mse,0.0030393546638586,False
rush_hour,479->135,542,10,bezier_ipopt,0.7000485520111397,mse,0.000158813353956,False
rush_hour,479->135,542,10,bezier_nm,6.951419343997259,mse,0.0812830702907997,False
rush_hour,479->218,542,10,bezier_pgd,0.0009920779848471,mse,0.0109755108619472,False
rush_hour,479->218,542,10,bezier_ipopt,,mse,,True
rush_hour,479->218,542,10,bezier_nm,6.532798806030769,mse,0.1418632278831546,False
rush_hour,479->513,542,10,bezier_pgd,0.0029202610021457,mse,0.0014698123286156,False
rush_hour,479->513,542,10,bezier_ipopt,1.1282251619850283,mse,0.0001131501341818,False
rush_hour,479->513,542,10,bezier_nm,7.17678530595731,mse,0.0751101117604471,False
rush_hour,48->47,542,10,bezier_pgd,0.0007993900217115,mse,6.46789787033081e-05,False
rush_hour,48->47,542,10,bezier_ipopt,1.0709593089995906,mse,2.191907031325212e-05,False
rush_hour,48->47,542,10,bezier_nm,7.357818991004024,mse,0.0001133136060381,False
rush_hour,48->49,542,10,bezier_pgd,0.0015995029825717,mse,4.3378361173290416e-05,False
rush_hour,48->49,542,10,bezier_ipopt,1.017247725976631,mse,1.3680314063162485e-05,False
rush_hour,48->49,542,10,bezier_nm,8.004524598014541,mse,0.0001524052903294,False
rush_hour,480->155,542,10,bezier_pgd,0.0006256240303628,mse,0.0002011719105076,False
rush_hour,480->155,542,10,bezier_ipopt,0.8599633930134587,mse,0.0001403712381521,False
rush_hour,480->155,542,10,bezier_nm,8.959175767027773,mse,0.0022912334607568,False
rush_hour,480->359,542,10,bezier_pgd,0.0016759719583205,mse,0.0002770981448428,False
rush_hour,480->359,542,10,bezier_ipopt,0.7777690349612385,mse,0.0001481379583538,False
rush_hour,480->359,542,10,bezier_nm,9.82295418297872,mse,0.0023129066326656,False
rush_hour,480->43,542,10,bezier_pgd,0.0015745569835416,mse,0.0003201932534304,False
rush_hour,480->43,542,10,bezier_ipopt,0.945141387055628,mse,0.0001879161299098,False
rush_hour,480->43,542,10,bezier_nm,8.956867436005268,mse,0.0005592409813682,False
rush_hour,480->44,542,10,bezier_pgd,0.0007366259815171,mse,4.850703698491612e-05,False
rush_hour,480->44,542,10,bezier_ipopt,0.9043784490204416,mse,2.2162902629219336e-05,False
rush_hour,480->44,542,10,bezier_nm,8.336093571037054,mse,0.0001203193630958,False
rush_hour,481->350,542,10,bezier_pgd,0.0015392170171253,mse,0.0026652497575287,False
rush_hour,481->350,542,10,bezier_ipopt,,mse,,True
rush_hour,481->350,542,10,bezier_nm,6.831591678026598,mse,0.1004748046877072,False
rush_hour,481->444,542,10,bezier_pgd,0.0011676829890348,mse,0.0007369401855641,False
rush_hour,481->444,542,10,bezier_ipopt,0.8998091149842367,mse,8.727294418858783e-05,False
rush_hour,481->444,542,10,bezier_nm,7.079038624011446,mse,0.0598132478180064,False
rush_hour,481->457,542,10,bezier_pgd,0.0014938459498807,mse,0.0004470569245409,False
rush_hour,481->457,542,10,bezier_ipopt,0.6942476729745977,mse,0.0001884129140246,False
rush_hour,481->457,542,10,bezier_nm,9.474069678981325,mse,0.0044202247995464,False
rush_hour,481->524,542,10,bezier_pgd,0.001208805013448,mse,0.0003030927329067,False
rush_hour,481->524,542,10,bezier_ipopt,0.9190638680011034,mse,0.0001434085434815,False
rush_hour,481->524,542,10,bezier_nm,8.246583389991429,mse,0.0005048522670581,False
rush_hour,482->496,542,10,bezier_pgd,0.0026534299831837,mse,0.0006641238032046,False
rush_hour,482->496,542,10,bezier_ipopt,0.8748940389486961,mse,0.0004504514112115,False
rush_hour,482->496,542,10,bezier_nm,8.964086701977067,mse,0.0025723621008761,False
rush_hour,482->502,542,10,bezier_pgd,0.0013420599862001,mse,0.0012629531946781,False
rush_hour,482->502,542,10,bezier_ipopt,0.9244556869962252,mse,0.0003182774662298,False
rush_hour,482->502,542,10,bezier_nm,6.311772170010954,mse,0.0211190011387478,False
rush_hour,482->511,542,10,bezier_pgd,0.0009529889794066,mse,0.0002015079217162,False
rush_hour,482->511,542,10,bezier_ipopt,1.00104685802944,mse,0.0001463565410964,False
rush_hour,482->511,542,10,bezier_nm,7.804769229027443,mse,0.0002971219867113,False
rush_hour,482->520,542,10,bezier_pgd,0.0019230790203437,mse,0.0009985081480971,False
rush_hour,482->520,542,10,bezier_ipopt,0.9638387209852226,mse,0.0003408609661089,False
rush_hour,482->520,542,10,bezier_nm,9.06919614301296,mse,0.0055232134943883,False
rush_hour,483->477,542,10,bezier_pgd,0.001121019013226,mse,0.0216042145025216,False
rush_hour,483->477,542,10,bezier_ipopt,0.8270732839591801,mse,0.0004776508302109,False
rush_hour,483->477,542,10,bezier_nm,7.01728714001365,mse,0.1822625211154431,False
rush_hour,483->519,542,10,bezier_pgd,0.0012423390289768,mse,0.032098445888571,False
rush_hour,483->519,542,10,bezier_ipopt,,mse,,True
rush_hour,483->519,542,10,bezier_nm,6.358160343952477,mse,0.2672334209814321,False
rush_hour,483->526,542,10,bezier_pgd,0.0014100419939495,mse,0.0020929279982628,False
rush_hour,483->526,542,10,bezier_ipopt,1.1176146990037523,mse,0.0003011844457888,False
rush_hour,483->526,542,10,bezier_nm,6.722094085009303,mse,0.0719227577717511,False
rush_hour,483->531,542,10,bezier_pgd,0.000974487978965,mse,0.0020992486993203,False
rush_hour,483->531,542,10,bezier_ipopt,0.921098779013846,mse,0.0002720939037715,False
rush_hour,483->531,542,10,bezier_nm,6.451510541024618,mse,0.0671143379013804,False
rush_hour,484->117,542,10,bezier_pgd,0.0011141679715365,mse,0.0003715605390185,False
rush_hour,484->117,542,10,bezier_ipopt,1.1588529720320366,mse,0.0002464859002521,False
rush_hour,484->117,542,10,bezier_nm,7.577259310986847,mse,0.0005366532933605,False
rush_hour,484->176,542,10,bezier_pgd,0.0008385190158151,mse,0.0023567616641871,False
rush_hour,484->176,542,10,bezier_ipopt,0.6817433800315484,mse,0.0002073593847214,False
rush_hour,484->176,542,10,bezier_nm,6.618378961051349,mse,0.071641913348932,False
rush_hour,484->195,542,10,bezier_pgd,0.0008801259682513,mse,0.0015983532521722,False
rush_hour,484->195,542,10,bezier_ipopt,0.8127475429791957,mse,0.0001963515626878,False
rush_hour,484->195,542,10,bezier_nm,7.128575103008188,mse,0.0723169206310079,False
rush_hour,484->254,542,10,bezier_pgd,0.0008586249896325,mse,0.0019266728987474,False
rush_hour,484->254,542,10,bezier_ipopt,1.0392474840045909,mse,0.0002331672924418,False
rush_hour,484->254,542,10,bezier_nm,5.8834928930155,mse,0.0151285900712802,False
rush_hour,485->184,542,10,bezier_pgd,0.0009085459751076,mse,0.0002466967075928,False
rush_hour,485->184,542,10,bezier_ipopt,0.8848463559988886,mse,0.0001597868829811,False
rush_hour,485->184,542,10,bezier_nm,7.970105929998681,mse,0.0005423459049792,False
rush_hour,485->188,542,10,bezier_pgd,0.0013048510299995,mse,0.0046805335998432,False
rush_hour,485->188,542,10,bezier_ipopt,0.7551642719772644,mse,0.000313831079359,False
rush_hour,485->188,542,10,bezier_nm,6.258033860009164,mse,0.0907623560796353,False
rush_hour,485->227,542,10,bezier_pgd,0.0012634589802473,mse,0.0002630646512866,False
rush_hour,485->227,542,10,bezier_ipopt,,mse,,True
rush_hour,485->227,542,10,bezier_nm,8.140311797033064,mse,0.0010087134755261,False
rush_hour,485->489,542,10,bezier_pgd,0.0029225220205262,mse,0.0003941065256163,False
rush_hour,485->489,542,10,bezier_ipopt,0.8647308310028166,mse,0.0002157189971696,False
rush_hour,485->489,542,10,bezier_nm,8.18672332901042,mse,0.0013639625076862,False
rush_hour,486->123,542,10,bezier_pgd,0.0012432010262273,mse,0.0002914439187618,False
rush_hour,486->123,542,10,bezier_ipopt,0.9333404389908536,mse,0.0002253634459541,False
rush_hour,486->123,542,10,bezier_nm,7.24916944099823,mse,0.0011688237779909,False
rush_hour,486->194,542,10,bezier_pgd,0.0016723640146665,mse,0.0003167495732342,False
rush_hour,486->194,542,10,bezier_ipopt,0.9655472789891064,mse,0.0002208666247034,False
rush_hour,486->194,542,10,bezier_nm,9.011620067001786,mse,0.0042820484667518,False
rush_hour,486->363,542,10,bezier_pgd,0.000849089003168,mse,0.0052365221937811,False
rush_hour,486->363,542,10,bezier_ipopt,,mse,,True
rush_hour,486->363,542,10,bezier_nm,7.061043783964124,mse,0.1026136246696274,False
rush_hour,486->403,542,10,bezier_pgd,0.0008733739960007,mse,0.0042602565723938,False
rush_hour,486->403,542,10,bezier_ipopt,1.1533136169891804,mse,0.0003118876394864,False
rush_hour,486->403,542,10,bezier_nm,6.502343359985389,mse,0.0555896852489579,False
rush_hour,487->201,542,10,bezier_pgd,0.0010484419763088,mse,0.0132315442855089,False
rush_hour,487->201,542,10,bezier_ipopt,0.9105173440184444,mse,0.0003052668128564,False
rush_hour,487->201,542,10,bezier_nm,6.9438469460001215,mse,0.0671092075365111,False
rush_hour,487->293,542,10,bezier_pgd,0.0008071649936027,mse,0.0002443938607805,False
rush_hour,487->293,542,10,bezier_ipopt,,mse,,True
rush_hour,487->293,542,10,bezier_nm,8.905354770016856,mse,0.0011603682929471,False
rush_hour,487->302,542,10,bezier_pgd,0.0009685789700597,mse,0.0003175473768978,False
rush_hour,487->302,542,10,bezier_ipopt,0.8691582389874384,mse,0.0002036917538687,False
rush_hour,487->302,542,10,bezier_nm,7.930916406970937,mse,0.0008686468412692,False
rush_hour,487->317,542,10,bezier_pgd,0.0006410240312106,mse,0.0002197645211621,False
rush_hour,487->317,542,10,bezier_ipopt,1.1593460160074756,mse,0.0001611450372109,False
rush_hour,487->317,542,10,bezier_nm,7.546552982996218,mse,0.0003578308041567,False
rush_hour,488->21,542,10,bezier_pgd,0.000824642018415,mse,0.0093954003010928,False
rush_hour,488->21,542,10,bezier_ipopt,0.7642961980309337,mse,0.0002495648729672,False
rush_hour,488->21,542,10,bezier_nm,6.812336170987692,mse,0.0915087068173163,False
rush_hour,488->212,542,10,bezier_pgd,0.0011919629760086,mse,0.0021126576288091,False
rush_hour,488->212,542,10,bezier_ipopt,0.8842938290326856,mse,0.0004112448350496,False
rush_hour,488->212,542,10,bezier_nm,7.455962772015482,mse,0.0268239349030039,False
rush_hour,488->505,542,10,bezier_pgd,0.0013051750138401,mse,0.0004820849599303,False
rush_hour,488->505,542,10,bezier_ipopt,0.9754358350182885,mse,0.0002537974987119,False
rush_hour,488->505,542,10,bezier_nm,6.122624910029117,mse,0.0065633450925593,False
rush_hour,488->531,542,10,bezier_pgd,0.0011765660019591,mse,0.0006111692982994,False
rush_hour,488->531,542,10,bezier_ipopt,,mse,,True
rush_hour,488->531,542,10,bezier_nm,7.142683085985482,mse,0.0250032205959639,False
rush_hour,489->218,542,10,bezier_pgd,0.0008780439966358,mse,0.0224962130486627,False
rush_hour,489->218,542,10,bezier_ipopt,0.7179584270343184,mse,0.0003736584967646,False
rush_hour,489->218,542,10,bezier_nm,6.110460555995815,mse,0.2283144694822969,False
rush_hour,489->311,542,10,bezier_pgd,0.0009767510346136,mse,0.0003011974166474,False
rush_hour,489->311,542,10,bezier_ipopt,,mse,,True
rush_hour,489->311,542,10,bezier_nm,7.894461916002911,mse,0.0009134695243578,False
rush_hour,489->338,542,10,bezier_pgd,0.0009467320051044,mse,0.0043991983392278,False
rush_hour,489->338,542,10,bezier_ipopt,0.8861400540336035,mse,0.0003530927360885,False
rush_hour,489->338,542,10,bezier_nm,6.808408394979779,mse,0.1131124069485222,False
rush_hour,489->485,542,10,bezier_pgd,0.0020595489768311,mse,0.0004365558592758,False
rush_hour,489->485,542,10,bezier_ipopt,0.7325581540353596,mse,0.0002278901398499,False
rush_hour,489->485,542,10,bezier_nm,8.879795059969183,mse,0.0015798503090878,False
rush_hour,49->449,542,10,bezier_pgd,0.0011949890176765,mse,6.663744764393069e-05,False
rush_hour,49->449,542,10,bezier_ipopt,0.877245238982141,mse,1.8717086703576536e-05,False
rush_hour,49->449,542,10,bezier_nm,7.296777868992649,mse,0.0004312139366563,False
rush_hour,49->48,542,10,bezier_pgd,0.0017214519903063,mse,4.493103245223617e-05,False
rush_hour,49->48,542,10,bezier_ipopt,1.3776857419870794,mse,2.286016116730115e-05,False
rush_hour,49->48,542,10,bezier_nm,7.5588493649847806,mse,0.0002128138300537,False
rush_hour,490->120,542,10,bezier_pgd,0.0011474339989945,mse,0.0002049496661716,False
rush_hour,490->120,542,10,bezier_ipopt,1.0253921310068108,mse,0.0001457771737438,False
rush_hour,490->120,542,10,bezier_nm,8.045003912993707,mse,0.0006395090677706,False
rush_hour,490->207,542,10,bezier_pgd,0.0020798729965463,mse,0.0006982779198088,False
rush_hour,490->207,542,10,bezier_ipopt,1.1134314889786765,mse,0.0001692334052811,False
rush_hour,490->207,542,10,bezier_nm,6.5686260589864105,mse,0.0551233960067279,False
rush_hour,490->286,542,10,bezier_pgd,0.0010168770095333,mse,0.0006904865308261,False
rush_hour,490->286,542,10,bezier_ipopt,0.8539243030245416,mse,0.0004534975114248,False
rush_hour,490->286,542,10,bezier_nm,8.529000918962993,mse,0.0054431732277712,False
rush_hour,490->366,542,10,bezier_pgd,0.0021425160230137,mse,0.0004206505616588,False
rush_hour,490->366,542,10,bezier_ipopt,4.03233051096322,mse,0.0001150635400042,False
rush_hour,490->366,542,10,bezier_nm,8.700131447985768,mse,0.0012334085285464,False
rush_hour,491->219,542,10,bezier_pgd,0.0009912329842336,mse,0.01480061992708,False
rush_hour,491->219,542,10,bezier_ipopt,0.8758277370361611,mse,0.000419829434927,False
rush_hour,491->219,542,10,bezier_nm,7.078856347012334,mse,0.1595063850479934,False
rush_hour,491->492,542,10,bezier_pgd,0.0018567199585959,mse,0.0003462633881943,False
rush_hour,491->492,542,10,bezier_ipopt,1.1788025930291042,mse,0.0002095133182198,False
rush_hour,491->492,542,10,bezier_nm,7.563649044022895,mse,0.0034224705999271,False
rush_hour,491->501,542,10,bezier_pgd,0.0009257289930246,mse,0.0202909379368182,False
rush_hour,491->501,542,10,bezier_ipopt,0.8457953340257518,mse,0.0001722213412703,False
rush_hour,491->501,542,10,bezier_nm,7.030610078014433,mse,0.2325667219572359,False
rush_hour,491->503,542,10,bezier_pgd,0.0010453760041855,mse,7.272217449299983e-05,False
rush_hour,491->503,542,10,bezier_ipopt,0.9627747249905952,mse,4.909420510087567e-05,False
rush_hour,491->503,542,10,bezier_nm,7.415230726997834,mse,0.000210824906805,False
rush_hour,492->17,542,10,bezier_pgd,0.0010892489808611,mse,0.0039615822227369,False
rush_hour,492->17,542,10,bezier_ipopt,0.8801367930136621,mse,0.0002163484816857,False
rush_hour,492->17,542,10,bezier_nm,6.714850109012332,mse,0.1311922557587292,False
rush_hour,492->491,542,10,bezier_pgd,0.0008883610134944,mse,0.0006925159498903,False
rush_hour,492->491,542,10,bezier_ipopt,0.8818117859773338,mse,0.000631470039269,False
rush_hour,492->491,542,10,bezier_nm,6.70424545701826,mse,0.0027156652406906,False
rush_hour,492->501,542,10,bezier_pgd,0.0010663049761205,mse,0.0043274114402991,False
rush_hour,492->501,542,10,bezier_ipopt,1.7336013140156863,mse,0.0003294432949956,False
rush_hour,492->501,542,10,bezier_nm,7.22263934701914,mse,0.11053292437079,False
rush_hour,493->132,542,10,bezier_pgd,0.0008141649886965,mse,0.029430858317305,False
rush_hour,493->132,542,10,bezier_ipopt,1.0548717370256782,mse,0.0002588077080884,False
rush_hour,493->132,542,10,bezier_nm,7.227177580003627,mse,0.2339682087711831,False
rush_hour,493->394,542,10,bezier_pgd,0.001014788984321,mse,0.0689815533250411,False
rush_hour,493->394,542,10,bezier_ipopt,0.8588715919759125,mse,0.0003430862632396,False
rush_hour,493->394,542,10,bezier_nm,7.858486748998985,mse,0.261636589203658,False
rush_hour,493->413,542,10,bezier_pgd,0.0015309840091504,mse,0.0057788084204096,False
rush_hour,493->413,542,10,bezier_ipopt,,mse,,True
rush_hour,493->413,542,10,bezier_nm,6.789836495008785,mse,0.1022884434481066,False
rush_hour,494->220,542,10,bezier_pgd,0.0016003879718482,mse,0.0010139924073202,False
rush_hour,494->220,542,10,bezier_ipopt,0.6929738530307077,mse,0.0002845897725339,False
rush_hour,494->220,542,10,bezier_nm,8.515003791020717,mse,0.0056822295523537,False
rush_hour,494->257,542,10,bezier_pgd,0.0007584859849885,mse,0.0003097408060476,False
rush_hour,494->257,542,10,bezier_ipopt,0.9024584169965236,mse,0.0002937898100562,False
rush_hour,494->257,542,10,bezier_nm,7.562317199015524,mse,0.0006169076599292,False
rush_hour,494->268,542,10,bezier_pgd,0.0020317140151746,mse,0.0005615007971,False
rush_hour,494->268,542,10,bezier_ipopt,0.7744918609969318,mse,0.0002120047436627,False
rush_hour,494->268,542,10,bezier_nm,8.162644223019015,mse,0.0035790418864764,False
rush_hour,494->371,542,10,bezier_pgd,0.0011495179496705,mse,0.0029354237188785,False
rush_hour,494->371,542,10,bezier_ipopt,1.1951459960546345,mse,0.0002321163898621,False
rush_hour,494->371,542,10,bezier_nm,6.811995203024708,mse,0.1306021390317441,False
rush_hour,495->190,542,10,bezier_pgd,0.0008706439984962,mse,0.0111036875173154,False
rush_hour,495->190,542,10,bezier_ipopt,0.8518303480232134,mse,0.0003839587354681,False
rush_hour,495->190,542,10,bezier_nm,6.5763814260135405,mse,0.111043682530922,False
rush_hour,495->226,542,10,bezier_pgd,0.0010788069921545,mse,0.0005509115690016,False
rush_hour,495->226,542,10,bezier_ipopt,0.7826442130026408,mse,0.0003294346385662,False
rush_hour,495->226,542,10,bezier_nm,9.30922652996378,mse,0.0015129903016881,False
rush_hour,495->237,542,10,bezier_pgd,0.0006715769995935,mse,0.0001298836261433,False
rush_hour,495->237,542,10,bezier_ipopt,0.9046279710019008,mse,7.61413138794746e-05,False
rush_hour,495->237,542,10,bezier_nm,7.276413053041324,mse,0.0020986309583077,False
rush_hour,495->282,542,10,bezier_pgd,0.0009854329982772,mse,0.0047682212950896,False
rush_hour,495->282,542,10,bezier_ipopt,,mse,,True
rush_hour,495->282,542,10,bezier_nm,6.5080822900054045,mse,0.1104627962665952,False
rush_hour,496->431,542,10,bezier_pgd,0.0014586609904654,mse,0.0006039301585451,False
rush_hour,496->431,542,10,bezier_ipopt,0.7943459649686702,mse,0.0002563021688458,False
rush_hour,496->431,542,10,bezier_nm,8.793983614013996,mse,0.0023098946008439,False
rush_hour,496->455,542,10,bezier_pgd,0.0036353250034153,mse,0.0002272624172779,False
rush_hour,496->455,542,10,bezier_ipopt,0.7748984440113418,mse,0.0001862673112586,False
rush_hour,496->455,542,10,bezier_nm,8.173727394023445,mse,0.0010515773228377,False
rush_hour,496->482,542,10,bezier_pgd,0.001612662046682,mse,0.0007877303241165,False
rush_hour,496->482,542,10,bezier_ipopt,1.3162270960165188,mse,0.0002161430203274,False
rush_hour,496->482,542,10,bezier_nm,6.817769762012176,mse,0.0374097846174599,False
rush_hour,496->511,542,10,bezier_pgd,0.0019047620007768,mse,0.0027306877537187,False
rush_hour,496->511,542,10,bezier_ipopt,1.124964436981827,mse,0.0004409637715326,False
rush_hour,496->511,542,10,bezier_nm,6.3965410880045965,mse,0.0400411378550116,False
rush_hour,497->263,542,10,bezier_pgd,0.0013746340409852,mse,0.013786764233454,False
rush_hour,497->263,542,10,bezier_ipopt,0.8710806249873713,mse,0.000201956287975,False
rush_hour,497->263,542,10,bezier_nm,6.457682378997561,mse,0.2193082224163601,False
rush_hour,497->287,542,10,bezier_pgd,0.0017871420131996,mse,0.0007719844440208,False
rush_hour,497->287,542,10,bezier_ipopt,0.8805347610032186,mse,0.000374298566729,False
rush_hour,497->287,542,10,bezier_nm,8.67485917097656,mse,0.0051606274351703,False
rush_hour,497->431,542,10,bezier_pgd,0.0007772259996272,mse,0.000438909789486,False
rush_hour,497->431,542,10,bezier_ipopt,0.8569459310383536,mse,0.0002174324565674,False
rush_hour,497->431,542,10,bezier_nm,7.104028927977197,mse,0.0055306948005937,False
rush_hour,497->535,542,10,bezier_pgd,0.0013290799688547,mse,0.000322697132963,False
rush_hour,497->535,542,10,bezier_ipopt,0.8457859689951874,mse,0.0001355855349008,False
rush_hour,497->535,542,10,bezier_nm,7.688736482989043,mse,0.0024005179647978,False
rush_hour,498->148,542,10,bezier_pgd,0.0015830649645067,mse,0.0003888842725189,False
rush_hour,498->148,542,10,bezier_ipopt,0.8664009780040942,mse,0.0002884395047347,False
rush_hour,498->148,542,10,bezier_nm,8.226991949020885,mse,0.0007354174420223,False
rush_hour,498->236,542,10,bezier_pgd,0.0017243699985556,mse,0.0004739594752204,False
rush_hour,498->236,542,10,bezier_ipopt,1.2324801710201427,mse,0.0003053176671188,False
rush_hour,498->236,542,10,bezier_nm,7.643568244006019,mse,0.0007172200325686,False
rush_hour,498->257,542,10,bezier_pgd,0.0012217690236866,mse,0.0003546326484062,False
rush_hour,498->257,542,10,bezier_ipopt,0.9231535979779436,mse,0.0002693953206244,False
rush_hour,498->257,542,10,bezier_nm,7.378345867036842,mse,0.0016795424781369,False
rush_hour,498->369,542,10,bezier_pgd,0.0010359570151194,mse,0.0002765123251365,False
rush_hour,498->369,542,10,bezier_ipopt,0.926380010030698,mse,0.0001331679311986,False
rush_hour,498->369,542,10,bezier_nm,6.980630996986292,mse,0.00101478713623,False
rush_hour,499->303,542,10,bezier_pgd,0.0027394450153224,mse,0.000740621003007,False
rush_hour,499->303,542,10,bezier_ipopt,0.8200324759818614,mse,0.0001974612953354,False
rush_hour,499->303,542,10,bezier_nm,7.835875029035378,mse,0.005702315640291,False
rush_hour,499->360,542,10,bezier_pgd,0.0011905520223081,mse,0.0002412196729323,False
rush_hour,499->360,542,10,bezier_ipopt,0.8714423250057735,mse,0.0001728817928343,False
rush_hour,499->360,542,10,bezier_nm,8.123894374992233,mse,0.0002938085631327,False
rush_hour,499->362,542,10,bezier_pgd,0.0010145739652216,mse,0.0002858433596747,False
rush_hour,499->362,542,10,bezier_ipopt,0.8791927919955924,mse,0.0001977665524016,False
rush_hour,499->362,542,10,bezier_nm,8.02350029698573,mse,0.0005752082805053,False
rush_hour,499->9,542,10,bezier_pgd,0.0016804180340841,mse,0.0004880436784439,False
rush_hour,499->9,542,10,bezier_ipopt,0.974919606000185,mse,0.0001459629232781,False
rush_hour,499->9,542,10,bezier_nm,6.762700426974334,mse,0.00428122694003,False
rush_hour,5->106,542,10,bezier_pgd,0.0011451740283519,mse,5.1510713301807296e-05,False
rush_hour,5->106,542,10,bezier_ipopt,1.042371732997708,mse,1.5465079617121383e-05,False
rush_hour,5->106,542,10,bezier_nm,7.385062608984299,mse,0.0003144297654635,False
rush_hour,50->51,542,10,bezier_pgd,0.0008119780104607,mse,4.112768454867148e-05,False
rush_hour,50->51,542,10,bezier_ipopt,0.8748762809555046,mse,2.395563710650204e-05,False
rush_hour,50->51,542,10,bezier_nm,6.241072679986246,mse,0.0006882431173712,False
rush_hour,50->55,542,10,bezier_pgd,0.0008673749980516,mse,3.977632990112978e-05,False
rush_hour,50->55,542,10,bezier_ipopt,1.063347167975735,mse,2.322794579513999e-05,False
rush_hour,50->55,542,10,bezier_nm,7.467639178968966,mse,0.0009903920090231,False
rush_hour,500->253,542,10,bezier_pgd,0.0028357120463624,mse,0.0004259802923535,False
rush_hour,500->253,542,10,bezier_ipopt,0.8656137399957515,mse,0.0003144177684194,False
rush_hour,500->253,542,10,bezier_nm,7.838280618947465,mse,0.0023872512209307,False
rush_hour,500->304,542,10,bezier_pgd,0.0007016430026851,mse,0.0003041976023158,False
rush_hour,500->304,542,10,bezier_ipopt,0.9640012980089524,mse,0.0002681095537244,False
rush_hour,500->304,542,10,bezier_nm,7.756766708975192,mse,0.0011845063708255,False
rush_hour,500->309,542,10,bezier_pgd,0.0032935579656623,mse,0.0004379300443538,False
rush_hour,500->309,542,10,bezier_ipopt,1.015920776000712,mse,0.0002904395281788,False
rush_hour,500->309,542,10,bezier_nm,6.646089653018862,mse,0.0016552027053214,False
rush_hour,500->406,542,10,bezier_pgd,0.0008953309734351,mse,0.0004270246230081,False
rush_hour,500->406,542,10,bezier_ipopt,0.9908110949909316,mse,0.0002466944278091,False
rush_hour,500->406,542,10,bezier_nm,8.06680235802196,mse,0.0006408200610409,False
rush_hour,501->256,542,10,bezier_pgd,0.0009672360029071,mse,0.0042404997150079,False
rush_hour,501->256,542,10,bezier_ipopt,0.8355377650004812,mse,0.0001787899489216,False
rush_hour,501->256,542,10,bezier_nm,6.299452412989922,mse,0.1222293407519826,False
rush_hour,501->382,542,10,bezier_pgd,0.0009327179868705,mse,0.0003271896390286,False
rush_hour,501->382,542,10,bezier_ipopt,0.7580181919620372,mse,0.0002552033869695,False
rush_hour,501->382,542,10,bezier_nm,8.230307113029994,mse,0.000894757082608,False
rush_hour,501->491,542,10,bezier_pgd,0.0008693970157764,mse,0.0039961251158204,False
rush_hour,501->491,542,10,bezier_ipopt,0.9863572819740511,mse,0.0004824111416002,False
rush_hour,501->491,542,10,bezier_nm,6.999894685985055,mse,0.1077065341468242,False
rush_hour,501->492,542,10,bezier_pgd,0.0007963090320117,mse,0.0003285538388865,False
rush_hour,501->492,542,10,bezier_ipopt,0.8685139309964143,mse,0.0001946701206071,False
rush_hour,501->492,542,10,bezier_nm,8.15237803204218,mse,0.0009857811367478,False
rush_hour,502->367,542,10,bezier_pgd,0.0010999090154655,mse,0.0015313329722859,False
rush_hour,502->367,542,10,bezier_ipopt,0.7936043390072882,mse,0.0001689903061507,False
rush_hour,502->367,542,10,bezier_nm,6.1383042319794185,mse,0.0092462665842852,False
rush_hour,502->379,542,10,bezier_pgd,0.0008307790267281,mse,0.0061849052466511,False
rush_hour,502->379,542,10,bezier_ipopt,0.9480478339828552,mse,0.0001878729770255,False
rush_hour,502->379,542,10,bezier_nm,5.679260277014691,mse,0.0528504710279626,False
rush_hour,502->482,542,10,bezier_pgd,0.0018241550424136,mse,0.0006070645853272,False
rush_hour,502->482,542,10,bezier_ipopt,0.6261337019968778,mse,0.0001660134366532,False
rush_hour,502->482,542,10,bezier_nm,8.389704300032463,mse,0.0027004780715049,False
rush_hour,502->520,542,10,bezier_pgd,0.0010364949703216,mse,0.0001962203088674,False
rush_hour,502->520,542,10,bezier_ipopt,0.9391619460075162,mse,0.0001057898222438,False
rush_hour,502->520,542,10,bezier_nm,7.579153274011331,mse,0.000578981391996,False
rush_hour,503->296,542,10,bezier_pgd,0.0023337039747275,mse,0.0003279154185493,False
rush_hour,503->296,542,10,bezier_ipopt,3.177951926947572,mse,0.0002102558288665,False
rush_hour,503->296,542,10,bezier_nm,8.606776855012868,mse,0.0070558845990138,False
rush_hour,503->395,542,10,bezier_pgd,0.0011302099446766,mse,0.0036977226584795,False
rush_hour,503->395,542,10,bezier_ipopt,1.1537761219660752,mse,0.0002455701944398,False
rush_hour,503->395,542,10,bezier_nm,7.382445787021425,mse,0.0987501745842055,False
rush_hour,503->491,542,10,bezier_pgd,0.001137627987191,mse,0.0011681312401293,False
rush_hour,503->491,542,10,bezier_ipopt,0.9519577010069042,mse,0.0001859794934435,False
rush_hour,503->491,542,10,bezier_nm,6.974168695975095,mse,0.0617468607155727,False
rush_hour,503->512,542,10,bezier_pgd,0.0009982000337913,mse,0.0002656252419256,False
rush_hour,503->512,542,10,bezier_ipopt,0.978485569008626,mse,0.0002216693227401,False
rush_hour,503->512,542,10,bezier_nm,7.391161573003046,mse,0.0068740955077311,False
rush_hour,504->206,542,10,bezier_pgd,0.00184335000813,mse,0.0004481522505636,False
rush_hour,504->206,542,10,bezier_ipopt,0.7509286039858125,mse,0.0002078746194626,False
rush_hour,504->206,542,10,bezier_nm,8.69013277196791,mse,0.001272595109092,False
rush_hour,504->207,542,10,bezier_pgd,0.0011273949639871,mse,0.0014097419070054,False
rush_hour,504->207,542,10,bezier_ipopt,0.9878462760243564,mse,0.0003090047312201,False
rush_hour,504->207,542,10,bezier_nm,7.771999162039719,mse,0.0601106001702726,False
rush_hour,504->343,542,10,bezier_pgd,0.0008008599979802,mse,0.0045569782920487,False
rush_hour,504->343,542,10,bezier_ipopt,1.1170015009702183,mse,0.0002429159088504,False
rush_hour,504->343,542,10,bezier_nm,6.701067860994954,mse,0.0448381247168938,False
rush_hour,504->424,542,10,bezier_pgd,0.0010821989853866,mse,0.0207496609165269,False
rush_hour,504->424,542,10,bezier_ipopt,1.2675785570172593,mse,0.0001364847359172,False
rush_hour,504->424,542,10,bezier_nm,6.468825066986028,mse,0.2023349519634694,False
rush_hour,505->263,542,10,bezier_pgd,0.0009000150021165,mse,0.0028288814206872,False
rush_hour,505->263,542,10,bezier_ipopt,0.9431206479785031,mse,0.0002167839763324,False
rush_hour,505->263,542,10,bezier_nm,5.905038177035749,mse,0.0579879794286396,False
rush_hour,505->407,542,10,bezier_pgd,0.0015704359975643,mse,0.000610117041123,False
rush_hour,505->407,542,10,bezier_ipopt,0.7828293800121173,mse,0.0002434557640235,False
rush_hour,505->407,542,10,bezier_nm,8.703170297958422,mse,0.0021047669116804,False
rush_hour,505->488,542,10,bezier_pgd,0.0009943459881469,mse,0.0131334058027739,False
rush_hour,505->488,542,10,bezier_ipopt,1.1352367300423791,mse,0.0002441286093477,False
rush_hour,505->488,542,10,bezier_nm,6.751483647967689,mse,0.1405056421635419,False
rush_hour,505->532,542,10,bezier_pgd,0.0010642550187185,mse,0.0001891153974746,False
rush_hour,505->532,542,10,bezier_ipopt,0.9634355659945868,mse,0.0001581125384251,False
rush_hour,505->532,542,10,bezier_nm,8.128807653964031,mse,0.0007282045956448,False
rush_hour,506->19,542,10,bezier_pgd,0.0010058950283564,mse,0.1059092173495633,False
rush_hour,506->19,542,10,bezier_ipopt,1.1808056729496457,mse,0.0005225979296731,False
rush_hour,506->19,542,10,bezier_nm,6.570484404044692,mse,0.2931255825143189,False
rush_hour,506->296,542,10,bezier_pgd,0.0009842540021054,mse,0.0021417271112026,False
rush_hour,506->296,542,10,bezier_ipopt,0.9511486010160296,mse,0.0001534146312494,False
rush_hour,506->296,542,10,bezier_nm,6.807467209990136,mse,0.0782372215233334,False
rush_hour,506->304,542,10,bezier_pgd,0.0009288729634135,mse,0.0052459845408696,False
rush_hour,506->304,542,10,bezier_ipopt,0.8309945769724436,mse,0.0001886579312696,False
rush_hour,506->304,542,10,bezier_nm,7.518225259962492,mse,0.0989872498568028,False
rush_hour,506->458,542,10,bezier_pgd,0.0009970469982363,mse,0.0863853180128573,False
rush_hour,506->458,542,10,bezier_ipopt,1.1599128270172514,mse,0.0003998273487552,False
rush_hour,506->458,542,10,bezier_nm,6.870617998007219,mse,0.2849460454690932,False
rush_hour,507->150,542,10,bezier_pgd,0.0016896940069273,mse,0.0004360847282332,False
rush_hour,507->150,542,10,bezier_ipopt,1.1612009200034663,mse,0.0001174897430473,False
rush_hour,507->150,542,10,bezier_nm,6.418741122994106,mse,0.0294214986401903,False
rush_hour,507->302,542,10,bezier_pgd,0.00446110003395,mse,0.0007012478745963,False
rush_hour,507->302,542,10,bezier_ipopt,,mse,,True
rush_hour,507->302,542,10,bezier_nm,5.964186644996516,mse,0.0029799462083989,False
rush_hour,507->404,542,10,bezier_pgd,0.0010121710365638,mse,0.0002703258588436,False
rush_hour,507->404,542,10,bezier_ipopt,0.8076399179990403,mse,0.0002008328602396,False
rush_hour,507->404,542,10,bezier_nm,8.384079170005862,mse,0.0030077302673299,False
rush_hour,507->424,542,10,bezier_pgd,0.0009433570085093,mse,0.0013484590748417,False
rush_hour,507->424,542,10,bezier_ipopt,0.7752434510039166,mse,0.0003337732204872,False
rush_hour,507->424,542,10,bezier_nm,6.051205033960287,mse,0.0048712666962197,False
rush_hour,508->230,542,10,bezier_pgd,0.0009670170256868,mse,0.0724376568905497,False
rush_hour,508->230,542,10,bezier_ipopt,1.966786831966601,mse,0.0003387554031225,False
rush_hour,508->230,542,10,bezier_nm,8.535873788001481,mse,0.2753035624527617,False
rush_hour,508->428,542,10,bezier_pgd,0.0008637240389361,mse,0.027969551201057,False
rush_hour,508->428,542,10,bezier_ipopt,,mse,,True
rush_hour,508->428,542,10,bezier_nm,6.885758211952634,mse,0.2760686175690232,False
rush_hour,508->442,542,10,bezier_pgd,0.0006783949793316,mse,0.0011615113757022,False
rush_hour,508->442,542,10,bezier_ipopt,1.3818134350003677,mse,0.0011465942625182,False
rush_hour,508->442,542,10,bezier_nm,6.746184094983619,mse,0.0014274599092381,False
rush_hour,508->446,542,10,bezier_pgd,0.0009291069582104,mse,0.0038588220847235,False
rush_hour,508->446,542,10,bezier_ipopt,0.8783813290065154,mse,0.0001494679847418,False
rush_hour,508->446,542,10,bezier_nm,6.884604737046175,mse,0.0298237366302354,False
rush_hour,509->145,542,10,bezier_pgd,0.0011715419823303,mse,0.0002082945321579,False
rush_hour,509->145,542,10,bezier_ipopt,0.8699359589954838,mse,0.0001245343144462,False
rush_hour,509->145,542,10,bezier_nm,7.884808837960008,mse,0.0056100676046791,False
rush_hour,509->290,542,10,bezier_pgd,0.0009648280101828,mse,0.0790823959873041,False
rush_hour,509->290,542,10,bezier_ipopt,0.8172135510249063,mse,0.0004558311808998,False
rush_hour,509->290,542,10,bezier_nm,7.033501678030007,mse,0.2639972740080649,False
rush_hour,509->315,542,10,bezier_pgd,0.0010036950116045,mse,0.0002961770944928,False
rush_hour,509->315,542,10,bezier_ipopt,0.9312420469941572,mse,0.0002174790003996,False
rush_hour,509->315,542,10,bezier_nm,7.799007093010005,mse,0.0009626733856705,False
rush_hour,509->470,542,10,bezier_pgd,0.0015687889535911,mse,0.0004587274912346,False
rush_hour,509->470,542,10,bezier_ipopt,1.1534657629672438,mse,0.0001054908330961,False
rush_hour,509->470,542,10,bezier_nm,7.810224752989598,mse,0.0022195712399276,False
rush_hour,51->241,542,10,bezier_pgd,0.0010142849641852,mse,0.2971407651733317,False
rush_hour,51->241,542,10,bezier_ipopt,,mse,,True
rush_hour,51->241,542,10,bezier_nm,6.711757112003397,mse,0.4718391380778263,False
rush_hour,51->50,542,10,bezier_pgd,0.0008013470214791,mse,4.3560973582839554e-05,False
rush_hour,51->50,542,10,bezier_ipopt,0.9000440749805421,mse,2.284973139854373e-05,False
rush_hour,51->50,542,10,bezier_nm,6.308359453978483,mse,0.0007052252561722,False
rush_hour,510->108,542,10,bezier_pgd,0.0010323490132577,mse,0.000468618568449,False
rush_hour,510->108,542,10,bezier_ipopt,1.185800253006164,mse,0.0004351314755374,False
rush_hour,510->108,542,10,bezier_nm,7.667014778999146,mse,0.0006041155976659,False
rush_hour,510->141,542,10,bezier_pgd,0.0010097559425048,mse,0.0141119026530478,False
rush_hour,510->141,542,10,bezier_ipopt,0.91443232196616,mse,0.0003907817774637,False
rush_hour,510->141,542,10,bezier_nm,7.046514241024852,mse,0.1383068575211641,False
rush_hour,510->84,542,10,bezier_pgd,0.0008652469841763,mse,0.0083816364815548,False
rush_hour,510->84,542,10,bezier_ipopt,,mse,,True
rush_hour,510->84,542,10,bezier_nm,6.6424783889669925,mse,0.2214220942538696,False
rush_hour,511->129,542,10,bezier_pgd,0.001374355982989,mse,0.0002950528357296,False
rush_hour,511->129,542,10,bezier_ipopt,1.1292423670529388,mse,0.0001910462128911,False
rush_hour,511->129,542,10,bezier_nm,7.47179718199186,mse,0.0012431313865897,False
rush_hour,511->407,542,10,bezier_pgd,0.0010043520014733,mse,0.00017048165738,False
rush_hour,511->407,542,10,bezier_ipopt,1.0626252720248883,mse,0.0001180055394682,False
rush_hour,511->407,542,10,bezier_nm,8.459550964005757,mse,0.0008714563761062,False
rush_hour,511->482,542,10,bezier_pgd,0.0008476939983665,mse,0.0378603759308181,False
rush_hour,511->482,542,10,bezier_ipopt,0.7753367249970324,mse,0.0003924135641457,False
rush_hour,511->482,542,10,bezier_nm,7.566299090976827,mse,0.2482123002393682,False
rush_hour,511->496,542,10,bezier_pgd,0.0008828819845803,mse,0.0066742980918729,False
rush_hour,511->496,542,10,bezier_ipopt,1.0279265550198031,mse,0.0002198059191851,False
rush_hour,511->496,542,10,bezier_nm,7.555264346010517,mse,0.1054019352788042,False
rush_hour,512->363,542,10,bezier_pgd,0.001592410961166,mse,0.0028089303952601,False
rush_hour,512->363,542,10,bezier_ipopt,0.9281528110150248,mse,0.0001931137286651,False
rush_hour,512->363,542,10,bezier_nm,6.750058557023294,mse,0.055389012628326,False
rush_hour,512->382,542,10,bezier_pgd,0.0007004379876889,mse,0.0002559782799868,False
rush_hour,512->382,542,10,bezier_ipopt,0.8242569069843739,mse,0.0001617052577198,False
rush_hour,512->382,542,10,bezier_nm,7.215875505004078,mse,0.0004551296237332,False
rush_hour,512->406,542,10,bezier_pgd,0.0009125529904849,mse,0.0212738766462293,False
rush_hour,512->406,542,10,bezier_ipopt,0.8086869579856284,mse,0.0003801801273949,False
rush_hour,512->406,542,10,bezier_nm,6.537447231996339,mse,0.228945726903242,False
rush_hour,512->503,542,10,bezier_pgd,0.0016718939878046,mse,0.0002109151703173,False
rush_hour,512->503,542,10,bezier_ipopt,0.9332027269992976,mse,9.492567506161048e-05,False
rush_hour,512->503,542,10,bezier_nm,8.80999035097193,mse,0.0005750776239425,False
rush_hour,513->179,542,10,bezier_pgd,0.0012857419787906,mse,0.0008073316146311,False
rush_hour,513->179,542,10,bezier_ipopt,0.7313401439459994,mse,0.000748111178208,False
rush_hour,513->179,542,10,bezier_nm,7.137867836980149,mse,0.0010550399990163,False
rush_hour,513->188,542,10,bezier_pgd,0.0020035689813084,mse,0.0003868964702858,False
rush_hour,513->188,542,10,bezier_ipopt,0.7356698070070706,mse,0.0002098765276566,False
rush_hour,513->188,542,10,bezier_nm,8.445326395973098,mse,0.0106096865936662,False
rush_hour,513->365,542,10,bezier_pgd,0.0014144250308163,mse,0.005592406793937,False
rush_hour,513->365,542,10,bezier_ipopt,1.2287432019948028,mse,0.0006478291079555,False
rush_hour,513->365,542,10,bezier_nm,8.252651022048667,mse,0.2095514239295845,False
rush_hour,513->479,542,10,bezier_pgd,0.001001042954158,mse,0.0068856983883287,False
rush_hour,513->479,542,10,bezier_ipopt,0.7024139760178514,mse,0.0001052462583173,False
rush_hour,513->479,542,10,bezier_nm,7.0120847329963,mse,0.1348797696967952,False
rush_hour,514->187,542,10,bezier_pgd,0.0009303719853051,mse,0.0043721642216393,False
rush_hour,514->187,542,10,bezier_ipopt,0.7838224489823915,mse,0.0004139884039392,False
rush_hour,514->187,542,10,bezier_nm,7.564627764979377,mse,0.0877021309276492,False
rush_hour,514->303,542,10,bezier_pgd,0.0031268760212697,mse,0.0006307931169338,False
rush_hour,514->303,542,10,bezier_ipopt,0.820951581990812,mse,0.0003630446316984,False
rush_hour,514->303,542,10,bezier_nm,9.274580309982412,mse,0.0043188476163483,False
rush_hour,514->342,542,10,bezier_pgd,0.001552656001877,mse,0.0002687425914234,False
rush_hour,514->342,542,10,bezier_ipopt,0.7441567829810083,mse,0.0001879293204935,False
rush_hour,514->342,542,10,bezier_nm,8.907584923959803,mse,0.0030085527724499,False
rush_hour,514->366,542,10,bezier_pgd,0.0008274539723061,mse,0.0044927187282198,False
rush_hour,514->366,542,10,bezier_ipopt,0.8032562239677645,mse,0.0002303372028861,False
rush_hour,514->366,542,10,bezier_nm,6.864974796015304,mse,0.0997068349272198,False
rush_hour,515->372,542,10,bezier_pgd,0.0017439220100641,mse,4.925190210845439e-05,False
rush_hour,515->372,542,10,bezier_ipopt,1.15447079698788,mse,1.950859583967652e-05,False
rush_hour,515->372,542,10,bezier_nm,9.208177339984104,mse,0.0002319928932144,False
rush_hour,515->445,542,10,bezier_pgd,0.0008718630415387,mse,0.0329128964535934,False
rush_hour,515->445,542,10,bezier_ipopt,0.7280246799928136,mse,0.0002125557070416,False
rush_hour,515->445,542,10,bezier_nm,6.673132590949535,mse,0.2490441309441151,False
rush_hour,515->528,542,10,bezier_pgd,0.0007472530123777,mse,0.0230998074157724,False
rush_hour,515->528,542,10,bezier_ipopt,,mse,,True
rush_hour,515->528,542,10,bezier_nm,7.017692552995868,mse,0.2734191662503593,False
rush_hour,515->6,542,10,bezier_pgd,0.0009109940147027,mse,0.0074126464856027,False
rush_hour,515->6,542,10,bezier_ipopt,,mse,,True
rush_hour,515->6,542,10,bezier_nm,6.511575361015275,mse,0.0280065714413709,False
rush_hour,516->15,542,10,bezier_pgd,0.0012395170051604,mse,0.3094515352749671,False
rush_hour,516->15,542,10,bezier_ipopt,,mse,,True
rush_hour,516->15,542,10,bezier_nm,6.174215416016523,mse,0.4629272015763103,False
rush_hour,516->22,542,10,bezier_pgd,0.0008845310076139,mse,0.0029754561499588,False
rush_hour,516->22,542,10,bezier_ipopt,0.7707399759674445,mse,0.0001052007412541,False
rush_hour,516->22,542,10,bezier_nm,7.069254002009984,mse,0.0037805258034761,False
rush_hour,516->536,1084,10,bezier_pgd,0.0010414909920655,mse,0.0401847798211539,False
rush_hour,516->536,1084,10,bezier_ipopt,,mse,,True
rush_hour,516->536,1084,10,bezier_nm,13.660502663988154,mse,0.3237588566723431,False
rush_hour,517->11,542,10,bezier_pgd,0.0008707329980097,mse,0.0041077492825411,False
rush_hour,517->11,542,10,bezier_ipopt,0.917270975012798,mse,0.0001954956264419,False
rush_hour,517->11,542,10,bezier_nm,7.569790830020793,mse,0.0799589862369262,False
rush_hour,517->136,542,10,bezier_pgd,0.0013925079838372,mse,0.0029603468884728,False
rush_hour,517->136,542,10,bezier_ipopt,0.874063796014525,mse,0.0002952010913062,False
rush_hour,517->136,542,10,bezier_nm,7.148518666042946,mse,0.0605449906142953,False
rush_hour,517->164,542,10,bezier_pgd,0.0015519910375587,mse,0.0005438699881359,False
rush_hour,517->164,542,10,bezier_ipopt,0.9413690710207449,mse,0.0003683322038112,False
rush_hour,517->164,542,10,bezier_nm,8.268133596982807,mse,0.0030772158522029,False
rush_hour,517->175,542,10,bezier_pgd,0.0022267349995672,mse,0.0004904395976085,False
rush_hour,517->175,542,10,bezier_ipopt,0.887603139039129,mse,0.000311182354633,False
rush_hour,517->175,542,10,bezier_nm,7.912564149009995,mse,0.0015375306451002,False
rush_hour,517->305,542,10,bezier_pgd,0.0010140920057892,mse,0.0003734221887527,False
rush_hour,517->305,542,10,bezier_ipopt,1.02150095597608,mse,0.0002295671777072,False
rush_hour,517->305,542,10,bezier_nm,8.188407887006178,mse,0.0013603564047432,False
rush_hour,517->350,542,10,bezier_pgd,0.0009695189655758,mse,0.0003430672237049,False
rush_hour,517->350,542,10,bezier_ipopt,0.7445525520015508,mse,0.000229236979378,False
rush_hour,517->350,542,10,bezier_nm,8.901392903004307,mse,0.0030963944882634,False
rush_hour,518->525,542,10,bezier_pgd,0.0008439570083282,mse,0.0097470699013618,False
rush_hour,518->525,542,10,bezier_ipopt,0.8135662179556675,mse,6.530751489349099e-05,False
rush_hour,518->525,542,10,bezier_nm,6.450999015010893,mse,0.017414453012398,False
rush_hour,518->527,1084,10,bezier_pgd,0.0015711109736002,mse,0.0028229781867199,False
rush_hour,518->527,1084,10,bezier_ipopt,1.8688499039853923,mse,0.0002835865289919,False
rush_hour,518->527,1084,10,bezier_nm,13.961235357041003,mse,0.079352099800167,False
rush_hour,518->6,542,10,bezier_pgd,0.0012923959875479,mse,0.0010626673283798,False
rush_hour,518->6,542,10,bezier_ipopt,0.9265479079913348,mse,8.339127725198697e-05,False
rush_hour,518->6,542,10,bezier_nm,6.992022262013052,mse,0.0047211927299274,False
rush_hour,519->483,542,10,bezier_pgd,0.0009849490015767,mse,0.1284670933247519,False
rush_hour,519->483,542,10,bezier_ipopt,,mse,,True
rush_hour,519->483,542,10,bezier_nm,7.434424181992654,mse,0.3269040657176355,False
rush_hour,519->523,542,10,bezier_pgd,0.0018534529954195,mse,0.0008841809052398,False
rush_hour,519->523,542,10,bezier_ipopt,0.9633635130012408,mse,0.0002365730960679,False
rush_hour,519->523,542,10,bezier_nm,6.407263884029817,mse,0.0807486134077618,False
rush_hour,519->530,542,10,bezier_pgd,0.0008713110000826,mse,0.0047145472470964,False
rush_hour,519->530,542,10,bezier_ipopt,1.0173821959760971,mse,0.0004789661151284,False
rush_hour,519->530,542,10,bezier_nm,6.85408894700231,mse,0.2121927807838453,False
rush_hour,52->53,542,10,bezier_pgd,0.0007326460327021,mse,3.583287347594252e-05,False
rush_hour,52->53,542,10,bezier_ipopt,1.0628032379900103,mse,1.4863419259479898e-05,False
rush_hour,52->53,542,10,bezier_nm,7.277093681972474,mse,0.0003534297880881,False
rush_hour,52->54,542,10,bezier_pgd,0.0008355439640581,mse,4.638723863598301e-05,False
rush_hour,52->54,542,10,bezier_ipopt,0.8732531850109808,mse,3.0041107605327585e-05,False
rush_hour,52->54,542,10,bezier_nm,6.93461636203574,mse,0.0001968822693669,False
rush_hour,520->214,542,10,bezier_pgd,0.0014976599486544,mse,0.0004702521057686,False
rush_hour,520->214,542,10,bezier_ipopt,1.0120530670392327,mse,0.0002103940696782,False
rush_hour,520->214,542,10,bezier_nm,6.675157035992015,mse,0.0367181583565918,False
rush_hour,520->250,542,10,bezier_pgd,0.0015816939994692,mse,0.0003045445679314,False
rush_hour,520->250,542,10,bezier_ipopt,0.8099775910377502,mse,0.0002292925083027,False
rush_hour,520->250,542,10,bezier_nm,7.874406683025882,mse,0.0067922752011899,False
rush_hour,520->482,542,10,bezier_pgd,0.0008608889766037,mse,0.0023889741405767,False
rush_hour,520->482,542,10,bezier_ipopt,0.9119101020041852,mse,0.0003040987156739,False
rush_hour,520->482,542,10,bezier_nm,6.490643285971601,mse,0.0789175065012674,False
rush_hour,520->502,542,10,bezier_pgd,0.0022681860136799,mse,0.0003935268674422,False
rush_hour,520->502,542,10,bezier_ipopt,0.9519570649717934,mse,0.0001874545390761,False
rush_hour,520->502,542,10,bezier_nm,8.400221841002349,mse,0.0022091945115788,False
rush_hour,521->175,542,10,bezier_pgd,0.0010135470074601,mse,0.0027962680936142,False
rush_hour,521->175,542,10,bezier_ipopt,0.7108507560333237,mse,0.0001887522012371,False
rush_hour,521->175,542,10,bezier_nm,7.573317139002029,mse,0.1124811440617742,False
rush_hour,521->246,542,10,bezier_pgd,0.0011215569684281,mse,0.0017311235435282,False
rush_hour,521->246,542,10,bezier_ipopt,0.8988238860038109,mse,0.0001289775919801,False
rush_hour,521->246,542,10,bezier_nm,6.990505906986073,mse,0.0313040556699735,False
rush_hour,521->400,542,10,bezier_pgd,0.0008891380275599,mse,0.0001177644261525,False
rush_hour,521->400,542,10,bezier_ipopt,0.8839364910381846,mse,0.000100664351698,False
rush_hour,521->400,542,10,bezier_nm,7.428954650997184,mse,0.000221344643752,False
rush_hour,522->210,542,10,bezier_pgd,0.0010039880289696,mse,0.075455845588793,False
rush_hour,522->210,542,10,bezier_ipopt,0.8193836249993183,mse,0.0006217627544615,False
rush_hour,522->210,542,10,bezier_nm,7.19113988103345,mse,0.2672613329475525,False
rush_hour,522->266,542,10,bezier_pgd,0.0014418679638765,mse,0.0005567965164276,False
rush_hour,522->266,542,10,bezier_ipopt,0.7258527179947123,mse,0.0002589697933783,False
rush_hour,522->266,542,10,bezier_nm,6.562390149978455,mse,0.0512995675490181,False
rush_hour,522->344,542,10,bezier_pgd,0.0009543109918013,mse,0.0024775580044617,False
rush_hour,522->344,542,10,bezier_ipopt,1.0252318609855138,mse,0.000150695736694,False
rush_hour,522->344,542,10,bezier_nm,6.558342967007775,mse,0.1056873613513012,False
rush_hour,522->354,542,10,bezier_pgd,0.0023379569756798,mse,0.0008516251223673,False
rush_hour,522->354,542,10,bezier_ipopt,0.7755750649957918,mse,0.0003678363401971,False
rush_hour,522->354,542,10,bezier_nm,7.181767996982671,mse,0.0073123599689366,False
rush_hour,523->461,542,10,bezier_pgd,0.0009035600232891,mse,0.007075273208991,False
rush_hour,523->461,542,10,bezier_ipopt,0.7930584860150702,mse,0.0006261409654748,False
rush_hour,523->461,542,10,bezier_nm,7.128323473036289,mse,0.2075693020474376,False
rush_hour,523->519,542,10,bezier_pgd,0.000848744995892,mse,0.0528417517989951,False
rush_hour,523->519,542,10,bezier_ipopt,,mse,,True
rush_hour,523->519,542,10,bezier_nm,7.246208427008241,mse,0.2785796820237605,False
rush_hour,523->526,542,10,bezier_pgd,0.0011828279821202,mse,0.0050088380174741,False
rush_hour,523->526,542,10,bezier_ipopt,,mse,,True
rush_hour,523->526,542,10,bezier_nm,6.7586075909785,mse,0.009483654015876,False
rush_hour,523->530,542,10,bezier_pgd,0.0010900539928115,mse,0.0058334429249792,False
rush_hour,523->530,542,10,bezier_ipopt,0.7783062389935367,mse,0.0001025069638798,False
rush_hour,523->530,542,10,bezier_nm,7.197055627999362,mse,0.0097340022697887,False
rush_hour,524->100,542,10,bezier_pgd,0.0007801659521646,mse,4.66982025532261e-05,False
rush_hour,524->100,542,10,bezier_ipopt,1.696733476012014,mse,1.9431312202664977e-05,False
rush_hour,524->100,542,10,bezier_nm,7.865819042024668,mse,0.0002347783057934,False
rush_hour,524->189,542,10,bezier_pgd,0.0016375430277548,mse,0.0013254398128667,False
rush_hour,524->189,542,10,bezier_ipopt,2.573613352025859,mse,0.0002898825597105,False
rush_hour,524->189,542,10,bezier_nm,6.424810175027233,mse,0.061321997006072,False
rush_hour,524->457,542,10,bezier_pgd,0.0010746180196292,mse,8.476037226535371e-05,False
rush_hour,524->457,542,10,bezier_ipopt,0.7687302979757078,mse,3.798460984617509e-05,False
rush_hour,524->457,542,10,bezier_nm,7.221351068990771,mse,0.0002471453871526,False
rush_hour,524->481,542,10,bezier_pgd,0.0011559420381672,mse,0.0002197270253805,False
rush_hour,524->481,542,10,bezier_ipopt,0.8165375659591518,mse,0.0001223538032486,False
rush_hour,524->481,542,10,bezier_nm,8.19783495599404,mse,0.000475258032531,False
rush_hour,525->437,542,10,bezier_pgd,0.0017027420108206,mse,0.0068199730550889,False
rush_hour,525->437,542,10,bezier_ipopt,,mse,,True
rush_hour,525->437,542,10,bezier_nm,7.2335953210131265,mse,0.1233956925614515,False
rush_hour,525->477,542,10,bezier_pgd,0.0008947239839471,mse,0.0094087727454532,False
rush_hour,525->477,542,10,bezier_ipopt,1.1374173630028963,mse,0.0001919591642375,False
rush_hour,525->477,542,10,bezier_nm,6.63095522596268,mse,0.0825408018314026,False
rush_hour,525->518,542,10,bezier_pgd,0.0013641249970532,mse,0.0136903566271739,False
rush_hour,525->518,542,10,bezier_ipopt,0.776492812030483,mse,0.0003837368239731,False
rush_hour,525->518,542,10,bezier_nm,6.222205186029896,mse,0.097552810419856,False
rush_hour,525->537,542,10,bezier_pgd,0.0007784879999235,mse,0.0097470699013618,False
rush_hour,525->537,542,10,bezier_ipopt,0.748856368009001,mse,6.530747849440534e-05,False
rush_hour,525->537,542,10,bezier_nm,6.5749930259771645,mse,0.0177929294482052,False
rush_hour,526->20,542,10,bezier_pgd,0.0015526409843005,mse,0.0020929279982628,False
rush_hour,526->20,542,10,bezier_ipopt,1.1166408589924686,mse,0.000301184778784,False
rush_hour,526->20,542,10,bezier_nm,6.8795550360227935,mse,0.0723922968901973,False
rush_hour,526->483,542,10,bezier_pgd,0.0013025079970248,mse,0.0007716250021813,False
rush_hour,526->483,542,10,bezier_ipopt,1.001655961968936,mse,0.0005447362165436,False
rush_hour,526->483,542,10,bezier_nm,8.897697904962115,mse,0.0019888945140855,False
rush_hour,526->523,1084,10,bezier_pgd,0.0015025659813545,mse,0.0028229781867199,False
rush_hour,526->523,1084,10,bezier_ipopt,1.6734948299708776,mse,0.0002835866376287,False
rush_hour,526->523,1084,10,bezier_nm,13.477179409004748,mse,0.077557450806575,False
rush_hour,526->527,542,10,bezier_pgd,0.0011401890078559,mse,0.0050088380174741,False
rush_hour,526->527,542,10,bezier_ipopt,,mse,,True
rush_hour,526->527,542,10,bezier_nm,7.036381423007697,mse,0.0094836540158764,False
rush_hour,527->25,542,10,bezier_pgd,0.0028654490015469,mse,0.0008111617889595,False
rush_hour,527->25,542,10,bezier_ipopt,1.4305356160039082,mse,0.0001344177550114,False
rush_hour,527->25,542,10,bezier_nm,6.782419633003883,mse,0.0017919283680129,False
rush_hour,527->477,542,10,bezier_pgd,0.0010011259582825,mse,0.0171404840707271,False
rush_hour,527->477,542,10,bezier_ipopt,0.7062752739875577,mse,0.0001692715483104,False
rush_hour,527->477,542,10,bezier_nm,6.443713198998012,mse,0.1856717431365572,False
rush_hour,527->518,542,10,bezier_pgd,0.00075788696995,mse,0.0050088380174741,False
rush_hour,527->518,542,10,bezier_ipopt,0.7058529439964332,mse,0.0002761693518914,False
rush_hour,527->518,542,10,bezier_nm,6.388263238011859,mse,0.0089199909109815,False
rush_hour,527->526,1084,10,bezier_pgd,0.0016248750034719,mse,0.0028229781867199,False
rush_hour,527->526,1084,10,bezier_ipopt,1.7399679620284587,mse,0.0002835866369656,False
rush_hour,527->526,1084,10,bezier_nm,13.681347472011112,mse,0.0775574508065739,False
rush_hour,528->24,542,10,bezier_pgd,0.0022440390312112,mse,0.000928247806858,False
rush_hour,528->24,542,10,bezier_ipopt,1.1523316910024732,mse,0.0003434017470311,False
rush_hour,528->24,542,10,bezier_nm,6.785105710965581,mse,0.0499185156308697,False
rush_hour,528->25,542,10,bezier_pgd,0.0009827880421653,mse,0.0171404840707271,False
rush_hour,528->25,542,10,bezier_ipopt,0.7679056269698776,mse,0.0001692715874026,False
rush_hour,528->25,542,10,bezier_nm,6.360995267052203,mse,0.1857868812197603,False
rush_hour,528->438,542,10,bezier_pgd,0.0011552550131455,mse,3.835007130825824e-05,False
rush_hour,528->438,542,10,bezier_ipopt,0.9505470230360517,mse,1.924241937886188e-05,False
rush_hour,528->438,542,10,bezier_nm,8.500420159019995,mse,0.000208750249283,False
rush_hour,528->445,542,10,bezier_pgd,0.0031172559829428,mse,0.0010323819268941,False
rush_hour,528->445,542,10,bezier_ipopt,0.7419120519771241,mse,0.0001615233058823,False
rush_hour,528->445,542,10,bezier_nm,6.799025125976186,mse,0.0355572423531837,False
rush_hour,528->515,542,10,bezier_pgd,0.0007828000234439,mse,0.0518989086566958,False
rush_hour,528->515,542,10,bezier_ipopt,,mse,,True
rush_hour,528->515,542,10,bezier_nm,6.71787413401762,mse,0.2992676689731859,False
rush_hour,529->160,542,10,bezier_pgd,0.0019996939809061,mse,0.0002788332214759,False
rush_hour,529->160,542,10,bezier_ipopt,1.1782637650030665,mse,0.0001877284331978,False
rush_hour,529->160,542,10,bezier_nm,8.783148326037917,mse,0.0060129611506524,False
rush_hour,529->403,542,10,bezier_pgd,0.0018073469982482,mse,0.012027206920768,False
rush_hour,529->403,542,10,bezier_ipopt,1.0147032989771103,mse,0.0003082068288324,False
rush_hour,529->403,542,10,bezier_nm,7.539674828003626,mse,0.1663155803890731,False
rush_hour,529->412,542,10,bezier_pgd,0.000989653985016,mse,0.0011467813556159,False
rush_hour,529->412,542,10,bezier_ipopt,0.8120584579883143,mse,0.0003388037449633,False
rush_hour,529->412,542,10,bezier_nm,6.803821631008759,mse,0.0391375179367886,False
rush_hour,529->419,542,10,bezier_pgd,0.0020467599970288,mse,0.0143783126133283,False
rush_hour,529->419,542,10,bezier_ipopt,,mse,,True
rush_hour,529->419,542,10,bezier_nm,6.189065311977174,mse,0.0159052999031366,False
rush_hour,529->44,542,10,bezier_pgd,0.0014953750069253,mse,0.00103131599469,False
rush_hour,529->44,542,10,bezier_ipopt,,mse,,True
rush_hour,529->44,542,10,bezier_nm,6.501224683015607,mse,0.0031742884009962,False
rush_hour,53->52,542,10,bezier_pgd,0.0010395050048828,mse,8.047837519621195e-05,False
rush_hour,53->52,542,10,bezier_ipopt,0.6981620140140876,mse,4.488399594159199e-05,False
rush_hour,53->52,542,10,bezier_nm,8.047395274043083,mse,0.0014773328716496,False
rush_hour,53->56,542,10,bezier_pgd,0.0012305579730309,mse,5.172422767262789e-05,False
rush_hour,53->56,542,10,bezier_ipopt,0.9480728409835136,mse,1.7505580063962086e-05,False
rush_hour,53->56,542,10,bezier_nm,7.438842627976555,mse,0.0012755737160871,False
rush_hour,530->443,542,10,bezier_pgd,0.001280308002606,mse,0.0193680612099375,False
rush_hour,530->443,542,10,bezier_ipopt,,mse,,True
rush_hour,530->443,542,10,bezier_nm,7.09614620503271,mse,0.0246491080326339,False
rush_hour,530->523,542,10,bezier_pgd,0.0009408859768882,mse,8.488479100442343e-05,False
rush_hour,530->523,542,10,bezier_ipopt,0.8608102920115925,mse,5.957880911838686e-05,False
rush_hour,530->523,542,10,bezier_nm,7.239702189981472,mse,0.0001223871241116,False
rush_hour,530->533,1084,10,bezier_pgd,0.0014536580420099,mse,0.0159047398083244,False
rush_hour,530->533,1084,10,bezier_ipopt,1.8297763599548489,mse,0.000271359322213,False
rush_hour,530->533,1084,10,bezier_nm,14.695960437005851,mse,0.1984569185868902,False
rush_hour,531->113,542,10,bezier_pgd,0.0017593769589439,mse,0.0001017558236164,False
rush_hour,531->113,542,10,bezier_ipopt,1.241374418954365,mse,2.006168279716484e-05,False
rush_hour,531->113,542,10,bezier_nm,8.817729967006017,mse,0.0004123694018669,False
rush_hour,531->483,542,10,bezier_pgd,0.0012845549499616,mse,0.0003899038587809,False
rush_hour,531->483,542,10,bezier_ipopt,0.8637574979802594,mse,0.0002764239516821,False
rush_hour,531->483,542,10,bezier_nm,8.867448286968283,mse,0.0010551715091699,False
rush_hour,531->488,542,10,bezier_pgd,0.0019240929977968,mse,0.0004285606372843,False
rush_hour,531->488,542,10,bezier_ipopt,1.431566191953607,mse,0.000294814888955,False
rush_hour,531->488,542,10,bezier_nm,9.170331529981922,mse,0.0008140989906145,False
rush_hour,531->534,1084,10,bezier_pgd,0.0015243139932863,mse,0.0133756927865392,False
rush_hour,531->534,1084,10,bezier_ipopt,2.252875961945392,mse,0.0008627041849275,False
rush_hour,531->534,1084,10,bezier_nm,14.22417820803821,mse,0.154934439695277,False
rush_hour,532->113,542,10,bezier_pgd,0.0008232059772126,mse,6.063003291296732e-05,False
rush_hour,532->113,542,10,bezier_ipopt,1.045143529016059,mse,2.3469617424385644e-05,False
rush_hour,532->113,542,10,bezier_nm,8.142582794011105,mse,0.0001525757267639,False
rush_hour,532->13,542,10,bezier_pgd,0.0019704839796759,mse,0.0003460650581898,False
rush_hour,532->13,542,10,bezier_ipopt,0.8096906380378641,mse,0.0001313404663464,False
rush_hour,532->13,542,10,bezier_nm,9.00177623401396,mse,0.0011752184763013,False
rush_hour,532->407,542,10,bezier_pgd,0.0014231629902496,mse,0.0092277047949183,False
rush_hour,532->407,542,10,bezier_ipopt,0.8715842110104859,mse,0.0073951329218318,False
rush_hour,532->407,542,10,bezier_nm,6.147290612978395,mse,0.0692026366042304,False
rush_hour,532->505,542,10,bezier_pgd,0.0007333169924095,mse,0.0003631207697961,False
rush_hour,532->505,542,10,bezier_ipopt,1.0881030530435964,mse,0.0001818866625476,False
rush_hour,532->505,542,10,bezier_nm,8.526601484976709,mse,0.0010071435906781,False
rush_hour,532->533,542,10,bezier_pgd,0.0008529040496796,mse,0.0003438164712351,False
rush_hour,532->533,542,10,bezier_ipopt,0.8479624569881707,mse,0.0002414571425051,False
rush_hour,532->533,542,10,bezier_nm,8.001148439012468,mse,0.0019101521299631,False
rush_hour,533->387,542,10,bezier_pgd,0.0012072800309397,mse,0.0027417289429315,False
rush_hour,533->387,542,10,bezier_ipopt,1.1298716339515522,mse,0.0003786710363022,False
rush_hour,533->387,542,10,bezier_nm,7.401264400978107,mse,0.0373666109664916,False
rush_hour,533->412,1084,10,bezier_pgd,0.0014543870347552,mse,0.0006366088716798,False
rush_hour,533->412,1084,10,bezier_ipopt,2.2108910499955527,mse,0.0003547590643135,False
rush_hour,533->412,1084,10,bezier_nm,16.2615472599864,mse,0.0009624851302561,False
rush_hour,533->530,1084,10,bezier_pgd,0.001338261005003,mse,0.0109071233733095,False
rush_hour,533->530,1084,10,bezier_ipopt,,mse,,True
rush_hour,533->530,1084,10,bezier_nm,13.11270387598779,mse,0.1074120635017185,False
rush_hour,533->532,542,10,bezier_pgd,0.0015076679992489,mse,0.0004097030044071,False
rush_hour,533->532,542,10,bezier_ipopt,1.2103059229557402,mse,0.000114259868481,False
rush_hour,533->532,542,10,bezier_nm,6.300926188996527,mse,0.0015180413496975,False
rush_hour,534->21,542,10,bezier_pgd,0.0019846389768645,mse,0.0005207319719919,False
rush_hour,534->21,542,10,bezier_ipopt,0.8959529789863154,mse,0.0002579498437544,False
rush_hour,534->21,542,10,bezier_nm,8.451360047038179,mse,0.0012716476805119,False
rush_hour,534->477,542,10,bezier_pgd,0.0022146790288388,mse,0.0002811781279762,False
rush_hour,534->477,542,10,bezier_ipopt,1.047276595025323,mse,0.0001122937175385,False
rush_hour,534->477,542,10,bezier_nm,8.377917276986409,mse,0.0014382297166555,False
rush_hour,534->531,1084,10,bezier_pgd,0.0014285590150393,mse,0.0005041801169373,False
rush_hour,534->531,1084,10,bezier_ipopt,3.27305164700374,mse,0.0004606502859277,False
rush_hour,534->531,1084,10,bezier_nm,16.765644154977053,mse,0.0007761718399553,False
rush_hour,534->537,1084,10,bezier_pgd,0.0015817650128155,mse,0.0107889070603965,False
rush_hour,534->537,1084,10,bezier_ipopt,1.926394651003648,mse,0.0003026772893382,False
rush_hour,534->537,1084,10,bezier_nm,14.511018125980629,mse,0.1857670185134486,False
rush_hour,535->212,542,10,bezier_pgd,0.0015766629949212,mse,0.0147163670272511,False
rush_hour,535->212,542,10,bezier_ipopt,0.8732602240052074,mse,0.0002921053858597,False
rush_hour,535->212,542,10,bezier_nm,6.953132489987183,mse,0.2239809877108312,False
rush_hour,535->441,542,10,bezier_pgd,0.0012590470141731,mse,0.0125612548461935,False
rush_hour,535->441,542,10,bezier_ipopt,,mse,,True
rush_hour,535->441,542,10,bezier_nm,7.025515816989355,mse,0.0205162963108114,False
rush_hour,535->497,542,10,bezier_pgd,0.0012863560114055,mse,0.000435977353685,False
rush_hour,535->497,542,10,bezier_ipopt,0.8575313540059142,mse,0.0001803556834307,False
rush_hour,535->497,542,10,bezier_nm,8.75690148997819,mse,0.0028155524380902,False
rush_hour,536->23,542,10,bezier_pgd,0.0009616799652576,mse,0.0025810085752177,False
rush_hour,536->23,542,10,bezier_ipopt,1.0098803480505012,mse,0.0002767083209806,False
rush_hour,536->23,542,10,bezier_nm,6.698193516989704,mse,0.0458485785128536,False
rush_hour,536->437,542,10,bezier_pgd,0.0014453090261667,mse,0.0006068063292623,False
rush_hour,536->437,542,10,bezier_ipopt,0.7413690719986334,mse,0.0001646128785828,False
rush_hour,536->437,542,10,bezier_nm,6.344766907976009,mse,0.0414146675226194,False
rush_hour,536->516,1084,10,bezier_pgd,0.0013588300207629,mse,0.0094610567916402,False
rush_hour,536->516,1084,10,bezier_ipopt,,mse,,True
rush_hour,536->516,1084,10,bezier_nm,14.75405836198479,mse,0.0388825632308845,False
rush_hour,536->537,1084,10,bezier_pgd,0.0024822729756124,mse,0.010739305137548,False
rush_hour,536->537,1084,10,bezier_ipopt,3.4665762949734926,mse,0.0003579100567906,False
rush_hour,536->537,1084,10,bezier_nm,12.478474600007758,mse,0.1841856168531945,False
rush_hour,537->435,542,10,bezier_pgd,0.0014989979681558,mse,0.0034483634137243,False
rush_hour,537->435,542,10,bezier_ipopt,1.0935699129477143,mse,5.89792067339495e-05,False
rush_hour,537->435,542,10,bezier_nm,6.523793641012162,mse,0.0073249393870559,False
rush_hour,537->525,542,10,bezier_pgd,0.0008840009686537,mse,0.0136903566271739,False
rush_hour,537->525,542,10,bezier_ipopt,1.049369113985449,mse,0.0003837367789056,False
rush_hour,537->525,542,10,bezier_nm,6.801842972985469,mse,0.1003074659095833,False
rush_hour,537->534,1084,10,bezier_pgd,0.0016845089849084,mse,0.0006089162342613,False
rush_hour,537->534,1084,10,bezier_ipopt,1.5705302089918405,mse,0.0003510978758069,False
rush_hour,537->534,1084,10,bezier_nm,18.06651518301805,mse,0.0020310886208578,False
rush_hour,537->536,1084,10,bezier_pgd,0.001521713042166,mse,0.0219015045846378,False
rush_hour,537->536,1084,10,bezier_ipopt,2.18370989599498,mse,0.0003581892614777,False
rush_hour,537->536,1084,10,bezier_nm,13.141541964025237,mse,0.1990880108313443,False
rush_hour,54->52,542,10,bezier_pgd,0.0008335849852301,mse,5.395850883864234e-05,False
rush_hour,54->52,542,10,bezier_ipopt,1.183010118023958,mse,2.6101683509821573e-05,False
rush_hour,54->52,542,10,bezier_nm,6.915263595001306,mse,0.0004230181715022,False
rush_hour,54->55,542,10,bezier_pgd,0.0008563390001654,mse,3.305116059942521e-05,False
rush_hour,54->55,542,10,bezier_ipopt,0.7214383539976552,mse,1.7275210701964302e-05,False
rush_hour,54->55,542,10,bezier_nm,7.780002633982804,mse,0.0007566387429283,False
rush_hour,55->50,542,10,bezier_pgd,0.0008731849957257,mse,3.960576345933952e-05,False
rush_hour,55->50,542,10,bezier_ipopt,0.8406222389894538,mse,1.946450998072471e-05,False
rush_hour,55->50,542,10,bezier_nm,7.748468366044108,mse,0.0004005015407479,False
rush_hour,55->54,542,10,bezier_pgd,0.0010838330490514,mse,3.290060626307689e-05,False
rush_hour,55->54,542,10,bezier_ipopt,0.8031666589668021,mse,2.1262869607435558e-05,False
rush_hour,55->54,542,10,bezier_nm,6.5069836439797655,mse,0.0003397045877011,False
rush_hour,56->53,542,10,bezier_pgd,0.0012579030008055,mse,3.092445829195733e-05,False
rush_hour,56->53,542,10,bezier_ipopt,1.0534165839781051,mse,1.623405706414475e-05,False
rush_hour,56->53,542,10,bezier_nm,6.743272027000785,mse,0.000679343859671,False
rush_hour,56->57,542,10,bezier_pgd,0.0009068049839697,mse,5.375340132820989e-05,False
rush_hour,56->57,542,10,bezier_ipopt,0.728437446989119,mse,2.5171607145579265e-05,False
rush_hour,56->57,542,10,bezier_nm,6.797229491989128,mse,0.0004766847552409,False
rush_hour,57->449,542,10,bezier_pgd,0.000734602974262,mse,3.0241409744451924e-05,False
rush_hour,57->449,542,10,bezier_ipopt,1.1392147759906948,mse,1.6319076742045025e-05,False
rush_hour,57->449,542,10,bezier_nm,7.314993095002137,mse,0.000497890237925,False
rush_hour,57->56,542,10,bezier_pgd,0.0012103809858672,mse,3.460638966979338e-05,False
rush_hour,57->56,542,10,bezier_ipopt,0.8485040260129608,mse,1.4138596088800806e-05,False
rush_hour,57->56,542,10,bezier_nm,7.618758970987983,mse,0.0002368167907148,False
rush_hour,58->59,542,10,bezier_pgd,0.000867641007062,mse,4.757084287825794e-05,False
rush_hour,58->59,542,10,bezier_ipopt,1.182239193993155,mse,2.483998247012174e-05,False
rush_hour,58->59,542,10,bezier_nm,8.430417019990273,mse,0.0001618047210685,False
rush_hour,58->80,542,10,bezier_pgd,0.0014011720195412,mse,2.9859802307594367e-05,False
rush_hour,58->80,542,10,bezier_ipopt,1.034454689011909,mse,1.6521961599426604e-05,False
rush_hour,58->80,542,10,bezier_nm,6.414597002964001,mse,0.0004227066848974,False
rush_hour,59->58,542,10,bezier_pgd,0.0008561160066165,mse,6.90755468839066e-05,False
rush_hour,59->58,542,10,bezier_ipopt,0.9226942239911295,mse,2.252458626594485e-05,False
rush_hour,59->58,542,10,bezier_nm,8.287367892975453,mse,0.000171897992503,False
rush_hour,59->86,542,10,bezier_pgd,0.0011032949551008,mse,6.799614875628819e-05,False
rush_hour,59->86,542,10,bezier_ipopt,0.8908163459855132,mse,1.7499653537316037e-05,False
rush_hour,59->86,542,10,bezier_nm,7.954879279015586,mse,0.0003432836303623,False
rush_hour,6->515,542,10,bezier_pgd,0.0021286620176397,mse,0.0010626673283798,False
rush_hour,6->515,542,10,bezier_ipopt,0.8197791780112311,mse,8.338977686012512e-05,False
rush_hour,6->515,542,10,bezier_nm,6.530131608014926,mse,0.0038187307175368,False
rush_hour,6->518,542,10,bezier_pgd,0.0008287660311907,mse,0.0074126464856027,False
rush_hour,6->518,542,10,bezier_ipopt,0.748060901009012,mse,0.0002060792738952,False
rush_hour,6->518,542,10,bezier_nm,6.477109301020391,mse,0.0180981480158181,False
rush_hour,60->2,542,10,bezier_pgd,0.0006401870050467,mse,7.90567711728701e-05,False
rush_hour,60->2,542,10,bezier_ipopt,0.8866230869898573,mse,3.318363111764447e-05,False
rush_hour,60->2,542,10,bezier_nm,7.882183272042312,mse,0.000201610009614,False
rush_hour,60->450,542,10,bezier_pgd,0.0009647979750297,mse,4.532702279512769e-05,False
rush_hour,60->450,542,10,bezier_ipopt,0.9355690869851968,mse,1.489292129330907e-05,False
rush_hour,60->450,542,10,bezier_nm,7.651338858006056,mse,8.191245595859064e-05,False
rush_hour,61->45,542,10,bezier_pgd,0.0010621899855323,mse,9.767927457461962e-05,False
rush_hour,61->45,542,10,bezier_ipopt,0.919782523997128,mse,4.05448533448321e-05,False
rush_hour,61->45,542,10,bezier_nm,6.866088743030559,mse,0.0011417092755487,False
rush_hour,61->75,542,10,bezier_pgd,0.0010909099946729,mse,5.614455586219982e-05,False
rush_hour,61->75,542,10,bezier_ipopt,0.7306218069861643,mse,3.207807880358306e-05,False
rush_hour,61->75,542,10,bezier_nm,6.744159121997654,mse,0.0008823935036572,False
rush_hour,62->63,542,10,bezier_pgd,0.0008305590017698,mse,6.795839975252384e-05,False
rush_hour,62->63,542,10,bezier_ipopt,1.050657048006542,mse,2.024465477001901e-05,False
rush_hour,62->63,542,10,bezier_nm,6.8510459730168805,mse,0.0006429666996077,False
rush_hour,62->75,542,10,bezier_pgd,0.0010645069996826,mse,5.5354534329814646e-05,False
rush_hour,62->75,542,10,bezier_ipopt,0.8913725730380975,mse,1.4959028140742624e-05,False
rush_hour,62->75,542,10,bezier_nm,6.8777244530501775,mse,0.0009597946610637,False
rush_hour,63->62,542,10,bezier_pgd,0.0008359359926544,mse,4.706665459439252e-05,False
rush_hour,63->62,542,10,bezier_ipopt,0.9171899229986592,mse,1.833006928038266e-05,False
rush_hour,63->62,542,10,bezier_nm,7.131312971003354,mse,0.0006339690128285,False
rush_hour,63->64,542,10,bezier_pgd,0.0007285259780474,mse,5.14541634137112e-05,False
rush_hour,63->64,542,10,bezier_ipopt,0.8821721220156178,mse,2.81731496247358e-05,False
rush_hour,63->64,542,10,bezier_nm,7.480225303967018,mse,8.268832962057715e-05,False
rush_hour,64->63,542,10,bezier_pgd,0.0008234140113927,mse,2.4959562218945657e-05,False
rush_hour,64->63,542,10,bezier_ipopt,0.9094706159667112,mse,1.305853597843428e-05,False
rush_hour,64->63,542,10,bezier_nm,7.938665409048554,mse,0.0001240098632519,False
rush_hour,64->65,542,10,bezier_pgd,0.0007467360119335,mse,2.973039102289774e-05,False
rush_hour,64->65,542,10,bezier_ipopt,1.0117985400138425,mse,1.8851625087732172e-05,False
rush_hour,64->65,542,10,bezier_nm,7.905124464945402,mse,0.0001355939706151,False
rush_hour,65->130,542,10,bezier_pgd,0.0012984219938516,mse,0.0001635938749623,False
rush_hour,65->130,542,10,bezier_ipopt,0.8684268720098771,mse,0.0001041820557548,False
rush_hour,65->130,542,10,bezier_nm,8.279623181966599,mse,0.0012349357561949,False
rush_hour,65->64,542,10,bezier_pgd,0.0008437479846179,mse,3.882980261053667e-05,False
rush_hour,65->64,542,10,bezier_ipopt,0.9081979139591568,mse,2.296495148708448e-05,False
rush_hour,65->64,542,10,bezier_nm,7.6833952849847265,mse,0.0001354843762715,False
rush_hour,66->450,542,10,bezier_pgd,0.0009586889646016,mse,7.159772125530145e-05,False
rush_hour,66->450,542,10,bezier_ipopt,0.8152476250543259,mse,3.0871818972859475e-05,False
rush_hour,66->450,542,10,bezier_nm,8.142038003948983,mse,0.0001462059385691,False
rush_hour,66->67,542,10,bezier_pgd,0.0009701389935798,mse,4.010847874181771e-05,False
rush_hour,66->67,542,10,bezier_ipopt,1.1393339569913223,mse,1.848420459255612e-05,False
rush_hour,66->67,542,10,bezier_nm,9.087029710004572,mse,0.000204521927205,False
rush_hour,67->66,542,10,bezier_pgd,0.0009668730199337,mse,4.893161204448684e-05,False
rush_hour,67->66,542,10,bezier_ipopt,0.8259464169968851,mse,1.956217430419212e-05,False
rush_hour,67->66,542,10,bezier_nm,8.360386988031678,mse,0.0001866723146441,False
rush_hour,67->68,542,10,bezier_pgd,0.0007935489993542,mse,5.335108099596113e-05,False
rush_hour,67->68,542,10,bezier_ipopt,0.982172743009869,mse,2.8141537317591672e-05,False
rush_hour,67->68,542,10,bezier_nm,8.400739943026565,mse,0.000182083749042,False
rush_hour,68->67,542,10,bezier_pgd,0.001094072998967,mse,8.288433398282749e-05,False
rush_hour,68->67,542,10,bezier_ipopt,1.0014503900310956,mse,2.1809268879772404e-05,False
rush_hour,68->67,542,10,bezier_nm,8.182986967032775,mse,0.0001892387451042,False
rush_hour,68->69,542,10,bezier_pgd,0.0018525180057622,mse,0.0001700304875426,False
rush_hour,68->69,542,10,bezier_ipopt,0.9147737440071068,mse,3.459005667240973e-05,False
rush_hour,68->69,542,10,bezier_nm,8.298345490009524,mse,0.0007785724691425,False
rush_hour,69->68,542,10,bezier_pgd,0.0009529950330033,mse,3.788181519976366e-05,False
rush_hour,69->68,542,10,bezier_ipopt,0.8903942320030183,mse,1.7414011160948586e-05,False
rush_hour,69->68,542,10,bezier_nm,6.850502768997103,mse,0.0002152810908231,False
rush_hour,69->70,542,10,bezier_pgd,0.0009292329777963,mse,4.485702554340058e-05,False
rush_hour,69->70,542,10,bezier_ipopt,0.958728265017271,mse,1.1671189519582996e-05,False
rush_hour,69->70,542,10,bezier_nm,8.217897216964047,mse,0.0001836204266703,False
rush_hour,7->107,542,10,bezier_pgd,0.0011662420001812,mse,0.0074134651908276,False
rush_hour,7->107,542,10,bezier_ipopt,,mse,,True
rush_hour,7->107,542,10,bezier_nm,7.244974534027278,mse,0.0667251267822274,False
rush_hour,7->108,542,10,bezier_pgd,0.0009601449710316,mse,5.074168814182879e-05,False
rush_hour,7->108,542,10,bezier_ipopt,0.7712189480080269,mse,2.546309280528094e-05,False
rush_hour,7->108,542,10,bezier_nm,8.656998054008,mse,0.0001231870322862,False
rush_hour,7->225,542,10,bezier_pgd,0.0006308029987849,mse,0.0001285060061904,False
rush_hour,7->225,542,10,bezier_ipopt,0.9621468019904568,mse,8.500862075074006e-05,False
rush_hour,7->225,542,10,bezier_nm,8.818675175018143,mse,0.0003408643430481,False
rush_hour,70->69,542,10,bezier_pgd,0.0008964120061136,mse,7.496827074130381e-05,False
rush_hour,70->69,542,10,bezier_ipopt,0.7563817710033618,mse,3.177870880831246e-05,False
rush_hour,70->69,542,10,bezier_nm,8.668421806010883,mse,0.0003065467821797,False
rush_hour,70->71,542,10,bezier_pgd,0.0009754979982972,mse,5.3070378013409005e-05,False
rush_hour,70->71,542,10,bezier_ipopt,0.8257279539830051,mse,2.6724925859984776e-05,False
rush_hour,70->71,542,10,bezier_nm,9.27925189799862,mse,0.0003285386975611,False
rush_hour,71->70,542,10,bezier_pgd,0.0009819100378081,mse,3.625347482490639e-05,False
rush_hour,71->70,542,10,bezier_ipopt,0.8851142839994282,mse,1.528599122061777e-05,False
rush_hour,71->70,542,10,bezier_nm,9.529542895033956,mse,0.0002076205972362,False
rush_hour,71->72,542,10,bezier_pgd,0.0012887710472568,mse,6.549582718227538e-05,False
rush_hour,71->72,542,10,bezier_ipopt,0.8161295329919085,mse,2.3029481096620684e-05,False
rush_hour,71->72,542,10,bezier_nm,8.490201069042087,mse,0.0020955838181078,False
rush_hour,72->202,542,10,bezier_pgd,0.0015612219576723,mse,6.292196819921537e-05,False
rush_hour,72->202,542,10,bezier_ipopt,1.022137537016533,mse,3.613612906100524e-05,False
rush_hour,72->202,542,10,bezier_nm,8.146903550019488,mse,0.0001699765289398,False
rush_hour,72->71,542,10,bezier_pgd,0.0011659070150926,mse,5.607772434132435e-05,False
rush_hour,72->71,542,10,bezier_ipopt,1.0298293819651008,mse,1.8288111406314592e-05,False
rush_hour,72->71,542,10,bezier_nm,7.3137958840234205,mse,0.0012070338177144,False
rush_hour,73->74,542,10,bezier_pgd,0.0009737020009197,mse,7.0837354178946e-05,False
rush_hour,73->74,542,10,bezier_ipopt,0.7986544009763747,mse,1.3543104337435051e-05,False
rush_hour,73->74,542,10,bezier_nm,9.768266526050866,mse,0.0004854037855307,False
rush_hour,73->80,542,10,bezier_pgd,0.0008461059769615,mse,3.619708864949358e-05,False
rush_hour,73->80,542,10,bezier_ipopt,0.7674226040253416,mse,1.6559058696010012e-05,False
rush_hour,73->80,542,10,bezier_nm,8.4316751830047,mse,0.0001609334362549,False
rush_hour,74->143,542,10,bezier_pgd,0.0011548629845492,mse,0.0004206898608597,False
rush_hour,74->143,542,10,bezier_ipopt,0.9435184850008228,mse,0.0001874131508933,False
rush_hour,74->143,542,10,bezier_nm,8.61459641699912,mse,0.0008494529093349,False
rush_hour,74->73,542,10,bezier_pgd,0.0008190230000764,mse,3.857059698556415e-05,False
rush_hour,74->73,542,10,bezier_ipopt,0.9167868240037932,mse,1.949582567253073e-05,False
rush_hour,74->73,542,10,bezier_nm,8.02828689198941,mse,7.140308864691043e-05,False
rush_hour,75->46,542,10,bezier_pgd,0.0008183190366253,mse,6.82725956388027e-05,False
rush_hour,75->46,542,10,bezier_ipopt,1.2758807119680569,mse,2.136244358648753e-05,False
rush_hour,75->46,542,10,bezier_nm,7.026532901974861,mse,0.0005189043360839,False
rush_hour,75->61,542,10,bezier_pgd,0.0007518000202253,mse,4.2905702717792576e-05,False
rush_hour,75->61,542,10,bezier_ipopt,1.0628345450386405,mse,2.109730177341958e-05,False
rush_hour,75->61,542,10,bezier_nm,7.249086699972395,mse,0.0002191952079211,False
rush_hour,75->62,542,10,bezier_pgd,0.0007744440226815,mse,2.5039919607995824e-05,False
rush_hour,75->62,542,10,bezier_ipopt,1.0226485120365396,mse,1.6554916503377708e-05,False
rush_hour,75->62,542,10,bezier_nm,7.778255039011128,mse,0.000706597631607,False
rush_hour,76->14,542,10,bezier_pgd,0.0009954790002666,mse,4.64377718972245e-05,False
rush_hour,76->14,542,10,bezier_ipopt,1.0075200169812888,mse,2.5250217433651806e-05,False
rush_hour,76->14,542,10,bezier_nm,8.570948532025795,mse,0.0002284860170135,False
rush_hour,76->276,542,10,bezier_pgd,0.0012683719978667,mse,0.0014878749253522,False
rush_hour,76->276,542,10,bezier_ipopt,,mse,,True
rush_hour,76->276,542,10,bezier_nm,5.965582021977752,mse,0.0604003561034325,False
rush_hour,76->428,542,10,bezier_pgd,0.0008435160270892,mse,0.0064272203847794,False
rush_hour,76->428,542,10,bezier_ipopt,,mse,,True
rush_hour,76->428,542,10,bezier_nm,7.1730902179842815,mse,0.0687288802894898,False
rush_hour,77->430,542,10,bezier_pgd,0.0010512020089663,mse,4.018561527456904e-05,False
rush_hour,77->430,542,10,bezier_ipopt,0.7929841699660756,mse,3.204581668242048e-05,False
rush_hour,77->430,542,10,bezier_nm,7.788768482976593,mse,9.938905292575888e-05,False
rush_hour,77->478,542,10,bezier_pgd,0.0008290989790111,mse,0.0001873477739362,False
rush_hour,77->478,542,10,bezier_ipopt,0.7080342620029114,mse,0.0001141889297811,False
rush_hour,77->478,542,10,bezier_nm,7.571728139009792,mse,0.0002459818483613,False
rush_hour,78->109,542,10,bezier_pgd,0.0007366869831457,mse,2.8597255902966963e-05,False
rush_hour,78->109,542,10,bezier_ipopt,0.8445810790290125,mse,2.153930909791728e-05,False
rush_hour,78->109,542,10,bezier_nm,6.845797049987596,mse,0.0004541753959787,False
rush_hour,78->79,542,10,bezier_pgd,0.0009678940405137,mse,4.69609733596564e-05,False
rush_hour,78->79,542,10,bezier_ipopt,0.8563299239613116,mse,2.3009410746137172e-05,False
rush_hour,78->79,542,10,bezier_nm,8.30843576497864,mse,0.0002334180894868,False
rush_hour,79->110,542,10,bezier_pgd,0.0010197579977102,mse,3.650311383378778e-05,False
rush_hour,79->110,542,10,bezier_ipopt,0.9047524079796858,mse,2.001363034561371e-05,False
rush_hour,79->110,542,10,bezier_nm,8.07551923498977,mse,0.0001156046509583,False
rush_hour,79->78,542,10,bezier_pgd,0.0008883380214683,mse,3.981257742951746e-05,False
rush_hour,79->78,542,10,bezier_ipopt,1.009641591052059,mse,1.417773793286861e-05,False
rush_hour,79->78,542,10,bezier_nm,7.032213281025179,mse,0.0001646705863927,False
rush_hour,8->96,542,10,bezier_pgd,0.0051303110085427,mse,0.011730505475418,False
rush_hour,8->96,542,10,bezier_ipopt,,mse,,True
rush_hour,8->96,542,10,bezier_nm,4.45650415198179,mse,0.0802766743174489,False
rush_hour,80->202,542,10,bezier_pgd,0.0007564749685116,mse,5.260775743326542e-05,False
rush_hour,80->202,542,10,bezier_ipopt,1.0906881889677609,mse,1.445441678577006e-05,False
rush_hour,80->202,542,10,bezier_nm,6.797501811990514,mse,0.0004804454281735,False
rush_hour,80->58,542,10,bezier_pgd,0.0011787629919126,mse,8.136435856810257e-05,False
rush_hour,80->58,542,10,bezier_ipopt,1.150384298991412,mse,2.376651684560138e-05,False
rush_hour,80->58,542,10,bezier_nm,7.668081431998871,mse,0.001293083305356,False
rush_hour,80->73,542,10,bezier_pgd,0.0008491540211252,mse,3.828386942568743e-05,False
rush_hour,80->73,542,10,bezier_ipopt,1.1207797710085288,mse,2.208955238376452e-05,False
rush_hour,80->73,542,10,bezier_nm,7.90086529799737,mse,0.0001116177149994,False
rush_hour,81->453,542,10,bezier_pgd,0.0013384090270847,mse,3.173731862125485e-05,False
rush_hour,81->453,542,10,bezier_ipopt,1.0169017629814334,mse,2.323475201885005e-05,False
rush_hour,81->453,542,10,bezier_nm,8.364289857971016,mse,0.0001077205972128,False
rush_hour,81->82,542,10,bezier_pgd,0.0009240349754691,mse,0.0240706074157633,False
rush_hour,81->82,542,10,bezier_ipopt,1.818466643046122,mse,0.0006073641620208,False
rush_hour,81->82,542,10,bezier_nm,6.483288890973199,mse,0.2162179485697784,False
rush_hour,82->81,542,10,bezier_pgd,0.000993832014501,mse,6.57800480036717e-05,False
rush_hour,82->81,542,10,bezier_ipopt,0.8651692410348915,mse,1.649533686053518e-05,False
rush_hour,82->81,542,10,bezier_nm,7.313468198000919,mse,0.0001601257039655,False
rush_hour,82->83,542,10,bezier_pgd,0.0008176469709724,mse,2.9784796494612237e-05,False
rush_hour,82->83,542,10,bezier_ipopt,1.6476222350029277,mse,1.990460696958432e-05,False
rush_hour,82->83,542,10,bezier_nm,7.81413390499074,mse,0.000127083522752,False
rush_hour,83->82,542,10,bezier_pgd,0.0012070719967596,mse,4.452953806584968e-05,False
rush_hour,83->82,542,10,bezier_ipopt,1.2114813450025397,mse,2.337273071753604e-05,False
rush_hour,83->82,542,10,bezier_nm,7.658513633010443,mse,0.0001215138836955,False
rush_hour,83->85,542,10,bezier_pgd,0.000878061982803,mse,0.0330090020286644,False
rush_hour,83->85,542,10,bezier_ipopt,5.841304619971197,mse,0.0002837043476945,False
rush_hour,83->85,542,10,bezier_nm,6.761382453958504,mse,0.22823249366267,False
rush_hour,84->510,542,10,bezier_pgd,0.0007782679749652,mse,0.0005298666105664,False
rush_hour,84->510,542,10,bezier_ipopt,0.931213881005533,mse,0.0003054454360099,False
rush_hour,84->510,542,10,bezier_nm,9.268389004981143,mse,0.0011277697914045,False
rush_hour,84->85,542,10,bezier_pgd,0.0018499479629099,mse,4.324785890003028e-05,False
rush_hour,84->85,542,10,bezier_ipopt,0.7697083220118657,mse,2.4579333962686037e-05,False
rush_hour,84->85,542,10,bezier_nm,8.834755628020503,mse,0.0002052867931487,False
rush_hour,85->83,542,10,bezier_pgd,0.0016627319855615,mse,0.0003583991992957,False
rush_hour,85->83,542,10,bezier_ipopt,1.158050949976314,mse,0.0001927213029005,False
rush_hour,85->83,542,10,bezier_nm,9.512275137007236,mse,0.0006319976181779,False
rush_hour,85->84,542,10,bezier_pgd,0.0015418779803439,mse,0.0122301625316781,False
rush_hour,85->84,542,10,bezier_ipopt,0.7458947030245326,mse,0.0007361053502047,False
rush_hour,85->84,542,10,bezier_nm,6.424732223968022,mse,0.1873590774509616,False
rush_hour,86->142,542,10,bezier_pgd,0.0006782899727113,mse,0.0001827792337613,False
rush_hour,86->142,542,10,bezier_ipopt,0.7655660299933515,mse,0.0001431364400348,False
rush_hour,86->142,542,10,bezier_nm,9.373338253004476,mse,0.0006153571194884,False
rush_hour,86->59,542,10,bezier_pgd,0.0007232949719764,mse,0.028991085009939,False
rush_hour,86->59,542,10,bezier_ipopt,,mse,,True
rush_hour,86->59,542,10,bezier_nm,7.525217380956747,mse,0.1196921346057178,False
rush_hour,87->88,542,10,bezier_pgd,0.0007537830388173,mse,3.6619433145422805e-05,False
rush_hour,87->88,542,10,bezier_ipopt,1.505727633018978,mse,1.979498769143061e-05,False
rush_hour,87->88,542,10,bezier_nm,8.684024777030572,mse,9.524657739828605e-05,False
rush_hour,87->97,542,10,bezier_pgd,0.0010170059977099,mse,3.2815172478670455e-05,False
rush_hour,87->97,542,10,bezier_ipopt,0.8930508919875138,mse,1.65484397374669e-05,False
rush_hour,87->97,542,10,bezier_nm,7.144835952029098,mse,0.0001690520861756,False
rush_hour,88->16,542,10,bezier_pgd,0.0009803709690459,mse,2.729421965285673e-05,False
rush_hour,88->16,542,10,bezier_ipopt,0.9415930679533632,mse,1.3545911308161334e-05,False
rush_hour,88->16,542,10,bezier_nm,9.196569989959244,mse,0.0002048219829034,False
rush_hour,88->87,542,10,bezier_pgd,0.0010203519486822,mse,3.619008858636332e-05,False
rush_hour,88->87,542,10,bezier_ipopt,0.8333755300263874,mse,1.781407642668724e-05,False
rush_hour,88->87,542,10,bezier_nm,9.217039540002588,mse,0.0001392129043143,False
rush_hour,89->297,542,10,bezier_pgd,0.0007319280412048,mse,5.922767354937454e-05,False
rush_hour,89->297,542,10,bezier_ipopt,0.8147464490029961,mse,2.597351560494692e-05,False
rush_hour,89->297,542,10,bezier_nm,7.302552692010067,mse,0.0001152075424796,False
rush_hour,89->90,542,10,bezier_pgd,0.0008587460033595,mse,7.316744553520068e-05,False
rush_hour,89->90,542,10,bezier_ipopt,1.0414847049978562,mse,2.224464010909612e-05,False
rush_hour,89->90,542,10,bezier_nm,8.139026278979145,mse,0.0002030679642292,False
rush_hour,9->499,542,10,bezier_pgd,0.0014045460266061,mse,0.0006206332243367,False
rush_hour,9->499,542,10,bezier_ipopt,1.2282966960337944,mse,0.0002621872827362,False
rush_hour,9->499,542,10,bezier_nm,6.627366553002503,mse,0.0079896698045919,False
rush_hour,90->216,542,10,bezier_pgd,0.0016402429901063,mse,0.0001787864613576,False
rush_hour,90->216,542,10,bezier_ipopt,2.0693843199987896,mse,1.883561071832459e-05,False
rush_hour,90->216,542,10,bezier_nm,8.60732847097097,mse,0.0010799768142581,False
rush_hour,90->89,542,10,bezier_pgd,0.000838087988086,mse,5.931051018922418e-05,False
rush_hour,90->89,542,10,bezier_ipopt,1.122523735044524,mse,2.1686581365476463e-05,False
rush_hour,90->89,542,10,bezier_nm,7.697183117968962,mse,0.0001273740712515,False
rush_hour,91->408,542,10,bezier_pgd,0.0015461380244232,mse,0.0125639684340773,False
rush_hour,91->408,542,10,bezier_ipopt,3.3742429389967583,mse,0.0080770110434413,False
rush_hour,91->408,542,10,bezier_nm,7.2896969499997795,mse,0.173182100954072,False
rush_hour,91->92,542,10,bezier_pgd,0.0008882119436748,mse,3.87995200545126e-05,False
rush_hour,91->92,542,10,bezier_ipopt,1.1082358150160871,mse,1.965258017711321e-05,False
rush_hour,91->92,542,10,bezier_nm,6.554302364995237,mse,0.0006209818925751,False
rush_hour,92->259,542,10,bezier_pgd,0.001020158000756,mse,0.0343212791047657,False
rush_hour,92->259,542,10,bezier_ipopt,1.0457187700085342,mse,0.001042950080567,False
rush_hour,92->259,542,10,bezier_nm,7.358371629030444,mse,0.3200831124058426,False
rush_hour,92->91,542,10,bezier_pgd,0.0012712880270555,mse,0.0168573001908561,False
rush_hour,92->91,542,10,bezier_ipopt,,mse,,True
rush_hour,92->91,542,10,bezier_nm,,mse,,True
rush_hour,93->425,542,10,bezier_pgd,0.001325849967543,mse,5.353724764617557e-05,False
rush_hour,93->425,542,10,bezier_ipopt,1.3350410499842835,mse,1.8723489594739977e-05,False
rush_hour,93->425,542,10,bezier_nm,9.620596145978196,mse,0.0002946834077127,False
rush_hour,93->448,542,10,bezier_pgd,0.0005820619990117,mse,4.944639517869392e-05,False
rush_hour,93->448,542,10,bezier_ipopt,1.0429709759773689,mse,3.134291761867732e-05,False
rush_hour,93->448,542,10,bezier_nm,7.26883762300713,mse,8.48235880609195e-05,False
rush_hour,94->209,542,10,bezier_pgd,0.001229527988471,mse,0.0041888589527246,False
rush_hour,94->209,542,10,bezier_ipopt,0.7544265809701756,mse,0.0001625515535851,False
rush_hour,94->209,542,10,bezier_nm,7.665911010990385,mse,0.1073159936710335,False
rush_hour,94->95,542,10,bezier_pgd,0.0015299899969249,mse,8.96649393978091e-05,False
rush_hour,94->95,542,10,bezier_ipopt,1.126059998990968,mse,1.938919897991809e-05,False
rush_hour,94->95,542,10,bezier_nm,7.970948274014518,mse,0.0001894876118728,False
rush_hour,95->94,542,10,bezier_pgd,0.0007392260013148,mse,5.8360940447538106e-05,False
rush_hour,95->94,542,10,bezier_ipopt,0.9973743240116164,mse,2.972961369563388e-05,False
rush_hour,95->94,542,10,bezier_nm,7.473255690012593,mse,0.0001057998304886,False
rush_hour,95->96,542,10,bezier_pgd,0.0007356060086749,mse,7.062662026775565e-05,False
rush_hour,95->96,542,10,bezier_ipopt,0.9355238449643366,mse,2.793354203733647e-05,False
rush_hour,95->96,542,10,bezier_nm,7.588462095009163,mse,0.0001178169610447,False
rush_hour,96->8,542,10,bezier_pgd,0.0006336169899441,mse,0.0576006418261824,False
rush_hour,96->8,542,10,bezier_ipopt,,mse,,True
rush_hour,96->8,542,10,bezier_nm,7.489757233997807,mse,0.4598765439613459,False
rush_hour,96->95,542,10,bezier_pgd,0.0008156499825417,mse,4.136641791415137e-05,False
rush_hour,96->95,542,10,bezier_ipopt,0.8968879230087623,mse,1.688128534129478e-05,False
rush_hour,96->95,542,10,bezier_nm,7.848354685993399,mse,0.0001221616294601,False
rush_hour,97->17,542,10,bezier_pgd,0.0009198450134135,mse,3.669803065519316e-05,False
rush_hour,97->17,542,10,bezier_ipopt,0.8372751090209931,mse,1.3217602412912294e-05,False
rush_hour,97->17,542,10,bezier_nm,7.839800494955853,mse,0.0001406275031232,False
rush_hour,97->87,542,10,bezier_pgd,0.0018212879658676,mse,7.509899472397339e-05,False
rush_hour,97->87,542,10,bezier_ipopt,0.8643363870214671,mse,2.564269164329308e-05,False
rush_hour,97->87,542,10,bezier_nm,8.379922542022541,mse,0.0002627553360028,False
rush_hour,98->455,542,10,bezier_pgd,0.0008442670223303,mse,4.530661553431664e-05,False
rush_hour,98->455,542,10,bezier_ipopt,0.9276687310193664,mse,2.3625055876502547e-05,False
rush_hour,98->455,542,10,bezier_nm,7.757505110988859,mse,0.0001866756259317,False
rush_hour,98->456,542,10,bezier_pgd,0.0008254109998233,mse,4.707344628719025e-05,False
rush_hour,98->456,542,10,bezier_ipopt,1.0163094790186733,mse,2.2825263052109056e-05,False
rush_hour,98->456,542,10,bezier_nm,7.4084595600143075,mse,0.0001688315380817,False
rush_hour,99->100,542,10,bezier_pgd,0.0015402580029331,mse,7.064550854232988e-05,False
rush_hour,99->100,542,10,bezier_ipopt,0.8492591739632189,mse,2.6359831303486632e-05,False
rush_hour,99->100,542,10,bezier_nm,7.894373549963348,mse,0.0002834764661445,False
rush_hour,99->456,542,10,bezier_pgd,0.0009213849552907,mse,3.937561406699483e-05,False
rush_hour,99->456,542,10,bezier_ipopt,0.7808144990121946,mse,2.0646645058082506e-05,False
rush_hour,99->456,542,10,bezier_nm,7.560444359027315,mse,0.0001426691379383,False
daytime,1->31,1626,15,bezier_pgd,0.0043360469862818,mse,1.486052724806872e-05,False
daytime,1->31,1626,15,bezier_ipopt,8.202482033986598,mse,3.947972587246971e-06,False
daytime,1->31,1626,15,bezier_nm,40.878316636022646,mse,0.0005995075960429,False
daytime,10->435,1626,15,bezier_pgd,0.0024370739702135,mse,0.0044145727925184,False
daytime,10->435,1626,15,bezier_ipopt,5.710220961947925,mse,0.0001147846082838,False
daytime,10->435,1626,15,bezier_nm,26.04916834901087,mse,0.065519785128178,False
daytime,100->524,1626,15,bezier_pgd,0.0017605360480956,mse,1.8778250683766645e-05,False
daytime,100->524,1626,15,bezier_ipopt,5.200381702976301,mse,4.114943856905279e-06,False
daytime,100->524,1626,15,bezier_nm,33.68745738401776,mse,0.0006822328372655,False
daytime,100->99,1626,15,bezier_pgd,0.0016633819905109,mse,1.6450424034029904e-05,False
daytime,100->99,1626,15,bezier_ipopt,5.098111657018308,mse,5.141285671545398e-06,False
daytime,100->99,1626,15,bezier_nm,31.74485002702568,mse,0.0004590628152668,False
daytime,101->102,1626,15,bezier_pgd,0.0022638670052401,mse,1.422161934512259e-05,False
daytime,101->102,1626,15,bezier_ipopt,4.850780897017103,mse,4.313199811680625e-06,False
daytime,101->102,1626,15,bezier_nm,31.76857835694682,mse,0.000314410631304,False
daytime,101->457,1626,15,bezier_pgd,0.0020260890014469,mse,2.575248178122816e-05,False
daytime,101->457,1626,15,bezier_ipopt,4.472929878043942,mse,6.9926476993204665e-06,False
daytime,101->457,1626,15,bezier_nm,34.028327620006166,mse,0.0008706291540676,False
daytime,102->101,1626,15,bezier_pgd,0.0017067540320567,mse,1.2735788028565412e-05,False
daytime,102->101,1626,15,bezier_ipopt,5.14055875397753,mse,6.173601847209711e-06,False
daytime,102->101,1626,15,bezier_nm,33.70163170498563,mse,0.0005034084794698,False
daytime,102->103,1626,15,bezier_pgd,0.00165485200705,mse,1.570104268957628e-05,False
daytime,102->103,1626,15,bezier_ipopt,5.456271288043354,mse,5.302047115300605e-06,False
daytime,102->103,1626,15,bezier_nm,30.52304377499968,mse,0.0003218803285857,False
daytime,103->102,1626,15,bezier_pgd,0.0020500370301306,mse,1.1616816959973677e-05,False
daytime,103->102,1626,15,bezier_ipopt,3.742469489981886,mse,4.810955453811534e-06,False
daytime,103->102,1626,15,bezier_nm,32.98711007100064,mse,0.0005769805419547,False
daytime,103->104,1626,15,bezier_pgd,0.0017770400154404,mse,1.5017666409327866e-05,False
daytime,103->104,1626,15,bezier_ipopt,5.068571655021515,mse,4.4886721739054e-06,False
daytime,103->104,1626,15,bezier_nm,32.09243748703739,mse,0.0006336335276693,False
daytime,104->103,1626,15,bezier_pgd,0.0016653210041113,mse,1.637135297972765e-05,False
daytime,104->103,1626,15,bezier_ipopt,5.042178310046438,mse,6.649948343347947e-06,False
daytime,104->103,1626,15,bezier_nm,31.62970229401253,mse,0.000364205006904,False
daytime,104->105,1626,15,bezier_pgd,0.001907689962536,mse,3.0300439705783134e-05,False
daytime,104->105,1626,15,bezier_ipopt,6.870894162973855,mse,3.93105209500941e-06,False
daytime,104->105,1626,15,bezier_nm,33.922499921987765,mse,0.0003264774215173,False
daytime,105->104,1626,15,bezier_pgd,0.0017647439963184,mse,2.2615485987101835e-05,False
daytime,105->104,1626,15,bezier_ipopt,4.856326495006215,mse,5.588927755095352e-06,False
daytime,105->104,1626,15,bezier_nm,32.264638148015365,mse,0.000255457045657,False
daytime,105->18,1626,15,bezier_pgd,0.0017597220139577,mse,2.061369892231077e-05,False
daytime,105->18,1626,15,bezier_ipopt,4.794226165977307,mse,4.820484981818596e-06,False
daytime,105->18,1626,15,bezier_nm,37.65008802799275,mse,0.0001457992061712,False
daytime,106->216,1626,15,bezier_pgd,0.0076023180154152,mse,0.824574217484644,False
daytime,106->216,1626,15,bezier_ipopt,62.52341537602479,mse,0.8533794223559361,False
daytime,106->216,1626,15,bezier_nm,21.2818525780458,mse,0.8410146463694649,False
daytime,106->5,1626,15,bezier_pgd,0.0017422820092178,mse,1.6493389064524083e-05,False
daytime,106->5,1626,15,bezier_ipopt,5.042740724980831,mse,5.762898562078298e-06,False
daytime,106->5,1626,15,bezier_nm,33.82238518598024,mse,0.0005115751809376,False
daytime,107->111,1626,15,bezier_pgd,0.0017494370113126,mse,2.774783551769473e-05,False
daytime,107->111,1626,15,bezier_ipopt,5.0496102619799785,mse,9.895689078048154e-06,False
daytime,107->111,1626,15,bezier_nm,32.18772057100432,mse,0.0004968971897531,False
daytime,107->7,1626,15,bezier_pgd,0.0021964229526929,mse,1.863834008450168e-05,False
daytime,107->7,1626,15,bezier_ipopt,5.879306658986025,mse,8.79281399827895e-06,False
daytime,107->7,1626,15,bezier_nm,36.98453713499475,mse,0.0001809982596576,False
daytime,108->510,1626,15,bezier_pgd,0.002103246981278,mse,0.0003608180278467,False
daytime,108->510,1626,15,bezier_ipopt,7.856510526034981,mse,0.000261258278141,False
daytime,108->510,1626,15,bezier_nm,37.36816306802211,mse,0.0043705749585845,False
daytime,108->7,1626,15,bezier_pgd,0.0033485080348327,mse,0.010832605522553,False
daytime,108->7,1626,15,bezier_ipopt,,mse,,True
daytime,108->7,1626,15,bezier_nm,26.332368099014275,mse,0.2080583565719498,False
daytime,109->341,1626,15,bezier_pgd,0.0035457659978419,mse,0.0019095359997092,False
daytime,109->341,1626,15,bezier_ipopt,7.409889016998932,mse,0.000235169742877,False
daytime,109->341,1626,15,bezier_nm,29.91066834301455,mse,0.1998990672796346,False
daytime,109->78,1626,15,bezier_pgd,0.0020952940103597,mse,1.5097615818210736e-05,False
daytime,109->78,1626,15,bezier_ipopt,6.355906834010966,mse,5.820522027605376e-06,False
daytime,109->78,1626,15,bezier_nm,34.4671178360004,mse,0.0006969691739122,False
daytime,11->517,1626,15,bezier_pgd,0.0032296500285156,mse,0.003977594483884,False
daytime,11->517,1626,15,bezier_ipopt,6.355426293972414,mse,0.0001431705673126,False
daytime,11->517,1626,15,bezier_nm,24.857122984016318,mse,0.2293615455549659,False
daytime,110->345,1626,15,bezier_pgd,0.0028256549849174,mse,3.123911130058534e-05,False
daytime,110->345,1626,15,bezier_ipopt,7.570354988973122,mse,1.245232069479002e-05,False
daytime,110->345,1626,15,bezier_nm,32.195296331017744,mse,0.0005165721971348,False
daytime,110->79,1626,15,bezier_pgd,0.0016446569934487,mse,1.9064964612331047e-05,False
daytime,110->79,1626,15,bezier_ipopt,7.734350204991642,mse,6.9636355904285735e-06,False
daytime,110->79,1626,15,bezier_nm,35.79886689898558,mse,0.0001036821756763,False
daytime,111->107,1626,15,bezier_pgd,0.0025105649838224,mse,0.1712841014770011,False
daytime,111->107,1626,15,bezier_ipopt,,mse,,True
daytime,111->107,1626,15,bezier_nm,23.588570632971823,mse,0.6334748193687557,False
daytime,111->239,1626,15,bezier_pgd,0.0019680050318129,mse,0.0274231773805735,False
daytime,111->239,1626,15,bezier_ipopt,5.831839160993695,mse,8.407718205423242e-05,False
daytime,111->239,1626,15,bezier_nm,25.85475104994839,mse,0.3099101758914011,False
daytime,112->42,1626,15,bezier_pgd,0.0023061250103637,mse,6.45593747925469e-05,False
daytime,112->42,1626,15,bezier_ipopt,7.0265199660207145,mse,6.120566520808497e-06,False
daytime,112->42,1626,15,bezier_nm,34.77842777397018,mse,0.0003838123524038,False
daytime,113->531,1626,15,bezier_pgd,0.0017833960009738,mse,0.0303206321688324,False
daytime,113->531,1626,15,bezier_ipopt,,mse,,True
daytime,113->531,1626,15,bezier_nm,24.121864123968408,mse,0.3935564608370355,False
daytime,113->532,1626,15,bezier_pgd,0.0023820269852876,mse,1.960606877909224e-05,False
daytime,113->532,1626,15,bezier_ipopt,5.979515524988528,mse,6.437599777547981e-06,False
daytime,113->532,1626,15,bezier_nm,33.98763334500836,mse,0.0002043080751399,False
daytime,114->280,1626,15,bezier_pgd,0.0021684640087187,mse,0.0394649196898457,False
daytime,114->280,1626,15,bezier_ipopt,,mse,,True
daytime,114->280,1626,15,bezier_nm,27.03619165095733,mse,0.3357090419644727,False
daytime,114->297,1626,15,bezier_pgd,0.0015646310057491,mse,1.7082408205425872e-05,False
daytime,114->297,1626,15,bezier_ipopt,5.7374447580077685,mse,5.9272644053018e-06,False
daytime,114->297,1626,15,bezier_nm,33.94071142101893,mse,0.0001383887013087,False
daytime,115->353,1626,15,bezier_pgd,0.0021712470334023,mse,0.0169211652280467,False
daytime,115->353,1626,15,bezier_ipopt,6.392829149961472,mse,0.0001570640375927,False
daytime,115->353,1626,15,bezier_nm,23.917961916013155,mse,0.2823530716562868,False
daytime,115->459,1626,15,bezier_pgd,0.0021838329848833,mse,0.0136809761119792,False
daytime,115->459,1626,15,bezier_ipopt,15.672209165990353,mse,9.787028510901864e-05,False
daytime,115->459,1626,15,bezier_nm,28.53554873203393,mse,0.2274491936416552,False
daytime,116->177,1626,15,bezier_pgd,0.0021742770331911,mse,0.0065893325789021,False
daytime,116->177,1626,15,bezier_ipopt,7.46450730599463,mse,0.0002636215585649,False
daytime,116->177,1626,15,bezier_nm,23.916708796983585,mse,0.1666686484329039,False
daytime,116->423,1626,15,bezier_pgd,0.0022732079960405,mse,0.0208953536098808,False
daytime,116->423,1626,15,bezier_ipopt,5.601073699013796,mse,0.0002271760566364,False
daytime,116->423,1626,15,bezier_nm,23.4588070739992,mse,0.2830578539724887,False
daytime,117->460,1626,15,bezier_pgd,0.0035087789874523,mse,0.0044370728053838,False
daytime,117->460,1626,15,bezier_ipopt,6.524767423979938,mse,0.0002009324348767,False
daytime,117->460,1626,15,bezier_nm,22.74306185595924,mse,0.1915812208898826,False
daytime,117->484,1626,15,bezier_pgd,0.0024864830193109,mse,0.0210192122318885,False
daytime,117->484,1626,15,bezier_ipopt,5.536433826026041,mse,0.0004060250413868,False
daytime,117->484,1626,15,bezier_nm,21.781951500975996,mse,0.2458117160828121,False
daytime,118->119,1626,15,bezier_pgd,0.0017417630297131,mse,0.0002011594184997,False
daytime,118->119,1626,15,bezier_ipopt,44.32559370598756,mse,0.0001326394796514,False
daytime,118->119,1626,15,bezier_nm,33.281154179014266,mse,0.0012970314551162,False
daytime,118->137,1626,15,bezier_pgd,0.0019397470168769,mse,0.0002384750701502,False
daytime,118->137,1626,15,bezier_ipopt,5.8063162679900415,mse,0.0001329694571313,False
daytime,118->137,1626,15,bezier_nm,30.45076778199291,mse,0.0014163504879134,False
daytime,119->118,1626,15,bezier_pgd,0.0018063850002363,mse,0.0002941440515784,False
daytime,119->118,1626,15,bezier_ipopt,6.854940365010407,mse,0.0001885392097832,False
daytime,119->118,1626,15,bezier_nm,34.893436570011545,mse,0.0037284534837807,False
daytime,119->311,1626,15,bezier_pgd,0.0024101529852487,mse,0.0013405238431108,False
daytime,119->311,1626,15,bezier_ipopt,5.935421672009397,mse,0.0001410452548776,False
daytime,119->311,1626,15,bezier_nm,25.26767663098872,mse,0.1312585182782898,False
daytime,12->443,1626,15,bezier_pgd,0.0023342950153164,mse,0.012758087346109,False
daytime,12->443,1626,15,bezier_ipopt,,mse,,True
daytime,12->443,1626,15,bezier_nm,24.660072637023404,mse,0.2325223962982291,False
daytime,12->533,1626,15,bezier_pgd,0.002323284978047,mse,0.0125747426553942,False
daytime,12->533,1626,15,bezier_ipopt,7.658544289995916,mse,0.0002084269360948,False
daytime,12->533,1626,15,bezier_nm,23.521826073003467,mse,0.2276001756552031,False
daytime,120->462,1626,15,bezier_pgd,0.0037319519906304,mse,0.0011219804937071,False
daytime,120->462,1626,15,bezier_ipopt,5.579703308001626,mse,0.0002458475245675,False
daytime,120->462,1626,15,bezier_nm,26.200970661011524,mse,0.08798786496284,False
daytime,120->490,1626,15,bezier_pgd,0.002503428957425,mse,0.0166159142127419,False
daytime,120->490,1626,15,bezier_ipopt,5.24824093101779,mse,0.0002856265795006,False
daytime,120->490,1626,15,bezier_nm,22.866467288986318,mse,0.2393184423919045,False
daytime,121->299,1626,15,bezier_pgd,0.0017160039860755,mse,0.003134976030743,False
daytime,121->299,1626,15,bezier_ipopt,6.664508372021373,mse,0.0003305143614273,False
daytime,121->299,1626,15,bezier_nm,24.55576537695015,mse,0.0698783807126249,False
daytime,121->423,1626,15,bezier_pgd,0.0021611459669657,mse,0.0268526200930092,False
daytime,121->423,1626,15,bezier_ipopt,6.011871929978952,mse,0.0001595550878174,False
daytime,121->423,1626,15,bezier_nm,23.021640767983627,mse,0.2877852075378703,False
daytime,122->348,1626,15,bezier_pgd,0.0024336570058949,mse,0.0016192829522977,False
daytime,122->348,1626,15,bezier_ipopt,7.260924644011538,mse,0.0001022961658313,False
daytime,122->348,1626,15,bezier_nm,26.935064425983,mse,0.1718297260168224,False
daytime,122->415,1626,15,bezier_pgd,0.0021290720324032,mse,0.016631930175061,False
daytime,122->415,1626,15,bezier_ipopt,5.710923921957146,mse,0.0001313216477326,False
daytime,122->415,1626,15,bezier_nm,21.99699424399296,mse,0.2742027674159814,False
daytime,123->463,1626,15,bezier_pgd,0.0019286260358057,mse,0.0101986379263012,False
daytime,123->463,1626,15,bezier_ipopt,,mse,,True
daytime,123->463,1626,15,bezier_nm,23.508806525962427,mse,0.333881149613003,False
daytime,123->486,1626,15,bezier_pgd,0.0026146149612031,mse,0.0017256458759716,False
daytime,123->486,1626,15,bezier_ipopt,7.552925509982742,mse,0.0001099245935808,False
daytime,123->486,1626,15,bezier_nm,22.097485946957026,mse,0.1584584580409633,False
daytime,124->125,1626,15,bezier_pgd,0.0043832900119014,mse,0.0197368064390017,False
daytime,124->125,1626,15,bezier_ipopt,5.56566623703111,mse,0.0001942683639539,False
daytime,124->125,1626,15,bezier_nm,22.67948334699031,mse,0.2759055048424099,False
daytime,124->453,1626,15,bezier_pgd,0.0044669549679383,mse,0.0002475499967587,False
daytime,124->453,1626,15,bezier_ipopt,6.011302304978017,mse,0.0001065612325142,False
daytime,124->453,1626,15,bezier_nm,25.079887977044564,mse,0.0865714890063281,False
daytime,125->124,1626,15,bezier_pgd,0.0045802999520674,mse,0.0180680212680455,False
daytime,125->124,1626,15,bezier_ipopt,7.659038146957755,mse,0.0001857694367688,False
daytime,125->124,1626,15,bezier_nm,24.079685005010106,mse,0.2587959999471354,False
daytime,125->429,1626,15,bezier_pgd,0.0024407739983871,mse,0.0208116841159111,False
daytime,125->429,1626,15,bezier_ipopt,12.607763818989042,mse,0.000322925682076,False
daytime,125->429,1626,15,bezier_nm,22.8817784509738,mse,0.2437588542965908,False
daytime,126->343,1626,15,bezier_pgd,0.0028192320023663,mse,0.024304711099803,False
daytime,126->343,1626,15,bezier_ipopt,6.331230572017375,mse,0.000172841380552,False
daytime,126->343,1626,15,bezier_nm,23.31227727601072,mse,0.2743761692570076,False
daytime,126->464,1626,15,bezier_pgd,0.0024137470172718,mse,0.0018737607729341,False
daytime,126->464,1626,15,bezier_ipopt,7.117474803992081,mse,0.0001006232461876,False
daytime,126->464,1626,15,bezier_nm,25.983704278012738,mse,0.1035452713180755,False
daytime,127->17,1626,15,bezier_pgd,0.0028825320187024,mse,0.0069018933765616,False
daytime,127->17,1626,15,bezier_ipopt,5.451405890053138,mse,0.0001008232050886,False
daytime,127->17,1626,15,bezier_nm,24.76075775700156,mse,0.2253562030284321,False
daytime,127->471,1626,15,bezier_pgd,0.0022593089961446,mse,0.0050491932080925,False
daytime,127->471,1626,15,bezier_ipopt,6.045013836002909,mse,0.0001609565393987,False
daytime,127->471,1626,15,bezier_nm,21.45718626701273,mse,0.2069986915334598,False
daytime,128->357,1626,15,bezier_pgd,0.0052584070363081,mse,0.0111500847147482,False
daytime,128->357,1626,15,bezier_ipopt,,mse,,True
daytime,128->357,1626,15,bezier_nm,25.942171007976867,mse,0.23262012187646,False
daytime,128->465,1626,15,bezier_pgd,0.0029113099444657,mse,0.0033718744891663,False
daytime,128->465,1626,15,bezier_ipopt,8.38691713497974,mse,0.0001975117977348,False
daytime,128->465,1626,15,bezier_nm,24.28333492099773,mse,0.1838284383900787,False
daytime,129->160,1626,15,bezier_pgd,0.0024998359731398,mse,0.0118736935368372,False
daytime,129->160,1626,15,bezier_ipopt,5.201224798976909,mse,0.0001852921770702,False
daytime,129->160,1626,15,bezier_nm,22.31729424902005,mse,0.2421302936813645,False
daytime,129->511,1626,15,bezier_pgd,0.0027168869855813,mse,0.0111669564174828,False
daytime,129->511,1626,15,bezier_ipopt,5.850324160011951,mse,0.0001171483860864,False
daytime,129->511,1626,15,bezier_nm,22.53790709702298,mse,0.2405930362203243,False
daytime,13->530,1626,15,bezier_pgd,0.0041103690164163,mse,0.0099474850204287,False
daytime,13->530,1626,15,bezier_ipopt,5.28681262396276,mse,0.0002484515646543,False
daytime,13->530,1626,15,bezier_nm,21.66744531498989,mse,0.2370439128748667,False
daytime,13->532,1626,15,bezier_pgd,0.0044452399597503,mse,0.0019224628565843,False
daytime,13->532,1626,15,bezier_ipopt,6.096226066001691,mse,0.0009608027125955,False
daytime,13->532,1626,15,bezier_nm,24.993550032028,mse,0.1307591126086837,False
daytime,130->450,1626,15,bezier_pgd,0.0017832489684224,mse,0.0001634736874004,False
daytime,130->450,1626,15,bezier_ipopt,6.308864981983788,mse,0.0001176110018049,False
daytime,130->450,1626,15,bezier_nm,34.886452045000624,mse,0.0037376765137344,False
daytime,130->65,1626,15,bezier_pgd,0.002474126056768,mse,0.0005476164443345,False
daytime,130->65,1626,15,bezier_ipopt,24.19796784297796,mse,0.0002942684440913,False
daytime,130->65,1626,15,bezier_nm,30.74661856499733,mse,0.0046622843487296,False
daytime,131->221,1626,15,bezier_pgd,0.0022966559627093,mse,0.0026380001777144,False
daytime,131->221,1626,15,bezier_ipopt,,mse,,True
daytime,131->221,1626,15,bezier_nm,23.74955825600773,mse,0.1507212806135754,False
daytime,131->457,1626,15,bezier_pgd,0.0020762979984283,mse,0.0004394070190548,False
daytime,131->457,1626,15,bezier_ipopt,6.4399244919768535,mse,0.0001390792869916,False
daytime,131->457,1626,15,bezier_nm,24.42056518100435,mse,0.0867527004186724,False
daytime,132->133,1626,15,bezier_pgd,0.0023424659739248,mse,0.023683361546585,False
daytime,132->133,1626,15,bezier_ipopt,6.27202141698217,mse,0.0002848818278333,False
daytime,132->133,1626,15,bezier_nm,21.83722479600692,mse,0.2759315443691766,False
daytime,132->493,1626,15,bezier_pgd,0.0022490479750558,mse,0.03057561589916,False
daytime,132->493,1626,15,bezier_ipopt,,mse,,True
daytime,132->493,1626,15,bezier_nm,21.768963576992974,mse,0.2852544786375042,False
daytime,133->132,1626,15,bezier_pgd,0.0024503659806214,mse,0.03057561589916,False
daytime,133->132,1626,15,bezier_ipopt,16.560034424008336,mse,0.0001847623381429,False
daytime,133->132,1626,15,bezier_nm,23.628588950028643,mse,0.2852544867224578,False
daytime,133->479,1626,15,bezier_pgd,0.0028075400041416,mse,0.0058449261245587,False
daytime,133->479,1626,15,bezier_ipopt,62.52819116599858,mse,0.0002382618942579,False
daytime,133->479,1626,15,bezier_nm,24.774398874957114,mse,0.2082891939367991,False
daytime,134->135,1626,15,bezier_pgd,0.0022727850009687,mse,0.0636838577715291,False
daytime,134->135,1626,15,bezier_ipopt,5.89102629898116,mse,0.0001448729281708,False
daytime,134->135,1626,15,bezier_nm,22.64921807101928,mse,0.3075394928575606,False
daytime,134->320,1626,15,bezier_pgd,0.0022079109912738,mse,0.0225769345864656,False
daytime,134->320,1626,15,bezier_ipopt,,mse,,True
daytime,134->320,1626,15,bezier_nm,22.49514789902605,mse,0.2792501702801895,False
daytime,135->134,1626,15,bezier_pgd,0.0021887200418859,mse,0.0224715513478182,False
daytime,135->134,1626,15,bezier_ipopt,6.395361295028124,mse,0.0001272425235237,False
daytime,135->134,1626,15,bezier_nm,22.321513004018925,mse,0.2736638917759046,False
daytime,135->479,1626,15,bezier_pgd,0.0036280120257288,mse,0.0759281541404376,False
daytime,135->479,1626,15,bezier_ipopt,6.619886552041862,mse,6.015195862160406e-05,False
daytime,135->479,1626,15,bezier_nm,22.419412777002435,mse,0.2907621558430756,False
daytime,136->444,1626,15,bezier_pgd,0.0026654390385374,mse,0.0144868064073359,False
daytime,136->444,1626,15,bezier_ipopt,5.242996215005405,mse,0.000275964915597,False
daytime,136->444,1626,15,bezier_nm,22.602034998999443,mse,0.2480639510698151,False
daytime,136->517,1626,15,bezier_pgd,0.002613315009512,mse,0.012962489249546,False
daytime,136->517,1626,15,bezier_ipopt,6.121762503986247,mse,0.0002477837851088,False
daytime,136->517,1626,15,bezier_nm,22.46435158001259,mse,0.2626090447200054,False
daytime,137->118,1626,15,bezier_pgd,0.0020668350043706,mse,0.0003573323300267,False
daytime,137->118,1626,15,bezier_ipopt,5.674896372016519,mse,0.0002145568714883,False
daytime,137->118,1626,15,bezier_nm,24.646601565007582,mse,0.0601067292073749,False
daytime,137->466,1626,15,bezier_pgd,0.0016896559973247,mse,0.000117199843602,False
daytime,137->466,1626,15,bezier_ipopt,,mse,,True
daytime,137->466,1626,15,bezier_nm,33.84222603094531,mse,0.0024016911857692,False
daytime,138->422,1626,15,bezier_pgd,0.0029173530056141,mse,0.0038198430193268,False
daytime,138->422,1626,15,bezier_ipopt,6.472778579045553,mse,0.0001342233546729,False
daytime,138->422,1626,15,bezier_nm,23.20935332699446,mse,0.2444753177600616,False
daytime,138->467,1626,15,bezier_pgd,0.0028076219605281,mse,0.0039134800692288,False
daytime,138->467,1626,15,bezier_ipopt,6.5544166949694045,mse,0.0001251188311695,False
daytime,138->467,1626,15,bezier_nm,24.67266998201376,mse,0.2149831075925704,False
daytime,139->374,1626,15,bezier_pgd,0.0034914810094051,mse,0.0011668128310165,False
daytime,139->374,1626,15,bezier_ipopt,6.621685132966377,mse,2.4692254787737285e-05,False
daytime,139->374,1626,15,bezier_nm,21.921115033968817,mse,0.0622976313221978,False
daytime,139->468,1626,15,bezier_pgd,0.0021898240083828,mse,0.0160729299734903,False
daytime,139->468,1626,15,bezier_ipopt,5.438088226947002,mse,0.0001621406863849,False
daytime,139->468,1626,15,bezier_nm,21.95071146503324,mse,0.2765055944641926,False
daytime,14->392,1626,15,bezier_pgd,0.0016418040031567,mse,1.808089320593093e-05,False
daytime,14->392,1626,15,bezier_ipopt,5.687929500010796,mse,5.191585551413844e-06,False
daytime,14->392,1626,15,bezier_nm,34.19755763903959,mse,8.602243604358302e-05,False
daytime,14->76,1626,15,bezier_pgd,0.0018024939927272,mse,2.55709795695442e-05,False
daytime,14->76,1626,15,bezier_ipopt,5.175208351982292,mse,5.518866931687303e-06,False
daytime,14->76,1626,15,bezier_nm,35.27811966702575,mse,0.0001555130915592,False
daytime,140->152,1626,15,bezier_pgd,0.0029182090074755,mse,0.0012286203838027,False
daytime,140->152,1626,15,bezier_ipopt,7.98254941101186,mse,0.0001497654427507,False
daytime,140->152,1626,15,bezier_nm,27.054315268993378,mse,0.1603223465909671,False
daytime,140->469,1626,15,bezier_pgd,0.0020760810002684,mse,0.0003065743133344,False
daytime,140->469,1626,15,bezier_ipopt,6.086704996007029,mse,7.698521850995714e-05,False
daytime,140->469,1626,15,bezier_nm,26.41822777100606,mse,0.0740859508852667,False
daytime,141->399,1626,15,bezier_pgd,0.0027513070381246,mse,0.0035963046881612,False
daytime,141->399,1626,15,bezier_ipopt,6.155849559989292,mse,0.000261999259683,False
daytime,141->399,1626,15,bezier_nm,24.732359960034955,mse,0.1738535945680828,False
daytime,141->510,1626,15,bezier_pgd,0.0035825130180455,mse,0.0022077304837727,False
daytime,141->510,1626,15,bezier_ipopt,,mse,,True
daytime,141->510,1626,15,bezier_nm,25.8918137709843,mse,0.0901593063059487,False
daytime,142->470,1626,15,bezier_pgd,0.0031718700192868,mse,0.0071447741049586,False
daytime,142->470,1626,15,bezier_ipopt,8.199153930996545,mse,0.0001092565937297,False
daytime,142->470,1626,15,bezier_nm,23.78156004997436,mse,0.2369335427428381,False
daytime,142->86,1626,15,bezier_pgd,0.0017360349884256,mse,0.0003559049989723,False
daytime,142->86,1626,15,bezier_ipopt,,mse,,True
daytime,142->86,1626,15,bezier_nm,31.293827823014,mse,0.0027419149657571,False
daytime,143->415,1626,15,bezier_pgd,0.0045303090009838,mse,0.0124867897754729,False
daytime,143->415,1626,15,bezier_ipopt,5.753595884947572,mse,0.0001491383844261,False
daytime,143->415,1626,15,bezier_nm,23.72115862101782,mse,0.2527122140359017,False
daytime,143->74,1626,15,bezier_pgd,0.002879153995309,mse,0.0055510818276312,False
daytime,143->74,1626,15,bezier_ipopt,6.529791258042678,mse,0.0001244262085531,False
daytime,143->74,1626,15,bezier_nm,22.164291099004917,mse,0.2310259325650512,False
daytime,144->145,1626,15,bezier_pgd,0.0032523289555683,mse,0.0028904908513762,False
daytime,144->145,1626,15,bezier_ipopt,,mse,,True
daytime,144->145,1626,15,bezier_nm,25.334724970976826,mse,0.2087414111136594,False
daytime,144->383,1626,15,bezier_pgd,0.0060889750020578,mse,0.0010479405342914,False
daytime,144->383,1626,15,bezier_ipopt,5.58621249900898,mse,0.0001375250721827,False
daytime,144->383,1626,15,bezier_nm,27.04174296197016,mse,0.0974430513714474,False
daytime,145->144,1626,15,bezier_pgd,0.0025507070240564,mse,0.0024370679506383,False
daytime,145->144,1626,15,bezier_ipopt,42.9378503219923,mse,0.0001285333305576,False
daytime,145->144,1626,15,bezier_nm,25.8497574920184,mse,0.1830685499148321,False
daytime,145->509,1626,15,bezier_pgd,0.0026804829831235,mse,0.0174844752819698,False
daytime,145->509,1626,15,bezier_ipopt,7.916426656011026,mse,0.0001123327291171,False
daytime,145->509,1626,15,bezier_nm,23.15680815000087,mse,0.2697987361955536,False
daytime,146->147,1626,15,bezier_pgd,0.0031467890366911,mse,0.0032598804500154,False
daytime,146->147,1626,15,bezier_ipopt,,mse,,True
daytime,146->147,1626,15,bezier_nm,23.504794284992386,mse,0.2422330356834077,False
daytime,146->415,1626,15,bezier_pgd,0.0028833940159529,mse,0.0108357407294295,False
daytime,146->415,1626,15,bezier_ipopt,5.839813920028973,mse,0.0002040357533913,False
daytime,146->415,1626,15,bezier_nm,24.17310135497246,mse,0.2542909277102488,False
daytime,147->146,1626,15,bezier_pgd,0.0028202700195834,mse,0.0182836026950178,False
daytime,147->146,1626,15,bezier_ipopt,7.238272066053469,mse,0.0002614545707705,False
daytime,147->146,1626,15,bezier_nm,23.07621420797659,mse,0.2462616695708412,False
daytime,147->198,1626,15,bezier_pgd,0.0031542539945803,mse,0.0008279056886428,False
daytime,147->198,1626,15,bezier_ipopt,6.458737579989247,mse,0.0003199154386429,False
daytime,147->198,1626,15,bezier_nm,24.368729093985166,mse,0.0745922662145092,False
daytime,148->472,1626,15,bezier_pgd,0.0025384329492226,mse,0.0006309822942195,False
daytime,148->472,1626,15,bezier_ipopt,11.166561975958755,mse,9.761886728912764e-05,False
daytime,148->472,1626,15,bezier_nm,25.416757921979297,mse,0.1115662076596784,False
daytime,148->498,1626,15,bezier_pgd,0.0020701089524663,mse,0.0003110496531586,False
daytime,148->498,1626,15,bezier_ipopt,5.748252316028811,mse,0.0001602059290749,False
daytime,148->498,1626,15,bezier_nm,23.870790697983463,mse,0.0477157522021093,False
daytime,149->150,1626,15,bezier_pgd,0.0021647369721904,mse,0.0036517251780334,False
daytime,149->150,1626,15,bezier_ipopt,5.598039305012208,mse,0.0002316144459826,False
daytime,149->150,1626,15,bezier_nm,24.75212349195499,mse,0.1676727568662011,False
daytime,149->215,1626,15,bezier_pgd,0.0024014780065044,mse,0.0004014683988785,False
daytime,149->215,1626,15,bezier_ipopt,6.659782460948918,mse,0.000134162584312,False
daytime,149->215,1626,15,bezier_nm,21.976560852956027,mse,0.108031383773172,False
daytime,15->23,1626,15,bezier_pgd,0.0020017119823023,mse,1.2270379664317256e-05,False
daytime,15->23,1626,15,bezier_ipopt,5.259517202037387,mse,6.954101737048681e-06,False
daytime,15->23,1626,15,bezier_nm,34.40373813104816,mse,4.728261391400338e-05,False
daytime,15->234,1626,15,bezier_pgd,0.0023202870506793,mse,0.0788184609061826,False
daytime,15->234,1626,15,bezier_ipopt,,mse,,True
daytime,15->234,1626,15,bezier_nm,21.73330736899516,mse,0.3253312734038801,False
daytime,15->516,1626,15,bezier_pgd,0.0028789639472961,mse,0.0044735611061379,False
daytime,15->516,1626,15,bezier_ipopt,,mse,,True
daytime,15->516,1626,15,bezier_nm,26.87071989197284,mse,0.1902181013045408,False
daytime,150->149,1626,15,bezier_pgd,0.0021857160027138,mse,0.0025992868477228,False
daytime,150->149,1626,15,bezier_ipopt,6.607916188018862,mse,0.0001592450727541,False
daytime,150->149,1626,15,bezier_nm,23.840254037000705,mse,0.1646749683861135,False
daytime,150->507,1626,15,bezier_pgd,0.002191673964262,mse,0.0002836153448983,False
daytime,150->507,1626,15,bezier_ipopt,13.651281255006324,mse,0.0001133400986899,False
daytime,150->507,1626,15,bezier_nm,22.423645592993125,mse,0.0686524107108194,False
daytime,151->290,1626,15,bezier_pgd,0.0036866150330752,mse,0.0091224111623376,False
daytime,151->290,1626,15,bezier_ipopt,5.849373186996672,mse,6.802434734161231e-05,False
daytime,151->290,1626,15,bezier_nm,21.914786428038497,mse,0.2584486749170495,False
daytime,151->473,1626,15,bezier_pgd,0.0028762709698639,mse,0.0060056690517945,False
daytime,151->473,1626,15,bezier_ipopt,5.330491336004343,mse,8.38079830125074e-05,False
daytime,151->473,1626,15,bezier_nm,22.96797846496338,mse,0.2493945715629602,False
daytime,152->140,1626,15,bezier_pgd,0.003607666993048,mse,0.0020871668162699,False
daytime,152->140,1626,15,bezier_ipopt,6.293272703012917,mse,0.0001523848894462,False
daytime,152->140,1626,15,bezier_nm,23.75832334998995,mse,0.1826137155759412,False
daytime,152->220,1626,15,bezier_pgd,0.0028166300035081,mse,0.0045810340012452,False
daytime,152->220,1626,15,bezier_ipopt,7.1712433499633335,mse,0.0001556027518592,False
daytime,152->220,1626,15,bezier_nm,23.760612137033604,mse,0.2136864447555548,False
daytime,153->447,1626,15,bezier_pgd,0.0021969120134599,mse,0.0132771825260057,False
daytime,153->447,1626,15,bezier_ipopt,4.996118885057513,mse,0.0002018119532602,False
daytime,153->447,1626,15,bezier_nm,24.515959699987437,mse,0.2352508353576138,False
daytime,153->474,1626,15,bezier_pgd,0.0023703189799562,mse,0.0003113863233562,False
daytime,153->474,1626,15,bezier_ipopt,7.2804687449825,mse,0.0001459600655185,False
daytime,153->474,1626,15,bezier_nm,25.234171958989464,mse,0.1005490246903718,False
daytime,154->434,1626,15,bezier_pgd,0.0024906179751269,mse,0.0181472215449482,False
daytime,154->434,1626,15,bezier_ipopt,5.848925680969842,mse,0.000314986703645,False
daytime,154->434,1626,15,bezier_nm,23.13977650902234,mse,0.2484669542076308,False
daytime,154->470,1626,15,bezier_pgd,0.0029000670183449,mse,0.0007496931017627,False
daytime,154->470,1626,15,bezier_ipopt,6.025432187016122,mse,0.0001378821232251,False
daytime,154->470,1626,15,bezier_nm,27.28209453402087,mse,0.106798313078617,False
daytime,155->398,1626,15,bezier_pgd,0.0030779759981669,mse,0.0024745623244896,False
daytime,155->398,1626,15,bezier_ipopt,8.355250919004902,mse,9.757514932045108e-05,False
daytime,155->398,1626,15,bezier_nm,23.110807402001228,mse,0.2000030500202366,False
daytime,155->480,1626,15,bezier_pgd,0.0019979039789177,mse,0.0003377263885986,False
daytime,155->480,1626,15,bezier_ipopt,6.426767110999208,mse,0.0001661388725023,False
daytime,155->480,1626,15,bezier_nm,25.31349113903707,mse,0.0820645238245056,False
daytime,156->391,1626,15,bezier_pgd,0.002236186992377,mse,0.030815226679819,False
daytime,156->391,1626,15,bezier_ipopt,,mse,,True
daytime,156->391,1626,15,bezier_nm,23.02912679698784,mse,0.2994103223545898,False
daytime,156->469,1626,15,bezier_pgd,0.002437187009491,mse,0.0014026257166304,False
daytime,156->469,1626,15,bezier_ipopt,,mse,,True
daytime,156->469,1626,15,bezier_nm,25.942983168002684,mse,0.1384148580595447,False
daytime,157->390,1626,15,bezier_pgd,0.0023135190131142,mse,0.0090445311329546,False
daytime,157->390,1626,15,bezier_ipopt,7.023695584037341,mse,0.0001238393203987,False
daytime,157->390,1626,15,bezier_nm,24.40547305601649,mse,0.2651186304069676,False
daytime,157->476,1626,15,bezier_pgd,0.0033880769624374,mse,0.2308808008892553,False
daytime,157->476,1626,15,bezier_ipopt,,mse,,True
daytime,157->476,1626,15,bezier_nm,20.83172974700574,mse,0.3742772058561375,False
daytime,158->159,1626,15,bezier_pgd,0.0030270440038293,mse,0.0009520844845085,False
daytime,158->159,1626,15,bezier_ipopt,6.884449456993025,mse,0.0001547424111296,False
daytime,158->159,1626,15,bezier_nm,23.805025149020366,mse,0.0591308940061413,False
daytime,158->244,1626,15,bezier_pgd,0.0029870650032535,mse,0.0069329870593015,False
daytime,158->244,1626,15,bezier_ipopt,,mse,,True
daytime,158->244,1626,15,bezier_nm,23.98773710697424,mse,0.1825380738603099,False
daytime,159->158,1626,15,bezier_pgd,0.0030081060249358,mse,0.0120397470653021,False
daytime,159->158,1626,15,bezier_ipopt,6.283522334008012,mse,0.0001889332201077,False
daytime,159->158,1626,15,bezier_nm,23.404189892986324,mse,0.2436220654050942,False
daytime,159->253,1626,15,bezier_pgd,0.002513068029657,mse,0.0089412380138332,False
daytime,159->253,1626,15,bezier_ipopt,5.703982833016198,mse,0.0002133186308048,False
daytime,159->253,1626,15,bezier_nm,22.66723533096956,mse,0.2312495350108639,False
daytime,16->228,1626,15,bezier_pgd,0.0019579660147428,mse,0.0002027471369457,False
daytime,16->228,1626,15,bezier_ipopt,5.2708780450047925,mse,0.0001055412224878,False
daytime,16->228,1626,15,bezier_nm,34.454788036993705,mse,0.0021502273168923,False
daytime,16->451,1626,15,bezier_pgd,0.0016748280031606,mse,4.320814173238911e-05,False
daytime,16->451,1626,15,bezier_ipopt,4.971694879001007,mse,1.1803265234670826e-05,False
daytime,16->451,1626,15,bezier_nm,35.901263064995874,mse,0.0001982227724947,False
daytime,16->88,1626,15,bezier_pgd,0.0026421220391057,mse,1.3550288012625292e-05,False
daytime,16->88,1626,15,bezier_ipopt,4.611588152998593,mse,4.314270587292915e-06,False
daytime,16->88,1626,15,bezier_nm,34.05326816800516,mse,7.929941712530595e-05,False
daytime,160->129,1626,15,bezier_pgd,0.0027135220007039,mse,0.0101687809594358,False
daytime,160->129,1626,15,bezier_ipopt,6.253040358016733,mse,0.000203800578403,False
daytime,160->129,1626,15,bezier_nm,21.37456525099697,mse,0.243154632665938,False
daytime,160->529,1626,15,bezier_pgd,0.0021654369775205,mse,0.0010953463626602,False
daytime,160->529,1626,15,bezier_ipopt,6.457092945987824,mse,0.0001364099655976,False
daytime,160->529,1626,15,bezier_nm,25.000365031999536,mse,0.0905344786174142,False
daytime,161->162,1626,15,bezier_pgd,0.0025006419746205,mse,0.0221023765521513,False
daytime,161->162,1626,15,bezier_ipopt,6.07393921201583,mse,0.0004108512563917,False
daytime,161->162,1626,15,bezier_nm,23.071262856014076,mse,0.2579693958216659,False
daytime,161->405,1626,15,bezier_pgd,0.0027151780086569,mse,0.0131403477452497,False
daytime,161->405,1626,15,bezier_ipopt,5.0075812169816345,mse,0.0002989891181063,False
daytime,161->405,1626,15,bezier_nm,22.9968305809889,mse,0.2582388785051282,False
daytime,162->161,1626,15,bezier_pgd,0.0042667840025387,mse,0.0232031403500666,False
daytime,162->161,1626,15,bezier_ipopt,6.03432688099565,mse,0.0002312451816692,False
daytime,162->161,1626,15,bezier_nm,22.675128624017816,mse,0.273638130541512,False
daytime,162->464,1626,15,bezier_pgd,0.0024144839844666,mse,0.0081195257206799,False
daytime,162->464,1626,15,bezier_ipopt,6.005075637018308,mse,9.103755436270485e-05,False
daytime,162->464,1626,15,bezier_nm,25.581574593030386,mse,0.1932345323343401,False
daytime,163->164,1626,15,bezier_pgd,0.002192573971115,mse,0.0028866044899948,False
daytime,163->164,1626,15,bezier_ipopt,6.253757024998777,mse,0.0001490837053767,False
daytime,163->164,1626,15,bezier_nm,23.56975247897208,mse,0.1796779352408286,False
daytime,163->166,1626,15,bezier_pgd,0.0028769049677066,mse,0.0111620989312328,False
daytime,163->166,1626,15,bezier_ipopt,5.607117045961786,mse,0.0001556564062511,False
daytime,163->166,1626,15,bezier_nm,23.178096449002624,mse,0.2612813204002425,False
daytime,164->163,1626,15,bezier_pgd,0.0029488200088962,mse,0.008697942943051,False
daytime,164->163,1626,15,bezier_ipopt,5.627769415033981,mse,0.0001455158813648,False
daytime,164->163,1626,15,bezier_nm,24.60523262398783,mse,0.2507005019161992,False
daytime,164->517,1626,15,bezier_pgd,0.0048060230328701,mse,0.0013668130031158,False
daytime,164->517,1626,15,bezier_ipopt,5.807857023028191,mse,0.0001114863734454,False
daytime,164->517,1626,15,bezier_nm,24.026517594000325,mse,0.1794982381607003,False
daytime,165->240,1626,15,bezier_pgd,0.001971928984858,mse,0.0001276176847535,False
daytime,165->240,1626,15,bezier_ipopt,6.2977101700380445,mse,7.116058955247702e-05,False
daytime,165->240,1626,15,bezier_nm,32.00898159999633,mse,0.0006882005428344,False
daytime,165->427,1626,15,bezier_pgd,0.0020204909960739,mse,0.0002230938932099,False
daytime,165->427,1626,15,bezier_ipopt,4.81936417898396,mse,9.701225192838978e-05,False
daytime,165->427,1626,15,bezier_nm,33.74068177299341,mse,0.0033192399946583,False
daytime,166->163,1626,15,bezier_pgd,0.0024123809998854,mse,0.000307397450457,False
daytime,166->163,1626,15,bezier_ipopt,5.149243048974313,mse,0.0001528340615814,False
daytime,166->163,1626,15,bezier_nm,24.794135506032035,mse,0.1037403559320482,False
daytime,166->307,1626,15,bezier_pgd,0.0023945540306158,mse,0.0002632009782171,False
daytime,166->307,1626,15,bezier_ipopt,5.212964267004281,mse,0.0001327827806335,False
daytime,166->307,1626,15,bezier_nm,35.39215268898988,mse,0.0027854534141209,False
daytime,167->168,1626,15,bezier_pgd,0.0017100530094467,mse,0.0238672387849171,False
daytime,167->168,1626,15,bezier_ipopt,124.37248393398475,mse,0.0161799238183411,False
daytime,167->168,1626,15,bezier_nm,22.55254848097684,mse,0.4141059821139233,False
daytime,167->397,1626,15,bezier_pgd,0.0016063550137914,mse,2.197949868806764e-05,False
daytime,167->397,1626,15,bezier_ipopt,4.937885605031624,mse,6.180716199628857e-06,False
daytime,167->397,1626,15,bezier_nm,34.911000280000735,mse,0.0001800980585477,False
daytime,168->167,1626,15,bezier_pgd,0.0015221039648167,mse,1.6494857237522624e-05,False
daytime,168->167,1626,15,bezier_ipopt,7.029092180018779,mse,7.54701148943748e-06,False
daytime,168->167,1626,15,bezier_nm,33.78871818695916,mse,6.32090935759542e-05,False
daytime,168->285,1626,15,bezier_pgd,0.0028394570108503,mse,0.009535769976219,False
daytime,168->285,1626,15,bezier_ipopt,5.454154248989653,mse,0.0001261650420524,False
daytime,168->285,1626,15,bezier_nm,24.99199424503604,mse,0.2209085654303274,False
daytime,169->170,1626,15,bezier_pgd,0.0047424760414287,mse,0.0150027114074152,False
daytime,169->170,1626,15,bezier_ipopt,6.387194335984532,mse,0.0001492614322771,False
daytime,169->170,1626,15,bezier_nm,23.88708266202593,mse,0.2403479607550752,False
daytime,169->279,1626,15,bezier_pgd,0.0019506430253386,mse,0.0002549808615081,False
daytime,169->279,1626,15,bezier_ipopt,5.908214948954992,mse,0.0001431833719179,False
daytime,169->279,1626,15,bezier_nm,24.62109163199784,mse,0.060786818167187,False
daytime,17->127,1626,15,bezier_pgd,0.0023457170464098,mse,0.0068901216537706,False
daytime,17->127,1626,15,bezier_ipopt,5.6183612599852495,mse,0.0001293039403485,False
daytime,17->127,1626,15,bezier_nm,22.57378443097696,mse,0.2080072209412534,False
daytime,17->492,1626,15,bezier_pgd,0.0027541049639694,mse,0.0069018933765616,False
daytime,17->492,1626,15,bezier_ipopt,6.1685155520099215,mse,0.0001008232869912,False
daytime,17->492,1626,15,bezier_nm,23.3788654889795,mse,0.2255035858340521,False
daytime,17->97,1626,15,bezier_pgd,0.0016112730372697,mse,1.6285395638717603e-05,False
daytime,17->97,1626,15,bezier_ipopt,4.432604178960901,mse,6.948194968768802e-06,False
daytime,17->97,1626,15,bezier_nm,33.09949475695612,mse,0.0001432626952687,False
daytime,170->169,1626,15,bezier_pgd,0.0025690619950182,mse,0.0128737899231156,False
daytime,170->169,1626,15,bezier_ipopt,5.641294995031785,mse,0.000152909754056,False
daytime,170->169,1626,15,bezier_nm,23.423013792023998,mse,0.2458686055293333,False
daytime,170->348,1626,15,bezier_pgd,0.0025643309927545,mse,0.0004953187423729,False
daytime,170->348,1626,15,bezier_ipopt,,mse,,True
daytime,170->348,1626,15,bezier_nm,27.937853220966645,mse,0.0887164450616886,False
daytime,171->231,1626,15,bezier_pgd,0.0025297999964095,mse,0.0003387273934504,False
daytime,171->231,1626,15,bezier_ipopt,6.648283633985557,mse,0.0001109954810585,False
daytime,171->231,1626,15,bezier_nm,34.89579047705047,mse,0.0035592117102735,False
daytime,171->476,1626,15,bezier_pgd,0.0030880830017849,mse,0.0034319860771628,False
daytime,171->476,1626,15,bezier_ipopt,5.2157475230051205,mse,0.0002292714122619,False
daytime,171->476,1626,15,bezier_nm,23.537191955954768,mse,0.2262440344085571,False
daytime,172->438,1626,15,bezier_pgd,0.0018298189970664,mse,0.0278778190192536,False
daytime,172->438,1626,15,bezier_ipopt,,mse,,True
daytime,172->438,1626,15,bezier_nm,22.189316160976887,mse,0.3569093949657664,False
daytime,172->452,1626,15,bezier_pgd,0.0024386489531025,mse,0.0008460098065538,False
daytime,172->452,1626,15,bezier_ipopt,5.6220877369632944,mse,0.0001376924689759,False
daytime,172->452,1626,15,bezier_nm,25.6069286740385,mse,0.0791879387454946,False
daytime,173->174,1626,15,bezier_pgd,0.0020170949865132,mse,0.001552940805566,False
daytime,173->174,1626,15,bezier_ipopt,5.544502882985398,mse,0.0001281098494632,False
daytime,173->174,1626,15,bezier_nm,23.792453437985387,mse,0.1144530446667463,False
daytime,173->275,1626,15,bezier_pgd,0.0022514719748869,mse,0.0116287204494875,False
daytime,173->275,1626,15,bezier_ipopt,6.119705663004424,mse,0.0003245765539479,False
daytime,173->275,1626,15,bezier_nm,22.382739256019704,mse,0.1722421382597448,False
daytime,174->173,1626,15,bezier_pgd,0.002423962985631,mse,0.007947325357653,False
daytime,174->173,1626,15,bezier_ipopt,5.750877629965544,mse,0.0001637692334222,False
daytime,174->173,1626,15,bezier_nm,23.61404119100189,mse,0.208600718097762,False
daytime,174->284,1626,15,bezier_pgd,0.002676028991118,mse,0.0011859481317669,False
daytime,174->284,1626,15,bezier_ipopt,6.737866991956253,mse,7.884796447585866e-05,False
daytime,174->284,1626,15,bezier_nm,25.26236572599737,mse,0.1400799562804063,False
daytime,175->517,1626,15,bezier_pgd,0.0026274520205333,mse,0.0064507633619592,False
daytime,175->517,1626,15,bezier_ipopt,6.250313040975016,mse,0.0001116414027352,False
daytime,175->517,1626,15,bezier_nm,23.088030663027894,mse,0.227722570945053,False
daytime,175->521,1626,15,bezier_pgd,0.0017523799906484,mse,0.0002466866210628,False
daytime,175->521,1626,15,bezier_ipopt,6.530837728991173,mse,0.0001779947405737,False
daytime,175->521,1626,15,bezier_nm,34.687977728957776,mse,0.001852127015806,False
daytime,176->333,1626,15,bezier_pgd,0.0025984540116041,mse,0.0141204622570354,False
daytime,176->333,1626,15,bezier_ipopt,5.157852058997378,mse,0.0002039999771914,False
daytime,176->333,1626,15,bezier_nm,22.95129989297129,mse,0.2360690254094705,False
daytime,176->484,1626,15,bezier_pgd,0.0033679569605737,mse,0.0002534889258162,False
daytime,176->484,1626,15,bezier_ipopt,6.630877966003027,mse,0.000155686582838,False
daytime,176->484,1626,15,bezier_nm,24.24864022101974,mse,0.0507991313655111,False
daytime,177->116,1626,15,bezier_pgd,0.0036393480258993,mse,0.0020514966865575,False
daytime,177->116,1626,15,bezier_ipopt,6.256001394009218,mse,0.000206070989995,False
daytime,177->116,1626,15,bezier_nm,24.81194883101853,mse,0.1421025310187138,False
daytime,177->178,1626,15,bezier_pgd,0.0023191820364445,mse,0.0003107191588551,False
daytime,177->178,1626,15,bezier_ipopt,5.820472060004249,mse,0.0001813235097965,False
daytime,177->178,1626,15,bezier_nm,26.81348741502734,mse,0.1054100679706735,False
daytime,178->177,1626,15,bezier_pgd,0.0027887789765372,mse,0.0098063505102097,False
daytime,178->177,1626,15,bezier_ipopt,6.886734988016542,mse,0.000192248470732,False
daytime,178->177,1626,15,bezier_nm,22.3335632540402,mse,0.2644760555874636,False
daytime,178->385,1626,15,bezier_pgd,0.0023040050291456,mse,0.0018182016260161,False
daytime,178->385,1626,15,bezier_ipopt,5.800414114957675,mse,0.000178023619343,False
daytime,178->385,1626,15,bezier_nm,24.303455300978385,mse,0.1382512448548128,False
daytime,179->394,1626,15,bezier_pgd,0.0025190300075337,mse,0.0002833540644037,False
daytime,179->394,1626,15,bezier_ipopt,,mse,,True
daytime,179->394,1626,15,bezier_nm,30.46710924099898,mse,0.001166580822523,False
daytime,179->513,1626,15,bezier_pgd,0.0030920240096747,mse,0.0036779554946635,False
daytime,179->513,1626,15,bezier_ipopt,12.697519474022556,mse,0.0027658174067976,False
daytime,179->513,1626,15,bezier_nm,23.77577381802257,mse,0.1398281089210369,False
daytime,18->105,1626,15,bezier_pgd,0.0015784340212121,mse,2.014313897039248e-05,False
daytime,18->105,1626,15,bezier_ipopt,5.775257617002353,mse,8.96829943112223e-06,False
daytime,18->105,1626,15,bezier_nm,37.07805324002402,mse,0.0001165038671305,False
daytime,18->291,1626,15,bezier_pgd,0.0020229530055075,mse,0.0867088725694561,False
daytime,18->291,1626,15,bezier_ipopt,,mse,,True
daytime,18->291,1626,15,bezier_nm,21.939672113978304,mse,0.3849155475782524,False
daytime,18->326,1626,15,bezier_pgd,0.0020706090144813,mse,0.1263314172908645,False
daytime,18->326,1626,15,bezier_ipopt,,mse,,True
daytime,18->326,1626,15,bezier_nm,22.081388660997614,mse,0.4126580549945124,False
daytime,180->181,1626,15,bezier_pgd,0.0027659829938784,mse,0.0115067151522521,False
daytime,180->181,1626,15,bezier_ipopt,6.826568643038627,mse,0.0002397486953188,False
daytime,180->181,1626,15,bezier_nm,23.523386170971207,mse,0.2664212528087546,False
daytime,180->373,1626,15,bezier_pgd,0.0022519850172102,mse,0.006057181044101,False
daytime,180->373,1626,15,bezier_ipopt,5.796526299032848,mse,0.0002806368112045,False
daytime,180->373,1626,15,bezier_nm,24.60552184394328,mse,0.1759333315289176,False
daytime,181->180,1626,15,bezier_pgd,0.0022470150142908,mse,0.0044284094916084,False
daytime,181->180,1626,15,bezier_ipopt,6.313432652968913,mse,0.0002189112430064,False
daytime,181->180,1626,15,bezier_nm,25.15239203098463,mse,0.1704448960493421,False
daytime,181->429,1626,15,bezier_pgd,0.0024438060354441,mse,0.0108491497362903,False
daytime,181->429,1626,15,bezier_ipopt,4.936555097985547,mse,0.0002068668744787,False
daytime,181->429,1626,15,bezier_nm,23.0201473319903,mse,0.2352185918769305,False
daytime,182->390,1626,15,bezier_pgd,0.0022751180222257,mse,0.009665979440528,False
daytime,182->390,1626,15,bezier_ipopt,6.536289081035648,mse,0.000150748324058,False
daytime,182->390,1626,15,bezier_nm,22.056739719002508,mse,0.2701813465153092,False
daytime,182->433,1626,15,bezier_pgd,0.002225314034149,mse,0.0081534257627826,False
daytime,182->433,1626,15,bezier_ipopt,,mse,,True
daytime,182->433,1626,15,bezier_nm,23.470461191958748,mse,0.2704091108046684,False
daytime,183->184,1626,15,bezier_pgd,0.0026992079801857,mse,0.0002303977427531,False
daytime,183->184,1626,15,bezier_ipopt,8.297109563020058,mse,0.0001474263912611,False
daytime,183->184,1626,15,bezier_nm,34.21405670401873,mse,0.0030403136688431,False
daytime,183->267,1626,15,bezier_pgd,0.0026152430218644,mse,0.000385712941749,False
daytime,183->267,1626,15,bezier_ipopt,29.145640505012125,mse,0.0001349058143857,False
daytime,183->267,1626,15,bezier_nm,23.70519008097472,mse,0.132132585299166,False
daytime,184->183,1626,15,bezier_pgd,0.004402149002999,mse,0.0004799821504674,False
daytime,184->183,1626,15,bezier_ipopt,8.638705459947232,mse,0.0001234634569765,False
daytime,184->183,1626,15,bezier_nm,24.173617885040585,mse,0.1389508803852482,False
daytime,184->485,1626,15,bezier_pgd,0.0027916569961234,mse,0.0082168045541667,False
daytime,184->485,1626,15,bezier_ipopt,5.841022708977107,mse,0.0001360122259197,False
daytime,184->485,1626,15,bezier_nm,22.17532434302848,mse,0.2437238047269248,False
daytime,185->186,1626,15,bezier_pgd,0.0026614670059643,mse,0.0081384253683083,False
daytime,185->186,1626,15,bezier_ipopt,4.95538524602307,mse,0.0001400302059055,False
daytime,185->186,1626,15,bezier_nm,24.786429150030017,mse,0.244897163557384,False
daytime,185->227,1626,15,bezier_pgd,0.0026582189602777,mse,0.006677518579498,False
daytime,185->227,1626,15,bezier_ipopt,8.01386614999501,mse,0.0001116270897694,False
daytime,185->227,1626,15,bezier_nm,22.948289346997623,mse,0.2470514919455738,False
daytime,186->185,1626,15,bezier_pgd,0.0028818140272051,mse,0.0013492277278174,False
daytime,186->185,1626,15,bezier_ipopt,,mse,,True
daytime,186->185,1626,15,bezier_nm,24.48315739602549,mse,0.1758314269294684,False
daytime,186->19,1626,15,bezier_pgd,0.0023730949615128,mse,0.0162109972711896,False
daytime,186->19,1626,15,bezier_ipopt,10.085520908003671,mse,0.0002028329818206,False
daytime,186->19,1626,15,bezier_nm,22.836525680031627,mse,0.2715763124943983,False
daytime,187->454,1626,15,bezier_pgd,0.0033096270053647,mse,0.0162531370340728,False
daytime,187->454,1626,15,bezier_ipopt,5.109432682977058,mse,0.0002161357122673,False
daytime,187->454,1626,15,bezier_nm,23.094520610000476,mse,0.24771425210773,False
daytime,187->514,1626,15,bezier_pgd,0.0044598910026252,mse,0.013312701791765,False
daytime,187->514,1626,15,bezier_ipopt,12.040410540997982,mse,0.0001583202039006,False
daytime,187->514,1626,15,bezier_nm,23.973566524975467,mse,0.2467951027634162,False
daytime,188->485,1626,15,bezier_pgd,0.0040926910005509,mse,0.001900687268062,False
daytime,188->485,1626,15,bezier_ipopt,,mse,,True
daytime,188->485,1626,15,bezier_nm,25.637729731970467,mse,0.1264897925343027,False
daytime,188->513,1626,15,bezier_pgd,0.0025664110435172,mse,0.025762690269955,False
daytime,188->513,1626,15,bezier_ipopt,,mse,,True
daytime,188->513,1626,15,bezier_nm,22.8156956610037,mse,0.2738821180429809,False
daytime,189->190,1626,15,bezier_pgd,0.0042853740160353,mse,0.0205773577300955,False
daytime,189->190,1626,15,bezier_ipopt,5.975350485998206,mse,0.0003566334617896,False
daytime,189->190,1626,15,bezier_nm,22.99695751396939,mse,0.2530893929501771,False
daytime,189->524,1626,15,bezier_pgd,0.0029546709847636,mse,0.0135114721925541,False
daytime,189->524,1626,15,bezier_ipopt,6.213845076970756,mse,0.0002338890001039,False
daytime,189->524,1626,15,bezier_nm,23.564157358021475,mse,0.2581087050857153,False
daytime,19->186,1626,15,bezier_pgd,0.0022928650141693,mse,0.0181635202793575,False
daytime,19->186,1626,15,bezier_ipopt,8.86365948303137,mse,0.0002184044323452,False
daytime,19->186,1626,15,bezier_nm,24.742898066004276,mse,0.2813231181114738,False
daytime,19->458,1626,15,bezier_pgd,0.0021082769962958,mse,3.959251865004157e-05,False
daytime,19->458,1626,15,bezier_ipopt,10.114471932989543,mse,5.762476892354712e-06,False
daytime,19->458,1626,15,bezier_nm,36.2526286469656,mse,0.0005179912288307,False
daytime,19->506,1626,15,bezier_pgd,0.0025670260074548,mse,0.0162109972711896,False
daytime,19->506,1626,15,bezier_ipopt,9.090626829012765,mse,0.0002027867745199,False
daytime,19->506,1626,15,bezier_nm,23.60562555398792,mse,0.2715734663472309,False
daytime,190->189,1626,15,bezier_pgd,0.0024844129802659,mse,0.0161827667885767,False
daytime,190->189,1626,15,bezier_ipopt,5.242027541040443,mse,0.0002502064556169,False
daytime,190->189,1626,15,bezier_nm,23.007545289001428,mse,0.2460246185286918,False
daytime,190->495,1626,15,bezier_pgd,0.0026165840099565,mse,0.0087999189629334,False
daytime,190->495,1626,15,bezier_ipopt,5.386662791017443,mse,0.0001568034767863,False
daytime,190->495,1626,15,bezier_nm,23.58210076700197,mse,0.2269983237076087,False
daytime,191->269,1626,15,bezier_pgd,0.0026904910337179,mse,0.0064227883230914,False
daytime,191->269,1626,15,bezier_ipopt,5.577505627006758,mse,0.0001752291781673,False
daytime,191->269,1626,15,bezier_nm,21.93630771699827,mse,0.2572544917443021,False
daytime,191->472,1626,15,bezier_pgd,0.0022532289731316,mse,0.0187521829930104,False
daytime,191->472,1626,15,bezier_ipopt,7.419051544973627,mse,0.0001993975968307,False
daytime,191->472,1626,15,bezier_nm,23.61289085703902,mse,0.2870875558585435,False
daytime,192->193,1626,15,bezier_pgd,0.0036270770360715,mse,0.0176123482825734,False
daytime,192->193,1626,15,bezier_ipopt,5.948005855025258,mse,0.0002279677082689,False
daytime,192->193,1626,15,bezier_nm,24.548903465969488,mse,0.2769467335278787,False
daytime,192->420,1626,15,bezier_pgd,0.0023818630143068,mse,0.0016010161109908,False
daytime,192->420,1626,15,bezier_ipopt,5.59571278601652,mse,0.0001416321094016,False
daytime,192->420,1626,15,bezier_nm,25.947464395023417,mse,0.1254154305675028,False
daytime,193->192,1626,15,bezier_pgd,0.0031721870182082,mse,0.0140305409438246,False
daytime,193->192,1626,15,bezier_ipopt,5.8063258859911,mse,0.0002029669088666,False
daytime,193->192,1626,15,bezier_nm,23.05233121599304,mse,0.2577387774753675,False
daytime,193->300,1626,15,bezier_pgd,0.0026305119972676,mse,0.0091392088985245,False
daytime,193->300,1626,15,bezier_ipopt,,mse,,True
daytime,193->300,1626,15,bezier_nm,23.84723848901922,mse,0.2329182397780058,False
daytime,194->475,1626,15,bezier_pgd,0.002529767982196,mse,0.0057706816113524,False
daytime,194->475,1626,15,bezier_ipopt,6.047769521013834,mse,0.0001451758227299,False
daytime,194->475,1626,15,bezier_nm,23.272760569001548,mse,0.2180224909347073,False
daytime,194->486,1626,15,bezier_pgd,0.0023838839842937,mse,0.0009301500211319,False
daytime,194->486,1626,15,bezier_ipopt,6.786136743030511,mse,9.64831521341145e-05,False
daytime,194->486,1626,15,bezier_nm,25.26090347697027,mse,0.0947164656434605,False
daytime,195->196,1626,15,bezier_pgd,0.0025824229815043,mse,0.002054925315628,False
daytime,195->196,1626,15,bezier_ipopt,4.71947050903691,mse,0.0002092040728534,False
daytime,195->196,1626,15,bezier_nm,24.4724978239974,mse,0.1701136482194518,False
daytime,195->484,1626,15,bezier_pgd,0.0043748180032707,mse,0.0096216440612814,False
daytime,195->484,1626,15,bezier_ipopt,4.543560697988141,mse,0.0001974576130312,False
daytime,195->484,1626,15,bezier_nm,22.17260704300133,mse,0.2368480765879148,False
daytime,196->195,1626,15,bezier_pgd,0.0022590039880014,mse,0.0093567131523961,False
daytime,196->195,1626,15,bezier_ipopt,5.625843741989229,mse,0.0002027112097888,False
daytime,196->195,1626,15,bezier_nm,24.56170372699853,mse,0.2219838894570409,False
daytime,196->328,1626,15,bezier_pgd,0.0025248529855161,mse,0.0108898578359531,False
daytime,196->328,1626,15,bezier_ipopt,5.908971462980844,mse,0.000194834492127,False
daytime,196->328,1626,15,bezier_nm,23.48878599499585,mse,0.2343157733713761,False
daytime,197->340,1626,15,bezier_pgd,0.0023053789627738,mse,0.0042400645806435,False
daytime,197->340,1626,15,bezier_ipopt,5.204553936026059,mse,0.0002407951027221,False
daytime,197->340,1626,15,bezier_nm,23.762732646020595,mse,0.1680713738757111,False
daytime,197->389,1626,15,bezier_pgd,0.0040204260149039,mse,0.0004639858928077,False
daytime,197->389,1626,15,bezier_ipopt,6.63443020998966,mse,0.0001009486416136,False
daytime,197->389,1626,15,bezier_nm,24.15545692498563,mse,0.1338844187936689,False
daytime,198->147,1626,15,bezier_pgd,0.0029445760301314,mse,0.0052903427784325,False
daytime,198->147,1626,15,bezier_ipopt,6.4804520679754205,mse,0.0001639893436594,False
daytime,198->147,1626,15,bezier_nm,22.951686372980475,mse,0.2278385174731101,False
daytime,198->410,1626,15,bezier_pgd,0.002275111968629,mse,0.0068931209230158,False
daytime,198->410,1626,15,bezier_ipopt,6.785963026981335,mse,0.0002782264197317,False
daytime,198->410,1626,15,bezier_nm,25.51638330798596,mse,0.2040044112966346,False
daytime,199->200,1626,15,bezier_pgd,0.0024104270269162,mse,0.0149960622174728,False
daytime,199->200,1626,15,bezier_ipopt,7.234803019033279,mse,0.0002243492438101,False
daytime,199->200,1626,15,bezier_nm,21.35764964396367,mse,0.2717055690402111,False
daytime,199->420,1626,15,bezier_pgd,0.0026143129798583,mse,0.000614136776345,False
daytime,199->420,1626,15,bezier_ipopt,6.34882331994595,mse,0.0001395987052149,False
daytime,199->420,1626,15,bezier_nm,24.80420737096574,mse,0.1032148156292946,False
daytime,2->60,1626,15,bezier_pgd,0.001679357024841,mse,1.510094493050177e-05,False
daytime,2->60,1626,15,bezier_ipopt,4.89714695798466,mse,6.882756706742238e-06,False
daytime,2->60,1626,15,bezier_nm,31.681840817036573,mse,0.0002782414565621,False
daytime,20->25,1626,15,bezier_pgd,0.0018559989985078,mse,0.0007823114218147,False
daytime,20->25,1626,15,bezier_ipopt,6.140226582007017,mse,8.792664050203986e-05,False
daytime,20->25,1626,15,bezier_nm,25.45586852298584,mse,0.0706949980469372,False
daytime,20->526,1626,15,bezier_pgd,0.0022498469916172,mse,0.005372287252925,False
daytime,20->526,1626,15,bezier_ipopt,8.32599050400313,mse,0.0002620785848025,False
daytime,20->526,1626,15,bezier_nm,23.592502689978573,mse,0.1987591547699049,False
daytime,200->199,1626,15,bezier_pgd,0.0033376020146533,mse,0.0026301372112957,False
daytime,200->199,1626,15,bezier_ipopt,6.270141583983786,mse,0.0002328686552845,False
daytime,200->199,1626,15,bezier_nm,25.63419950002572,mse,0.117113572313928,False
daytime,200->384,1626,15,bezier_pgd,0.0021604910143651,mse,0.0257486276396076,False
daytime,200->384,1626,15,bezier_ipopt,,mse,,True
daytime,200->384,1626,15,bezier_nm,27.930386491003446,mse,0.2098276744130879,False
daytime,201->476,1626,15,bezier_pgd,0.0020975330262444,mse,0.0006342128611897,False
daytime,201->476,1626,15,bezier_ipopt,,mse,,True
daytime,201->476,1626,15,bezier_nm,23.61112247401616,mse,0.0118002942940369,False
daytime,201->487,1626,15,bezier_pgd,0.0021955869742669,mse,0.1286613907401102,False
daytime,201->487,1626,15,bezier_ipopt,8.20719749800628,mse,5.255503081680981e-05,False
daytime,201->487,1626,15,bezier_nm,23.79305937199388,mse,0.4539871048872648,False
daytime,202->203,1626,15,bezier_pgd,0.0028334889793768,mse,0.0117267488033278,False
daytime,202->203,1626,15,bezier_ipopt,5.159094150003512,mse,0.0001894390209869,False
daytime,202->203,1626,15,bezier_nm,22.709043539012782,mse,0.2647702773936081,False
daytime,202->72,1626,15,bezier_pgd,0.0020577760296873,mse,1.3622224257435697e-05,False
daytime,202->72,1626,15,bezier_ipopt,6.557409158034716,mse,5.199738320531492e-06,False
daytime,202->72,1626,15,bezier_nm,31.832898594031576,mse,7.485467425479381e-05,False
daytime,202->80,1626,15,bezier_pgd,0.0015906919725239,mse,2.604135810806708e-05,False
daytime,202->80,1626,15,bezier_ipopt,5.259829306975007,mse,1.2053980030414988e-05,False
daytime,202->80,1626,15,bezier_nm,33.160779335012194,mse,0.0007455207955788,False
daytime,203->202,1626,15,bezier_pgd,0.0033763180254027,mse,0.0167244252845341,False
daytime,203->202,1626,15,bezier_ipopt,6.070309063012246,mse,0.0002453345040942,False
daytime,203->202,1626,15,bezier_nm,22.262635285034776,mse,0.2697640934131703,False
daytime,203->315,1626,15,bezier_pgd,0.0025615060003474,mse,0.0004003386848295,False
daytime,203->315,1626,15,bezier_ipopt,5.990986198012251,mse,0.0001829245139323,False
daytime,203->315,1626,15,bezier_nm,24.2251296750037,mse,0.0784160206873172,False
daytime,204->288,1626,15,bezier_pgd,0.0028562109800986,mse,0.0015580076493123,False
daytime,204->288,1626,15,bezier_ipopt,6.485054816992488,mse,0.0001431243409693,False
daytime,204->288,1626,15,bezier_nm,24.13704066199716,mse,0.1451766898365658,False
daytime,204->472,1626,15,bezier_pgd,0.0027808070299215,mse,0.0147615547132844,False
daytime,204->472,1626,15,bezier_ipopt,5.332868412020616,mse,0.0002006226626429,False
daytime,204->472,1626,15,bezier_nm,23.998468019010037,mse,0.2518293075989106,False
daytime,205->206,1626,15,bezier_pgd,0.002249795012176,mse,0.0171039673109217,False
daytime,205->206,1626,15,bezier_ipopt,6.970497913949657,mse,0.0002770602432932,False
daytime,205->206,1626,15,bezier_nm,21.977567597990856,mse,0.2759329128352879,False
daytime,205->294,1626,15,bezier_pgd,0.0031453209812752,mse,0.0181923498836735,False
daytime,205->294,1626,15,bezier_ipopt,5.355866722005885,mse,0.0002360489119952,False
daytime,205->294,1626,15,bezier_nm,24.42829672800144,mse,0.2569390109169183,False
daytime,206->205,1626,15,bezier_pgd,0.0038550460012629,mse,0.0033095657786045,False
daytime,206->205,1626,15,bezier_ipopt,6.05994498601649,mse,0.0001575249317612,False
daytime,206->205,1626,15,bezier_nm,25.067335330997597,mse,0.1798848315202692,False
daytime,206->504,1626,15,bezier_pgd,0.0026576639502309,mse,0.0009373380154197,False
daytime,206->504,1626,15,bezier_ipopt,6.176310393027961,mse,0.0001734491126091,False
daytime,206->504,1626,15,bezier_nm,22.7979564339621,mse,0.1647802084217756,False
daytime,207->490,1626,15,bezier_pgd,0.0023857749765738,mse,0.0008654187275059,False
daytime,207->490,1626,15,bezier_ipopt,7.6631910459836945,mse,0.0002137764740519,False
daytime,207->490,1626,15,bezier_nm,25.09920105600031,mse,0.0580516511532243,False
daytime,207->504,1626,15,bezier_pgd,0.0028981079813092,mse,0.0004970016842019,False
daytime,207->504,1626,15,bezier_ipopt,6.446585403988138,mse,7.21534259216709e-05,False
daytime,207->504,1626,15,bezier_nm,21.52205759397475,mse,0.1641551004894451,False
daytime,208->358,1626,15,bezier_pgd,0.0045928210020065,mse,0.0132668860786301,False
daytime,208->358,1626,15,bezier_ipopt,,mse,,True
daytime,208->358,1626,15,bezier_nm,23.604673706984613,mse,0.0986842879436811,False
daytime,208->390,1626,15,bezier_pgd,0.0023067989968694,mse,0.0032620481465132,False
daytime,208->390,1626,15,bezier_ipopt,,mse,,True
daytime,208->390,1626,15,bezier_nm,23.813575058011335,mse,0.0970455690129965,False
daytime,209->210,1626,15,bezier_pgd,0.0038569080061279,mse,0.0023256025537842,False
daytime,209->210,1626,15,bezier_ipopt,,mse,,True
daytime,209->210,1626,15,bezier_nm,30.19186228601029,mse,0.220259467209181,False
daytime,209->94,1626,15,bezier_pgd,0.0039505140157416,mse,0.0578120600795173,False
daytime,209->94,1626,15,bezier_ipopt,6.5990642190445215,mse,0.0001395399008878,False
daytime,209->94,1626,15,bezier_nm,23.12447874399368,mse,0.2986174306145419,False
daytime,21->435,1626,15,bezier_pgd,0.0037722230190411,mse,0.0160351978695682,False
daytime,21->435,1626,15,bezier_ipopt,5.603029936959501,mse,0.0001472197982743,False
daytime,21->435,1626,15,bezier_nm,22.661432962981053,mse,0.2289142112672237,False
daytime,21->488,1626,15,bezier_pgd,0.0021078140125609,mse,0.0026465096858086,False
daytime,21->488,1626,15,bezier_ipopt,6.0036574469995685,mse,0.0003045059180321,False
daytime,21->488,1626,15,bezier_nm,24.667576768028084,mse,0.1428576302796119,False
daytime,21->534,1626,15,bezier_pgd,0.0041449239943176,mse,0.0020413065217618,False
daytime,21->534,1626,15,bezier_ipopt,9.141656377993058,mse,8.802502837576366e-05,False
daytime,21->534,1626,15,bezier_nm,23.35044123599073,mse,0.1712492978598671,False
daytime,210->209,1626,15,bezier_pgd,0.0026359600014984,mse,0.0785158807804466,False
daytime,210->209,1626,15,bezier_ipopt,,mse,,True
daytime,210->209,1626,15,bezier_nm,23.04397258302197,mse,0.3118717793626792,False
daytime,210->522,1626,15,bezier_pgd,0.0022464079665951,mse,0.0211588050285587,False
daytime,210->522,1626,15,bezier_ipopt,7.70305065298453,mse,0.0001514827891281,False
daytime,210->522,1626,15,bezier_nm,22.87094237201381,mse,0.2902365594053947,False
daytime,211->219,1626,15,bezier_pgd,0.0024940179428085,mse,0.0254837478028213,False
daytime,211->219,1626,15,bezier_ipopt,6.47858446103055,mse,0.0002277057350184,False
daytime,211->219,1626,15,bezier_nm,23.015999039984308,mse,0.2605329421138395,False
daytime,211->469,1626,15,bezier_pgd,0.0027433859650045,mse,0.0021170885561555,False
daytime,211->469,1626,15,bezier_ipopt,6.5566561840241775,mse,0.0002092668822568,False
daytime,211->469,1626,15,bezier_nm,26.059799348993693,mse,0.1619561927621317,False
daytime,212->488,1626,15,bezier_pgd,0.0022574280155822,mse,0.0002441686918602,False
daytime,212->488,1626,15,bezier_ipopt,5.030704497010447,mse,0.0001268446031364,False
daytime,212->488,1626,15,bezier_nm,26.05542360397521,mse,0.0285717657495899,False
daytime,212->535,1626,15,bezier_pgd,0.0030190630350261,mse,0.0054104370784687,False
daytime,212->535,1626,15,bezier_ipopt,9.175164412998129,mse,0.0002063070168128,False
daytime,212->535,1626,15,bezier_nm,23.492217350983992,mse,0.2423967046489686,False
daytime,213->214,1626,15,bezier_pgd,0.0026202070293948,mse,0.0080439374241389,False
daytime,213->214,1626,15,bezier_ipopt,5.777225719008129,mse,0.0001195224009769,False
daytime,213->214,1626,15,bezier_nm,22.073071814957075,mse,0.2594420972794629,False
daytime,213->270,1626,15,bezier_pgd,0.002621091029141,mse,0.0128840333477379,False
daytime,213->270,1626,15,bezier_ipopt,4.594013485009782,mse,0.0003741085834203,False
daytime,213->270,1626,15,bezier_nm,23.812455845996737,mse,0.2418846398003333,False
daytime,214->213,1626,15,bezier_pgd,0.0028800599975511,mse,0.0097431045767863,False
daytime,214->213,1626,15,bezier_ipopt,6.706623755046167,mse,0.0001498219913196,False
daytime,214->213,1626,15,bezier_nm,24.6695044930093,mse,0.2484464592863382,False
daytime,214->520,1626,15,bezier_pgd,0.0025459510507062,mse,0.0102510833539169,False
daytime,214->520,1626,15,bezier_ipopt,5.893646237032954,mse,0.0002110545079265,False
daytime,214->520,1626,15,bezier_nm,22.021905742003582,mse,0.2282931374294999,False
daytime,215->149,1626,15,bezier_pgd,0.0024692380102351,mse,0.0079612108223345,False
daytime,215->149,1626,15,bezier_ipopt,8.639267218008172,mse,0.0001404654259094,False
daytime,215->149,1626,15,bezier_nm,25.853529001004063,mse,0.2208504381033307,False
daytime,215->236,1626,15,bezier_pgd,0.0027665070374496,mse,0.0009856527913322,False
daytime,215->236,1626,15,bezier_ipopt,62.89655067800777,mse,0.0001111841463255,False
daytime,215->236,1626,15,bezier_nm,23.940445565036494,mse,0.0773917190407448,False
daytime,216->106,1626,15,bezier_pgd,0.0022525709937326,mse,0.0003189090918124,False
daytime,216->106,1626,15,bezier_ipopt,6.389711087045725,mse,0.0001903480945077,False
daytime,216->106,1626,15,bezier_nm,25.798816110996995,mse,0.0744168253756592,False
daytime,216->90,1626,15,bezier_pgd,0.0019763730233535,mse,0.0648727877884634,False
daytime,216->90,1626,15,bezier_ipopt,,mse,,True
daytime,216->90,1626,15,bezier_nm,23.65754469303647,mse,0.3835953229893287,False
daytime,217->239,1626,15,bezier_pgd,0.0019014350255019,mse,0.2821820285404181,False
daytime,217->239,1626,15,bezier_ipopt,,mse,,True
daytime,217->239,1626,15,bezier_nm,29.521831493999343,mse,0.672766550941768,False
daytime,217->426,1626,15,bezier_pgd,0.0019967019907198,mse,0.1971933540309553,False
daytime,217->426,1626,15,bezier_ipopt,5.1737149129621685,mse,2.9359397592318516e-05,False
daytime,217->426,1626,15,bezier_nm,23.92313336499501,mse,0.499184521655218,False
daytime,218->479,1626,15,bezier_pgd,0.0026736250147223,mse,0.0076800556629345,False
daytime,218->479,1626,15,bezier_ipopt,5.975857926998287,mse,0.0001764687559107,False
daytime,218->479,1626,15,bezier_nm,23.289139347034503,mse,0.2510462179080834,False
daytime,218->489,1626,15,bezier_pgd,0.0028376419795677,mse,0.015147925179965,False
daytime,218->489,1626,15,bezier_ipopt,5.670486158982385,mse,0.0002887154111477,False
daytime,218->489,1626,15,bezier_nm,24.687475557031576,mse,0.2376017793405947,False
daytime,219->211,1626,15,bezier_pgd,0.0026674590189941,mse,0.015680245001826,False
daytime,219->211,1626,15,bezier_ipopt,5.498384610051289,mse,0.0002119753475025,False
daytime,219->211,1626,15,bezier_nm,23.539233896008227,mse,0.2553862156509954,False
daytime,219->491,1626,15,bezier_pgd,0.003442948043812,mse,0.0058207191911827,False
daytime,219->491,1626,15,bezier_ipopt,12.089902192994488,mse,0.0001545379169458,False
daytime,219->491,1626,15,bezier_nm,25.26492958597373,mse,0.1584758410943001,False
daytime,22->364,1626,15,bezier_pgd,0.0025359250139445,mse,0.0040881172055381,False
daytime,22->364,1626,15,bezier_ipopt,,mse,,True
daytime,22->364,1626,15,bezier_nm,26.72935668600257,mse,0.2263025431567005,False
daytime,22->437,1626,15,bezier_pgd,0.0023958410019986,mse,0.0160410929714282,False
daytime,22->437,1626,15,bezier_ipopt,,mse,,True
daytime,22->437,1626,15,bezier_nm,25.25125079904683,mse,0.2580834719294425,False
daytime,22->516,1626,15,bezier_pgd,0.0035784859792329,mse,0.1304813654360417,False
daytime,22->516,1626,15,bezier_ipopt,,mse,,True
daytime,22->516,1626,15,bezier_nm,20.95915056701051,mse,0.3882782050336195,False
daytime,220->152,1626,15,bezier_pgd,0.0028007460059598,mse,0.0094451864133954,False
daytime,220->152,1626,15,bezier_ipopt,7.94401105196448,mse,0.0001491428420221,False
daytime,220->152,1626,15,bezier_nm,22.494295576005243,mse,0.2412222733847678,False
daytime,220->494,1626,15,bezier_pgd,0.0027911060024052,mse,0.00072631467794,False
daytime,220->494,1626,15,bezier_ipopt,5.573772857955191,mse,0.0001932810047193,False
daytime,220->494,1626,15,bezier_nm,25.05095269903541,mse,0.1670886260118811,False
daytime,221->131,1626,15,bezier_pgd,0.0040411470108665,mse,0.0006611366698972,False
daytime,221->131,1626,15,bezier_ipopt,5.749003312957939,mse,0.0001585067067038,False
daytime,221->131,1626,15,bezier_nm,24.38904687197646,mse,0.0946706577369003,False
daytime,221->376,1626,15,bezier_pgd,0.0042561499867588,mse,0.0006497176139349,False
daytime,221->376,1626,15,bezier_ipopt,6.4600838150363415,mse,0.0001847182498794,False
daytime,221->376,1626,15,bezier_nm,25.64749712496996,mse,0.1500895085182045,False
daytime,222->223,1626,15,bezier_pgd,0.0044330059899948,mse,0.0134413562174079,False
daytime,222->223,1626,15,bezier_ipopt,5.2361760619678535,mse,0.0002350414731961,False
daytime,222->223,1626,15,bezier_nm,23.234509631991383,mse,0.2511443375214641,False
daytime,222->344,1626,15,bezier_pgd,0.0017214680556207,mse,0.0001846294857979,False
daytime,222->344,1626,15,bezier_ipopt,6.2900863570394,mse,0.0001203946025486,False
daytime,222->344,1626,15,bezier_nm,33.44503501901636,mse,0.0019777518121923,False
daytime,223->222,1626,15,bezier_pgd,0.0034627150162123,mse,0.0003805066391853,False
daytime,223->222,1626,15,bezier_ipopt,5.6533936340129,mse,0.0001537436133911,False
daytime,223->222,1626,15,bezier_nm,25.451708141015843,mse,0.0985016394547589,False
daytime,223->329,1626,15,bezier_pgd,0.0023191859945654,mse,0.0071892528199001,False
daytime,223->329,1626,15,bezier_ipopt,5.112016152008437,mse,0.0001725015383245,False
daytime,223->329,1626,15,bezier_nm,24.04504463297781,mse,0.2153419987305858,False
daytime,224->252,1626,15,bezier_pgd,0.0032587439636699,mse,0.0016261257297508,False
daytime,224->252,1626,15,bezier_ipopt,6.377111408975907,mse,0.0001396119103528,False
daytime,224->252,1626,15,bezier_nm,23.951723859005146,mse,0.0512986880113509,False
daytime,224->451,1626,15,bezier_pgd,0.0022901729680597,mse,0.0030341237542225,False
daytime,224->451,1626,15,bezier_ipopt,7.292828076984733,mse,0.0002153949953151,False
daytime,224->451,1626,15,bezier_nm,24.71296055498533,mse,0.1636522602901664,False
daytime,225->251,1626,15,bezier_pgd,0.0030327460262924,mse,0.0019336755769676,False
daytime,225->251,1626,15,bezier_ipopt,6.368655879981816,mse,0.0001497194832376,False
daytime,225->251,1626,15,bezier_nm,24.50193156802561,mse,0.1174572044514175,False
daytime,225->7,1626,15,bezier_pgd,0.0028504540096037,mse,0.0078324942948142,False
daytime,225->7,1626,15,bezier_ipopt,5.841830983001273,mse,7.505613943426652e-05,False
daytime,225->7,1626,15,bezier_nm,23.843388109002262,mse,0.2548556978210928,False
daytime,226->453,1626,15,bezier_pgd,0.0041304280166514,mse,0.0106958474896484,False
daytime,226->453,1626,15,bezier_ipopt,5.236663969990332,mse,0.0001563654413919,False
daytime,226->453,1626,15,bezier_nm,24.4268511570408,mse,0.2297328655177703,False
daytime,226->495,1626,15,bezier_pgd,0.0027868340257555,mse,0.0003066733649573,False
daytime,226->495,1626,15,bezier_ipopt,7.039723026973661,mse,0.0001729979263156,False
daytime,226->495,1626,15,bezier_nm,26.28311940998537,mse,0.0447753306245194,False
daytime,227->185,1626,15,bezier_pgd,0.0026802879874594,mse,0.0011746274136154,False
daytime,227->185,1626,15,bezier_ipopt,6.121047241031192,mse,0.0001513586326543,False
daytime,227->185,1626,15,bezier_nm,26.30029715795536,mse,0.1289220579403722,False
daytime,227->485,1626,15,bezier_pgd,0.0022703590220771,mse,0.0006254326539503,False
daytime,227->485,1626,15,bezier_ipopt,6.775895508006215,mse,0.0001178314673015,False
daytime,227->485,1626,15,bezier_nm,24.99550215696217,mse,0.0915391864450636,False
daytime,228->16,1626,15,bezier_pgd,0.0023007760173641,mse,0.000282522471476,False
daytime,228->16,1626,15,bezier_ipopt,5.7892753219930455,mse,0.0001611015367384,False
daytime,228->16,1626,15,bezier_nm,24.0004576020292,mse,0.0425558956727997,False
daytime,228->471,1626,15,bezier_pgd,0.0028727710014209,mse,0.0148977197629994,False
daytime,228->471,1626,15,bezier_ipopt,,mse,,True
daytime,228->471,1626,15,bezier_nm,23.02879255200969,mse,0.2527708676112075,False
daytime,229->230,1626,15,bezier_pgd,0.0027984679909422,mse,0.1589916397049131,False
daytime,229->230,1626,15,bezier_ipopt,7.47333313402487,mse,6.618718927097431e-05,False
daytime,229->230,1626,15,bezier_nm,23.915772999986075,mse,0.3389295539390604,False
daytime,229->417,1626,15,bezier_pgd,0.0033530099899508,mse,0.3696659232400137,False
daytime,229->417,1626,15,bezier_ipopt,,mse,,True
daytime,229->417,1626,15,bezier_nm,29.281352017016616,mse,0.5014218912673994,False
daytime,23->15,1626,15,bezier_pgd,0.0023944469867274,mse,0.0100348701169684,False
daytime,23->15,1626,15,bezier_ipopt,6.598110037972219,mse,8.487609710018051e-05,False
daytime,23->15,1626,15,bezier_nm,23.785974911006637,mse,0.2171161086766178,False
daytime,23->435,1626,15,bezier_pgd,0.0016873450367711,mse,2.6011185616943093e-05,False
daytime,23->435,1626,15,bezier_ipopt,5.1545140580274165,mse,4.691753023698789e-06,False
daytime,23->435,1626,15,bezier_nm,34.48630356299691,mse,0.0002884011585501,False
daytime,23->536,1626,15,bezier_pgd,0.0038275999831967,mse,0.0037421558194845,False
daytime,23->536,1626,15,bezier_ipopt,7.673145602981094,mse,9.307976399259676e-05,False
daytime,23->536,1626,15,bezier_nm,22.52526092698099,mse,0.1961945162939674,False
daytime,230->229,1626,15,bezier_pgd,0.0033344519906677,mse,0.0009992487145931,False
daytime,230->229,1626,15,bezier_ipopt,5.436922714987304,mse,9.865781952524416e-05,False
daytime,230->229,1626,15,bezier_nm,29.71772502997192,mse,0.222609510995377,False
daytime,230->508,1626,15,bezier_pgd,0.0040509300306439,mse,0.0092382834581594,False
daytime,230->508,1626,15,bezier_ipopt,,mse,,True
daytime,230->508,1626,15,bezier_nm,26.955502171011176,mse,0.2520557972096546,False
daytime,231->171,1626,15,bezier_pgd,0.0048068510368466,mse,0.0051548263054174,False
daytime,231->171,1626,15,bezier_ipopt,6.159010939998552,mse,0.0001534626391141,False
daytime,231->171,1626,15,bezier_nm,24.808418117987458,mse,0.2145702844816773,False
daytime,231->349,1626,15,bezier_pgd,0.0025465600192546,mse,0.0022289934959286,False
daytime,231->349,1626,15,bezier_ipopt,6.044489160005469,mse,0.0001082214944718,False
daytime,231->349,1626,15,bezier_nm,25.495201660960447,mse,0.1765455657160851,False
daytime,232->233,1626,15,bezier_pgd,0.0040394130046479,mse,0.0108300279952058,False
daytime,232->233,1626,15,bezier_ipopt,5.3860988799715415,mse,0.0002343828845337,False
daytime,232->233,1626,15,bezier_nm,24.8342220520135,mse,0.2150479587367158,False
daytime,232->340,1626,15,bezier_pgd,0.0021208610269241,mse,0.0065021092619033,False
daytime,232->340,1626,15,bezier_ipopt,5.271114170958754,mse,0.0003265892534302,False
daytime,232->340,1626,15,bezier_nm,24.85634930100059,mse,0.1607056780267947,False
daytime,233->232,1626,15,bezier_pgd,0.0026931460015475,mse,0.0101313999385356,False
daytime,233->232,1626,15,bezier_ipopt,5.250090248999186,mse,0.0001588701310683,False
daytime,233->232,1626,15,bezier_nm,23.99943034799071,mse,0.245655979410823,False
daytime,233->378,1626,15,bezier_pgd,0.0025217889924533,mse,0.0003495996441763,False
daytime,233->378,1626,15,bezier_ipopt,4.793477369006723,mse,0.0001599761772319,False
daytime,233->378,1626,15,bezier_nm,33.29513198003406,mse,0.0035090375722429,False
daytime,234->15,1626,15,bezier_pgd,0.0026595660019665,mse,0.0044735611061379,False
daytime,234->15,1626,15,bezier_ipopt,,mse,,True
daytime,234->15,1626,15,bezier_nm,24.65622089395765,mse,0.1916963750690466,False
daytime,234->332,1626,15,bezier_pgd,0.0016117980121634,mse,0.0643588886501666,False
daytime,234->332,1626,15,bezier_ipopt,,mse,,True
daytime,234->332,1626,15,bezier_nm,27.16802942502545,mse,0.504484744308935,False
daytime,235->470,1626,15,bezier_pgd,0.00308617396513,mse,0.0041517103979497,False
daytime,235->470,1626,15,bezier_ipopt,,mse,,True
daytime,235->470,1626,15,bezier_nm,24.782307996007148,mse,0.2078018836223938,False
daytime,235->474,1626,15,bezier_pgd,0.0021250349818728,mse,0.0005398730333201,False
daytime,235->474,1626,15,bezier_ipopt,7.4818353580194525,mse,0.0001413283566859,False
daytime,235->474,1626,15,bezier_nm,24.80825901299249,mse,0.0448271599272678,False
daytime,236->215,1626,15,bezier_pgd,0.0022821830352768,mse,0.0126276936716548,False
daytime,236->215,1626,15,bezier_ipopt,6.225319382036105,mse,0.0001628847155231,False
daytime,236->215,1626,15,bezier_nm,23.38897737994557,mse,0.2793441803221217,False
daytime,236->498,1626,15,bezier_pgd,0.0017363529768772,mse,0.0001654622559345,False
daytime,236->498,1626,15,bezier_ipopt,78.08430170896463,mse,0.0001071188924087,False
daytime,236->498,1626,15,bezier_nm,32.778187568008434,mse,0.0019093195915389,False
daytime,237->238,1626,15,bezier_pgd,0.0024858950055204,mse,0.0023691990993602,False
daytime,237->238,1626,15,bezier_ipopt,6.105472038965672,mse,0.0001017800001207,False
daytime,237->238,1626,15,bezier_nm,24.66631874901941,mse,0.16122549699164,False
daytime,237->495,1626,15,bezier_pgd,0.0021459360141307,mse,0.0210136599952474,False
daytime,237->495,1626,15,bezier_ipopt,5.535868222010322,mse,0.0002064986993955,False
daytime,237->495,1626,15,bezier_nm,22.57920271501644,mse,0.2878169612114402,False
daytime,238->237,1626,15,bezier_pgd,0.001735363039188,mse,0.0001306845662633,False
daytime,238->237,1626,15,bezier_ipopt,6.968604365014471,mse,7.901926791192716e-05,False
daytime,238->237,1626,15,bezier_nm,35.087789356999565,mse,0.0004995427981171,False
daytime,238->456,1626,15,bezier_pgd,0.0032129469909705,mse,0.007658046375654,False
daytime,238->456,1626,15,bezier_ipopt,,mse,,True
daytime,238->456,1626,15,bezier_nm,23.84140347701032,mse,0.2387412972270708,False
daytime,239->111,1626,15,bezier_pgd,0.0016704279696568,mse,0.0641657770522768,False
daytime,239->111,1626,15,bezier_ipopt,,mse,,True
daytime,239->111,1626,15,bezier_nm,28.09123511100188,mse,0.4698317242208376,False
daytime,239->217,1626,15,bezier_pgd,0.0023432809975929,mse,0.2705292536891409,False
daytime,239->217,1626,15,bezier_ipopt,5.5611865280079655,mse,2.038272133049269e-05,False
daytime,239->217,1626,15,bezier_nm,20.547600844991397,mse,0.527035644410875,False
daytime,24->432,1626,15,bezier_pgd,0.0022380750160664,mse,0.0184218711320224,False
daytime,24->432,1626,15,bezier_ipopt,4.835275732970331,mse,8.643284471799816e-05,False
daytime,24->432,1626,15,bezier_nm,21.096165732014924,mse,0.2370355607560087,False
daytime,24->446,1626,15,bezier_pgd,0.0019021760090254,mse,0.0030104614802944,False
daytime,24->446,1626,15,bezier_ipopt,7.738532529969234,mse,8.00803167354502e-05,False
daytime,24->446,1626,15,bezier_nm,23.49751139502041,mse,0.1299387761338568,False
daytime,24->528,1626,15,bezier_pgd,0.0033787470310926,mse,0.0043626188249251,False
daytime,24->528,1626,15,bezier_ipopt,5.655956508999225,mse,0.0002148221857633,False
daytime,24->528,1626,15,bezier_nm,23.348067307961173,mse,0.186778371821957,False
daytime,240->165,1626,15,bezier_pgd,0.0023798969923518,mse,0.0086890735786838,False
daytime,240->165,1626,15,bezier_ipopt,6.945073875016533,mse,0.0001001996757296,False
daytime,240->165,1626,15,bezier_nm,20.958383532997686,mse,0.2699863520940284,False
daytime,240->281,1626,15,bezier_pgd,0.0022713969810865,mse,0.006264652388362,False
daytime,240->281,1626,15,bezier_ipopt,5.481674835958984,mse,9.384471794456565e-05,False
daytime,240->281,1626,15,bezier_nm,20.50763729895698,mse,0.2007389561435645,False
daytime,241->242,1626,15,bezier_pgd,0.0024128690129145,mse,0.1982192563361524,False
daytime,241->242,1626,15,bezier_ipopt,4.724448280991055,mse,1.3230552878610509e-05,False
daytime,241->242,1626,15,bezier_nm,19.860366479028016,mse,0.5949926513784113,False
daytime,241->51,1626,15,bezier_pgd,0.0021135300048626,mse,0.0056774089349908,False
daytime,241->51,1626,15,bezier_ipopt,6.085796769999433,mse,0.0001874992982195,False
daytime,241->51,1626,15,bezier_nm,19.78773489804007,mse,0.2716454693324109,False
daytime,242->241,1626,15,bezier_pgd,0.0021138900192454,mse,0.0432768834459497,False
daytime,242->241,1626,15,bezier_ipopt,,mse,,True
daytime,242->241,1626,15,bezier_nm,24.608723518031184,mse,0.5146672134045311,False
daytime,242->345,1626,15,bezier_pgd,0.0027272969600744,mse,0.0042380601720294,False
daytime,242->345,1626,15,bezier_ipopt,,mse,,True
daytime,242->345,1626,15,bezier_nm,21.5218875699793,mse,0.2550318400416299,False
daytime,243->308,1626,15,bezier_pgd,0.0033021050039678,mse,0.0049804383230094,False
daytime,243->308,1626,15,bezier_ipopt,6.551173099956941,mse,4.643583593592576e-05,False
daytime,243->308,1626,15,bezier_nm,21.38513560802676,mse,0.0979609525543011,False
daytime,243->472,1626,15,bezier_pgd,0.002425545011647,mse,0.0025383630932946,False
daytime,243->472,1626,15,bezier_ipopt,,mse,,True
daytime,243->472,1626,15,bezier_nm,21.871250185999088,mse,0.2393976296790445,False
daytime,244->158,1626,15,bezier_pgd,0.0058584440266713,mse,0.0044767143587215,False
daytime,244->158,1626,15,bezier_ipopt,,mse,,True
daytime,244->158,1626,15,bezier_nm,20.540485940000508,mse,0.2370009434987518,False
daytime,244->473,1626,15,bezier_pgd,0.0026950390310958,mse,0.007235987484992,False
daytime,244->473,1626,15,bezier_ipopt,10.020745160989463,mse,0.0001172918262847,False
daytime,244->473,1626,15,bezier_nm,20.417514771979768,mse,0.2285395018235129,False
daytime,245->246,1626,15,bezier_pgd,0.0021767129655927,mse,0.007475954478074,False
daytime,245->246,1626,15,bezier_ipopt,6.082495235023089,mse,8.111500492857301e-05,False
daytime,245->246,1626,15,bezier_nm,20.554533400048967,mse,0.2645957315550968,False
daytime,245->326,1626,15,bezier_pgd,0.002181593037676,mse,0.0470645156498852,False
daytime,245->326,1626,15,bezier_ipopt,,mse,,True
daytime,245->326,1626,15,bezier_nm,24.896209239028398,mse,0.4653674977933019,False
daytime,246->245,1626,15,bezier_pgd,0.0023352010175585,mse,0.0008987577811559,False
daytime,246->245,1626,15,bezier_ipopt,4.559385114000179,mse,0.0001158670329978,False
daytime,246->245,1626,15,bezier_nm,23.025008095952217,mse,0.1127712427377974,False
daytime,246->521,1626,15,bezier_pgd,0.0022199340164661,mse,0.0052258055574475,False
daytime,246->521,1626,15,bezier_ipopt,6.1861429050331935,mse,0.0001709230351251,False
daytime,246->521,1626,15,bezier_nm,22.01343433198053,mse,0.1567480281937847,False
daytime,247->451,1626,15,bezier_pgd,0.0025771569926291,mse,0.0233129970385944,False
daytime,247->451,1626,15,bezier_ipopt,5.932254710991401,mse,0.00016679745644,False
daytime,247->451,1626,15,bezier_nm,20.472557136963587,mse,0.2653989211860443,False
daytime,247->478,1626,15,bezier_pgd,0.0028445830103009,mse,0.0003165615080314,False
daytime,247->478,1626,15,bezier_ipopt,5.628592260007281,mse,0.0001720747953011,False
daytime,247->478,1626,15,bezier_nm,31.26817247102736,mse,0.0043058769889565,False
daytime,248->249,1626,15,bezier_pgd,0.0025225330027751,mse,0.015506732531085,False
daytime,248->249,1626,15,bezier_ipopt,,mse,,True
daytime,248->249,1626,15,bezier_nm,20.656006277014967,mse,0.2522064216969993,False
daytime,248->460,1626,15,bezier_pgd,0.0026861539809033,mse,0.0087772405394647,False
daytime,248->460,1626,15,bezier_ipopt,6.082270450948272,mse,9.041454139061693e-05,False
daytime,248->460,1626,15,bezier_nm,20.29002636903897,mse,0.2473356394130766,False
daytime,249->248,1626,15,bezier_pgd,0.0021301819942891,mse,0.0145500339067726,False
daytime,249->248,1626,15,bezier_ipopt,5.661361129023135,mse,0.0001387243750064,False
daytime,249->248,1626,15,bezier_nm,20.34947368595749,mse,0.2768198424691859,False
daytime,249->262,1626,15,bezier_pgd,0.0023575870436616,mse,0.0003827770817061,False
daytime,249->262,1626,15,bezier_ipopt,11.735479024995584,mse,0.0001655837567965,False
daytime,249->262,1626,15,bezier_nm,23.62798703700537,mse,0.0882685650615513,False
daytime,25->527,1626,15,bezier_pgd,0.0022729070042259,mse,0.0044448790568683,False
daytime,25->527,1626,15,bezier_ipopt,6.501772221992724,mse,7.99315114031275e-05,False
daytime,25->527,1626,15,bezier_nm,20.495872938015964,mse,0.2003601056389088,False
daytime,25->528,1626,15,bezier_pgd,0.0017923290142789,mse,0.0087143667859952,False
daytime,25->528,1626,15,bezier_ipopt,7.534486110031139,mse,1.4107395773666136e-05,False
daytime,25->528,1626,15,bezier_nm,21.62542030401528,mse,0.105514698434367,False
daytime,25->6,1626,15,bezier_pgd,0.0019413389964029,mse,0.0007823114218146,False
daytime,25->6,1626,15,bezier_ipopt,6.753609119041357,mse,8.797633092106147e-05,False
daytime,25->6,1626,15,bezier_nm,22.196573957975488,mse,0.0713260975509741,False
daytime,250->347,1626,15,bezier_pgd,0.0024699500063434,mse,0.0103638752815914,False
daytime,250->347,1626,15,bezier_ipopt,,mse,,True
daytime,250->347,1626,15,bezier_nm,20.82556419901084,mse,0.2416957092649531,False
daytime,250->520,1626,15,bezier_pgd,0.0027637819875963,mse,0.0010512143541493,False
daytime,250->520,1626,15,bezier_ipopt,5.658889904036187,mse,0.0001126709104378,False
daytime,250->520,1626,15,bezier_nm,23.089429398998615,mse,0.1502111294977863,False
daytime,251->225,1626,15,bezier_pgd,0.0024957949644885,mse,0.000759795625294,False
daytime,251->225,1626,15,bezier_ipopt,7.427044313051738,mse,0.0001178542588292,False
daytime,251->225,1626,15,bezier_nm,26.01199741999153,mse,0.0765403449638867,False
daytime,251->30,1626,15,bezier_pgd,0.0028201280510984,mse,0.0002281868483939,False
daytime,251->30,1626,15,bezier_ipopt,7.956739295041189,mse,0.0001077317251033,False
daytime,251->30,1626,15,bezier_nm,33.667380991973914,mse,0.0013228096853954,False
daytime,252->224,1626,15,bezier_pgd,0.0025662290281616,mse,0.0122716731357705,False
daytime,252->224,1626,15,bezier_ipopt,11.69058215804398,mse,0.0002037163603703,False
daytime,252->224,1626,15,bezier_nm,22.450483850960158,mse,0.2764986717388098,False
daytime,252->439,1626,15,bezier_pgd,0.0027209959807805,mse,0.009990285596036,False
daytime,252->439,1626,15,bezier_ipopt,5.65544773300644,mse,0.0001757372688735,False
daytime,252->439,1626,15,bezier_nm,23.65519667300396,mse,0.2396720856685953,False
daytime,253->159,1626,15,bezier_pgd,0.0026618010015226,mse,0.006031396727417,False
daytime,253->159,1626,15,bezier_ipopt,5.797296324977651,mse,0.0002183105610573,False
daytime,253->159,1626,15,bezier_nm,20.619527236034628,mse,0.2105380949499779,False
daytime,253->500,1626,15,bezier_pgd,0.0024391460465267,mse,0.0005160517470837,False
daytime,253->500,1626,15,bezier_ipopt,5.290566008945461,mse,0.0001677879196677,False
daytime,253->500,1626,15,bezier_nm,23.12087279499974,mse,0.1124524664687846,False
daytime,254->255,1626,15,bezier_pgd,0.0020895209745503,mse,0.0002972569265807,False
daytime,254->255,1626,15,bezier_ipopt,7.179493131989148,mse,0.0001729653577961,False
daytime,254->255,1626,15,bezier_nm,23.096016489027534,mse,0.0516903017663,False
daytime,254->484,1626,15,bezier_pgd,0.0021155400318093,mse,0.0004176384753406,False
daytime,254->484,1626,15,bezier_ipopt,4.87122322601499,mse,0.0002292502926016,False
daytime,254->484,1626,15,bezier_nm,22.033202540013008,mse,0.0590125302868809,False
daytime,255->254,1626,15,bezier_pgd,0.0023148999898694,mse,0.003855154671763,False
daytime,255->254,1626,15,bezier_ipopt,5.187501422013156,mse,0.0001511126444652,False
daytime,255->254,1626,15,bezier_nm,20.419551961007528,mse,0.2043328703888493,False
daytime,255->352,1626,15,bezier_pgd,0.0025827609933912,mse,0.0157354088008887,False
daytime,255->352,1626,15,bezier_ipopt,5.885521352000069,mse,0.0002009267658932,False
daytime,255->352,1626,15,bezier_nm,21.194803298043556,mse,0.2445062762965824,False
daytime,256->475,1626,15,bezier_pgd,0.0037542100180871,mse,0.0137173062855487,False
daytime,256->475,1626,15,bezier_ipopt,4.654768375970889,mse,0.0002254730812012,False
daytime,256->475,1626,15,bezier_nm,19.794342648005117,mse,0.2282596646180103,False
daytime,256->501,1626,15,bezier_pgd,0.0019274479709565,mse,0.0014229357209704,False
daytime,256->501,1626,15,bezier_ipopt,5.073578037961852,mse,0.0003151182349164,False
daytime,256->501,1626,15,bezier_nm,22.781741551007144,mse,0.1142098460477072,False
daytime,257->494,1626,15,bezier_pgd,0.0018466329784132,mse,0.0002440936331196,False
daytime,257->494,1626,15,bezier_ipopt,4.646409464010503,mse,0.0001907156717073,False
daytime,257->494,1626,15,bezier_nm,21.5506671309704,mse,0.0162731517487626,False
daytime,257->498,1626,15,bezier_pgd,0.0021735819755122,mse,0.0003575032232876,False
daytime,257->498,1626,15,bezier_ipopt,5.535368543991353,mse,0.000147361746781,False
daytime,257->498,1626,15,bezier_nm,22.44802874600282,mse,0.0545302251454947,False
daytime,258->473,1626,15,bezier_pgd,0.0026104419957846,mse,0.0005225620222287,False
daytime,258->473,1626,15,bezier_ipopt,5.119124282966368,mse,0.0001567729517229,False
daytime,258->473,1626,15,bezier_nm,21.54506428597961,mse,0.1242999533762593,False
daytime,258->474,1626,15,bezier_pgd,0.0019879039609804,mse,0.0003643942003318,False
daytime,258->474,1626,15,bezier_ipopt,6.54223150096368,mse,0.0001422819266541,False
daytime,258->474,1626,15,bezier_nm,21.685973896994252,mse,0.040945174209733,False
daytime,259->384,1626,15,bezier_pgd,0.0029461660305969,mse,0.0006646914574719,False
daytime,259->384,1626,15,bezier_ipopt,15.425801264995243,mse,0.0002713047913072,False
daytime,259->384,1626,15,bezier_nm,20.26409251696896,mse,0.1326638099918564,False
daytime,259->92,1626,15,bezier_pgd,0.00372515397612,mse,0.2694802288707494,False
daytime,259->92,1626,15,bezier_ipopt,,mse,,True
daytime,259->92,1626,15,bezier_nm,22.907627618988045,mse,0.3942031392534131,False
daytime,26->27,1626,15,bezier_pgd,0.0017651920206844,mse,2.184188282534427e-05,False
daytime,26->27,1626,15,bezier_ipopt,4.721788346010726,mse,1.3667826560874912e-05,False
daytime,26->27,1626,15,bezier_nm,29.649431895988528,mse,0.000162939532812,False
daytime,26->39,1626,15,bezier_pgd,0.001886554993689,mse,0.0001512908470855,False
daytime,26->39,1626,15,bezier_ipopt,6.768429615010973,mse,0.000127140642434,False
daytime,26->39,1626,15,bezier_nm,30.40369914897019,mse,0.0024646739984946,False
daytime,260->261,1626,15,bezier_pgd,0.0028307850006967,mse,0.0002900380487305,False
daytime,260->261,1626,15,bezier_ipopt,6.13476778997574,mse,0.0001372222070713,False
daytime,260->261,1626,15,bezier_nm,30.550750828988384,mse,0.0018454153065473,False
daytime,260->473,1626,15,bezier_pgd,0.002385924977716,mse,0.0093840394285785,False
daytime,260->473,1626,15,bezier_ipopt,4.854467243014369,mse,0.0001859809326893,False
daytime,260->473,1626,15,bezier_nm,20.394480585004203,mse,0.2238047483626921,False
daytime,261->260,1626,15,bezier_pgd,0.0022793429670855,mse,0.0004086557871306,False
daytime,261->260,1626,15,bezier_ipopt,5.098280726000667,mse,0.0001466177594509,False
daytime,261->260,1626,15,bezier_nm,21.644855502003335,mse,0.1209826995848348,False
daytime,261->267,1626,15,bezier_pgd,0.002246513031423,mse,0.0120863995479203,False
daytime,261->267,1626,15,bezier_ipopt,8.236816321033984,mse,0.0001084566537486,False
daytime,261->267,1626,15,bezier_nm,19.83371685596649,mse,0.2643096122655827,False
daytime,262->249,1626,15,bezier_pgd,0.0026848590350709,mse,0.0005186483731201,False
daytime,262->249,1626,15,bezier_ipopt,6.421175233961549,mse,0.0001255391214811,False
daytime,262->249,1626,15,bezier_nm,21.968161925964523,mse,0.1397495604397722,False
daytime,262->434,1626,15,bezier_pgd,0.0025476369773969,mse,0.0155302018177437,False
daytime,262->434,1626,15,bezier_ipopt,5.214980001968797,mse,0.0003699979448851,False
daytime,262->434,1626,15,bezier_nm,20.94810585101368,mse,0.2432191795704295,False
daytime,263->497,1626,15,bezier_pgd,0.0024805199936963,mse,0.0123795577549292,False
daytime,263->497,1626,15,bezier_ipopt,5.142222401977051,mse,0.0002276147803665,False
daytime,263->497,1626,15,bezier_nm,20.23550317098852,mse,0.2368158164297957,False
daytime,263->505,1626,15,bezier_pgd,0.0022146300179883,mse,0.0104390666530262,False
daytime,263->505,1626,15,bezier_ipopt,6.914014526002575,mse,0.0001454675215326,False
daytime,263->505,1626,15,bezier_nm,22.040690340974837,mse,0.1905938778266398,False
daytime,264->421,1626,15,bezier_pgd,0.0030899489647708,mse,0.0015450414729464,False
daytime,264->421,1626,15,bezier_ipopt,6.271406906016637,mse,0.0002083852739545,False
daytime,264->421,1626,15,bezier_nm,22.76793185598217,mse,0.1546894181571591,False
daytime,264->468,1626,15,bezier_pgd,0.0022644309792667,mse,0.0006418820707302,False
daytime,264->468,1626,15,bezier_ipopt,6.87236491497606,mse,0.0001943463980467,False
daytime,264->468,1626,15,bezier_nm,22.993776599003468,mse,0.1095061138993434,False
daytime,265->266,1626,15,bezier_pgd,0.003749436000362,mse,0.0009670618081256,False
daytime,265->266,1626,15,bezier_ipopt,4.860827788012102,mse,0.0001168084928142,False
daytime,265->266,1626,15,bezier_nm,22.09135994396638,mse,0.1087493711146329,False
daytime,265->440,1626,15,bezier_pgd,0.002109731954988,mse,0.0187103085344793,False
daytime,265->440,1626,15,bezier_ipopt,6.450314340007026,mse,0.000207989988612,False
daytime,265->440,1626,15,bezier_nm,20.5589568259893,mse,0.2729800644972344,False
daytime,266->265,1626,15,bezier_pgd,0.0022336900001391,mse,0.0008406093784901,False
daytime,266->265,1626,15,bezier_ipopt,6.258744104008656,mse,0.0001905789545412,False
daytime,266->265,1626,15,bezier_nm,22.299293956020847,mse,0.1039228497808019,False
daytime,266->522,1626,15,bezier_pgd,0.0026493140030652,mse,0.0098124429476726,False
daytime,266->522,1626,15,bezier_ipopt,4.223639948992059,mse,0.0001347597915893,False
daytime,266->522,1626,15,bezier_nm,19.876593638036866,mse,0.2407958988921233,False
daytime,267->183,1626,15,bezier_pgd,0.0019757940317504,mse,0.0269727876042585,False
daytime,267->183,1626,15,bezier_ipopt,5.632296159979887,mse,0.000141733211994,False
daytime,267->183,1626,15,bezier_nm,21.91976236202754,mse,0.2887087934287781,False
daytime,267->261,1626,15,bezier_pgd,0.0022787259658798,mse,0.0001525688334692,False
daytime,267->261,1626,15,bezier_ipopt,,mse,,True
daytime,267->261,1626,15,bezier_nm,34.473491196054965,mse,0.0045120939804201,False
daytime,268->388,1626,15,bezier_pgd,0.0036281070206314,mse,0.0057211698897213,False
daytime,268->388,1626,15,bezier_ipopt,6.992426113982219,mse,9.626172702530888e-05,False
daytime,268->388,1626,15,bezier_nm,22.09020270500332,mse,0.2367194841185573,False
daytime,268->494,1626,15,bezier_pgd,0.0019997149938717,mse,0.0002057575431578,False
daytime,268->494,1626,15,bezier_ipopt,9.548429980990475,mse,9.8997981024685e-05,False
daytime,268->494,1626,15,bezier_nm,39.245354635000695,mse,0.001729237043601,False
daytime,269->191,1626,15,bezier_pgd,0.002803410985507,mse,0.0002826396776272,False
daytime,269->191,1626,15,bezier_ipopt,7.584784407983534,mse,0.000121584300197,False
daytime,269->191,1626,15,bezier_nm,23.385197774972767,mse,0.0585943096695031,False
daytime,269->321,1626,15,bezier_pgd,0.0028709020116366,mse,0.0086151979543973,False
daytime,269->321,1626,15,bezier_ipopt,4.707435289979912,mse,0.0001479769797957,False
daytime,269->321,1626,15,bezier_nm,21.31132397300098,mse,0.2581037846569485,False
daytime,27->26,1626,15,bezier_pgd,0.0016367959906347,mse,1.73780805865618e-05,False
daytime,27->26,1626,15,bezier_ipopt,5.03184335998958,mse,5.831154717481595e-06,False
daytime,27->26,1626,15,bezier_nm,29.39827702002367,mse,0.0001732291641459,False
daytime,27->28,1626,15,bezier_pgd,0.0027069049538113,mse,0.0032553103855436,False
daytime,27->28,1626,15,bezier_ipopt,5.596761538006831,mse,9.664749408202984e-05,False
daytime,27->28,1626,15,bezier_nm,21.66085284901783,mse,0.2350425650415597,False
daytime,270->213,1626,15,bezier_pgd,0.0024846500018611,mse,0.0203977279481523,False
daytime,270->213,1626,15,bezier_ipopt,6.991169203014579,mse,0.0002046892817412,False
daytime,270->213,1626,15,bezier_nm,21.01152160798665,mse,0.2465933324708016,False
daytime,270->444,1626,15,bezier_pgd,0.0027552690007723,mse,0.0046935941658354,False
daytime,270->444,1626,15,bezier_ipopt,5.205016210034955,mse,0.0002811442085177,False
daytime,270->444,1626,15,bezier_nm,24.715093464998063,mse,0.1795527055507294,False
daytime,271->272,1626,15,bezier_pgd,0.0024903080193325,mse,0.1025432329058045,False
daytime,271->272,1626,15,bezier_ipopt,4.610494018008467,mse,0.0002089276537753,False
daytime,271->272,1626,15,bezier_nm,22.082607861957516,mse,0.3318975427924768,False
daytime,271->375,1626,15,bezier_pgd,0.0024455310194753,mse,0.4252345072311821,False
daytime,271->375,1626,15,bezier_ipopt,,mse,,True
daytime,271->375,1626,15,bezier_nm,20.288201938034035,mse,0.6589892900372786,False
daytime,272->271,1626,15,bezier_pgd,0.0023579300031997,mse,0.0382627172812639,False
daytime,272->271,1626,15,bezier_ipopt,,mse,,True
daytime,272->271,1626,15,bezier_nm,24.191319465986453,mse,0.2937426727671082,False
daytime,272->274,1626,15,bezier_pgd,0.0028746800380758,mse,0.0166135157082291,False
daytime,272->274,1626,15,bezier_ipopt,,mse,,True
daytime,272->274,1626,15,bezier_nm,23.76864779205061,mse,0.2503992668572973,False
daytime,273->351,1626,15,bezier_pgd,0.0017557070241309,mse,0.0002175085251203,False
daytime,273->351,1626,15,bezier_ipopt,6.257154877996072,mse,0.000135266851391,False
daytime,273->351,1626,15,bezier_nm,30.11875904002227,mse,0.0015186066850416,False
daytime,273->465,1626,15,bezier_pgd,0.0021568509982898,mse,0.0394595785810079,False
daytime,273->465,1626,15,bezier_ipopt,7.399349971034098,mse,0.0001929975817153,False
daytime,273->465,1626,15,bezier_nm,20.51079005200881,mse,0.2843784449494723,False
daytime,274->272,1626,15,bezier_pgd,0.0023175030364654,mse,0.0801041222890358,False
daytime,274->272,1626,15,bezier_ipopt,,mse,,True
daytime,274->272,1626,15,bezier_nm,21.85082972602686,mse,0.3224888075339591,False
daytime,274->441,1626,15,bezier_pgd,0.0041259659919887,mse,0.1389270706192034,False
daytime,274->441,1626,15,bezier_ipopt,6.289586736995261,mse,5.198347287907158e-05,False
daytime,274->441,1626,15,bezier_nm,20.751306628983,mse,0.3192770443234266,False
daytime,275->173,1626,15,bezier_pgd,0.0037888349615968,mse,0.0121449620971281,False
daytime,275->173,1626,15,bezier_ipopt,5.67961724702036,mse,3.741073072471797e-05,False
daytime,275->173,1626,15,bezier_nm,21.5674937950098,mse,0.1371963968479617,False
daytime,275->312,1626,15,bezier_pgd,0.0016179559752345,mse,0.1434190843589069,False
daytime,275->312,1626,15,bezier_ipopt,,mse,,True
daytime,275->312,1626,15,bezier_nm,22.464829723001458,mse,0.6949974769818912,False
daytime,276->364,1626,15,bezier_pgd,0.0028458669548854,mse,0.2319844201903604,False
daytime,276->364,1626,15,bezier_ipopt,,mse,,True
daytime,276->364,1626,15,bezier_nm,19.97457169101108,mse,0.4069294287074758,False
daytime,276->76,1626,15,bezier_pgd,0.0030099480063654,mse,0.0175306474866352,False
daytime,276->76,1626,15,bezier_ipopt,,mse,,True
daytime,276->76,1626,15,bezier_nm,22.479006831999868,mse,0.2558801925447592,False
daytime,277->278,1626,15,bezier_pgd,0.0024793830234557,mse,0.0182304000237918,False
daytime,277->278,1626,15,bezier_ipopt,6.980575204011984,mse,0.0001151161286196,False
daytime,277->278,1626,15,bezier_nm,21.08340252400376,mse,0.2467619579394283,False
daytime,277->453,1626,15,bezier_pgd,0.0023843689705245,mse,0.0020765269191073,False
daytime,277->453,1626,15,bezier_ipopt,7.508858670014888,mse,0.0002191001531614,False
daytime,277->453,1626,15,bezier_nm,23.82269896002253,mse,0.1604342048661657,False
daytime,278->277,1626,15,bezier_pgd,0.002302870969288,mse,0.0021355651076662,False
daytime,278->277,1626,15,bezier_ipopt,6.985662317019887,mse,0.0001695144594776,False
daytime,278->277,1626,15,bezier_nm,23.966473860957198,mse,0.14265037996034,False
daytime,278->323,1626,15,bezier_pgd,0.003208870999515,mse,0.0009867257208655,False
daytime,278->323,1626,15,bezier_ipopt,5.095887372968718,mse,0.0001727302639283,False
daytime,278->323,1626,15,bezier_nm,25.351174854964484,mse,0.1089608899348083,False
daytime,279->169,1626,15,bezier_pgd,0.0024004210135899,mse,0.0035432528972253,False
daytime,279->169,1626,15,bezier_ipopt,4.716523419017904,mse,0.0002169093909585,False
daytime,279->169,1626,15,bezier_nm,21.51192177599296,mse,0.1664270830590583,False
daytime,279->460,1626,15,bezier_pgd,0.0026321960031054,mse,0.0094327589102665,False
daytime,279->460,1626,15,bezier_ipopt,5.626529916014988,mse,0.000186443916231,False
daytime,279->460,1626,15,bezier_nm,21.245507057989016,mse,0.2512029747700629,False
daytime,28->27,1626,15,bezier_pgd,0.0015869999770075,mse,1.4008219638294074e-05,False
daytime,28->27,1626,15,bezier_ipopt,4.400421256024856,mse,8.424434391433259e-06,False
daytime,28->27,1626,15,bezier_nm,31.72564394096844,mse,8.173808634370018e-05,False
daytime,28->29,1626,15,bezier_pgd,0.0015895050019025,mse,1.8264640772732227e-05,False
daytime,28->29,1626,15,bezier_ipopt,8.59075605001999,mse,4.069976828062636e-06,False
daytime,28->29,1626,15,bezier_nm,31.77465369302081,mse,6.137448641481111e-05,False
daytime,280->114,1626,15,bezier_pgd,0.0023406660184264,mse,0.0117278814857034,False
daytime,280->114,1626,15,bezier_ipopt,6.0993088250397705,mse,0.0001610220539084,False
daytime,280->114,1626,15,bezier_nm,22.683917590009514,mse,0.2379823646060413,False
daytime,280->341,1626,15,bezier_pgd,0.0021179700270295,mse,0.0246787509162919,False
daytime,280->341,1626,15,bezier_ipopt,5.395271643996239,mse,0.0001670355248157,False
daytime,280->341,1626,15,bezier_nm,21.270861131022684,mse,0.2893011417752385,False
daytime,281->240,1626,15,bezier_pgd,0.0023875969927757,mse,0.0004644549876877,False
daytime,281->240,1626,15,bezier_ipopt,6.087529777025338,mse,9.761709214493934e-05,False
daytime,281->240,1626,15,bezier_nm,25.46499008202227,mse,0.0935133123990569,False
daytime,281->282,1626,15,bezier_pgd,0.0031905699870549,mse,0.0002942896315972,False
daytime,281->282,1626,15,bezier_ipopt,5.389481443969999,mse,6.028935466579465e-05,False
daytime,281->282,1626,15,bezier_nm,22.479549250972923,mse,0.0456030397663288,False
daytime,282->281,1626,15,bezier_pgd,0.0037883969489485,mse,0.0057342218526968,False
daytime,282->281,1626,15,bezier_ipopt,5.503967418975662,mse,6.802939566157167e-05,False
daytime,282->281,1626,15,bezier_nm,22.82905042701168,mse,0.2118434854555333,False
daytime,282->495,1626,15,bezier_pgd,0.002480202994775,mse,0.000422957958651,False
daytime,282->495,1626,15,bezier_ipopt,6.603622578026261,mse,0.0002478437985058,False
daytime,282->495,1626,15,bezier_nm,23.64746617799392,mse,0.1533091571926889,False
daytime,283->381,1626,15,bezier_pgd,0.0022832960239611,mse,0.0009383196851232,False
daytime,283->381,1626,15,bezier_ipopt,6.7001531409914605,mse,0.000112539421458,False
daytime,283->381,1626,15,bezier_nm,24.92760642699432,mse,0.1066619989407419,False
daytime,283->440,1626,15,bezier_pgd,0.0029853020096197,mse,0.0087795140128534,False
daytime,283->440,1626,15,bezier_ipopt,,mse,,True
daytime,283->440,1626,15,bezier_nm,24.36382555996533,mse,0.2367118269433491,False
daytime,284->174,1626,15,bezier_pgd,0.0023717639851383,mse,0.0004062715800853,False
daytime,284->174,1626,15,bezier_ipopt,6.73687445896212,mse,0.0001224654619566,False
daytime,284->174,1626,15,bezier_nm,25.01852079096716,mse,0.0559283431132773,False
daytime,284->335,1626,15,bezier_pgd,0.0019881720072589,mse,0.0004629999194369,False
daytime,284->335,1626,15,bezier_ipopt,6.082295530010015,mse,0.0001892510784837,False
daytime,284->335,1626,15,bezier_nm,23.81181012297748,mse,0.0845861230896744,False
daytime,285->168,1626,15,bezier_pgd,0.0020079530077055,mse,0.0204303058996128,False
daytime,285->168,1626,15,bezier_ipopt,,mse,,True
daytime,285->168,1626,15,bezier_nm,21.046056938008405,mse,0.049895685266426,False
daytime,285->440,1626,15,bezier_pgd,0.0025871960096992,mse,0.0002917569003023,False
daytime,285->440,1626,15,bezier_ipopt,,mse,,True
daytime,285->440,1626,15,bezier_nm,31.827828363049772,mse,0.0043348789354308,False
daytime,286->468,1626,15,bezier_pgd,0.0034722220152616,mse,0.0145255982293281,False
daytime,286->468,1626,15,bezier_ipopt,7.051294506993145,mse,0.0001670715370243,False
daytime,286->468,1626,15,bezier_nm,21.14232244400773,mse,0.2681006920333442,False
daytime,286->490,1626,15,bezier_pgd,0.0021251959842629,mse,0.0136377294521395,False
daytime,286->490,1626,15,bezier_ipopt,7.037257262971252,mse,0.0001660258062724,False
daytime,286->490,1626,15,bezier_nm,19.70433677895926,mse,0.2693318539082257,False
daytime,287->356,1626,15,bezier_pgd,0.0022114340099506,mse,0.0022010223625105,False
daytime,287->356,1626,15,bezier_ipopt,6.405780597007833,mse,0.0003214837996407,False
daytime,287->356,1626,15,bezier_nm,22.00130987598095,mse,0.1389958607015986,False
daytime,287->497,1626,15,bezier_pgd,0.0024201949709095,mse,0.0046172849185422,False
daytime,287->497,1626,15,bezier_ipopt,5.999766943976283,mse,0.0002315402082374,False
daytime,287->497,1626,15,bezier_nm,22.168530823022596,mse,0.2004486241964261,False
daytime,288->204,1626,15,bezier_pgd,0.0039481120184063,mse,0.0012913193848668,False
daytime,288->204,1626,15,bezier_ipopt,39.6877447089646,mse,0.0001347606625075,False
daytime,288->204,1626,15,bezier_nm,22.882732193975244,mse,0.1305389582556496,False
daytime,288->338,1626,15,bezier_pgd,0.0022835929994471,mse,0.0006566434985603,False
daytime,288->338,1626,15,bezier_ipopt,6.310308900021482,mse,0.0001019192405848,False
daytime,288->338,1626,15,bezier_nm,20.89288021501852,mse,0.1304919020937964,False
daytime,289->320,1626,15,bezier_pgd,0.0029440950020216,mse,0.0022435275936722,False
daytime,289->320,1626,15,bezier_ipopt,,mse,,True
daytime,289->320,1626,15,bezier_nm,26.77218144800281,mse,0.177981891649611,False
daytime,289->425,1626,15,bezier_pgd,0.0021044019958935,mse,0.0184711104713846,False
daytime,289->425,1626,15,bezier_ipopt,5.019045267021284,mse,0.0001086111236762,False
daytime,289->425,1626,15,bezier_nm,20.664514089003205,mse,0.2840801307402953,False
daytime,29->28,1626,15,bezier_pgd,0.0017127829487435,mse,1.423242212774028e-05,False
daytime,29->28,1626,15,bezier_ipopt,4.34258472698275,mse,4.065435796873531e-06,False
daytime,29->28,1626,15,bezier_nm,30.80609984800685,mse,0.000128464931479,False
daytime,29->30,1626,15,bezier_pgd,0.0014855309855192,mse,1.561896594558963e-05,False
daytime,29->30,1626,15,bezier_ipopt,5.300782807986252,mse,7.594388912578161e-06,False
daytime,29->30,1626,15,bezier_nm,29.7268387649674,mse,0.0002688246782653,False
daytime,290->151,1626,15,bezier_pgd,0.0022020280011929,mse,0.0402118569779557,False
daytime,290->151,1626,15,bezier_ipopt,,mse,,True
daytime,290->151,1626,15,bezier_nm,21.365224833018143,mse,0.3023318918379314,False
daytime,290->509,1626,15,bezier_pgd,0.0027051780489273,mse,0.0057884886526748,False
daytime,290->509,1626,15,bezier_ipopt,7.91352470300626,mse,8.697761466489413e-05,False
daytime,290->509,1626,15,bezier_nm,21.029727261979133,mse,0.2470120696084111,False
daytime,291->18,1626,15,bezier_pgd,0.0021556959836743,mse,0.1263314172908645,False
daytime,291->18,1626,15,bezier_ipopt,,mse,,True
daytime,291->18,1626,15,bezier_nm,21.203973247029356,mse,0.414322809097044,False
daytime,291->292,1626,15,bezier_pgd,0.0018240920035168,mse,0.0517900472950452,False
daytime,291->292,1626,15,bezier_ipopt,5.369404951983597,mse,3.122311981384724e-05,False
daytime,291->292,1626,15,bezier_nm,24.72906391898869,mse,0.4256851006456587,False
daytime,292->291,1626,15,bezier_pgd,0.0025608039577491,mse,0.0065844263509058,False
daytime,292->291,1626,15,bezier_ipopt,5.292480678006541,mse,0.0001374307061001,False
daytime,292->291,1626,15,bezier_nm,21.38227119098883,mse,0.2172816316001878,False
daytime,292->397,1626,15,bezier_pgd,0.0014521909761242,mse,1.307209930250223e-05,False
daytime,292->397,1626,15,bezier_ipopt,4.818471293023322,mse,5.5178629764066144e-06,False
daytime,292->397,1626,15,bezier_nm,33.38943992002169,mse,0.0001046722294226,False
daytime,292->408,1626,15,bezier_pgd,0.001552803965751,mse,2.031311645028334e-05,False
daytime,292->408,1626,15,bezier_ipopt,3.7472702359664254,mse,1.207424810582583e-05,False
daytime,292->408,1626,15,bezier_nm,29.030585905944463,mse,0.0003268195771868,False
daytime,293->322,1626,15,bezier_pgd,0.0020389779820106,mse,0.0231985542556786,False
daytime,293->322,1626,15,bezier_ipopt,,mse,,True
daytime,293->322,1626,15,bezier_nm,20.892083164013457,mse,0.2887374913464385,False
daytime,293->487,1626,15,bezier_pgd,0.0024366590077988,mse,0.0041514057440994,False
daytime,293->487,1626,15,bezier_ipopt,6.294484416022897,mse,0.0001465787060257,False
daytime,293->487,1626,15,bezier_nm,21.887547216028903,mse,0.1567033177813165,False
daytime,294->205,1626,15,bezier_pgd,0.0028479099855758,mse,0.0133260568634969,False
daytime,294->205,1626,15,bezier_ipopt,6.381572320009582,mse,0.0002581768724298,False
daytime,294->205,1626,15,bezier_nm,20.837369466025848,mse,0.2574392342142762,False
daytime,294->370,1626,15,bezier_pgd,0.0021631399868056,mse,0.0046058175553575,False
daytime,294->370,1626,15,bezier_ipopt,5.009361352946144,mse,0.00018887490624,False
daytime,294->370,1626,15,bezier_nm,21.452684546005912,mse,0.1960423634567517,False
daytime,295->458,1626,15,bezier_pgd,0.0021469320054166,mse,0.0033456475511685,False
daytime,295->458,1626,15,bezier_ipopt,5.968464231991675,mse,0.0002130634957067,False
daytime,295->458,1626,15,bezier_nm,22.39910704898648,mse,0.1219751067432976,False
daytime,295->459,1626,15,bezier_pgd,0.0027099509607069,mse,0.0006726776811666,False
daytime,295->459,1626,15,bezier_ipopt,,mse,,True
daytime,295->459,1626,15,bezier_nm,25.107853877008893,mse,0.1459059431710554,False
daytime,296->503,1626,15,bezier_pgd,0.0022615600028075,mse,0.0089204843016282,False
daytime,296->503,1626,15,bezier_ipopt,6.768865265999921,mse,0.0001373858393249,False
daytime,296->503,1626,15,bezier_nm,20.6379204869736,mse,0.2660783732144143,False
daytime,296->506,1626,15,bezier_pgd,0.0020756130106747,mse,0.0032718331375319,False
daytime,296->506,1626,15,bezier_ipopt,,mse,,True
daytime,296->506,1626,15,bezier_nm,24.55544781696517,mse,0.1114718394375351,False
daytime,297->114,1626,15,bezier_pgd,0.0016038970206864,mse,1.4924000217689932e-05,False
daytime,297->114,1626,15,bezier_ipopt,3.93385529902298,mse,4.44184271159637e-06,False
daytime,297->114,1626,15,bezier_nm,29.72150324197719,mse,8.455138617474614e-05,False
daytime,297->298,1626,15,bezier_pgd,0.0034593479940667,mse,0.0012993342629615,False
daytime,297->298,1626,15,bezier_ipopt,7.648963323037606,mse,0.0006127950827107,False
daytime,297->298,1626,15,bezier_nm,27.19574588199612,mse,0.1818985763728687,False
daytime,297->89,1626,15,bezier_pgd,0.002330973977223,mse,2.4433749884141363e-05,False
daytime,297->89,1626,15,bezier_ipopt,4.827260255988222,mse,5.892743349554307e-06,False
daytime,297->89,1626,15,bezier_nm,30.14819030999206,mse,0.0004830266697693,False
daytime,298->297,1626,15,bezier_pgd,0.0022599159856326,mse,0.0200817162110977,False
daytime,298->297,1626,15,bezier_ipopt,6.490640302014072,mse,9.288562648305712e-05,False
daytime,298->297,1626,15,bezier_nm,21.661741518008057,mse,0.2648940795390954,False
daytime,298->465,1626,15,bezier_pgd,0.001804550003726,mse,0.0001501630095815,False
daytime,298->465,1626,15,bezier_ipopt,6.037475341989193,mse,8.799349095072338e-05,False
daytime,298->465,1626,15,bezier_nm,32.08707694901386,mse,0.0014543352482829,False
daytime,299->121,1626,15,bezier_pgd,0.0032016740296967,mse,0.0250246391411081,False
daytime,299->121,1626,15,bezier_ipopt,5.553418760013301,mse,0.0003149066274762,False
daytime,299->121,1626,15,bezier_nm,23.013892700953875,mse,0.2735752991729925,False
daytime,299->319,1626,15,bezier_pgd,0.0025940329651348,mse,0.0002969317508323,False
daytime,299->319,1626,15,bezier_ipopt,5.80891395395156,mse,0.0001626232692283,False
daytime,299->319,1626,15,bezier_nm,22.481675318966158,mse,0.113577216113953,False
daytime,30->251,1626,15,bezier_pgd,0.001904982025735,mse,0.0001989370566537,False
daytime,30->251,1626,15,bezier_ipopt,5.482889100967441,mse,8.771549974670869e-05,False
daytime,30->251,1626,15,bezier_nm,30.884087125014048,mse,0.0005918192260678,False
daytime,30->29,1626,15,bezier_pgd,0.0014935650397092,mse,1.5941625133820694e-05,False
daytime,30->29,1626,15,bezier_ipopt,5.353816239978187,mse,5.311339653430513e-06,False
daytime,30->29,1626,15,bezier_nm,29.77734018798219,mse,0.0002370798276839,False
daytime,300->193,1626,15,bezier_pgd,0.0021636599558405,mse,0.0003357518276278,False
daytime,300->193,1626,15,bezier_ipopt,5.343309322022833,mse,0.000225600060224,False
daytime,300->193,1626,15,bezier_nm,30.80175954598235,mse,0.0030458558753431,False
daytime,300->427,1626,15,bezier_pgd,0.0021161609911359,mse,0.002516991000664,False
daytime,300->427,1626,15,bezier_ipopt,6.601686175039504,mse,0.000267088065036,False
daytime,300->427,1626,15,bezier_nm,22.287290914042387,mse,0.1562306703882937,False
daytime,301->386,1626,15,bezier_pgd,0.0028191989986225,mse,0.0058868742207729,False
daytime,301->386,1626,15,bezier_ipopt,,mse,,True
daytime,301->386,1626,15,bezier_nm,23.88875671697315,mse,0.2268940751107041,False
daytime,301->405,1626,15,bezier_pgd,0.0020094839856028,mse,0.0001430375566348,False
daytime,301->405,1626,15,bezier_ipopt,8.030630748951808,mse,0.0001056402319224,False
daytime,301->405,1626,15,bezier_nm,32.26240151101956,mse,0.0008589282668083,False
daytime,302->487,1626,15,bezier_pgd,0.0037130499840714,mse,0.0008688310935633,False
daytime,302->487,1626,15,bezier_ipopt,7.715831918991171,mse,0.0001155525756457,False
daytime,302->487,1626,15,bezier_nm,25.42843136296142,mse,0.0835474101585116,False
daytime,302->507,1626,15,bezier_pgd,0.0024223260115832,mse,0.003306297595046,False
daytime,302->507,1626,15,bezier_ipopt,5.785683492023964,mse,6.556945773093899e-05,False
daytime,302->507,1626,15,bezier_nm,23.599805780046157,mse,0.0931135583372675,False
daytime,303->499,1626,15,bezier_pgd,0.0037357140099629,mse,0.0002376478904261,False
daytime,303->499,1626,15,bezier_ipopt,7.412429984018672,mse,9.87828438915841e-05,False
daytime,303->499,1626,15,bezier_nm,23.717408390017223,mse,0.1231971568734785,False
daytime,303->514,1626,15,bezier_pgd,0.0021633459837175,mse,0.0007404490873565,False
daytime,303->514,1626,15,bezier_ipopt,4.549109790998045,mse,0.0001905895718549,False
daytime,303->514,1626,15,bezier_nm,22.540150695014745,mse,0.0819127245523999,False
daytime,304->500,1626,15,bezier_pgd,0.0021519159781746,mse,0.0159154219295586,False
daytime,304->500,1626,15,bezier_ipopt,6.0642398099880666,mse,0.0001111961270512,False
daytime,304->500,1626,15,bezier_nm,20.94561812304892,mse,0.2848546285345108,False
daytime,304->506,1626,15,bezier_pgd,0.002343374013435,mse,0.00233574133353,False
daytime,304->506,1626,15,bezier_ipopt,6.637130159011576,mse,0.0001609237661529,False
daytime,304->506,1626,15,bezier_nm,23.99505470803706,mse,0.1645858443903725,False
daytime,305->329,1626,15,bezier_pgd,0.0042721719946712,mse,0.0085679288444726,False
daytime,305->329,1626,15,bezier_ipopt,5.209189757995773,mse,0.0001354032760191,False
daytime,305->329,1626,15,bezier_nm,21.611037043039687,mse,0.223382919605928,False
daytime,305->517,1626,15,bezier_pgd,0.0022926070378161,mse,0.0059899078761552,False
daytime,305->517,1626,15,bezier_ipopt,4.818748875986785,mse,0.0001193639735921,False
daytime,305->517,1626,15,bezier_nm,22.13540574698709,mse,0.2288735298366574,False
daytime,306->307,1626,15,bezier_pgd,0.0024250230053439,mse,0.0013237360181037,False
daytime,306->307,1626,15,bezier_ipopt,5.476955928956159,mse,0.0001710044522478,False
daytime,306->307,1626,15,bezier_nm,21.42926995299058,mse,0.1642237416899007,False
daytime,306->460,1626,15,bezier_pgd,0.0023107799934223,mse,0.0010152098784323,False
daytime,306->460,1626,15,bezier_ipopt,8.273063846048899,mse,0.000131487649199,False
daytime,306->460,1626,15,bezier_nm,23.32525180099765,mse,0.1618228421780152,False
daytime,307->166,1626,15,bezier_pgd,0.0027934159734286,mse,0.006806198519499,False
daytime,307->166,1626,15,bezier_ipopt,5.62446474400349,mse,0.0001292860896092,False
daytime,307->166,1626,15,bezier_nm,20.69124572497094,mse,0.2274734314158515,False
daytime,307->306,1626,15,bezier_pgd,0.0024930869694799,mse,0.0005896461742595,False
daytime,307->306,1626,15,bezier_ipopt,4.962120469019283,mse,0.000136561962981,False
daytime,307->306,1626,15,bezier_nm,21.92635875398992,mse,0.1547801048556842,False
daytime,308->243,1626,15,bezier_pgd,0.0019382910104468,mse,0.0027467977582608,False
daytime,308->243,1626,15,bezier_ipopt,6.164250400033779,mse,8.414732928595459e-05,False
daytime,308->243,1626,15,bezier_nm,24.177097480976958,mse,0.0470608067175382,False
daytime,308->314,1626,15,bezier_pgd,0.002505532989744,mse,0.0010229608404366,False
daytime,308->314,1626,15,bezier_ipopt,,mse,,True
daytime,308->314,1626,15,bezier_nm,23.615578628028743,mse,0.1141942395641287,False
daytime,309->463,1626,15,bezier_pgd,0.0027103560278192,mse,0.0074294744823618,False
daytime,309->463,1626,15,bezier_ipopt,5.473618272983003,mse,0.0001000920823035,False
daytime,309->463,1626,15,bezier_nm,21.58550915098749,mse,0.2120594253117857,False
daytime,309->500,1626,15,bezier_pgd,0.0027288070414215,mse,0.0002871600267638,False
daytime,309->500,1626,15,bezier_ipopt,6.813930288015399,mse,0.0001118941898993,False
daytime,309->500,1626,15,bezier_nm,23.96021876396844,mse,0.0620871811239033,False
daytime,31->1,1626,15,bezier_pgd,0.0016599589725956,mse,2.7673247309481505e-05,False
daytime,31->1,1626,15,bezier_ipopt,10.506341145955956,mse,5.938253242440469e-06,False
daytime,31->1,1626,15,bezier_nm,29.04469767701812,mse,0.0006791171339228,False
daytime,31->32,1626,15,bezier_pgd,0.0018174680299125,mse,1.2210211502068212e-05,False
daytime,31->32,1626,15,bezier_ipopt,4.788501904986333,mse,3.681319335558565e-06,False
daytime,31->32,1626,15,bezier_nm,28.66893925500335,mse,0.0005113505703375,False
daytime,310->462,1626,15,bezier_pgd,0.0026469029835425,mse,0.0016236838781136,False
daytime,310->462,1626,15,bezier_ipopt,7.097359962004703,mse,0.0001048525016873,False
daytime,310->462,1626,15,bezier_nm,22.008201549004298,mse,0.1930010771419154,False
daytime,310->476,1626,15,bezier_pgd,0.002332383999601,mse,0.0650852962152925,False
daytime,310->476,1626,15,bezier_ipopt,8.010399757011328,mse,0.0001273884478832,False
daytime,310->476,1626,15,bezier_nm,22.47507865499938,mse,0.3154573621255295,False
daytime,311->119,1626,15,bezier_pgd,0.0039121740264818,mse,0.0005680991081047,False
daytime,311->119,1626,15,bezier_ipopt,9.79345752298832,mse,0.0001281078802968,False
daytime,311->119,1626,15,bezier_nm,22.79796030104626,mse,0.1349725308054601,False
daytime,311->489,1626,15,bezier_pgd,0.0021586650400422,mse,0.0002815554127767,False
daytime,311->489,1626,15,bezier_ipopt,13.466440973978024,mse,0.0001704980245469,False
daytime,311->489,1626,15,bezier_nm,23.087570359988604,mse,0.0814414241086057,False
daytime,312->275,1626,15,bezier_pgd,0.0030421070405282,mse,0.0172344418054312,False
daytime,312->275,1626,15,bezier_ipopt,,mse,,True
daytime,312->275,1626,15,bezier_nm,21.772236677992623,mse,0.362487202650566,False
daytime,312->313,1626,15,bezier_pgd,0.0033613659907132,mse,0.3007842215425454,False
daytime,312->313,1626,15,bezier_ipopt,5.437035385984927,mse,5.811572544676336e-05,False
daytime,312->313,1626,15,bezier_nm,22.534514439001214,mse,0.5388136866328217,False
daytime,313->312,1626,15,bezier_pgd,0.0018232209840789,mse,0.1235768049019118,False
daytime,313->312,1626,15,bezier_ipopt,6.142006809008308,mse,2.8576231428257508e-05,False
daytime,313->312,1626,15,bezier_nm,25.18961191899143,mse,0.4301148400174744,False
daytime,313->409,1626,15,bezier_pgd,0.002181744959671,mse,0.1123440123961535,False
daytime,313->409,1626,15,bezier_ipopt,,mse,,True
daytime,313->409,1626,15,bezier_nm,24.46203927596798,mse,0.3863072423891407,False
daytime,314->308,1626,15,bezier_pgd,0.0027876530075445,mse,0.005758649644438,False
daytime,314->308,1626,15,bezier_ipopt,6.395871904969681,mse,0.0001154821762127,False
daytime,314->308,1626,15,bezier_nm,20.95349093904952,mse,0.2551540318775022,False
daytime,314->458,1626,15,bezier_pgd,0.0026901380042545,mse,0.0007160801504563,False
daytime,314->458,1626,15,bezier_ipopt,5.782527273986489,mse,0.0001133627669553,False
daytime,314->458,1626,15,bezier_nm,22.078850558027625,mse,0.1684141851333913,False
daytime,315->203,1626,15,bezier_pgd,0.0023143309517763,mse,0.0023853466221606,False
daytime,315->203,1626,15,bezier_ipopt,6.475460268964525,mse,0.0001288339788625,False
daytime,315->203,1626,15,bezier_nm,22.15871403098572,mse,0.1754074598831365,False
daytime,315->509,1626,15,bezier_pgd,0.0025481100310571,mse,0.0086504894677808,False
daytime,315->509,1626,15,bezier_ipopt,5.072382592014037,mse,0.0001384459966013,False
daytime,315->509,1626,15,bezier_nm,21.73917627200717,mse,0.2467856919341789,False
daytime,316->411,1626,15,bezier_pgd,0.0030523099703714,mse,0.0004878944846923,False
daytime,316->411,1626,15,bezier_ipopt,5.294333297002595,mse,0.0002197409837163,False
daytime,316->411,1626,15,bezier_nm,22.327142800029836,mse,0.0839525628339467,False
daytime,316->478,1626,15,bezier_pgd,0.0023011559969745,mse,0.0284600519844022,False
daytime,316->478,1626,15,bezier_ipopt,5.959302231029142,mse,0.0002303072292973,False
daytime,316->478,1626,15,bezier_nm,21.97926719899988,mse,0.2641474270710146,False
daytime,317->318,1626,15,bezier_pgd,0.001700482040178,mse,0.0001743173806351,False
daytime,317->318,1626,15,bezier_ipopt,,mse,,True
daytime,317->318,1626,15,bezier_nm,30.20733204600401,mse,0.003510124097648,False
daytime,317->487,1626,15,bezier_pgd,0.0020762709900736,mse,0.0031233180718879,False
daytime,317->487,1626,15,bezier_ipopt,6.850147639052011,mse,0.0002500718471367,False
daytime,317->487,1626,15,bezier_nm,22.863615681009836,mse,0.1491589392033746,False
daytime,318->317,1626,15,bezier_pgd,0.0018467479967512,mse,0.0001886501625212,False
daytime,318->317,1626,15,bezier_ipopt,4.5094004410202615,mse,0.0001104492576445,False
daytime,318->317,1626,15,bezier_nm,31.4188510949607,mse,0.003035525837517,False
daytime,318->336,1626,15,bezier_pgd,0.0017257169820368,mse,0.0002638624371726,False
daytime,318->336,1626,15,bezier_ipopt,4.24246557202423,mse,0.0001233615166769,False
daytime,318->336,1626,15,bezier_nm,31.125029883987736,mse,0.0043000760786403,False
daytime,319->299,1626,15,bezier_pgd,0.0027458510012365,mse,0.000347207248194,False
daytime,319->299,1626,15,bezier_ipopt,5.447307919035666,mse,0.0001570669263029,False
daytime,319->299,1626,15,bezier_nm,25.27306325500831,mse,0.1480912450438071,False
daytime,319->355,1626,15,bezier_pgd,0.0040321699925698,mse,0.0003015414738928,False
daytime,319->355,1626,15,bezier_ipopt,5.207556930021383,mse,0.0001099706213941,False
daytime,319->355,1626,15,bezier_nm,22.928635917021893,mse,0.1241751138623206,False
daytime,32->31,1626,15,bezier_pgd,0.0018269710126332,mse,3.3344902060868864e-05,False
daytime,32->31,1626,15,bezier_ipopt,6.037487816007342,mse,1.1517683739133344e-05,False
daytime,32->31,1626,15,bezier_nm,31.44021624996094,mse,0.000769692865633,False
daytime,32->33,1626,15,bezier_pgd,0.0017789839766919,mse,2.24455819956283e-05,False
daytime,32->33,1626,15,bezier_ipopt,5.066409068997018,mse,5.730579232122089e-06,False
daytime,32->33,1626,15,bezier_nm,28.400495553039946,mse,0.0004421665537144,False
daytime,320->134,1626,15,bezier_pgd,0.0030353509937413,mse,0.0019924964162501,False
daytime,320->134,1626,15,bezier_ipopt,34.74966238194611,mse,9.802164993151868e-05,False
daytime,320->134,1626,15,bezier_nm,23.876344877993688,mse,0.1790991022325575,False
daytime,320->289,1626,15,bezier_pgd,0.0026537799858488,mse,0.0346970806338874,False
daytime,320->289,1626,15,bezier_ipopt,7.992485981958453,mse,0.0001895211825266,False
daytime,320->289,1626,15,bezier_nm,23.05170754296705,mse,0.2847452409867418,False
daytime,321->269,1626,15,bezier_pgd,0.0023414669558405,mse,0.0006525561409533,False
daytime,321->269,1626,15,bezier_ipopt,,mse,,True
daytime,321->269,1626,15,bezier_nm,26.69592517404817,mse,0.1516798425156721,False
daytime,321->322,1626,15,bezier_pgd,0.0030705840326845,mse,0.0118072800299017,False
daytime,321->322,1626,15,bezier_ipopt,6.582475784001872,mse,9.081767095502584e-05,False
daytime,321->322,1626,15,bezier_nm,22.205931815027725,mse,0.2620805839762345,False
daytime,322->293,1626,15,bezier_pgd,0.0025407730136066,mse,0.0082968127136088,False
daytime,322->293,1626,15,bezier_ipopt,7.754408043983858,mse,0.0001497243265016,False
daytime,322->293,1626,15,bezier_nm,28.063427015033085,mse,0.1850018826752762,False
daytime,322->321,1626,15,bezier_pgd,0.0022161909728311,mse,0.0003191345846155,False
daytime,322->321,1626,15,bezier_ipopt,6.83730801101774,mse,0.0001276276144238,False
daytime,322->321,1626,15,bezier_nm,24.41400521196192,mse,0.0275831745370556,False
daytime,323->278,1626,15,bezier_pgd,0.002702044963371,mse,0.0160487777037967,False
daytime,323->278,1626,15,bezier_ipopt,7.033957351988647,mse,0.0001685086466559,False
daytime,323->278,1626,15,bezier_nm,22.16976242000237,mse,0.2535971517073573,False
daytime,323->324,1626,15,bezier_pgd,0.0026882250094786,mse,0.0041991834224708,False
daytime,323->324,1626,15,bezier_ipopt,5.644868225965183,mse,0.0002142587182848,False
daytime,323->324,1626,15,bezier_nm,23.51429749699309,mse,0.1910977849260564,False
daytime,324->323,1626,15,bezier_pgd,0.0029702620231546,mse,0.0204695395517788,False
daytime,324->323,1626,15,bezier_ipopt,5.274321498000063,mse,0.0002429592024207,False
daytime,324->323,1626,15,bezier_nm,23.07987792702625,mse,0.2708024031196999,False
daytime,324->455,1626,15,bezier_pgd,0.0029101769905537,mse,0.0116296069044963,False
daytime,324->455,1626,15,bezier_ipopt,8.101255666057114,mse,0.0001614830344326,False
daytime,324->455,1626,15,bezier_nm,22.65538414695766,mse,0.2526963363020388,False
daytime,325->377,1626,15,bezier_pgd,0.0026462950045242,mse,0.0117478377342885,False
daytime,325->377,1626,15,bezier_ipopt,5.727640545053873,mse,0.0001786400200221,False
daytime,325->377,1626,15,bezier_nm,22.42036911001196,mse,0.2399404563719868,False
daytime,325->385,1626,15,bezier_pgd,0.0054125880124047,mse,0.0014076341006689,False
daytime,325->385,1626,15,bezier_ipopt,,mse,,True
daytime,325->385,1626,15,bezier_nm,25.43473423999967,mse,0.1072958690970876,False
daytime,326->18,1626,15,bezier_pgd,0.0024599630269221,mse,0.0867088725694561,False
daytime,326->18,1626,15,bezier_ipopt,,mse,,True
daytime,326->18,1626,15,bezier_nm,23.78716844500741,mse,0.3839272444120266,False
daytime,326->245,1626,15,bezier_pgd,0.0027029510238207,mse,0.0168254141339165,False
daytime,326->245,1626,15,bezier_ipopt,6.620931930025108,mse,2.491606525456744e-07,False
daytime,326->245,1626,15,bezier_nm,23.041675968037453,mse,0.336299451309467,False
daytime,327->328,1626,15,bezier_pgd,0.0025171209708787,mse,0.0008138694386207,False
daytime,327->328,1626,15,bezier_ipopt,5.457671539974399,mse,9.348376114415888e-05,False
daytime,327->328,1626,15,bezier_nm,23.64540992700495,mse,0.1387506729063419,False
daytime,327->447,1626,15,bezier_pgd,0.0026938950177282,mse,0.0004171857329799,False
daytime,327->447,1626,15,bezier_ipopt,4.474366309994366,mse,0.0001346144844369,False
daytime,327->447,1626,15,bezier_nm,24.061960074992385,mse,0.1105533932073908,False
daytime,328->196,1626,15,bezier_pgd,0.0022454650024883,mse,0.0002712821934538,False
daytime,328->196,1626,15,bezier_ipopt,5.949575147009455,mse,0.0001287104839144,False
daytime,328->196,1626,15,bezier_nm,23.03841416403884,mse,0.0502125657545511,False
daytime,328->327,1626,15,bezier_pgd,0.002034464967437,mse,0.0056994212305982,False
daytime,328->327,1626,15,bezier_ipopt,5.116562987968791,mse,0.0001114398225928,False
daytime,328->327,1626,15,bezier_nm,22.28007976996014,mse,0.1934330795734925,False
daytime,329->223,1626,15,bezier_pgd,0.0024838789831846,mse,0.0122998220048866,False
daytime,329->223,1626,15,bezier_ipopt,6.597997903008945,mse,0.0002674718885551,False
daytime,329->223,1626,15,bezier_nm,23.271532454993576,mse,0.2268093687223952,False
daytime,329->305,1626,15,bezier_pgd,0.0026933070039376,mse,0.0132195071561673,False
daytime,329->305,1626,15,bezier_ipopt,5.573206920991652,mse,0.0002100322808181,False
daytime,329->305,1626,15,bezier_nm,22.339016684971284,mse,0.2504362800282153,False
daytime,33->32,1626,15,bezier_pgd,0.0015976710128597,mse,2.948137704493533e-05,False
daytime,33->32,1626,15,bezier_ipopt,6.175372805970255,mse,8.40583991986464e-06,False
daytime,33->32,1626,15,bezier_nm,28.17388908099383,mse,0.0004150930936295,False
daytime,33->34,1626,15,bezier_pgd,0.0014956900267861,mse,2.5639061744790392e-05,False
daytime,33->34,1626,15,bezier_ipopt,4.535847141989507,mse,6.916872559951536e-06,False
daytime,33->34,1626,15,bezier_nm,29.59820319799473,mse,0.0006595675179717,False
daytime,330->358,1626,15,bezier_pgd,0.0024380849790759,mse,0.0004487905261269,False
daytime,330->358,1626,15,bezier_ipopt,12.56746991199907,mse,0.0002931512080375,False
daytime,330->358,1626,15,bezier_nm,21.718239175970663,mse,0.0477346284755476,False
daytime,330->423,1626,15,bezier_pgd,0.0018879150156863,mse,0.0086438420788112,False
daytime,330->423,1626,15,bezier_ipopt,,mse,,True
daytime,330->423,1626,15,bezier_nm,22.748134268971626,mse,0.0740543895582679,False
daytime,331->425,1626,15,bezier_pgd,0.0021498249843716,mse,0.0252311926251221,False
daytime,331->425,1626,15,bezier_ipopt,5.421979712962639,mse,0.0001136059240212,False
daytime,331->425,1626,15,bezier_nm,20.97412189102033,mse,0.2829695655161866,False
daytime,331->466,1626,15,bezier_pgd,0.0022464959765784,mse,0.0004630979421614,False
daytime,331->466,1626,15,bezier_ipopt,5.297911825007759,mse,0.0001523306166635,False
daytime,331->466,1626,15,bezier_nm,22.700137957988773,mse,0.0985911604338251,False
daytime,332->234,1626,15,bezier_pgd,0.002547484007664,mse,0.0107315809854133,False
daytime,332->234,1626,15,bezier_ipopt,,mse,,True
daytime,332->234,1626,15,bezier_nm,22.98934939102037,mse,0.2280790411411737,False
daytime,332->441,1626,15,bezier_pgd,0.002460976014845,mse,0.2254781851680884,False
daytime,332->441,1626,15,bezier_ipopt,,mse,,True
daytime,332->441,1626,15,bezier_nm,22.120544956007507,mse,0.4421291616827534,False
daytime,333->176,1626,15,bezier_pgd,0.0021162420161999,mse,0.0046779319367075,False
daytime,333->176,1626,15,bezier_ipopt,4.540292538993526,mse,0.000302832640929,False
daytime,333->176,1626,15,bezier_nm,21.34069051599363,mse,0.146832770684071,False
daytime,333->367,1626,15,bezier_pgd,0.0035655879764817,mse,0.0009888893599262,False
daytime,333->367,1626,15,bezier_ipopt,5.738259463047143,mse,0.0002657953817145,False
daytime,333->367,1626,15,bezier_nm,23.706348434032407,mse,0.0880778960880019,False
daytime,334->385,1626,15,bezier_pgd,0.0022390160011127,mse,0.0106330926156642,False
daytime,334->385,1626,15,bezier_ipopt,5.578438104013912,mse,0.0002202967191978,False
daytime,334->385,1626,15,bezier_nm,21.08111524401465,mse,0.2688734106630703,False
daytime,334->421,1626,15,bezier_pgd,0.0021998810116201,mse,0.0005970501607329,False
daytime,334->421,1626,15,bezier_ipopt,5.172966021986213,mse,0.0001648125281553,False
daytime,334->421,1626,15,bezier_nm,23.82984377001412,mse,0.0840953399483678,False
daytime,335->284,1626,15,bezier_pgd,0.0021362850093282,mse,0.0007545239591375,False
daytime,335->284,1626,15,bezier_ipopt,6.23192894802196,mse,0.0001803289240652,False
daytime,335->284,1626,15,bezier_nm,23.337559350009546,mse,0.0675161650572878,False
daytime,335->386,1626,15,bezier_pgd,0.0027560609742067,mse,0.0057680475948576,False
daytime,335->386,1626,15,bezier_ipopt,5.609290185966529,mse,0.00018130419339,False
daytime,335->386,1626,15,bezier_nm,20.344698353030253,mse,0.2335328917226183,False
daytime,336->318,1626,15,bezier_pgd,0.0024997699656523,mse,0.0003051680083259,False
daytime,336->318,1626,15,bezier_ipopt,,mse,,True
daytime,336->318,1626,15,bezier_nm,23.826148241991177,mse,0.0976766052279099,False
daytime,336->466,1626,15,bezier_pgd,0.0032619380508549,mse,0.0035079715736051,False
daytime,336->466,1626,15,bezier_ipopt,6.453882813977543,mse,0.0002221626996252,False
daytime,336->466,1626,15,bezier_nm,23.60700662696036,mse,0.1406638519141259,False
daytime,337->448,1626,15,bezier_pgd,0.0022439549793489,mse,0.0242680713980445,False
daytime,337->448,1626,15,bezier_ipopt,6.391408554976806,mse,0.0001071309345389,False
daytime,337->448,1626,15,bezier_nm,22.57177374896128,mse,0.2724740006730637,False
daytime,337->467,1626,15,bezier_pgd,0.0022688069730065,mse,0.0132194871627438,False
daytime,337->467,1626,15,bezier_ipopt,,mse,,True
daytime,337->467,1626,15,bezier_nm,20.129646552959457,mse,0.2584918342628903,False
daytime,338->288,1626,15,bezier_pgd,0.0039918579859659,mse,0.006748862803666,False
daytime,338->288,1626,15,bezier_ipopt,6.405110140971374,mse,0.0001444711591281,False
daytime,338->288,1626,15,bezier_nm,21.56845626898576,mse,0.2274648704847305,False
daytime,338->489,1626,15,bezier_pgd,0.0023572579957544,mse,0.0073765779878256,False
daytime,338->489,1626,15,bezier_ipopt,7.289467822003644,mse,0.0001361828144802,False
daytime,338->489,1626,15,bezier_nm,23.925089635013137,mse,0.2107011482750796,False
daytime,339->466,1626,15,bezier_pgd,0.0022004449856467,mse,0.0003237794344587,False
daytime,339->466,1626,15,bezier_ipopt,6.363858156022616,mse,0.0001327536233289,False
daytime,339->466,1626,15,bezier_nm,22.24052110302728,mse,0.0792707254261859,False
daytime,339->467,1626,15,bezier_pgd,0.0028329990454949,mse,0.000222185894773,False
daytime,339->467,1626,15,bezier_ipopt,6.542575963016134,mse,0.0001485873443273,False
daytime,339->467,1626,15,bezier_nm,30.48654650599929,mse,0.0036067124715118,False
daytime,34->33,1626,15,bezier_pgd,0.0014891040045768,mse,1.414575251587263e-05,False
daytime,34->33,1626,15,bezier_ipopt,4.992435532039963,mse,5.519946834656613e-06,False
daytime,34->33,1626,15,bezier_nm,29.186018453037832,mse,0.0004937260889393,False
daytime,34->35,1626,15,bezier_pgd,0.0018338210065849,mse,1.7358921846558946e-05,False
daytime,34->35,1626,15,bezier_ipopt,5.3024979790207,mse,4.74388879766394e-06,False
daytime,34->35,1626,15,bezier_nm,30.51192204502877,mse,0.0006467334818331,False
daytime,340->197,1626,15,bezier_pgd,0.0026272579561918,mse,0.0147794929666003,False
daytime,340->197,1626,15,bezier_ipopt,5.692480797006283,mse,0.0002104838077162,False
daytime,340->197,1626,15,bezier_nm,21.28707432700321,mse,0.2708170467512438,False
daytime,340->232,1626,15,bezier_pgd,0.0021527520148083,mse,0.0070037926673707,False
daytime,340->232,1626,15,bezier_ipopt,5.433825707004871,mse,0.0003241830241676,False
daytime,340->232,1626,15,bezier_nm,21.46557624399429,mse,0.1847143812648299,False
daytime,341->109,1626,15,bezier_pgd,0.0021947990171611,mse,0.000455522676628,False
daytime,341->109,1626,15,bezier_ipopt,,mse,,True
daytime,341->109,1626,15,bezier_nm,28.9733027049806,mse,0.0065899496063899,False
daytime,341->280,1626,15,bezier_pgd,0.0022970529971644,mse,0.0064414109519995,False
daytime,341->280,1626,15,bezier_ipopt,79.66530881501967,mse,0.0003573949858412,False
daytime,341->280,1626,15,bezier_nm,20.96682873700047,mse,0.2599023158376097,False
daytime,342->464,1626,15,bezier_pgd,0.0026596650131978,mse,0.013471824452036,False
daytime,342->464,1626,15,bezier_ipopt,4.368231965985615,mse,0.0001535525013773,False
daytime,342->464,1626,15,bezier_nm,21.68629666598281,mse,0.2658778229608917,False
daytime,342->514,1626,15,bezier_pgd,0.0023611129727214,mse,0.0041733514747717,False
daytime,342->514,1626,15,bezier_ipopt,5.326653269992676,mse,0.0002080606664073,False
daytime,342->514,1626,15,bezier_nm,24.38476333097788,mse,0.1631284898984536,False
daytime,343->126,1626,15,bezier_pgd,0.0025289760087616,mse,0.00068245125902,False
daytime,343->126,1626,15,bezier_ipopt,7.576987729000393,mse,0.0001454026772214,False
daytime,343->126,1626,15,bezier_nm,21.86046328500379,mse,0.0711397667215055,False
daytime,343->504,1626,15,bezier_pgd,0.0023804410011507,mse,0.0012862543473562,False
daytime,343->504,1626,15,bezier_ipopt,6.509419529989827,mse,0.0001512060069238,False
daytime,343->504,1626,15,bezier_nm,24.633367709000595,mse,0.0842125205717677,False
daytime,344->222,1626,15,bezier_pgd,0.0026228530332446,mse,0.0096131940529375,False
daytime,344->222,1626,15,bezier_ipopt,,mse,,True
daytime,344->222,1626,15,bezier_nm,21.85422808001749,mse,0.2630545167760961,False
daytime,344->522,1626,15,bezier_pgd,0.0021445680176839,mse,0.0421982864144952,False
daytime,344->522,1626,15,bezier_ipopt,5.765145289013162,mse,0.0001554696459477,False
daytime,344->522,1626,15,bezier_nm,20.70604091597488,mse,0.2965008784893042,False
daytime,345->110,1626,15,bezier_pgd,0.0018266860279254,mse,1.5411751073243633e-05,False
daytime,345->110,1626,15,bezier_ipopt,5.4298719560028985,mse,5.462226282531695e-06,False
daytime,345->110,1626,15,bezier_nm,30.08389471500413,mse,0.0005475957862363,False
daytime,345->242,1626,15,bezier_pgd,0.0024402890121564,mse,0.0002637366641793,False
daytime,345->242,1626,15,bezier_ipopt,5.436908759991638,mse,9.523020186372888e-05,False
daytime,345->242,1626,15,bezier_nm,31.78474253398599,mse,0.002501614595726,False
daytime,346->433,1626,15,bezier_pgd,0.0022634870256297,mse,0.0063639313424445,False
daytime,346->433,1626,15,bezier_ipopt,,mse,,True
daytime,346->433,1626,15,bezier_nm,21.139651548990518,mse,0.2638816437910524,False
daytime,346->468,1626,15,bezier_pgd,0.0020407830015756,mse,0.0226205485214145,False
daytime,346->468,1626,15,bezier_ipopt,,mse,,True
daytime,346->468,1626,15,bezier_nm,20.75907971902052,mse,0.2886056446163754,False
daytime,347->250,1626,15,bezier_pgd,0.0019822230096906,mse,0.0192489242851181,False
daytime,347->250,1626,15,bezier_ipopt,,mse,,True
daytime,347->250,1626,15,bezier_nm,20.748746629979,mse,0.301800079298936,False
daytime,347->456,1626,15,bezier_pgd,0.0027646090020425,mse,0.0003860313862366,False
daytime,347->456,1626,15,bezier_ipopt,8.060305360995699,mse,7.44594521488396e-05,False
daytime,347->456,1626,15,bezier_nm,20.035627158998977,mse,0.1660496389655846,False
daytime,348->122,1626,15,bezier_pgd,0.0017300370382145,mse,0.0002568549958236,False
daytime,348->122,1626,15,bezier_ipopt,6.017057083954569,mse,0.0001864419142863,False
daytime,348->122,1626,15,bezier_nm,30.756667289999317,mse,0.0028937577822475,False
daytime,348->170,1626,15,bezier_pgd,0.002309862000402,mse,0.0003135996830532,False
daytime,348->170,1626,15,bezier_ipopt,7.91347459302051,mse,0.0001551517746508,False
daytime,348->170,1626,15,bezier_nm,23.19969226600369,mse,0.1079586927882881,False
daytime,349->231,1626,15,bezier_pgd,0.0026262709870934,mse,0.0060756114391112,False
daytime,349->231,1626,15,bezier_ipopt,,mse,,True
daytime,349->231,1626,15,bezier_nm,25.43735803500749,mse,0.2347435710160159,False
daytime,349->467,1626,15,bezier_pgd,0.0022215180215425,mse,0.0002269410660951,False
daytime,349->467,1626,15,bezier_ipopt,,mse,,True
daytime,349->467,1626,15,bezier_nm,28.960895481985062,mse,0.0019094379125311,False
daytime,35->34,1626,15,bezier_pgd,0.0017285299836657,mse,2.4851244696495413e-05,False
daytime,35->34,1626,15,bezier_ipopt,4.638604317966383,mse,5.401264596369598e-06,False
daytime,35->34,1626,15,bezier_nm,30.949510928010568,mse,0.0008816953414141,False
daytime,35->397,1626,15,bezier_pgd,0.0015173130086623,mse,1.0300265738455774e-05,False
daytime,35->397,1626,15,bezier_ipopt,4.129399920988362,mse,4.9729954934986366e-06,False
daytime,35->397,1626,15,bezier_nm,32.07482980802888,mse,7.136000707568663e-05,False
daytime,350->481,1626,15,bezier_pgd,0.0025174269685521,mse,0.0011203567408312,False
daytime,350->481,1626,15,bezier_ipopt,4.738465183007065,mse,0.0001043530814636,False
daytime,350->481,1626,15,bezier_nm,21.56059229798848,mse,0.1705497569274267,False
daytime,350->517,1626,15,bezier_pgd,0.0018290079897269,mse,0.0002220010165749,False
daytime,350->517,1626,15,bezier_ipopt,7.747440362989437,mse,0.0001196486080429,False
daytime,350->517,1626,15,bezier_nm,33.28816304996144,mse,0.0021423884171089,False
daytime,351->273,1626,15,bezier_pgd,0.0066371639841236,mse,0.0084202726461585,False
daytime,351->273,1626,15,bezier_ipopt,4.262423522013705,mse,0.0002366409095673,False
daytime,351->273,1626,15,bezier_nm,20.556986511975992,mse,0.2481042671265034,False
daytime,351->377,1626,15,bezier_pgd,0.0017747820238582,mse,0.00019695388324,False
daytime,351->377,1626,15,bezier_ipopt,6.981927682994865,mse,0.0001324483117478,False
daytime,351->377,1626,15,bezier_nm,29.883838980982546,mse,0.0006302362410485,False
daytime,352->255,1626,15,bezier_pgd,0.0024297820054925,mse,0.0035057556940991,False
daytime,352->255,1626,15,bezier_ipopt,5.038143181998748,mse,0.0001331557706888,False
daytime,352->255,1626,15,bezier_nm,22.10545220499625,mse,0.161872164190982,False
daytime,352->444,1626,15,bezier_pgd,0.002305164001882,mse,0.013934479704463,False
daytime,352->444,1626,15,bezier_ipopt,5.206141445960384,mse,0.0002252559276445,False
daytime,352->444,1626,15,bezier_nm,21.024142829992343,mse,0.2300853455463553,False
daytime,353->115,1626,15,bezier_pgd,0.0026227349881082,mse,0.0005397723103057,False
daytime,353->115,1626,15,bezier_ipopt,,mse,,True
daytime,353->115,1626,15,bezier_nm,26.478690143034328,mse,0.1316797249435504,False
daytime,353->369,1626,15,bezier_pgd,0.0024784540291875,mse,0.0004569661136592,False
daytime,353->369,1626,15,bezier_ipopt,5.485787311044987,mse,0.000124236652369,False
daytime,353->369,1626,15,bezier_nm,21.7748457689886,mse,0.1513984176791108,False
daytime,354->410,1626,15,bezier_pgd,0.0030973569955676,mse,0.0039366548174388,False
daytime,354->410,1626,15,bezier_ipopt,5.586017306020949,mse,0.0001261335268883,False
daytime,354->410,1626,15,bezier_nm,22.62293685099576,mse,0.223188832176642,False
daytime,354->522,1626,15,bezier_pgd,0.0027024400187656,mse,0.0021204488970441,False
daytime,354->522,1626,15,bezier_ipopt,5.28620261704782,mse,0.0001719577328978,False
daytime,354->522,1626,15,bezier_nm,20.464016091951635,mse,0.2237191348021713,False
daytime,355->319,1626,15,bezier_pgd,0.0025989419664256,mse,0.0006246867094872,False
daytime,355->319,1626,15,bezier_ipopt,8.19009481696412,mse,0.0001143358867709,False
daytime,355->319,1626,15,bezier_nm,23.075040220981464,mse,0.1511321346411006,False
daytime,355->396,1626,15,bezier_pgd,0.0035404849913902,mse,0.0174468582199856,False
daytime,355->396,1626,15,bezier_ipopt,6.738528429006692,mse,0.0001120128028324,False
daytime,355->396,1626,15,bezier_nm,19.59064672299428,mse,0.27713158156416,False
daytime,356->287,1626,15,bezier_pgd,0.0022017899900674,mse,0.0077985208196856,False
daytime,356->287,1626,15,bezier_ipopt,7.178489195997827,mse,0.0002807412313783,False
daytime,356->287,1626,15,bezier_nm,24.14445634902222,mse,0.1775894140535315,False
daytime,356->373,1626,15,bezier_pgd,0.0022909750114195,mse,0.0077247359976851,False
daytime,356->373,1626,15,bezier_ipopt,6.91001846495783,mse,0.0001961321749931,False
daytime,356->373,1626,15,bezier_nm,21.69866042904323,mse,0.2087530446916845,False
daytime,357->128,1626,15,bezier_pgd,0.0037089089746586,mse,0.0106643342911106,False
daytime,357->128,1626,15,bezier_ipopt,5.613376239023637,mse,4.096016027998886e-05,False
daytime,357->128,1626,15,bezier_nm,22.883556421962567,mse,0.1411770659091646,False
daytime,357->454,1626,15,bezier_pgd,0.0023448730353266,mse,0.0006522516731659,False
daytime,357->454,1626,15,bezier_ipopt,5.752505961980205,mse,6.621620403180991e-05,False
daytime,357->454,1626,15,bezier_nm,21.94718566397205,mse,0.1188167469503172,False
daytime,358->208,1626,15,bezier_pgd,0.0032378180185332,mse,0.0012592472394852,False
daytime,358->208,1626,15,bezier_ipopt,,mse,,True
daytime,358->208,1626,15,bezier_nm,20.97472483402817,mse,0.0979220277101983,False
daytime,358->330,1626,15,bezier_pgd,0.0020366789540275,mse,0.0381793290466978,False
daytime,358->330,1626,15,bezier_ipopt,,mse,,True
daytime,358->330,1626,15,bezier_nm,22.59239454998169,mse,0.1352555250278806,False
daytime,359->463,1626,15,bezier_pgd,0.0028017209842801,mse,0.010442068939368,False
daytime,359->463,1626,15,bezier_ipopt,6.82560962298885,mse,0.0001063217363567,False
daytime,359->463,1626,15,bezier_nm,19.93895428901305,mse,0.2377417394068,False
daytime,359->480,1626,15,bezier_pgd,0.0023663060273975,mse,0.0002795436319275,False
daytime,359->480,1626,15,bezier_ipopt,6.958750333986245,mse,0.000129484488647,False
daytime,359->480,1626,15,bezier_nm,25.30111772497185,mse,0.10519499846682,False
daytime,36->37,1626,15,bezier_pgd,0.002357804973144,mse,1.7683556736770905e-05,False
daytime,36->37,1626,15,bezier_ipopt,6.917328489013016,mse,6.448836796757671e-06,False
daytime,36->37,1626,15,bezier_nm,29.253759935032576,mse,0.0004306926153042,False
daytime,36->408,1626,15,bezier_pgd,0.0014742100029252,mse,2.143027223969524e-05,False
daytime,36->408,1626,15,bezier_ipopt,5.775689850968774,mse,7.896466244233051e-06,False
daytime,36->408,1626,15,bezier_nm,30.791763657005504,mse,0.0005153917422784,False
daytime,360->405,1626,15,bezier_pgd,0.0020472870091907,mse,0.0108707515421665,False
daytime,360->405,1626,15,bezier_ipopt,7.128466670983471,mse,7.764614190541904e-05,False
daytime,360->405,1626,15,bezier_nm,20.19128826202359,mse,0.266798500715413,False
daytime,360->499,1626,15,bezier_pgd,0.0027576229767873,mse,0.0012834068341408,False
daytime,360->499,1626,15,bezier_ipopt,6.022374059015419,mse,0.0001216617489982,False
daytime,360->499,1626,15,bezier_nm,21.798826582031325,mse,0.1795738643652669,False
daytime,361->389,1626,15,bezier_pgd,0.0024074129760265,mse,0.0020181954408968,False
daytime,361->389,1626,15,bezier_ipopt,5.52723954297835,mse,0.0001656596648116,False
daytime,361->389,1626,15,bezier_nm,22.67853513598675,mse,0.1578166713627386,False
daytime,361->411,1626,15,bezier_pgd,0.0024579020100645,mse,0.0151739034669197,False
daytime,361->411,1626,15,bezier_ipopt,4.51757100695977,mse,0.0002067788145138,False
daytime,361->411,1626,15,bezier_nm,21.812978747999296,mse,0.2613251005710095,False
daytime,362->465,1626,15,bezier_pgd,0.0025909229880198,mse,0.0083732211731571,False
daytime,362->465,1626,15,bezier_ipopt,,mse,,True
daytime,362->465,1626,15,bezier_nm,20.470343334949572,mse,0.247961462604423,False
daytime,362->499,1626,15,bezier_pgd,0.0018659490160644,mse,0.0002266247541492,False
daytime,362->499,1626,15,bezier_ipopt,6.204611697990913,mse,0.0001085989231864,False
daytime,362->499,1626,15,bezier_nm,28.595080486964434,mse,0.001909421153937,False
daytime,363->486,1626,15,bezier_pgd,0.002413723967038,mse,0.0169450623810517,False
daytime,363->486,1626,15,bezier_ipopt,6.210534232959617,mse,0.0001728495351319,False
daytime,363->486,1626,15,bezier_nm,20.15585442801239,mse,0.2465570076684569,False
daytime,363->512,1626,15,bezier_pgd,0.0024451320059597,mse,0.0056041499422738,False
daytime,363->512,1626,15,bezier_ipopt,,mse,,True
daytime,363->512,1626,15,bezier_nm,21.09324968297733,mse,0.2213037057642875,False
daytime,364->22,1626,15,bezier_pgd,0.0035081870155408,mse,0.1304813654360417,False
daytime,364->22,1626,15,bezier_ipopt,,mse,,True
daytime,364->22,1626,15,bezier_nm,19.94896074105054,mse,0.3890249229652853,False
daytime,364->276,1626,15,bezier_pgd,0.0023628119961358,mse,0.1817495599699532,False
daytime,364->276,1626,15,bezier_ipopt,,mse,,True
daytime,364->276,1626,15,bezier_nm,20.498991817992646,mse,0.4119552436655721,False
daytime,364->392,1626,15,bezier_pgd,0.0033877599635161,mse,0.0017030939981802,False
daytime,364->392,1626,15,bezier_ipopt,6.058614637993742,mse,0.0001771497339203,False
daytime,364->392,1626,15,bezier_nm,23.26959047099808,mse,0.1487770907835897,False
daytime,365->383,1626,15,bezier_pgd,0.002608295995742,mse,0.0002176953850039,False
daytime,365->383,1626,15,bezier_ipopt,5.463638234999962,mse,8.989431250171022e-05,False
daytime,365->383,1626,15,bezier_nm,30.61091047001537,mse,0.0022287045105985,False
daytime,365->513,1626,15,bezier_pgd,0.004015652986709,mse,0.0113745751287716,False
daytime,365->513,1626,15,bezier_ipopt,5.241600923996884,mse,0.0001227437541304,False
daytime,365->513,1626,15,bezier_nm,19.90717810799833,mse,0.2527161390694188,False
daytime,366->490,1626,15,bezier_pgd,0.0018943229806609,mse,0.0001863076648719,False
daytime,366->490,1626,15,bezier_ipopt,4.962621132028289,mse,0.0001273919558784,False
daytime,366->490,1626,15,bezier_nm,20.390377173025627,mse,0.0507135667879514,False
daytime,366->514,1626,15,bezier_pgd,0.0026207739720121,mse,0.0113209345749279,False
daytime,366->514,1626,15,bezier_ipopt,7.3281165980151854,mse,0.0001256387697265,False
daytime,366->514,1626,15,bezier_nm,19.58311062102439,mse,0.2557769863574484,False
daytime,367->333,1626,15,bezier_pgd,0.0019461749470792,mse,0.001360568822984,False
daytime,367->333,1626,15,bezier_ipopt,5.500997832976282,mse,0.0002004560324524,False
daytime,367->333,1626,15,bezier_nm,25.07808958197711,mse,0.1119223695243244,False
daytime,367->502,1626,15,bezier_pgd,0.0023157809628173,mse,0.0187608895491634,False
daytime,367->502,1626,15,bezier_ipopt,5.995779128046706,mse,0.0002106691482514,False
daytime,367->502,1626,15,bezier_nm,20.235796088003557,mse,0.2516972211055129,False
daytime,368->433,1626,15,bezier_pgd,0.0019584519905038,mse,0.0119197492731674,False
daytime,368->433,1626,15,bezier_ipopt,5.018001477001235,mse,0.0001446504479816,False
daytime,368->433,1626,15,bezier_nm,20.121573629032355,mse,0.2638996214067921,False
daytime,368->462,1626,15,bezier_pgd,0.0020661039743572,mse,0.000932206135849,False
daytime,368->462,1626,15,bezier_ipopt,6.615129862970207,mse,9.321427043077618e-05,False
daytime,368->462,1626,15,bezier_nm,22.910648716962896,mse,0.1340050105453761,False
daytime,369->353,1626,15,bezier_pgd,0.0022376219858415,mse,0.014690388207014,False
daytime,369->353,1626,15,bezier_ipopt,5.197650104993954,mse,0.0001917026497463,False
daytime,369->353,1626,15,bezier_nm,19.804819533019327,mse,0.2732148958582039,False
daytime,369->498,1626,15,bezier_pgd,0.0024727720301598,mse,0.0004818322594468,False
daytime,369->498,1626,15,bezier_ipopt,5.147419489978347,mse,0.0001351002501651,False
daytime,369->498,1626,15,bezier_nm,21.9850005240296,mse,0.13782259186635,False
daytime,37->36,1626,15,bezier_pgd,0.0015495099942199,mse,2.460846955635804e-05,False
daytime,37->36,1626,15,bezier_ipopt,5.22379788098624,mse,4.959197486579101e-06,False
daytime,37->36,1626,15,bezier_nm,29.99482928495854,mse,0.0005682231659499,False
daytime,37->38,1626,15,bezier_pgd,0.0019482019706629,mse,1.2296520500704927e-05,False
daytime,37->38,1626,15,bezier_ipopt,4.847353973018471,mse,5.409421889312103e-06,False
daytime,37->38,1626,15,bezier_nm,28.38932432996808,mse,0.0005500500112307,False
daytime,370->294,1626,15,bezier_pgd,0.0025771990185603,mse,0.0160368152036446,False
daytime,370->294,1626,15,bezier_ipopt,5.27055991999805,mse,0.0002596810277969,False
daytime,370->294,1626,15,bezier_nm,19.79566962301033,mse,0.2678870741859157,False
daytime,370->371,1626,15,bezier_pgd,0.002236784028355,mse,0.0140192467753122,False
daytime,370->371,1626,15,bezier_ipopt,6.166454364021774,mse,0.0001859848730745,False
daytime,370->371,1626,15,bezier_nm,21.9403775910032,mse,0.2230811546234338,False
daytime,371->370,1626,15,bezier_pgd,0.0018642340437509,mse,0.0005701580557384,False
daytime,371->370,1626,15,bezier_ipopt,5.544227067031898,mse,0.0002300183384999,False
daytime,371->370,1626,15,bezier_nm,20.951767969003413,mse,0.0669317023460167,False
daytime,371->494,1626,15,bezier_pgd,0.0023418850032612,mse,0.0003762525413631,False
daytime,371->494,1626,15,bezier_ipopt,6.513994811975863,mse,0.0001516981352569,False
daytime,371->494,1626,15,bezier_nm,22.897817294986453,mse,0.1198471645640441,False
daytime,372->14,1626,15,bezier_pgd,0.0015911270165815,mse,1.98493584113976e-05,False
daytime,372->14,1626,15,bezier_ipopt,3.807498470006976,mse,3.879110571047487e-06,False
daytime,372->14,1626,15,bezier_nm,32.218943652987946,mse,0.0001759402350141,False
daytime,372->442,1626,15,bezier_pgd,0.0020359550253488,mse,0.0111583637538055,False
daytime,372->442,1626,15,bezier_ipopt,,mse,,True
daytime,372->442,1626,15,bezier_nm,20.49406372499652,mse,0.2602231067721589,False
daytime,372->515,1626,15,bezier_pgd,0.0015805310104042,mse,2.3370547134474667e-05,False
daytime,372->515,1626,15,bezier_ipopt,7.565563604992349,mse,8.398156588794645e-06,False
daytime,372->515,1626,15,bezier_nm,29.731225913972597,mse,9.25579558113578e-05,False
daytime,373->180,1626,15,bezier_pgd,0.002242146001663,mse,0.0069579955176275,False
daytime,373->180,1626,15,bezier_ipopt,5.036446851037908,mse,0.0002473873286138,False
daytime,373->180,1626,15,bezier_nm,21.33652891899692,mse,0.2136941874643095,False
daytime,373->356,1626,15,bezier_pgd,0.0023283240152522,mse,0.0027143478043922,False
daytime,373->356,1626,15,bezier_ipopt,6.409092121000867,mse,0.0001515352722044,False
daytime,373->356,1626,15,bezier_nm,21.25737621000735,mse,0.1798267012667132,False
daytime,374->139,1626,15,bezier_pgd,0.0021705260151065,mse,0.019279591404131,False
daytime,374->139,1626,15,bezier_ipopt,5.309409132984001,mse,0.0002720578418112,False
daytime,374->139,1626,15,bezier_nm,20.42676859803032,mse,0.21543055905199,False
daytime,374->454,1626,15,bezier_pgd,0.0018449370400048,mse,0.0288360320612787,False
daytime,374->454,1626,15,bezier_ipopt,5.462309691996779,mse,0.0001704467221402,False
daytime,374->454,1626,15,bezier_nm,20.38163512200117,mse,0.2955039824621776,False
daytime,375->271,1626,15,bezier_pgd,0.0015939170261844,mse,0.0309595221372277,False
daytime,375->271,1626,15,bezier_ipopt,,mse,,True
daytime,375->271,1626,15,bezier_nm,23.76428924401989,mse,0.3521940931990764,False
daytime,375->426,1626,15,bezier_pgd,0.0026974370121024,mse,0.3285102052917653,False
daytime,375->426,1626,15,bezier_ipopt,,mse,,True
daytime,375->426,1626,15,bezier_nm,20.77068082301412,mse,0.6899290799729119,False
daytime,376->221,1626,15,bezier_pgd,0.0021116079878993,mse,0.0612991558950255,False
daytime,376->221,1626,15,bezier_ipopt,,mse,,True
daytime,376->221,1626,15,bezier_nm,20.29409200203372,mse,0.2988115429658467,False
daytime,376->420,1626,15,bezier_pgd,0.002024159010034,mse,0.0004583973587797,False
daytime,376->420,1626,15,bezier_ipopt,6.389573166030459,mse,0.0001818083772514,False
daytime,376->420,1626,15,bezier_nm,22.437923245015558,mse,0.0964783278865907,False
daytime,377->325,1626,15,bezier_pgd,0.0021613389835692,mse,0.0003822809249931,False
daytime,377->325,1626,15,bezier_ipopt,5.096657268994022,mse,0.0002250425997057,False
daytime,377->325,1626,15,bezier_nm,30.99395152600482,mse,0.0051131495236711,False
daytime,377->351,1626,15,bezier_pgd,0.003728948009666,mse,0.0008392003646646,False
daytime,377->351,1626,15,bezier_ipopt,6.63119706598809,mse,8.731911191703454e-05,False
daytime,377->351,1626,15,bezier_nm,20.85833268298302,mse,0.1304047636360353,False
daytime,378->233,1626,15,bezier_pgd,0.0022586900158785,mse,0.0010260407962419,False
daytime,378->233,1626,15,bezier_ipopt,5.513666455983184,mse,0.0001100305782557,False
daytime,378->233,1626,15,bezier_nm,21.575533789990004,mse,0.1414455835439525,False
daytime,378->464,1626,15,bezier_pgd,0.0022991529549472,mse,0.0002244921721682,False
daytime,378->464,1626,15,bezier_ipopt,4.443901908991393,mse,0.0001355805918819,False
daytime,378->464,1626,15,bezier_nm,29.709292970015667,mse,0.0042206037070149,False
daytime,379->398,1626,15,bezier_pgd,0.0024547840002924,mse,0.0110452738480291,False
daytime,379->398,1626,15,bezier_ipopt,6.764841772033833,mse,0.0001222042155913,False
daytime,379->398,1626,15,bezier_nm,21.145831283996813,mse,0.264422625039858,False
daytime,379->502,1626,15,bezier_pgd,0.0024435520172119,mse,0.0139956417363739,False
daytime,379->502,1626,15,bezier_ipopt,6.284943417005707,mse,0.0001593524132814,False
daytime,379->502,1626,15,bezier_nm,20.530073201982304,mse,0.2473556266365796,False
daytime,38->37,1626,15,bezier_pgd,0.0014997170073911,mse,2.067267478028785e-05,False
daytime,38->37,1626,15,bezier_ipopt,4.741909286996815,mse,6.337613471721001e-06,False
daytime,38->37,1626,15,bezier_nm,28.292580097040627,mse,0.0005627693164349,False
daytime,38->39,1626,15,bezier_pgd,0.0019142770324833,mse,0.018606452892779,False
daytime,38->39,1626,15,bezier_ipopt,7.276971750950906,mse,0.0001322010654433,False
daytime,38->39,1626,15,bezier_nm,22.18624984298367,mse,0.3715561284378014,False
daytime,380->381,1626,15,bezier_pgd,0.0033517539850436,mse,0.0002190817084656,False
daytime,380->381,1626,15,bezier_ipopt,9.978527491970452,mse,0.0001264683748291,False
daytime,380->381,1626,15,bezier_nm,29.355327506025787,mse,0.0012742877213854,False
daytime,380->400,1626,15,bezier_pgd,0.0024514779797755,mse,0.0064267369254746,False
daytime,380->400,1626,15,bezier_ipopt,6.353881524992175,mse,0.0001349884632484,False
daytime,380->400,1626,15,bezier_nm,21.552240771998186,mse,0.212731796791252,False
daytime,381->283,1626,15,bezier_pgd,0.002388647000771,mse,0.001503995596521,False
daytime,381->283,1626,15,bezier_ipopt,6.716757085989229,mse,0.000232140000766,False
daytime,381->283,1626,15,bezier_nm,22.195464025018737,mse,0.1097967942977181,False
daytime,381->380,1626,15,bezier_pgd,0.0016673590289428,mse,0.0001779265694965,False
daytime,381->380,1626,15,bezier_ipopt,5.724099311046302,mse,0.0001003047478951,False
daytime,381->380,1626,15,bezier_nm,29.063558564987037,mse,0.0007966689524033,False
daytime,382->501,1626,15,bezier_pgd,0.0020924870041199,mse,0.0007271107275857,False
daytime,382->501,1626,15,bezier_ipopt,4.943623489991296,mse,0.0002791206495307,False
daytime,382->501,1626,15,bezier_nm,23.13475537399063,mse,0.1119077246111622,False
daytime,382->512,1626,15,bezier_pgd,0.002366314001847,mse,0.0050032906462728,False
daytime,382->512,1626,15,bezier_ipopt,4.790061076986603,mse,0.0001179532865987,False
daytime,382->512,1626,15,bezier_nm,20.969601875985973,mse,0.2195142655328225,False
daytime,383->144,1626,15,bezier_pgd,0.0022268329630605,mse,0.0098280033424896,False
daytime,383->144,1626,15,bezier_ipopt,4.817481260979548,mse,0.000237159314967,False
daytime,383->144,1626,15,bezier_nm,22.42299525096314,mse,0.2060832081726988,False
daytime,383->365,1626,15,bezier_pgd,0.0015532720135524,mse,0.000151039516078,False
daytime,383->365,1626,15,bezier_ipopt,5.978339393972419,mse,0.0001308924467979,False
daytime,383->365,1626,15,bezier_nm,30.533545811951623,mse,0.0014968393248895,False
daytime,384->200,1626,15,bezier_pgd,0.0022501969942823,mse,0.0138093394744295,False
daytime,384->200,1626,15,bezier_ipopt,,mse,,True
daytime,384->200,1626,15,bezier_nm,20.80161327501992,mse,0.3083465357611772,False
daytime,384->259,1626,15,bezier_pgd,0.0025335069512948,mse,0.0097122998970077,False
daytime,384->259,1626,15,bezier_ipopt,5.45178197597852,mse,0.0001679046711734,False
daytime,384->259,1626,15,bezier_nm,22.52523032098543,mse,0.2210905212285139,False
daytime,385->178,1626,15,bezier_pgd,0.0021206489764153,mse,0.0023591609856237,False
daytime,385->178,1626,15,bezier_ipopt,7.221063031000085,mse,0.0002419747841933,False
daytime,385->178,1626,15,bezier_nm,22.805064316024072,mse,0.1383664603523169,False
daytime,385->325,1626,15,bezier_pgd,0.0020387079566717,mse,0.0058055564688614,False
daytime,385->325,1626,15,bezier_ipopt,6.048682160966564,mse,0.0002393286713394,False
daytime,385->325,1626,15,bezier_nm,22.01064177101944,mse,0.150122488666696,False
daytime,385->334,1626,15,bezier_pgd,0.0021770260063931,mse,0.0007808486678874,False
daytime,385->334,1626,15,bezier_ipopt,6.4640811500139534,mse,0.000200012695238,False
daytime,385->334,1626,15,bezier_nm,21.886677962029356,mse,0.1074854317837104,False
daytime,386->301,1626,15,bezier_pgd,0.0024103019968606,mse,0.0006405144843478,False
daytime,386->301,1626,15,bezier_ipopt,,mse,,True
daytime,386->301,1626,15,bezier_nm,23.46561985497829,mse,0.1014649993464648,False
daytime,386->335,1626,15,bezier_pgd,0.0024708620039746,mse,0.0008772757801886,False
daytime,386->335,1626,15,bezier_ipopt,6.398957278986927,mse,0.0001273257520714,False
daytime,386->335,1626,15,bezier_nm,21.93590881396085,mse,0.1582546886655606,False
daytime,387->12,1626,15,bezier_pgd,0.0021496699773706,mse,0.0125747426553943,False
daytime,387->12,1626,15,bezier_ipopt,6.268643127987161,mse,0.000208426719369,False
daytime,387->12,1626,15,bezier_nm,20.629067771951668,mse,0.2286722676903453,False
daytime,387->452,1626,15,bezier_pgd,0.0022426679497584,mse,0.007858799312617,False
daytime,387->452,1626,15,bezier_ipopt,,mse,,True
daytime,387->452,1626,15,bezier_nm,20.026083840988576,mse,0.2132921561122391,False
daytime,387->475,1626,15,bezier_pgd,0.0038726599887013,mse,0.0042499323500322,False
daytime,387->475,1626,15,bezier_ipopt,8.047997107030824,mse,0.0001631171328746,False
daytime,387->475,1626,15,bezier_nm,20.82958897098433,mse,0.156113012045614,False
daytime,388->268,1626,15,bezier_pgd,0.0026154080405831,mse,0.0040951865828837,False
daytime,388->268,1626,15,bezier_ipopt,7.171259876980912,mse,0.0001267547689235,False
daytime,388->268,1626,15,bezier_nm,18.987357015023008,mse,0.2256676564864162,False
daytime,388->389,1626,15,bezier_pgd,0.0020980809931643,mse,0.000297592373625,False
daytime,388->389,1626,15,bezier_ipopt,6.455046959978063,mse,0.0001432733914076,False
daytime,388->389,1626,15,bezier_nm,22.68993837200105,mse,0.0649458430305951,False
daytime,389->197,1626,15,bezier_pgd,0.0022685219882987,mse,0.00035853352929,False
daytime,389->197,1626,15,bezier_ipopt,8.317510434018914,mse,0.0001196993562656,False
daytime,389->197,1626,15,bezier_nm,21.54429022001568,mse,0.0772721079208524,False
daytime,389->361,1626,15,bezier_pgd,0.0021050419891253,mse,0.0027882768709062,False
daytime,389->361,1626,15,bezier_ipopt,4.549185641983058,mse,0.0001873774065133,False
daytime,389->361,1626,15,bezier_nm,22.2507440019981,mse,0.1564151333945232,False
daytime,389->388,1626,15,bezier_pgd,0.0027125700144097,mse,0.0003082111388472,False
daytime,389->388,1626,15,bezier_ipopt,4.509729913028423,mse,0.0001437370556949,False
daytime,389->388,1626,15,bezier_nm,21.157327325025108,mse,0.0372425573728247,False
daytime,39->26,1626,15,bezier_pgd,0.002346818044316,mse,0.0006376869001754,False
daytime,39->26,1626,15,bezier_ipopt,,mse,,True
daytime,39->26,1626,15,bezier_nm,21.49872548499843,mse,0.1010090194841292,False
daytime,39->38,1626,15,bezier_pgd,0.0014619280118495,mse,1.1913640776096067e-05,False
daytime,39->38,1626,15,bezier_ipopt,5.715764252003282,mse,6.861201073201756e-06,False
daytime,39->38,1626,15,bezier_nm,25.76493744901381,mse,0.0004665198763909,False
daytime,390->157,1626,15,bezier_pgd,0.0021783859701827,mse,0.0070312691410863,False
daytime,390->157,1626,15,bezier_ipopt,7.106847624992952,mse,0.0002962074383399,False
daytime,390->157,1626,15,bezier_nm,22.98716088803485,mse,0.1610672000385487,False
daytime,390->182,1626,15,bezier_pgd,0.003996516985353,mse,0.0036710725588195,False
daytime,390->182,1626,15,bezier_ipopt,6.353147490997799,mse,0.0001596848522617,False
daytime,390->182,1626,15,bezier_nm,19.48154477501521,mse,0.2119866859378755,False
daytime,390->208,1626,15,bezier_pgd,0.0066090339678339,mse,0.8152124072189708,False
daytime,390->208,1626,15,bezier_ipopt,,mse,,True
daytime,390->208,1626,15,bezier_nm,16.378440663975198,mse,0.8316566964613903,False
daytime,391->156,1626,15,bezier_pgd,0.0025024610222317,mse,0.00241741371437,False
daytime,391->156,1626,15,bezier_ipopt,,mse,,True
daytime,391->156,1626,15,bezier_nm,21.850331816996917,mse,0.0570210378556758,False
daytime,391->478,1626,15,bezier_pgd,0.0026364520308561,mse,0.0057247187676322,False
daytime,391->478,1626,15,bezier_ipopt,,mse,,True
daytime,391->478,1626,15,bezier_nm,20.589448301005177,mse,0.2500556914880694,False
daytime,392->372,1626,15,bezier_pgd,0.0014543109573423,mse,1.631333730776209e-05,False
daytime,392->372,1626,15,bezier_ipopt,6.757856915995944,mse,5.523883697341803e-06,False
daytime,392->372,1626,15,bezier_nm,26.440560970047954,mse,0.0002406589075949,False
daytime,392->437,1626,15,bezier_pgd,0.0018760170205496,mse,0.000292482869396,False
daytime,392->437,1626,15,bezier_ipopt,7.339676856994629,mse,0.0001140142482026,False
daytime,392->437,1626,15,bezier_nm,24.969748464005534,mse,0.0617968808498358,False
daytime,392->518,1626,15,bezier_pgd,0.0021735240006819,mse,0.0016763902293269,False
daytime,392->518,1626,15,bezier_ipopt,7.213728742965031,mse,0.0001522549168378,False
daytime,392->518,1626,15,bezier_nm,22.949634919990785,mse,0.1587034541957143,False
daytime,393->446,1626,15,bezier_pgd,0.0021749419975094,mse,0.0020543702785959,False
daytime,393->446,1626,15,bezier_ipopt,6.3858663070132025,mse,7.984300848691264e-05,False
daytime,393->446,1626,15,bezier_nm,23.860505257034674,mse,0.0846023097828019,False
daytime,393->471,1626,15,bezier_pgd,0.0027032039943151,mse,0.0276915862667804,False
daytime,393->471,1626,15,bezier_ipopt,5.566553779994138,mse,0.0001492346653785,False
daytime,393->471,1626,15,bezier_nm,20.906850951025262,mse,0.2717648522461227,False
daytime,394->179,1626,15,bezier_pgd,0.0021157060400582,mse,0.0042630717041629,False
daytime,394->179,1626,15,bezier_ipopt,8.108246210031211,mse,0.0001102732625815,False
daytime,394->179,1626,15,bezier_nm,21.69345597899519,mse,0.2582958682320537,False
daytime,394->493,1626,15,bezier_pgd,0.0025491410051472,mse,0.0009080185961085,False
daytime,394->493,1626,15,bezier_ipopt,,mse,,True
daytime,394->493,1626,15,bezier_nm,25.50842924398603,mse,0.1198795690568022,False
daytime,395->459,1626,15,bezier_pgd,0.0027200810145586,mse,0.0008915562431888,False
daytime,395->459,1626,15,bezier_ipopt,6.157705622026697,mse,0.0001257062990044,False
daytime,395->459,1626,15,bezier_nm,24.70688551000785,mse,0.1538741004156448,False
daytime,395->503,1626,15,bezier_pgd,0.0024137779837474,mse,0.0099819632416781,False
daytime,395->503,1626,15,bezier_ipopt,6.633666993002407,mse,0.0001236475874411,False
daytime,395->503,1626,15,bezier_nm,23.95955316402251,mse,0.2238204645464343,False
daytime,396->355,1626,15,bezier_pgd,0.0023609810159541,mse,0.0080616586938588,False
daytime,396->355,1626,15,bezier_ipopt,29.046919130021703,mse,0.0001524338638589,False
daytime,396->355,1626,15,bezier_nm,23.15163311699871,mse,0.2609428909044639,False
daytime,396->422,1626,15,bezier_pgd,0.0024349520099349,mse,0.0040269842233626,False
daytime,396->422,1626,15,bezier_ipopt,6.510098211991135,mse,0.0001211977301213,False
daytime,396->422,1626,15,bezier_nm,24.297689864004496,mse,0.2040814760273404,False
daytime,397->167,1626,15,bezier_pgd,0.0008652810356579,mse,0.018277573380958,False
daytime,397->167,1626,15,bezier_ipopt,,mse,,True
daytime,397->167,1626,15,bezier_nm,23.793803595996,mse,0.0182744463082664,False
daytime,397->292,1626,15,bezier_pgd,0.0017048959853127,mse,1.567772814030946e-05,False
daytime,397->292,1626,15,bezier_ipopt,6.199802016024478,mse,6.50738034551343e-06,False
daytime,397->292,1626,15,bezier_nm,33.207249041006435,mse,0.0001164860853977,False
daytime,397->35,1626,15,bezier_pgd,0.0014889590092934,mse,1.1511611184521293e-05,False
daytime,397->35,1626,15,bezier_ipopt,4.354538117011543,mse,5.1135188581308935e-06,False
daytime,397->35,1626,15,bezier_nm,33.802506980951875,mse,6.022874295623e-05,False
daytime,398->155,1626,15,bezier_pgd,0.0026830550050362,mse,0.0022404959508908,False
daytime,398->155,1626,15,bezier_ipopt,6.336228631960694,mse,0.0001252160915909,False
daytime,398->155,1626,15,bezier_nm,25.13011759496294,mse,0.1718155804808883,False
daytime,398->379,1626,15,bezier_pgd,0.0025335259851999,mse,0.0122102443958532,False
daytime,398->379,1626,15,bezier_ipopt,6.1578635679907165,mse,0.0001941601954644,False
daytime,398->379,1626,15,bezier_nm,22.70361863001017,mse,0.2567111251157787,False
daytime,399->141,1626,15,bezier_pgd,0.0023672630195505,mse,0.000904719604251,False
daytime,399->141,1626,15,bezier_ipopt,5.321083221992012,mse,0.0002927973410801,False
daytime,399->141,1626,15,bezier_nm,24.4110831579892,mse,0.1100458358417509,False
daytime,399->427,1626,15,bezier_pgd,0.0026380080380477,mse,0.0059493479738881,False
daytime,399->427,1626,15,bezier_ipopt,5.769198493042495,mse,0.0001973997150181,False
daytime,399->427,1626,15,bezier_nm,22.127344558015466,mse,0.2492665816421754,False
daytime,4->454,1626,15,bezier_pgd,0.0023395679891109,mse,1.8896800134360373e-05,False
daytime,4->454,1626,15,bezier_ipopt,8.084736705990508,mse,8.398529017995683e-06,False
daytime,4->454,1626,15,bezier_nm,29.29074738099007,mse,0.0004793106665689,False
daytime,40->447,3252,15,bezier_pgd,0.0035920920199714,mse,2.6471045343023384e-05,False
daytime,40->447,3252,15,bezier_ipopt,10.49684461799916,mse,5.4738532476459775e-06,False
daytime,40->447,3252,15,bezier_nm,63.12933535699267,mse,0.0001662093607501,False
daytime,400->380,1626,15,bezier_pgd,0.0023749250103719,mse,0.0036705711983469,False
daytime,400->380,1626,15,bezier_ipopt,8.424344039987773,mse,0.000134904317664,False
daytime,400->380,1626,15,bezier_nm,24.624837432987988,mse,0.1115134510245794,False
daytime,400->521,1626,15,bezier_pgd,0.0029268660000525,mse,0.0012910334115898,False
daytime,400->521,1626,15,bezier_ipopt,5.200936705979984,mse,7.74011848413216e-05,False
daytime,400->521,1626,15,bezier_nm,23.626190155977383,mse,0.1513536196152724,False
daytime,401->402,1626,15,bezier_pgd,0.0024643850047141,mse,0.0007006521438278,False
daytime,401->402,1626,15,bezier_ipopt,9.005176952981856,mse,0.0001783420781911,False
daytime,401->402,1626,15,bezier_nm,24.227146541990805,mse,0.0529708943285084,False
daytime,401->416,1626,15,bezier_pgd,0.0020884609548375,mse,0.0003657722775604,False
daytime,401->416,1626,15,bezier_ipopt,28.063392082054637,mse,0.0001453258493474,False
daytime,401->416,1626,15,bezier_nm,22.791835363022983,mse,0.0819433556692548,False
daytime,402->401,1626,15,bezier_pgd,0.0022269749897532,mse,0.0068036138072629,False
daytime,402->401,1626,15,bezier_ipopt,4.9227290819981135,mse,0.0001879200844075,False
daytime,402->401,1626,15,bezier_nm,22.0851350640296,mse,0.2108322625243142,False
daytime,402->463,1626,15,bezier_pgd,0.002624325978104,mse,0.0026063953562821,False
daytime,402->463,1626,15,bezier_ipopt,,mse,,True
daytime,402->463,1626,15,bezier_nm,21.825521831051446,mse,0.1909062975084346,False
daytime,403->486,1626,15,bezier_pgd,0.0024679380003362,mse,0.0224015563856385,False
daytime,403->486,1626,15,bezier_ipopt,6.313060279004276,mse,0.0001869275509794,False
daytime,403->486,1626,15,bezier_nm,22.582487475010566,mse,0.2539525272802106,False
daytime,403->529,1626,15,bezier_pgd,0.0031092020217329,mse,0.0006848008490698,False
daytime,403->529,1626,15,bezier_ipopt,5.805514156003483,mse,0.0002408687940365,False
daytime,403->529,1626,15,bezier_nm,24.274910781998187,mse,0.0578695985497834,False
daytime,404->462,1626,15,bezier_pgd,0.0034202209790237,mse,0.0180780318414213,False
daytime,404->462,1626,15,bezier_ipopt,6.0913283819681965,mse,0.0002618762416763,False
daytime,404->462,1626,15,bezier_nm,23.395003781013656,mse,0.2805492112047109,False
daytime,404->507,1626,15,bezier_pgd,0.0027284910320304,mse,0.0121676639320681,False
daytime,404->507,1626,15,bezier_ipopt,6.996792811958585,mse,0.000209944110656,False
daytime,404->507,1626,15,bezier_nm,22.235656164994,mse,0.2591975843018834,False
daytime,405->161,1626,15,bezier_pgd,0.0017812899895943,mse,0.0008280945424847,False
daytime,405->161,1626,15,bezier_ipopt,6.294977420009673,mse,0.0003884120266289,False
daytime,405->161,1626,15,bezier_nm,23.708500100998208,mse,0.0389977099958532,False
daytime,405->301,1626,15,bezier_pgd,0.0020306999795138,mse,0.0152857337119907,False
daytime,405->301,1626,15,bezier_ipopt,7.319114191981498,mse,0.0001278087217791,False
daytime,405->301,1626,15,bezier_nm,21.58097887999611,mse,0.2733989267506658,False
daytime,405->360,1626,15,bezier_pgd,0.0022941330098547,mse,0.0072626148008026,False
daytime,405->360,1626,15,bezier_ipopt,6.613324867037591,mse,0.0001954894337326,False
daytime,405->360,1626,15,bezier_nm,25.0083554169978,mse,0.2089378652318118,False
daytime,406->500,1626,15,bezier_pgd,0.0025649719755165,mse,0.0038093264827897,False
daytime,406->500,1626,15,bezier_ipopt,6.1640417739981785,mse,0.0001537435550614,False
daytime,406->500,1626,15,bezier_nm,21.9452244459535,mse,0.210620324243947,False
daytime,406->512,1626,15,bezier_pgd,0.0022254490177147,mse,0.0042357978183252,False
daytime,406->512,1626,15,bezier_ipopt,6.056913660955615,mse,0.0002319225156035,False
daytime,406->512,1626,15,bezier_nm,22.380106808035634,mse,0.2065358120883527,False
daytime,407->505,1626,15,bezier_pgd,0.0024274219758808,mse,0.0079227833129709,False
daytime,407->505,1626,15,bezier_ipopt,6.144741803000215,mse,0.0001405905889868,False
daytime,407->505,1626,15,bezier_nm,21.42556002101628,mse,0.2359931393506131,False
daytime,407->511,1626,15,bezier_pgd,0.0027280499925836,mse,0.0083543227390366,False
daytime,407->511,1626,15,bezier_ipopt,5.796428175002802,mse,0.0002458612149373,False
daytime,407->511,1626,15,bezier_nm,21.76415594801074,mse,0.2561941757433797,False
daytime,407->532,1626,15,bezier_pgd,0.002422421996016,mse,0.0111722450876052,False
daytime,407->532,1626,15,bezier_ipopt,6.75432547199307,mse,0.0001439672051466,False
daytime,407->532,1626,15,bezier_nm,21.97582683200017,mse,0.2674021840738769,False
daytime,408->292,1626,15,bezier_pgd,0.0015648230328224,mse,1.8335791956189467e-05,False
daytime,408->292,1626,15,bezier_ipopt,6.058671230042819,mse,7.2012924128491e-06,False
daytime,408->292,1626,15,bezier_nm,28.902219483978115,mse,0.0002323043173012,False
daytime,408->36,1626,15,bezier_pgd,0.0023310150136239,mse,0.0053300960227835,False
daytime,408->36,1626,15,bezier_ipopt,,mse,,True
daytime,408->36,1626,15,bezier_nm,22.52991299703717,mse,0.2497553944069656,False
daytime,408->91,1626,15,bezier_pgd,0.0016390400123782,mse,1.770779442555027e-05,False
daytime,408->91,1626,15,bezier_ipopt,5.338622776034754,mse,6.170331220374776e-06,False
daytime,408->91,1626,15,bezier_nm,32.53971094801091,mse,0.0003101368459989,False
daytime,409->313,1626,15,bezier_pgd,0.0057076459634117,mse,0.2501662171628054,False
daytime,409->313,1626,15,bezier_ipopt,,mse,,True
daytime,409->313,1626,15,bezier_nm,22.038018483959604,mse,0.3903775873430432,False
daytime,409->418,1626,15,bezier_pgd,0.0023566029849462,mse,0.1781369418405149,False
daytime,409->418,1626,15,bezier_ipopt,,mse,,True
daytime,409->418,1626,15,bezier_nm,26.926767457975075,mse,0.3977315985231274,False
daytime,41->112,3252,15,bezier_pgd,0.0025312249781563,mse,1.397435370115137e-05,False
daytime,41->112,3252,15,bezier_ipopt,12.69567043602001,mse,5.14790175602297e-06,False
daytime,41->112,3252,15,bezier_nm,65.23011760902591,mse,6.497860458568688e-05,False
daytime,410->198,1626,15,bezier_pgd,0.0022402909817174,mse,0.0147477333933695,False
daytime,410->198,1626,15,bezier_ipopt,6.268410657008644,mse,0.0002031456140428,False
daytime,410->198,1626,15,bezier_nm,22.534127834951505,mse,0.2749813682384152,False
daytime,410->354,1626,15,bezier_pgd,0.002287105016876,mse,0.0058965410250614,False
daytime,410->354,1626,15,bezier_ipopt,9.040529542951845,mse,0.0002344845989575,False
daytime,410->354,1626,15,bezier_nm,23.589751495979726,mse,0.1842749834227363,False
daytime,411->316,1626,15,bezier_pgd,0.0021326830028556,mse,0.0036464334233911,False
daytime,411->316,1626,15,bezier_ipopt,6.147418531007133,mse,0.0002193917092324,False
daytime,411->316,1626,15,bezier_nm,24.627115557028446,mse,0.1505918711824495,False
daytime,411->361,1626,15,bezier_pgd,0.0021331869647838,mse,0.0188390672392084,False
daytime,411->361,1626,15,bezier_ipopt,4.885911252989899,mse,0.0003127789961037,False
daytime,411->361,1626,15,bezier_nm,22.188611568009943,mse,0.2811429277493236,False
daytime,412->419,1626,15,bezier_pgd,0.0037028299993835,mse,0.0014245502907026,False
daytime,412->419,1626,15,bezier_ipopt,,mse,,True
daytime,412->419,1626,15,bezier_nm,23.98414211400086,mse,0.0726667322734511,False
daytime,412->529,1626,15,bezier_pgd,0.002389081986621,mse,0.0164876682699994,False
daytime,412->529,1626,15,bezier_ipopt,7.115830003051087,mse,0.0001811354982665,False
daytime,412->529,1626,15,bezier_nm,21.9674478470115,mse,0.2466726391395403,False
daytime,412->533,3252,15,bezier_pgd,0.0037286829901859,mse,0.0111152514968025,False
daytime,412->533,3252,15,bezier_ipopt,14.78219519898994,mse,0.0002611117002327,False
daytime,412->533,3252,15,bezier_nm,45.86719354701927,mse,0.2228941133010601,False
daytime,413->414,1626,15,bezier_pgd,0.0021235729800537,mse,0.0200012401367804,False
daytime,413->414,1626,15,bezier_ipopt,7.239478176983539,mse,0.0001334194182848,False
daytime,413->414,1626,15,bezier_nm,22.91804369300371,mse,0.2820267804946195,False
daytime,413->493,3252,15,bezier_pgd,0.003091508988291,mse,0.0133581755859215,False
daytime,413->493,3252,15,bezier_ipopt,,mse,,True
daytime,413->493,3252,15,bezier_nm,44.66168973199092,mse,0.2716611258397274,False
daytime,414->413,1626,15,bezier_pgd,0.0043805860332213,mse,0.0062004988553915,False
daytime,414->413,1626,15,bezier_ipopt,6.804175323981326,mse,0.0001543296431549,False
daytime,414->413,1626,15,bezier_nm,23.090456639998592,mse,0.2253994810749086,False
daytime,414->450,1626,15,bezier_pgd,0.0020141809945926,mse,0.0182295878193451,False
daytime,414->450,1626,15,bezier_ipopt,7.989034595026169,mse,0.0001649934520717,False
daytime,414->450,1626,15,bezier_nm,22.675949511001814,mse,0.2799417877365927,False
daytime,415->122,1626,15,bezier_pgd,0.0022339650313369,mse,0.0017708045992805,False
daytime,415->122,1626,15,bezier_ipopt,7.421740039018914,mse,0.0001284060593415,False
daytime,415->122,1626,15,bezier_nm,24.30573954200372,mse,0.1374411687263615,False
daytime,415->143,1626,15,bezier_pgd,0.0023232190287671,mse,0.000845918299288,False
daytime,415->143,1626,15,bezier_ipopt,6.849326633964665,mse,0.0002015730394627,False
daytime,415->143,1626,15,bezier_nm,24.98874622996664,mse,0.1164546323074237,False
daytime,415->146,1626,15,bezier_pgd,0.0030629429966211,mse,0.0103341592545858,False
daytime,415->146,1626,15,bezier_ipopt,,mse,,True
daytime,415->146,1626,15,bezier_nm,22.679508056025952,mse,0.21047520713172,False
daytime,416->401,1626,15,bezier_pgd,0.0022790739894844,mse,0.0178987270403222,False
daytime,416->401,1626,15,bezier_ipopt,,mse,,True
daytime,416->401,1626,15,bezier_nm,21.70191489899298,mse,0.2454632095584276,False
daytime,416->474,1626,15,bezier_pgd,0.0022244630381464,mse,0.0042317998815222,False
daytime,416->474,1626,15,bezier_ipopt,6.486317362985574,mse,0.0002277108023771,False
daytime,416->474,1626,15,bezier_nm,23.69429648603545,mse,0.183464619512584,False
daytime,417->229,1626,15,bezier_pgd,0.0021726450067944,mse,0.1030822504508553,False
daytime,417->229,1626,15,bezier_ipopt,,mse,,True
daytime,417->229,1626,15,bezier_nm,31.159382957033813,mse,0.3478826292524247,False
daytime,417->430,1626,15,bezier_pgd,0.0051978530245833,mse,0.2348572548553768,False
daytime,417->430,1626,15,bezier_ipopt,8.626351381011773,mse,3.3703914073207126e-05,False
daytime,417->430,1626,15,bezier_nm,27.36496933602029,mse,0.3779903248399028,False
daytime,417->451,1626,15,bezier_pgd,0.0015725059784017,mse,2.6040427248607558e-05,False
daytime,417->451,1626,15,bezier_ipopt,4.373548406001646,mse,5.782614252366388e-06,False
daytime,417->451,1626,15,bezier_nm,32.88397416297812,mse,0.0001950998403578,False
daytime,418->409,1626,15,bezier_pgd,0.0056494169984944,mse,0.3582260337485913,False
daytime,418->409,1626,15,bezier_ipopt,,mse,,True
daytime,418->409,1626,15,bezier_nm,22.204547334986277,mse,0.494230311165757,False
daytime,418->430,1626,15,bezier_pgd,0.0020067309960722,mse,0.21785630227985,False
daytime,418->430,1626,15,bezier_ipopt,,mse,,True
daytime,418->430,1626,15,bezier_nm,29.04042507399572,mse,0.4834574828378108,False
daytime,419->412,1626,15,bezier_pgd,0.0042014159844256,mse,0.0010179081950324,False
daytime,419->412,1626,15,bezier_ipopt,8.565611611993518,mse,0.0001091429051632,False
daytime,419->412,1626,15,bezier_nm,25.6405314419535,mse,0.106055605256563,False
daytime,419->529,1626,15,bezier_pgd,0.0134809089940972,mse,0.6716693323359106,False
daytime,419->529,1626,15,bezier_ipopt,64.1003162759589,mse,0.6407667274357377,False
daytime,419->529,1626,15,bezier_nm,19.159241529996507,mse,0.7329901540466366,False
daytime,42->112,1626,15,bezier_pgd,0.0024278450291603,mse,1.577372002420995e-05,False
daytime,42->112,1626,15,bezier_ipopt,4.790586900024209,mse,8.589346311395727e-06,False
daytime,42->112,1626,15,bezier_nm,33.3360576669802,mse,9.26154040280709e-05,False
daytime,42->43,1626,15,bezier_pgd,0.0016646010335534,mse,2.541516325844256e-05,False
daytime,42->43,1626,15,bezier_ipopt,6.221419409033842,mse,6.132650258732908e-06,False
daytime,42->43,1626,15,bezier_nm,31.67830194701673,mse,0.0001668850578327,False
daytime,420->192,1626,15,bezier_pgd,0.0026470790035091,mse,0.0020418058729517,False
daytime,420->192,1626,15,bezier_ipopt,,mse,,True
daytime,420->192,1626,15,bezier_nm,28.081443256989587,mse,0.1679520223871707,False
daytime,420->199,1626,15,bezier_pgd,0.0022235980140976,mse,0.0005054910397991,False
daytime,420->199,1626,15,bezier_ipopt,7.833889811998233,mse,0.0001510633565136,False
daytime,420->199,1626,15,bezier_nm,24.047220533015206,mse,0.090416996236759,False
daytime,420->376,1626,15,bezier_pgd,0.0021330959862098,mse,0.0292282852963898,False
daytime,420->376,1626,15,bezier_ipopt,8.180304619017988,mse,0.0002100857348775,False
daytime,420->376,1626,15,bezier_nm,21.99067122995621,mse,0.3015595022290698,False
daytime,421->264,1626,15,bezier_pgd,0.0024317250354215,mse,0.0165321207376365,False
daytime,421->264,1626,15,bezier_ipopt,5.479611179966014,mse,0.0002881468228767,False
daytime,421->264,1626,15,bezier_nm,22.285152564989403,mse,0.2762564666776773,False
daytime,421->334,1626,15,bezier_pgd,0.0023117969976738,mse,0.0004650944882719,False
daytime,421->334,1626,15,bezier_ipopt,6.905142428993713,mse,0.0001474323109921,False
daytime,421->334,1626,15,bezier_nm,23.80369301600149,mse,0.0811536070484449,False
daytime,422->138,1626,15,bezier_pgd,0.0024640799965709,mse,0.0002427565725709,False
daytime,422->138,1626,15,bezier_ipopt,,mse,,True
daytime,422->138,1626,15,bezier_nm,24.46736804599641,mse,0.1173652526027976,False
daytime,422->396,1626,15,bezier_pgd,0.0023849509889259,mse,0.0003095928121831,False
daytime,422->396,1626,15,bezier_ipopt,6.441523768007755,mse,0.0001517947386924,False
daytime,422->396,1626,15,bezier_nm,35.11304230999667,mse,0.0058157037539877,False
daytime,422->449,1626,15,bezier_pgd,0.0018168340320698,mse,2.9642234152263173e-05,False
daytime,422->449,1626,15,bezier_ipopt,6.222692585957702,mse,7.42449320712048e-06,False
daytime,422->449,1626,15,bezier_nm,31.965435222024094,mse,0.000595036429959,False
daytime,423->116,1626,15,bezier_pgd,0.0032646879553794,mse,0.0176319577980131,False
daytime,423->116,1626,15,bezier_ipopt,5.254449046973605,mse,0.0002545697353868,False
daytime,423->116,1626,15,bezier_nm,23.44846421800321,mse,0.272741736429926,False
daytime,423->121,1626,15,bezier_pgd,0.0019881959888152,mse,0.0286857156386711,False
daytime,423->121,1626,15,bezier_ipopt,5.221550943038892,mse,0.0002189926989947,False
daytime,423->121,1626,15,bezier_nm,22.170613469963428,mse,0.2905605864906468,False
daytime,423->330,1626,15,bezier_pgd,0.0022459070314653,mse,0.0003384629639015,False
daytime,423->330,1626,15,bezier_ipopt,6.903541637992021,mse,0.0001851388511472,False
daytime,423->330,1626,15,bezier_nm,36.04685135203181,mse,0.0025008487584775,False
daytime,424->504,1626,15,bezier_pgd,0.0018210660200566,mse,0.0005258752621034,False
daytime,424->504,1626,15,bezier_ipopt,5.42722233798122,mse,0.0001022846523045,False
daytime,424->504,1626,15,bezier_nm,23.770473802054767,mse,0.0299147797146441,False
daytime,424->507,1626,15,bezier_pgd,0.00240840902552,mse,0.0277909117520863,False
daytime,424->507,1626,15,bezier_ipopt,6.364471064996906,mse,7.504309961057351e-05,False
daytime,424->507,1626,15,bezier_nm,24.174426390964072,mse,0.2600835916005369,False
daytime,425->289,1626,15,bezier_pgd,0.0044811699772253,mse,0.0009658290230352,False
daytime,425->289,1626,15,bezier_ipopt,5.5022222740226425,mse,0.0001554306037885,False
daytime,425->289,1626,15,bezier_nm,24.55262052098988,mse,0.098527068484776,False
daytime,425->331,1626,15,bezier_pgd,0.0039200030150823,mse,0.0104717885335992,False
daytime,425->331,1626,15,bezier_ipopt,5.806169406976551,mse,0.0001132775033425,False
daytime,425->331,1626,15,bezier_nm,23.827996261999942,mse,0.2359752699002016,False
daytime,425->93,1626,15,bezier_pgd,0.0017194880056194,mse,1.7321175789691643e-05,False
daytime,425->93,1626,15,bezier_ipopt,4.148063430038746,mse,5.981896192289706e-06,False
daytime,425->93,1626,15,bezier_nm,31.722962333995383,mse,7.190067293332226e-05,False
daytime,426->217,1626,15,bezier_pgd,0.0023993860231712,mse,0.1697099247031928,False
daytime,426->217,1626,15,bezier_ipopt,5.090213059971575,mse,3.951838468424669e-06,False
daytime,426->217,1626,15,bezier_nm,28.110030278970957,mse,0.6714814165908748,False
daytime,426->375,1626,15,bezier_pgd,0.0025781689910218,mse,0.103127186014465,False
daytime,426->375,1626,15,bezier_ipopt,,mse,,True
daytime,426->375,1626,15,bezier_nm,21.689506347000133,mse,0.3207359756988182,False
daytime,426->429,1626,15,bezier_pgd,0.0028683350537903,mse,0.0088694578645123,False
daytime,426->429,1626,15,bezier_ipopt,,mse,,True
daytime,426->429,1626,15,bezier_nm,23.22490925702732,mse,0.2060693204464344,False
daytime,427->165,1626,15,bezier_pgd,0.0022812400129623,mse,0.0003019045952971,False
daytime,427->165,1626,15,bezier_ipopt,5.555431355023757,mse,8.752903385231664e-05,False
daytime,427->165,1626,15,bezier_nm,24.514024696021806,mse,0.0615619076932561,False
daytime,427->300,1626,15,bezier_pgd,0.0028407060308381,mse,0.0149132334682972,False
daytime,427->300,1626,15,bezier_ipopt,5.086014254018664,mse,0.0001910638157148,False
daytime,427->300,1626,15,bezier_nm,23.09536339197075,mse,0.2561113935643329,False
daytime,427->399,1626,15,bezier_pgd,0.0023972050403244,mse,0.0012596032063997,False
daytime,427->399,1626,15,bezier_ipopt,6.158613461011555,mse,0.0001729390089264,False
daytime,427->399,1626,15,bezier_nm,24.32967152900528,mse,0.1040761020776583,False
daytime,428->442,1626,15,bezier_pgd,0.0029582089628092,mse,0.008293527375291,False
daytime,428->442,1626,15,bezier_ipopt,5.626696390972938,mse,0.0001032809346102,False
daytime,428->442,1626,15,bezier_nm,23.19317246600985,mse,0.253419393629573,False
daytime,428->508,1626,15,bezier_pgd,0.0020860640215687,mse,1.8284019737488065e-05,False
daytime,428->508,1626,15,bezier_ipopt,6.758543912961613,mse,4.899146090438676e-06,False
daytime,428->508,1626,15,bezier_nm,31.73374330700608,mse,0.0001262387788907,False
daytime,428->76,1626,15,bezier_pgd,0.0035392660065554,mse,0.0038301831358335,False
daytime,428->76,1626,15,bezier_ipopt,,mse,,True
daytime,428->76,1626,15,bezier_nm,22.70497525803512,mse,0.2142414307429909,False
daytime,429->125,1626,15,bezier_pgd,0.0023980200057849,mse,0.0166322003643798,False
daytime,429->125,1626,15,bezier_ipopt,6.682389292982407,mse,0.0001402232659892,False
daytime,429->125,1626,15,bezier_nm,23.40476390096592,mse,0.2763920250847541,False
daytime,429->181,1626,15,bezier_pgd,0.001585979014635,mse,1.96617907839835e-05,False
daytime,429->181,1626,15,bezier_ipopt,7.334334599028807,mse,4.08160861456921e-06,False
daytime,429->181,1626,15,bezier_nm,31.61494886199944,mse,0.0001087324786759,False
daytime,429->426,1626,15,bezier_pgd,0.002407427993603,mse,0.0041296934476336,False
daytime,429->426,1626,15,bezier_ipopt,5.183439974032808,mse,0.0001430400506038,False
daytime,429->426,1626,15,bezier_nm,22.379091707000043,mse,0.2090766714723703,False
daytime,43->42,1626,15,bezier_pgd,0.0049244789988733,mse,0.0008451577012744,False
daytime,43->42,1626,15,bezier_ipopt,,mse,,True
daytime,43->42,1626,15,bezier_nm,25.416424327006094,mse,0.1083877726478238,False
daytime,43->480,1626,15,bezier_pgd,0.0017263970221392,mse,1.6632434915293804e-05,False
daytime,43->480,1626,15,bezier_ipopt,4.902222451986745,mse,7.36441193874569e-06,False
daytime,43->480,1626,15,bezier_nm,32.80317529098829,mse,0.0002783146578083,False
daytime,430->417,1626,15,bezier_pgd,0.0027837160159833,mse,0.1883563492894051,False
daytime,430->417,1626,15,bezier_ipopt,6.63739174901275,mse,3.4394420671638355e-05,False
daytime,430->417,1626,15,bezier_nm,25.786912107025277,mse,0.358424556831989,False
daytime,430->418,1626,15,bezier_pgd,0.0022012749686837,mse,0.2306152658282848,False
daytime,430->418,1626,15,bezier_ipopt,,mse,,True
daytime,430->418,1626,15,bezier_nm,29.81344127398916,mse,0.5121585848276069,False
daytime,430->77,1626,15,bezier_pgd,0.0015145849902182,mse,1.7149808503267643e-05,False
daytime,430->77,1626,15,bezier_ipopt,4.195931248017587,mse,6.6380375984352505e-06,False
daytime,430->77,1626,15,bezier_nm,32.77749282401055,mse,0.0001625630676839,False
daytime,431->455,1626,15,bezier_pgd,0.0018965789931826,mse,0.2094021469149456,False
daytime,431->455,1626,15,bezier_ipopt,,mse,,True
daytime,431->455,1626,15,bezier_nm,22.729021693987303,mse,0.5493754393760322,False
daytime,431->496,1626,15,bezier_pgd,0.0024484259774908,mse,0.0141733761866829,False
daytime,431->496,1626,15,bezier_ipopt,5.764239858021028,mse,0.0002004152367148,False
daytime,431->496,1626,15,bezier_nm,21.90738548099762,mse,0.249409297408457,False
daytime,431->497,1626,15,bezier_pgd,0.0025885049835778,mse,0.0010771170248429,False
daytime,431->497,1626,15,bezier_ipopt,5.664446315029636,mse,0.0001311511812742,False
daytime,431->497,1626,15,bezier_nm,21.232537181000225,mse,0.1795264313901697,False
daytime,432->24,1626,15,bezier_pgd,0.0019318260019645,mse,0.0030104614802944,False
daytime,432->24,1626,15,bezier_ipopt,6.472720345016569,mse,8.076320131279949e-05,False
daytime,432->24,1626,15,bezier_nm,23.41511380497832,mse,0.1300321324313462,False
daytime,432->436,1626,15,bezier_pgd,0.0025961229694075,mse,0.0049722093715672,False
daytime,432->436,1626,15,bezier_ipopt,6.163166793005075,mse,9.141085885168588e-05,False
daytime,432->436,1626,15,bezier_nm,22.664073410036508,mse,0.2222615945988446,False
daytime,432->438,1626,15,bezier_pgd,0.0045590780209749,mse,0.005268265408897,False
daytime,432->438,1626,15,bezier_ipopt,7.89525609096745,mse,0.0001309728865599,False
daytime,432->438,1626,15,bezier_nm,22.838357131986413,mse,0.2450202358220862,False
daytime,433->182,1626,15,bezier_pgd,0.0015639979974366,mse,0.000136789008965,False
daytime,433->182,1626,15,bezier_ipopt,5.967376587970648,mse,0.0001043233648061,False
daytime,433->182,1626,15,bezier_nm,29.127292730030604,mse,0.0007440969517861,False
daytime,433->346,1626,15,bezier_pgd,0.0021706799743697,mse,0.0179985629633078,False
daytime,433->346,1626,15,bezier_ipopt,6.172644132981077,mse,0.0001967351640553,False
daytime,433->346,1626,15,bezier_nm,20.999841516953893,mse,0.2773601061062032,False
daytime,433->368,1626,15,bezier_pgd,0.0017042059917002,mse,0.0001386595352876,False
daytime,433->368,1626,15,bezier_ipopt,5.916178982995916,mse,0.0001058079256423,False
daytime,433->368,1626,15,bezier_nm,32.22225261997664,mse,0.0022125268088184,False
daytime,434->154,1626,15,bezier_pgd,0.002215362037532,mse,0.007863116113815,False
daytime,434->154,1626,15,bezier_ipopt,5.565468090993818,mse,0.0003920513813142,False
daytime,434->154,1626,15,bezier_nm,22.63045748299919,mse,0.1836911883229476,False
daytime,434->262,1626,15,bezier_pgd,0.0025359709979966,mse,0.0156509491013327,False
daytime,434->262,1626,15,bezier_ipopt,,mse,,True
daytime,434->262,1626,15,bezier_nm,22.428585712972563,mse,0.2605968959334512,False
daytime,434->40,3252,15,bezier_pgd,0.0025155289913527,mse,2.755092171117234e-05,False
daytime,434->40,3252,15,bezier_ipopt,12.718338806997052,mse,4.619831850026491e-06,False
daytime,434->40,3252,15,bezier_nm,62.84190243599005,mse,0.000202464349584,False
daytime,435->10,1626,15,bezier_pgd,0.0023312360281124,mse,0.0014795372634267,False
daytime,435->10,1626,15,bezier_ipopt,5.903618603013456,mse,7.263117063049643e-05,False
daytime,435->10,1626,15,bezier_nm,24.636393625987694,mse,0.0552099136154413,False
daytime,435->21,1626,15,bezier_pgd,0.0019846410141326,mse,0.0026465096858086,False
daytime,435->21,1626,15,bezier_ipopt,5.988098977017216,mse,0.0003045058518815,False
daytime,435->21,1626,15,bezier_nm,24.08062694501132,mse,0.1386590724876976,False
daytime,435->23,1626,15,bezier_pgd,0.0023379119811579,mse,0.0100348701169684,False
daytime,435->23,1626,15,bezier_ipopt,6.076938009005971,mse,8.487622477586943e-05,False
daytime,435->23,1626,15,bezier_nm,21.76409849000629,mse,0.2184596651599192,False
daytime,435->537,1626,15,bezier_pgd,0.0021584579953923,mse,0.0044145727925184,False
daytime,435->537,1626,15,bezier_ipopt,5.829449772019871,mse,0.0001147847896034,False
daytime,435->537,1626,15,bezier_nm,23.245372399047483,mse,0.062457559728878,False
daytime,436->432,1626,15,bezier_pgd,0.0019806959899142,mse,0.0001212671099231,False
daytime,436->432,1626,15,bezier_ipopt,6.010630065982696,mse,8.254343313327016e-05,False
daytime,436->432,1626,15,bezier_nm,33.159556764003355,mse,0.0018487335348508,False
daytime,436->452,1626,15,bezier_pgd,0.0022781269508413,mse,4.399075884215664e-05,False
daytime,436->452,1626,15,bezier_ipopt,8.731382536992896,mse,5.811348538018016e-06,False
daytime,436->452,1626,15,bezier_nm,32.94831077597337,mse,0.0003606828890561,False
daytime,436->475,1626,15,bezier_pgd,0.0023454829934053,mse,0.0014967621448521,False
daytime,436->475,1626,15,bezier_ipopt,5.397818459023256,mse,0.0001108814824666,False
daytime,436->475,1626,15,bezier_nm,22.30857122200541,mse,0.1939986778715234,False
daytime,437->22,1626,15,bezier_pgd,0.0030693369917571,mse,0.0048902075133557,False
daytime,437->22,1626,15,bezier_ipopt,,mse,,True
daytime,437->22,1626,15,bezier_nm,24.68920148798497,mse,0.2211396261016529,False
daytime,437->392,1626,15,bezier_pgd,0.0018982409965246,mse,0.0003010848367244,False
daytime,437->392,1626,15,bezier_ipopt,5.502092938986607,mse,7.396917284291803e-05,False
daytime,437->392,1626,15,bezier_nm,25.30476023902884,mse,0.066197069564692,False
daytime,437->525,1626,15,bezier_pgd,0.0023024620022624,mse,0.0160410929714282,False
daytime,437->525,1626,15,bezier_ipopt,,mse,,True
daytime,437->525,1626,15,bezier_nm,23.11375735496404,mse,0.2584424269028559,False
daytime,437->536,1626,15,bezier_pgd,0.0019085470121353,mse,0.000292482869396,False
daytime,437->536,1626,15,bezier_ipopt,6.400894456019159,mse,0.0001133396362225,False
daytime,437->536,1626,15,bezier_nm,23.50745984102832,mse,0.0563774170821025,False
daytime,438->172,1626,15,bezier_pgd,0.0031122050131671,mse,0.006836735693564,False
daytime,438->172,1626,15,bezier_ipopt,,mse,,True
daytime,438->172,1626,15,bezier_nm,23.08926287002396,mse,0.2190238022368308,False
daytime,438->432,1626,15,bezier_pgd,0.0025002380134537,mse,0.0088790600800534,False
daytime,438->432,1626,15,bezier_ipopt,7.464737829985097,mse,0.0001261093197636,False
daytime,438->432,1626,15,bezier_nm,21.81668409204576,mse,0.2336886649883324,False
daytime,438->528,3252,15,bezier_pgd,0.0025658570230007,mse,0.0505860128589657,False
daytime,438->528,3252,15,bezier_ipopt,,mse,,True
daytime,438->528,3252,15,bezier_nm,44.51502021297347,mse,0.4163530304115152,False
daytime,439->252,1626,15,bezier_pgd,0.0027760670054703,mse,0.0041100151102429,False
daytime,439->252,1626,15,bezier_ipopt,6.477351857000031,mse,0.0001396840988746,False
daytime,439->252,1626,15,bezier_nm,21.086553064989857,mse,0.2324516866167589,False
daytime,439->471,1626,15,bezier_pgd,0.0024665579549036,mse,0.0106957737730678,False
daytime,439->471,1626,15,bezier_ipopt,7.590097375970799,mse,0.0001069715335211,False
daytime,439->471,1626,15,bezier_nm,22.22022369300248,mse,0.2445972249249638,False
daytime,44->480,1626,15,bezier_pgd,0.0015243110246956,mse,1.2913120487853317e-05,False
daytime,44->480,1626,15,bezier_ipopt,5.7966349049820565,mse,4.30070651466037e-06,False
daytime,44->480,1626,15,bezier_nm,31.40546835801797,mse,0.0001579380439575,False
daytime,44->529,1626,15,bezier_pgd,0.002217044995632,mse,0.0232138564088376,False
daytime,44->529,1626,15,bezier_ipopt,,mse,,True
daytime,44->529,1626,15,bezier_nm,22.116565704985987,mse,0.2643804913409295,False
daytime,440->265,1626,15,bezier_pgd,0.001707901014015,mse,0.0002345068276988,False
daytime,440->265,1626,15,bezier_ipopt,5.5812897379510105,mse,0.0001001157041515,False
daytime,440->265,1626,15,bezier_nm,34.986695492989384,mse,0.0024906539011205,False
daytime,440->283,1626,15,bezier_pgd,0.0021121589816175,mse,0.0379380278874606,False
daytime,440->283,1626,15,bezier_ipopt,5.401513184013311,mse,0.0002547547434753,False
daytime,440->283,1626,15,bezier_nm,21.53215032600565,mse,0.2853059731372198,False
daytime,440->285,1626,15,bezier_pgd,0.0021858509862795,mse,0.0221641929762958,False
daytime,440->285,1626,15,bezier_ipopt,,mse,,True
daytime,440->285,1626,15,bezier_nm,23.805045712040737,mse,0.4476889750888771,False
daytime,441->274,1626,15,bezier_pgd,0.0037711129989475,mse,0.047689453559834,False
daytime,441->274,1626,15,bezier_ipopt,8.066290838003624,mse,0.0001369353059407,False
daytime,441->274,1626,15,bezier_nm,25.55821744602872,mse,0.2884079422623327,False
daytime,441->332,1626,15,bezier_pgd,0.0023950789473019,mse,0.007605087429469,False
daytime,441->332,1626,15,bezier_ipopt,,mse,,True
daytime,441->332,1626,15,bezier_nm,23.456539769016672,mse,0.2251114082812242,False
daytime,441->535,1626,15,bezier_pgd,0.0052478540455922,mse,0.0149315406622745,False
daytime,441->535,1626,15,bezier_ipopt,,mse,,True
daytime,441->535,1626,15,bezier_nm,23.038168140978087,mse,0.186148013591038,False
daytime,442->372,1626,15,bezier_pgd,0.0031529699917882,mse,0.0018441421278592,False
daytime,442->372,1626,15,bezier_ipopt,8.694851804990321,mse,0.0007142029424363,False
daytime,442->372,1626,15,bezier_nm,23.671143709041644,mse,0.1840221046363457,False
daytime,442->428,1626,15,bezier_pgd,0.0022811740054748,mse,0.0047846943287623,False
daytime,442->428,1626,15,bezier_ipopt,4.710171442013234,mse,0.0001259666030457,False
daytime,442->428,1626,15,bezier_nm,22.12640250101685,mse,0.2167547283677645,False
daytime,442->445,1626,15,bezier_pgd,0.0026098630041815,mse,0.008293527375291,False
daytime,442->445,1626,15,bezier_ipopt,5.962333403993398,mse,0.0001033254509637,False
daytime,442->445,1626,15,bezier_nm,22.92398153396789,mse,0.2559561303998842,False
daytime,442->508,1626,15,bezier_pgd,0.0033970559597946,mse,0.0111583637538055,False
daytime,442->508,1626,15,bezier_ipopt,,mse,,True
daytime,442->508,1626,15,bezier_nm,23.33730166999157,mse,0.2647237143170532,False
daytime,443->452,1626,15,bezier_pgd,0.0019573689787648,mse,0.0174651637953909,False
daytime,443->452,1626,15,bezier_ipopt,,mse,,True
daytime,443->452,1626,15,bezier_nm,22.309570939978585,mse,0.0360291178003369,False
daytime,443->461,1626,15,bezier_pgd,0.0022641720133833,mse,0.012758087346109,False
daytime,443->461,1626,15,bezier_ipopt,8.758050261007156,mse,7.350295054349109e-05,False
daytime,443->461,1626,15,bezier_nm,22.73689070797991,mse,0.2313776350734897,False
daytime,443->530,1626,15,bezier_pgd,0.0020285029895603,mse,0.0139084958416572,False
daytime,443->530,1626,15,bezier_ipopt,,mse,,True
daytime,443->530,1626,15,bezier_nm,22.56628866901156,mse,0.3078094031301753,False
daytime,444->136,1626,15,bezier_pgd,0.0022652340121567,mse,0.0046935941658354,False
daytime,444->136,1626,15,bezier_ipopt,7.084308222983964,mse,0.0002782777992042,False
daytime,444->136,1626,15,bezier_nm,24.319649145007133,mse,0.1742113302078104,False
daytime,444->270,1626,15,bezier_pgd,0.0024505469482392,mse,0.0144868064073359,False
daytime,444->270,1626,15,bezier_ipopt,5.292382093030028,mse,0.0002760076985648,False
daytime,444->270,1626,15,bezier_nm,21.94544025498908,mse,0.2492670227382444,False
daytime,444->352,1626,15,bezier_pgd,0.0022393040126189,mse,0.0140075579512031,False
daytime,444->352,1626,15,bezier_ipopt,6.554687742027454,mse,0.0001697844139798,False
daytime,444->352,1626,15,bezier_nm,22.613495956000406,mse,0.233903771890867,False
daytime,444->481,1626,15,bezier_pgd,0.0024436879903078,mse,0.0040087101329458,False
daytime,444->481,1626,15,bezier_ipopt,9.473273393989077,mse,6.922733475045749e-05,False
daytime,444->481,1626,15,bezier_nm,21.95496781502152,mse,0.193560908338707,False
daytime,445->442,1626,15,bezier_pgd,0.0022059850161895,mse,0.0047846943287623,False
daytime,445->442,1626,15,bezier_ipopt,4.887635085033253,mse,0.0001259668134313,False
daytime,445->442,1626,15,bezier_nm,22.169351992022712,mse,0.2158650715831734,False
daytime,445->446,1626,15,bezier_pgd,0.0024778280057944,mse,0.0201052023684183,False
daytime,445->446,1626,15,bezier_ipopt,5.984014871006366,mse,0.0001577313052095,False
daytime,445->446,1626,15,bezier_nm,22.66173515102128,mse,0.2668619035729575,False
daytime,445->515,1626,15,bezier_pgd,0.0021761729731224,mse,0.0050304659700062,False
daytime,445->515,1626,15,bezier_ipopt,6.650559071043972,mse,9.04838900309896e-05,False
daytime,445->515,1626,15,bezier_nm,23.62747126299655,mse,0.0610132778926107,False
daytime,445->528,1626,15,bezier_pgd,0.0029468230204656,mse,0.008293527375291,False
daytime,445->528,1626,15,bezier_ipopt,5.342623866978101,mse,0.000103325519347,False
daytime,445->528,1626,15,bezier_nm,22.27510791696841,mse,0.2559561250037887,False
daytime,446->24,1626,15,bezier_pgd,0.0020474480115808,mse,0.0184218711320224,False
daytime,446->24,1626,15,bezier_ipopt,4.694332198007032,mse,8.643286146498481e-05,False
daytime,446->24,1626,15,bezier_nm,21.281910341989715,mse,0.2369713608238696,False
daytime,446->393,1626,15,bezier_pgd,0.002390949986875,mse,0.0217331923299687,False
daytime,446->393,1626,15,bezier_ipopt,5.552105595998,mse,0.0002426527409544,False
daytime,446->393,1626,15,bezier_nm,21.885105440043844,mse,0.2597990786474127,False
daytime,446->445,1626,15,bezier_pgd,0.0037115460145287,mse,0.0050304659700062,False
daytime,446->445,1626,15,bezier_ipopt,6.376270195993129,mse,9.048479274158446e-05,False
daytime,446->445,1626,15,bezier_nm,24.76341796905035,mse,0.064662153638314,False
daytime,446->508,1626,15,bezier_pgd,0.0018697080085985,mse,0.0030104614802944,False
daytime,446->508,1626,15,bezier_ipopt,5.902724434970878,mse,8.01392825348566e-05,False
daytime,446->508,1626,15,bezier_nm,22.852981678035576,mse,0.1260075550600334,False
daytime,447->153,1626,15,bezier_pgd,0.0034634559997357,mse,0.0064750933542622,False
daytime,447->153,1626,15,bezier_ipopt,5.207032794016413,mse,0.0002552805991553,False
daytime,447->153,1626,15,bezier_nm,24.40765335701872,mse,0.1661952311822493,False
daytime,447->327,1626,15,bezier_pgd,0.0024769859737716,mse,0.0011316814874634,False
daytime,447->327,1626,15,bezier_ipopt,5.481597354984842,mse,0.0001360493391141,False
daytime,447->327,1626,15,bezier_nm,22.6786219010246,mse,0.1739639489532892,False
daytime,447->41,3252,15,bezier_pgd,0.0026673600077629,mse,2.459141553405194e-05,False
daytime,447->41,3252,15,bezier_ipopt,8.546779035008512,mse,3.0550567416743723e-06,False
daytime,447->41,3252,15,bezier_nm,66.46128228597809,mse,0.0001390612308445,False
daytime,448->337,1626,15,bezier_pgd,0.0029486910207197,mse,0.0452725296182872,False
daytime,448->337,1626,15,bezier_ipopt,,mse,,True
daytime,448->337,1626,15,bezier_nm,20.96528127999045,mse,0.2910774250270742,False
daytime,448->449,1626,15,bezier_pgd,0.0015997959999367,mse,1.953038824940591e-05,False
daytime,448->449,1626,15,bezier_ipopt,4.899462934001349,mse,6.796576309474002e-06,False
daytime,448->449,1626,15,bezier_nm,30.378286790044516,mse,0.0005724948372397,False
daytime,448->45,1626,15,bezier_pgd,0.0015451480285264,mse,1.4578203638022475e-05,False
daytime,448->45,1626,15,bezier_ipopt,6.053618805948645,mse,4.983026041525835e-06,False
daytime,448->45,1626,15,bezier_nm,31.23378720000619,mse,0.0007579055162653,False
daytime,448->93,1626,15,bezier_pgd,0.0013847789959982,mse,7.088988224937154e-06,False
daytime,448->93,1626,15,bezier_ipopt,4.949353086994961,mse,3.1595532288801104e-06,False
daytime,448->93,1626,15,bezier_nm,31.389040212030523,mse,0.0001498039817862,False
daytime,449->422,1626,15,bezier_pgd,0.0015741279930807,mse,2.872858215645392e-05,False
daytime,449->422,1626,15,bezier_ipopt,5.480491770023946,mse,4.227225348050988e-06,False
daytime,449->422,1626,15,bezier_nm,31.52180368098197,mse,0.0006412895526728,False
daytime,449->448,1626,15,bezier_pgd,0.0020635109976865,mse,0.3230697562375533,False
daytime,449->448,1626,15,bezier_ipopt,4.781955053971615,mse,7.683724356900086e-05,False
daytime,449->448,1626,15,bezier_nm,23.015244256006557,mse,0.6062285453959522,False
daytime,449->49,1626,15,bezier_pgd,0.0015798399690538,mse,8.838695790520082e-06,False
daytime,449->49,1626,15,bezier_ipopt,4.936858205997851,mse,4.704902538480419e-06,False
daytime,449->49,1626,15,bezier_nm,31.365547679015435,mse,0.0005290936448152,False
daytime,449->57,1626,15,bezier_pgd,0.001950625970494,mse,2.925295677451044e-05,False
daytime,449->57,1626,15,bezier_ipopt,5.217865795013495,mse,6.0849921523585165e-06,False
daytime,449->57,1626,15,bezier_nm,31.22645342897158,mse,0.0006983898298813,False
daytime,45->448,1626,15,bezier_pgd,0.0022762750159017,mse,2.8401256351568687e-05,False
daytime,45->448,1626,15,bezier_ipopt,6.026319697033614,mse,4.517589707596213e-06,False
daytime,45->448,1626,15,bezier_nm,30.71213463699678,mse,0.0006288213621777,False
daytime,45->61,1626,15,bezier_pgd,0.0022235499927774,mse,2.2268183375029534e-05,False
daytime,45->61,1626,15,bezier_ipopt,6.96240828698501,mse,6.322386908257303e-06,False
daytime,45->61,1626,15,bezier_nm,29.792561318026856,mse,0.000631879275367,False
daytime,450->130,1626,15,bezier_pgd,0.0027357600047253,mse,0.1161171552043505,False
daytime,450->130,1626,15,bezier_ipopt,,mse,,True
daytime,450->130,1626,15,bezier_nm,19.716475055960476,mse,0.3064804919106169,False
daytime,450->414,1626,15,bezier_pgd,0.0037955870502628,mse,0.0010309698738422,False
daytime,450->414,1626,15,bezier_ipopt,5.957669332972728,mse,0.0001798247613636,False
daytime,450->414,1626,15,bezier_nm,25.449168734019626,mse,0.1426868019376503,False
daytime,450->60,1626,15,bezier_pgd,0.0016152460011653,mse,2.162591224444085e-05,False
daytime,450->60,1626,15,bezier_ipopt,5.335821904009208,mse,1.2344811364666956e-05,False
daytime,450->60,1626,15,bezier_nm,33.46765994804446,mse,0.0001069723267044,False
daytime,450->66,1626,15,bezier_pgd,0.0025239460519514,mse,2.6960797624014376e-05,False
daytime,450->66,1626,15,bezier_ipopt,5.446410455973819,mse,4.586920925354519e-06,False
daytime,450->66,1626,15,bezier_nm,34.9627692210488,mse,0.0001078400089199,False
daytime,451->16,1626,15,bezier_pgd,0.0016123459790833,mse,1.1779364950339038e-05,False
daytime,451->16,1626,15,bezier_ipopt,4.688180894008838,mse,6.872853819568375e-06,False
daytime,451->16,1626,15,bezier_nm,34.145463620021474,mse,0.0001190693555904,False
daytime,451->224,1626,15,bezier_pgd,0.0025061790365725,mse,0.0224016286025477,False
daytime,451->224,1626,15,bezier_ipopt,6.458351423963904,mse,0.0002885084967859,False
daytime,451->224,1626,15,bezier_nm,21.76286512496881,mse,0.2618950499463767,False
daytime,451->247,1626,15,bezier_pgd,0.0021834939834661,mse,0.0033773949637638,False
daytime,451->247,1626,15,bezier_ipopt,5.662126149050891,mse,0.0002332217574609,False
daytime,451->247,1626,15,bezier_nm,23.051801320980303,mse,0.1607916719361737,False
daytime,451->417,1626,15,bezier_pgd,0.0015488200006075,mse,1.2070418433209756e-05,False
daytime,451->417,1626,15,bezier_ipopt,4.276571527996566,mse,6.256580305486188e-06,False
daytime,451->417,1626,15,bezier_nm,30.81640350498492,mse,9.145830216659638e-05,False
daytime,452->172,1626,15,bezier_pgd,0.0023911230382509,mse,0.007858799312617,False
daytime,452->172,1626,15,bezier_ipopt,,mse,,True
daytime,452->172,1626,15,bezier_nm,21.8918514540419,mse,0.2130431495935419,False
daytime,452->387,1626,15,bezier_pgd,0.0025760679855011,mse,0.0008460098065538,False
daytime,452->387,1626,15,bezier_ipopt,5.967426568036899,mse,0.0001376575176467,False
daytime,452->387,1626,15,bezier_nm,23.85783385497052,mse,0.0858509630688983,False
daytime,452->436,1626,15,bezier_pgd,0.0016902330098673,mse,2.544243151257767e-05,False
daytime,452->436,1626,15,bezier_ipopt,6.134350814973004,mse,7.925292484468837e-06,False
daytime,452->436,1626,15,bezier_nm,32.60307443398051,mse,0.0001388934453311,False
daytime,452->443,1626,15,bezier_pgd,0.0019791579688899,mse,0.0139084958416572,False
daytime,452->443,1626,15,bezier_ipopt,,mse,,True
daytime,452->443,1626,15,bezier_nm,21.797429708996788,mse,0.308837510516066,False
daytime,453->124,1626,15,bezier_pgd,0.0025541700306348,mse,0.0074642471826996,False
daytime,453->124,1626,15,bezier_ipopt,5.761373040033504,mse,0.0001393130818727,False
daytime,453->124,1626,15,bezier_nm,24.380882130994,mse,0.2357654081538252,False
daytime,453->226,1626,15,bezier_pgd,0.0024898400297388,mse,0.0105068415623773,False
daytime,453->226,1626,15,bezier_ipopt,4.930744273005985,mse,0.0001571026296484,False
daytime,453->226,1626,15,bezier_nm,21.61661762103904,mse,0.2456750313148532,False
daytime,453->277,1626,15,bezier_pgd,0.002505419019144,mse,0.0107864438367218,False
daytime,453->277,1626,15,bezier_ipopt,7.900201115000527,mse,9.113232597562402e-05,False
daytime,453->277,1626,15,bezier_nm,22.79904857900692,mse,0.2345579966100472,False
daytime,453->81,1626,15,bezier_pgd,0.0015782020054757,mse,1.3134298099371647e-05,False
daytime,453->81,1626,15,bezier_ipopt,5.31220772099914,mse,4.779900112939817e-06,False
daytime,453->81,1626,15,bezier_nm,30.06005739001557,mse,6.830627904889453e-05,False
daytime,454->187,1626,15,bezier_pgd,0.0027593180420808,mse,0.0008479726187546,False
daytime,454->187,1626,15,bezier_ipopt,5.880802497034892,mse,0.0001171470656085,False
daytime,454->187,1626,15,bezier_nm,22.82509369798936,mse,0.1723686007484692,False
daytime,454->357,1626,15,bezier_pgd,0.0024665360106155,mse,0.0021377907950324,False
daytime,454->357,1626,15,bezier_ipopt,,mse,,True
daytime,454->357,1626,15,bezier_nm,23.981953939946838,mse,0.1780416714720051,False
daytime,454->374,1626,15,bezier_pgd,0.0022257280070334,mse,0.0011515353973554,False
daytime,454->374,1626,15,bezier_ipopt,6.784238911990542,mse,0.0001695156913692,False
daytime,454->374,1626,15,bezier_nm,24.52452172600897,mse,0.090125627878255,False
daytime,454->4,1626,15,bezier_pgd,0.001585538033396,mse,2.9236211471188084e-05,False
daytime,454->4,1626,15,bezier_ipopt,4.468815525004175,mse,1.1314208800242886e-05,False
daytime,454->4,1626,15,bezier_nm,31.15476998500526,mse,0.000313966276467,False
daytime,455->324,1626,15,bezier_pgd,0.0025433510309085,mse,0.0136462948046776,False
daytime,455->324,1626,15,bezier_ipopt,4.783389704010915,mse,0.0002006989864647,False
daytime,455->324,1626,15,bezier_nm,22.777765033999454,mse,0.2661255954827992,False
daytime,455->431,1626,15,bezier_pgd,0.0017159000271931,mse,2.1174893984416728e-05,False
daytime,455->431,1626,15,bezier_ipopt,5.3289686649804935,mse,3.761475319864269e-06,False
daytime,455->431,1626,15,bezier_nm,30.974141959042758,mse,0.00024922991884,False
daytime,455->496,1626,15,bezier_pgd,0.0020821550278924,mse,0.0010770738232094,False
daytime,455->496,1626,15,bezier_ipopt,5.12335259502288,mse,0.0002430911874676,False
daytime,455->496,1626,15,bezier_nm,25.71459012699779,mse,0.125114312644747,False
daytime,455->98,1626,15,bezier_pgd,0.0016062439535744,mse,1.915806751344145e-05,False
daytime,455->98,1626,15,bezier_ipopt,7.707994230964687,mse,6.2801882330154825e-06,False
daytime,455->98,1626,15,bezier_nm,30.72788187797414,mse,0.0006192701676717,False
daytime,456->238,1626,15,bezier_pgd,0.0020997709943912,mse,0.0118875330294472,False
daytime,456->238,1626,15,bezier_ipopt,6.251150949043222,mse,8.657030265929715e-05,False
daytime,456->238,1626,15,bezier_nm,23.26747601397801,mse,0.2687620404063923,False
daytime,456->347,1626,15,bezier_pgd,0.0023785639787092,mse,0.0074013645919962,False
daytime,456->347,1626,15,bezier_ipopt,8.601306447992101,mse,0.0001502353170092,False
daytime,456->347,1626,15,bezier_nm,23.005543477018364,mse,0.2270871672505203,False
daytime,456->98,1626,15,bezier_pgd,0.0015223959926515,mse,1.371184344621065e-05,False
daytime,456->98,1626,15,bezier_ipopt,6.561518889968284,mse,6.1327896554271446e-06,False
daytime,456->98,1626,15,bezier_nm,29.856826867035124,mse,0.0006856437919322,False
daytime,456->99,1626,15,bezier_pgd,0.0015663749654777,mse,1.2927069936905956e-05,False
daytime,456->99,1626,15,bezier_ipopt,5.427242993959226,mse,4.474742576100604e-06,False
daytime,456->99,1626,15,bezier_nm,28.6894626240246,mse,0.0005488479959979,False
daytime,457->101,1626,15,bezier_pgd,0.0014669279917143,mse,1.570551040652026e-05,False
daytime,457->101,1626,15,bezier_ipopt,6.031632172991522,mse,5.777270006736956e-06,False
daytime,457->101,1626,15,bezier_nm,28.33266131801065,mse,0.0004789646209083,False
daytime,457->131,1626,15,bezier_pgd,0.002474179957062,mse,0.0135275115143905,False
daytime,457->131,1626,15,bezier_ipopt,5.794544725038577,mse,0.0002250064328839,False
daytime,457->131,1626,15,bezier_nm,21.38425061799353,mse,0.2422168021555112,False
daytime,457->481,1626,15,bezier_pgd,0.0028867459623143,mse,0.0048277132512714,False
daytime,457->481,1626,15,bezier_ipopt,10.514628979959523,mse,8.338505644487234e-05,False
daytime,457->481,1626,15,bezier_nm,22.907555892015807,mse,0.2495663045944808,False
daytime,457->524,1626,15,bezier_pgd,0.0015120009775273,mse,2.3830067933141003e-05,False
daytime,457->524,1626,15,bezier_ipopt,6.541539926955011,mse,1.0292912688491645e-05,False
daytime,457->524,1626,15,bezier_nm,30.211749656999014,mse,0.0002099243781382,False
daytime,458->19,1626,15,bezier_pgd,0.0015869369963184,mse,2.3278116837776317e-05,False
daytime,458->19,1626,15,bezier_ipopt,5.526519234990701,mse,7.378993488779947e-06,False
daytime,458->19,1626,15,bezier_nm,34.765419637958985,mse,0.000118146061343,False
daytime,458->295,1626,15,bezier_pgd,0.0028630509623326,mse,0.0074943291864093,False
daytime,458->295,1626,15,bezier_ipopt,,mse,,True
daytime,458->295,1626,15,bezier_nm,24.449293173966,mse,0.1369595493377768,False
daytime,458->314,1626,15,bezier_pgd,0.0026391019928269,mse,0.0011934530556243,False
daytime,458->314,1626,15,bezier_ipopt,,mse,,True
daytime,458->314,1626,15,bezier_nm,27.594076493987814,mse,0.1677421847621309,False
daytime,458->506,1626,15,bezier_pgd,0.0035540910321287,mse,0.0112129895803996,False
daytime,458->506,1626,15,bezier_ipopt,,mse,,True
daytime,458->506,1626,15,bezier_nm,22.5588291240274,mse,0.2768750231617881,False
daytime,459->115,1626,15,bezier_pgd,0.0023773319553583,mse,0.0008461844604123,False
daytime,459->115,1626,15,bezier_ipopt,,mse,,True
daytime,459->115,1626,15,bezier_nm,23.804717888007872,mse,0.1175032318868795,False
daytime,459->295,1626,15,bezier_pgd,0.0022116069449111,mse,0.0044209871843153,False
daytime,459->295,1626,15,bezier_ipopt,6.95023262599716,mse,0.0002243489841801,False
daytime,459->295,1626,15,bezier_nm,25.24942397198174,mse,0.1523596064369328,False
daytime,459->395,1626,15,bezier_pgd,0.0020570090273395,mse,0.0194685618770396,False
daytime,459->395,1626,15,bezier_ipopt,6.150765153986868,mse,0.0001196021959107,False
daytime,459->395,1626,15,bezier_nm,21.961816631024703,mse,0.2877965050468356,False
daytime,459->469,1626,15,bezier_pgd,0.0025559260393492,mse,0.0028977461630696,False
daytime,459->469,1626,15,bezier_ipopt,34.98890306899557,mse,0.0002802161311343,False
daytime,459->469,1626,15,bezier_nm,27.13697723299265,mse,0.1801869040708567,False
daytime,46->47,1626,15,bezier_pgd,0.0014335279702208,mse,1.802585134330856e-05,False
daytime,46->47,1626,15,bezier_ipopt,8.141906297998503,mse,6.813483647797025e-06,False
daytime,46->47,1626,15,bezier_nm,29.921040521003302,mse,0.0005520529623682,False
daytime,46->75,1626,15,bezier_pgd,0.0015883219894021,mse,2.083128803308073e-05,False
daytime,46->75,1626,15,bezier_ipopt,5.256081101018935,mse,4.327380248927287e-06,False
daytime,46->75,1626,15,bezier_nm,30.315750139998272,mse,0.0007500805437472,False
daytime,460->117,1626,15,bezier_pgd,0.0023565180017612,mse,0.0150309788801224,False
daytime,460->117,1626,15,bezier_ipopt,6.161678585049231,mse,0.0001756630437904,False
daytime,460->117,1626,15,bezier_nm,22.38180384604493,mse,0.270110317158888,False
daytime,460->248,1626,15,bezier_pgd,0.0020070940372534,mse,0.0004495826899907,False
daytime,460->248,1626,15,bezier_ipopt,,mse,,True
daytime,460->248,1626,15,bezier_nm,24.285027464968152,mse,0.0828261122392978,False
daytime,460->279,1626,15,bezier_pgd,0.0046249579754658,mse,0.0104618290856387,False
daytime,460->279,1626,15,bezier_ipopt,6.058243198029231,mse,0.0001442393777081,False
daytime,460->279,1626,15,bezier_nm,23.062767151976004,mse,0.2418753544660219,False
daytime,460->306,1626,15,bezier_pgd,0.0022115500178188,mse,0.0005536747040257,False
daytime,460->306,1626,15,bezier_ipopt,6.185338762996253,mse,0.0001468921145736,False
daytime,460->306,1626,15,bezier_nm,24.758081266016237,mse,0.0906588112601387,False
daytime,461->20,1626,15,bezier_pgd,0.0019432749832049,mse,0.0007823114218147,False
daytime,461->20,1626,15,bezier_ipopt,6.80017099698307,mse,8.797661202316347e-05,False
daytime,461->20,1626,15,bezier_nm,24.804899744980503,mse,0.0717503111427866,False
daytime,461->523,1626,15,bezier_pgd,0.002832890022546,mse,0.0044802006162841,False
daytime,461->523,1626,15,bezier_ipopt,,mse,,True
daytime,461->523,1626,15,bezier_nm,23.534686136001252,mse,0.2464026088306081,False
daytime,462->120,1626,15,bezier_pgd,0.0019140419899486,mse,0.0004775578834658,False
daytime,462->120,1626,15,bezier_ipopt,6.712816284969449,mse,0.0001657676277005,False
daytime,462->120,1626,15,bezier_nm,23.590534268005285,mse,0.0638140358031431,False
daytime,462->310,1626,15,bezier_pgd,0.0022331199725158,mse,0.000365274935122,False
daytime,462->310,1626,15,bezier_ipopt,6.5556729509844445,mse,0.0001436949137131,False
daytime,462->310,1626,15,bezier_nm,23.360237179032996,mse,0.1197011764951582,False
daytime,462->368,1626,15,bezier_pgd,0.0027561630122363,mse,0.0171359014816193,False
daytime,462->368,1626,15,bezier_ipopt,7.199492183979601,mse,0.0002012156698653,False
daytime,462->368,1626,15,bezier_nm,22.207015723979566,mse,0.2662546451002007,False
daytime,462->404,1626,15,bezier_pgd,0.0024676679749973,mse,0.003312408319661,False
daytime,462->404,1626,15,bezier_ipopt,7.762616239022464,mse,0.0001550839903048,False
daytime,462->404,1626,15,bezier_nm,24.70016697101528,mse,0.1810091183594802,False
daytime,463->123,1626,15,bezier_pgd,0.0026458970387466,mse,0.0100079591975177,False
daytime,463->123,1626,15,bezier_ipopt,9.087461800023448,mse,0.000234003749783,False
daytime,463->123,1626,15,bezier_nm,22.51272573001916,mse,0.2279851280245649,False
daytime,463->309,1626,15,bezier_pgd,0.0028277329984121,mse,0.0080519650827821,False
daytime,463->309,1626,15,bezier_ipopt,5.886704949021805,mse,0.0001278440312724,False
daytime,463->309,1626,15,bezier_nm,21.346696821041405,mse,0.2535378397381905,False
daytime,463->359,1626,15,bezier_pgd,0.0027474890230223,mse,0.0003939648622637,False
daytime,463->359,1626,15,bezier_ipopt,6.807632133015432,mse,0.0001689859885407,False
daytime,463->359,1626,15,bezier_nm,23.248799538996536,mse,0.0893275922089019,False
daytime,463->402,1626,15,bezier_pgd,0.0034743900178,mse,0.0017269117592554,False
daytime,463->402,1626,15,bezier_ipopt,8.544564881012775,mse,0.0001358060333298,False
daytime,463->402,1626,15,bezier_nm,23.059828219993506,mse,0.143324609234021,False
daytime,464->126,1626,15,bezier_pgd,0.0019168980070389,mse,0.0052527996839184,False
daytime,464->126,1626,15,bezier_ipopt,7.379057660989929,mse,0.0001603553651249,False
daytime,464->126,1626,15,bezier_nm,23.77215382404393,mse,0.1364754268903523,False
daytime,464->162,1626,15,bezier_pgd,0.0024077109992504,mse,0.0169835297028981,False
daytime,464->162,1626,15,bezier_ipopt,7.951277538959403,mse,7.960989673731775e-05,False
daytime,464->162,1626,15,bezier_nm,22.143560560012705,mse,0.2423625082820827,False
daytime,464->342,1626,15,bezier_pgd,0.0027599029708653,mse,0.0141217784392424,False
daytime,464->342,1626,15,bezier_ipopt,6.016494392009918,mse,0.0001973485132082,False
daytime,464->342,1626,15,bezier_nm,22.64105494995601,mse,0.2550884740346828,False
daytime,464->378,1626,15,bezier_pgd,0.0036029299953952,mse,0.0133090661811934,False
daytime,464->378,1626,15,bezier_ipopt,6.309017719002441,mse,0.0001200195896182,False
daytime,464->378,1626,15,bezier_nm,21.80837317899568,mse,0.2679410186841031,False
daytime,465->128,1626,15,bezier_pgd,0.0023818929912522,mse,0.002576330497806,False
daytime,465->128,1626,15,bezier_ipopt,6.33826993504772,mse,0.000134710052084,False
daytime,465->128,1626,15,bezier_nm,27.01331328297965,mse,0.1911879479641804,False
daytime,465->273,1626,15,bezier_pgd,0.0025528440019115,mse,0.0090395668226657,False
daytime,465->273,1626,15,bezier_ipopt,,mse,,True
daytime,465->273,1626,15,bezier_nm,26.56079380499432,mse,0.2339859634784417,False
daytime,465->298,1626,15,bezier_pgd,0.0020731710246764,mse,0.0388445987680853,False
daytime,465->298,1626,15,bezier_ipopt,76.18814241699874,mse,0.0006554467722326,False
daytime,465->298,1626,15,bezier_nm,21.619636095012535,mse,0.2825302561585235,False
daytime,465->362,1626,15,bezier_pgd,0.0019830180099233,mse,0.005462032824454,False
daytime,465->362,1626,15,bezier_ipopt,5.623676632007118,mse,0.000166057142991,False
daytime,465->362,1626,15,bezier_nm,22.42444779694779,mse,0.1501582577477336,False
daytime,466->137,1626,15,bezier_pgd,0.0032293549738824,mse,0.0001985268554207,False
daytime,466->137,1626,15,bezier_ipopt,5.791612013999838,mse,0.0001346139296449,False
daytime,466->137,1626,15,bezier_nm,23.073847187974025,mse,0.0436369175224913,False
daytime,466->331,1626,15,bezier_pgd,0.0033408079762011,mse,0.021873831209606,False
daytime,466->331,1626,15,bezier_ipopt,5.076905480993446,mse,0.000139368921559,False
daytime,466->331,1626,15,bezier_nm,21.440605304960627,mse,0.2859487485070734,False
daytime,466->336,1626,15,bezier_pgd,0.0025745800230652,mse,0.0249930769474294,False
daytime,466->336,1626,15,bezier_ipopt,7.359481931955088,mse,0.0002737597258198,False
daytime,466->336,1626,15,bezier_nm,21.730059880006596,mse,0.2615969824235564,False
daytime,466->339,1626,15,bezier_pgd,0.0017446349957026,mse,0.0002563748755991,False
daytime,466->339,1626,15,bezier_ipopt,5.245293001993559,mse,0.0001296328404883,False
daytime,466->339,1626,15,bezier_nm,33.82868409802904,mse,0.004515436104513,False
daytime,467->138,1626,15,bezier_pgd,0.003262413025368,mse,0.0544730162421941,False
daytime,467->138,1626,15,bezier_ipopt,,mse,,True
daytime,467->138,1626,15,bezier_nm,27.25884995702654,mse,0.2563543185568131,False
daytime,467->337,1626,15,bezier_pgd,0.003653027000837,mse,0.0355003752071082,False
daytime,467->337,1626,15,bezier_ipopt,7.696915495966095,mse,0.0001272124650651,False
daytime,467->337,1626,15,bezier_nm,22.28839700901881,mse,0.2874242731409875,False
daytime,467->339,1626,15,bezier_pgd,0.0021523099858313,mse,0.0004949414230754,False
daytime,467->339,1626,15,bezier_ipopt,5.087101251003332,mse,0.0002148618090093,False
daytime,467->339,1626,15,bezier_nm,24.473441624024417,mse,0.0632949570162097,False
daytime,467->349,1626,15,bezier_pgd,0.0033580769668333,mse,0.0043445035567988,False
daytime,467->349,1626,15,bezier_ipopt,,mse,,True
daytime,467->349,1626,15,bezier_nm,22.884072111046407,mse,0.143115186611284,False
daytime,468->139,1626,15,bezier_pgd,0.0024617540184408,mse,0.0174218583822537,False
daytime,468->139,1626,15,bezier_ipopt,,mse,,True
daytime,468->139,1626,15,bezier_nm,22.86274463002337,mse,0.2792263252269453,False
daytime,468->264,1626,15,bezier_pgd,0.0046015870175324,mse,0.0013729847189018,False
daytime,468->264,1626,15,bezier_ipopt,5.804199234989937,mse,0.0001453601567002,False
daytime,468->264,1626,15,bezier_nm,25.64899328100728,mse,0.1761905270813759,False
daytime,468->286,1626,15,bezier_pgd,0.0019732669461518,mse,0.0003390234063778,False
daytime,468->286,1626,15,bezier_ipopt,14.853846748010255,mse,0.0001964485301278,False
daytime,468->286,1626,15,bezier_nm,23.67649357998744,mse,0.0439794605244788,False
daytime,468->346,1626,15,bezier_pgd,0.0026351329870522,mse,0.0138470766670369,False
daytime,468->346,1626,15,bezier_ipopt,5.71025083999848,mse,0.0001416714773909,False
daytime,468->346,1626,15,bezier_nm,22.090929778001737,mse,0.2609163806315778,False
daytime,469->140,1626,15,bezier_pgd,0.0020665390184149,mse,0.0251720832647425,False
daytime,469->140,1626,15,bezier_ipopt,5.735133078007493,mse,0.0002029749971688,False
daytime,469->140,1626,15,bezier_nm,23.050831745029427,mse,0.2921945496657162,False
daytime,469->156,1626,15,bezier_pgd,0.0020897639915347,mse,0.0268599890266921,False
daytime,469->156,1626,15,bezier_ipopt,7.979168556979857,mse,0.0002159176883345,False
daytime,469->156,1626,15,bezier_nm,21.994460395013448,mse,0.2874647876598726,False
daytime,469->211,1626,15,bezier_pgd,0.0021858330001123,mse,0.0032441051635251,False
daytime,469->211,1626,15,bezier_ipopt,7.693463862990029,mse,0.0002426926465208,False
daytime,469->211,1626,15,bezier_nm,23.714380772027653,mse,0.1401789049034375,False
daytime,469->459,1626,15,bezier_pgd,0.0026231650263071,mse,0.0082832915768523,False
daytime,469->459,1626,15,bezier_ipopt,5.478802379977424,mse,0.0001686917520242,False
daytime,469->459,1626,15,bezier_nm,23.59293047699612,mse,0.2161388389206437,False
daytime,47->46,1626,15,bezier_pgd,0.0021260009962134,mse,1.3862517776290192e-05,False
daytime,47->46,1626,15,bezier_ipopt,5.757306427985895,mse,8.676797508206897e-06,False
daytime,47->46,1626,15,bezier_nm,30.957538994029164,mse,0.0005148964304102,False
daytime,47->48,1626,15,bezier_pgd,0.0021586339571513,mse,1.0454214148486557e-05,False
daytime,47->48,1626,15,bezier_ipopt,3.736195723002311,mse,6.461313708026598e-06,False
daytime,47->48,1626,15,bezier_nm,30.18506749899825,mse,0.0002060367399603,False
daytime,470->142,1626,15,bezier_pgd,0.0020198309794068,mse,0.0169947414580737,False
daytime,470->142,1626,15,bezier_ipopt,5.809951288043521,mse,0.0001506080093899,False
daytime,470->142,1626,15,bezier_nm,22.05766342603601,mse,0.2751005945351728,False
daytime,470->154,1626,15,bezier_pgd,0.0023972109775058,mse,0.0005646412275774,False
daytime,470->154,1626,15,bezier_ipopt,,mse,,True
daytime,470->154,1626,15,bezier_nm,24.61540995602263,mse,0.1411533875793438,False
daytime,470->235,1626,15,bezier_pgd,0.0020693690166808,mse,0.0046826078307151,False
daytime,470->235,1626,15,bezier_ipopt,,mse,,True
daytime,470->235,1626,15,bezier_nm,23.365546478016768,mse,0.1445857841050477,False
daytime,470->509,1626,15,bezier_pgd,0.0040672430186532,mse,0.0032502393567277,False
daytime,470->509,1626,15,bezier_ipopt,6.240895017981529,mse,7.887603665882385e-05,False
daytime,470->509,1626,15,bezier_nm,22.03896859101951,mse,0.2107111586929197,False
daytime,471->127,1626,15,bezier_pgd,0.0023322539636865,mse,0.0065076168389593,False
daytime,471->127,1626,15,bezier_ipopt,6.780052520975005,mse,0.0001754526109317,False
daytime,471->127,1626,15,bezier_nm,22.62010058097076,mse,0.2195398312494558,False
daytime,471->228,1626,15,bezier_pgd,0.0041737229912541,mse,0.0180848658660897,False
daytime,471->228,1626,15,bezier_ipopt,5.952271415968426,mse,0.0001919039776287,False
daytime,471->228,1626,15,bezier_nm,21.90792060899548,mse,0.2646100427772497,False
daytime,471->393,1626,15,bezier_pgd,0.001686685020104,mse,0.0003945173743159,False
daytime,471->393,1626,15,bezier_ipopt,11.061150689027272,mse,0.0001122093508471,False
daytime,471->393,1626,15,bezier_nm,24.54968469595769,mse,0.0204162548701803,False
daytime,471->439,1626,15,bezier_pgd,0.0024301509838551,mse,0.0076290937627498,False
daytime,471->439,1626,15,bezier_ipopt,5.75213217001874,mse,0.000156698292259,False
daytime,471->439,1626,15,bezier_nm,23.040778007009067,mse,0.2370019278833088,False
daytime,472->148,1626,15,bezier_pgd,0.0027274840394966,mse,0.000358172300364,False
daytime,472->148,1626,15,bezier_ipopt,5.771236848959234,mse,0.0001610907869759,False
daytime,472->148,1626,15,bezier_nm,24.775937677011825,mse,0.1306930732811264,False
daytime,472->191,1626,15,bezier_pgd,0.0020206220215186,mse,0.0294531255354241,False
daytime,472->191,1626,15,bezier_ipopt,7.436160812037997,mse,0.0001508181318266,False
daytime,472->191,1626,15,bezier_nm,22.34281191299669,mse,0.2932256760925281,False
daytime,472->204,1626,15,bezier_pgd,0.0029611639911308,mse,0.0007875747582364,False
daytime,472->204,1626,15,bezier_ipopt,,mse,,True
daytime,472->204,1626,15,bezier_nm,26.89376731100492,mse,0.0899225259685945,False
daytime,472->243,1626,15,bezier_pgd,0.002693319984246,mse,0.0302833845722457,False
daytime,472->243,1626,15,bezier_ipopt,7.127007317030802,mse,0.0001942811404133,False
daytime,472->243,1626,15,bezier_nm,21.685772957047448,mse,0.295676509741877,False
daytime,473->151,1626,15,bezier_pgd,0.0026447959826327,mse,0.0143963128663386,False
daytime,473->151,1626,15,bezier_ipopt,6.60318074002862,mse,0.0001848059964079,False
daytime,473->151,1626,15,bezier_nm,22.510615099978168,mse,0.2703107907404717,False
daytime,473->244,1626,15,bezier_pgd,0.0021073590032756,mse,0.0007311760453671,False
daytime,473->244,1626,15,bezier_ipopt,6.873238566040527,mse,0.0002167187010218,False
daytime,473->244,1626,15,bezier_nm,24.05567474500276,mse,0.0517210293291905,False
daytime,473->258,1626,15,bezier_pgd,0.0021458819974213,mse,0.0007053391313556,False
daytime,473->258,1626,15,bezier_ipopt,6.270308832987212,mse,0.000186767111196,False
daytime,473->258,1626,15,bezier_nm,23.441762896021828,mse,0.0953027364738976,False
daytime,473->260,1626,15,bezier_pgd,0.0038381320191547,mse,0.0143593743253456,False
daytime,473->260,1626,15,bezier_ipopt,5.787757274985779,mse,0.0002422062151006,False
daytime,473->260,1626,15,bezier_nm,22.994312132999767,mse,0.2386491316635981,False
daytime,474->153,1626,15,bezier_pgd,0.002261747024022,mse,0.0055571019825974,False
daytime,474->153,1626,15,bezier_ipopt,6.212944043043535,mse,0.0001554459659781,False
daytime,474->153,1626,15,bezier_nm,24.85235717898468,mse,0.1903013900065464,False
daytime,474->235,1626,15,bezier_pgd,0.0041467200499027,mse,0.0200075615229603,False
daytime,474->235,1626,15,bezier_ipopt,5.29288079298567,mse,0.0002375777285149,False
daytime,474->235,1626,15,bezier_nm,21.934838142013177,mse,0.2643851927665558,False
daytime,474->258,1626,15,bezier_pgd,0.0024431759957224,mse,0.015611238387101,False
daytime,474->258,1626,15,bezier_ipopt,8.207186740997713,mse,0.0002220894912139,False
daytime,474->258,1626,15,bezier_nm,23.6947031179443,mse,0.2545027024763471,False
daytime,474->416,1626,15,bezier_pgd,0.0024350859457626,mse,0.0123664280826537,False
daytime,474->416,1626,15,bezier_ipopt,5.506162602978293,mse,0.0001575133014973,False
daytime,474->416,1626,15,bezier_nm,21.601230647997,mse,0.2489685909517319,False
daytime,475->194,1626,15,bezier_pgd,0.0024482419830746,mse,0.0104137504092823,False
daytime,475->194,1626,15,bezier_ipopt,5.380679165013135,mse,0.0001358890026199,False
daytime,475->194,1626,15,bezier_nm,22.321767164976336,mse,0.2476331373750856,False
daytime,475->256,1626,15,bezier_pgd,0.0019733140361495,mse,0.0011929442620461,False
daytime,475->256,1626,15,bezier_ipopt,5.8055888210074045,mse,0.0003164222682462,False
daytime,475->256,1626,15,bezier_nm,24.77438692800933,mse,0.1092158859137601,False
daytime,475->387,1626,15,bezier_pgd,0.0019867699593305,mse,0.0158418706839729,False
daytime,475->387,1626,15,bezier_ipopt,5.351752905000467,mse,0.0001580184189938,False
daytime,475->387,1626,15,bezier_nm,24.303380445984654,mse,0.2246750556993716,False
daytime,475->436,1626,15,bezier_pgd,0.0023983640130609,mse,0.0004161891226224,False
daytime,475->436,1626,15,bezier_ipopt,6.612985006009694,mse,0.0001769790708396,False
daytime,475->436,1626,15,bezier_nm,25.09611414599931,mse,0.131948594079693,False
daytime,476->157,1626,15,bezier_pgd,0.0044386429945006,mse,0.0018470059790761,False
daytime,476->157,1626,15,bezier_ipopt,63.043194950034376,mse,0.0003773084150748,False
daytime,476->157,1626,15,bezier_nm,23.194711933960207,mse,0.1631834566787152,False
daytime,476->171,1626,15,bezier_pgd,0.0026154409861192,mse,0.0005060033610803,False
daytime,476->171,1626,15,bezier_ipopt,5.805410139961168,mse,0.0001626304052504,False
daytime,476->171,1626,15,bezier_nm,23.82784588902723,mse,0.1040635395338228,False
daytime,476->201,1626,15,bezier_pgd,0.0053928050328977,mse,0.0009257194274356,False
daytime,476->201,1626,15,bezier_ipopt,,mse,,True
daytime,476->201,1626,15,bezier_nm,22.73330833803629,mse,0.025436864644626,False
daytime,476->310,1626,15,bezier_pgd,0.0043687599827535,mse,0.0911834786927712,False
daytime,476->310,1626,15,bezier_ipopt,,mse,,True
daytime,476->310,1626,15,bezier_nm,21.538308966031764,mse,0.3093180869941376,False
daytime,477->483,1626,15,bezier_pgd,0.003209362970665,mse,0.0072227716122528,False
daytime,477->483,1626,15,bezier_ipopt,,mse,,True
daytime,477->483,1626,15,bezier_nm,22.672115265973844,mse,0.2574013129006086,False
daytime,477->525,1626,15,bezier_pgd,0.0029257650021463,mse,0.0105885065366278,False
daytime,477->525,1626,15,bezier_ipopt,,mse,,True
daytime,477->525,1626,15,bezier_nm,24.778709649981465,mse,0.2431027030749318,False
daytime,477->527,1626,15,bezier_pgd,0.0018449940253049,mse,0.0087143667859951,False
daytime,477->527,1626,15,bezier_ipopt,10.854748148994986,mse,1.4107390884001384e-05,False
daytime,477->527,1626,15,bezier_nm,23.222473338013515,mse,0.1057797970610598,False
daytime,477->534,1626,15,bezier_pgd,0.0021766750141978,mse,0.0093419493743233,False
daytime,477->534,1626,15,bezier_ipopt,4.796715818054508,mse,0.0002382855882541,False
daytime,477->534,1626,15,bezier_nm,22.524780306965116,mse,0.2208579504960386,False
daytime,478->247,1626,15,bezier_pgd,0.0024029919877648,mse,0.0004949528477368,False
daytime,478->247,1626,15,bezier_ipopt,,mse,,True
daytime,478->247,1626,15,bezier_nm,25.269961468002293,mse,0.1129779779553423,False
daytime,478->316,1626,15,bezier_pgd,0.0026026910054497,mse,0.0181891012345213,False
daytime,478->316,1626,15,bezier_ipopt,4.385488216008525,mse,0.0003120798892762,False
daytime,478->316,1626,15,bezier_nm,22.693318529985845,mse,0.2511400451057277,False
daytime,478->391,1626,15,bezier_pgd,0.0022808219655416,mse,0.0044505267498418,False
daytime,478->391,1626,15,bezier_ipopt,5.49308230902534,mse,0.00022958886904,False
daytime,478->391,1626,15,bezier_nm,24.574902188032866,mse,0.1805981600227673,False
daytime,478->77,1626,15,bezier_pgd,0.0023320720065385,mse,0.0001941066753377,False
daytime,478->77,1626,15,bezier_ipopt,,mse,,True
daytime,478->77,1626,15,bezier_nm,30.68760758300777,mse,0.0008733852150185,False
daytime,479->133,1626,15,bezier_pgd,0.0023070020251907,mse,0.014645423694474,False
daytime,479->133,1626,15,bezier_ipopt,,mse,,True
daytime,479->133,1626,15,bezier_nm,24.698019039002247,mse,0.1885333884902544,False
daytime,479->135,1626,15,bezier_pgd,0.0025111109716817,mse,0.0039664174906816,False
daytime,479->135,1626,15,bezier_ipopt,7.27819100295892,mse,8.121500115158996e-05,False
daytime,479->135,1626,15,bezier_nm,25.195750743034296,mse,0.1900180042717763,False
daytime,479->218,1626,15,bezier_pgd,0.0022137009655125,mse,0.0180473516201631,False
daytime,479->218,1626,15,bezier_ipopt,5.921977839956526,mse,0.0002131651927441,False
daytime,479->218,1626,15,bezier_nm,22.66637504199753,mse,0.2888504893877258,False
daytime,479->513,1626,15,bezier_pgd,0.0030994690023362,mse,0.0009000000953834,False
daytime,479->513,1626,15,bezier_ipopt,6.516613423009403,mse,8.874748445517072e-05,False
daytime,479->513,1626,15,bezier_nm,23.1685194610036,mse,0.1242875954732484,False
daytime,48->47,1626,15,bezier_pgd,0.0025392299867235,mse,2.2585858422826723e-05,False
daytime,48->47,1626,15,bezier_ipopt,6.5607777970144525,mse,7.136291076267127e-06,False
daytime,48->47,1626,15,bezier_nm,31.142209259967785,mse,0.000256985429711,False
daytime,48->49,1626,15,bezier_pgd,0.0023530260077677,mse,2.4629570830958024e-05,False
daytime,48->49,1626,15,bezier_ipopt,5.1675298839691095,mse,6.387238613787724e-06,False
daytime,48->49,1626,15,bezier_nm,32.995628165022936,mse,0.0002376092600399,False
daytime,480->155,1626,15,bezier_pgd,0.002401835983619,mse,0.0089578608567294,False
daytime,480->155,1626,15,bezier_ipopt,8.795914190995973,mse,0.0001085646893573,False
daytime,480->155,1626,15,bezier_nm,23.06138466199627,mse,0.2628465168918567,False
daytime,480->359,1626,15,bezier_pgd,0.0026052840403281,mse,0.0069483948691184,False
daytime,480->359,1626,15,bezier_ipopt,,mse,,True
daytime,480->359,1626,15,bezier_nm,22.421649987983983,mse,0.2405011827800605,False
daytime,480->43,1626,15,bezier_pgd,0.0020243799663148,mse,9.08741812948893e-05,False
daytime,480->43,1626,15,bezier_ipopt,7.54231854196405,mse,3.394630658482014e-05,False
daytime,480->43,1626,15,bezier_nm,33.76696674502455,mse,0.0015981883892532,False
daytime,480->44,1626,15,bezier_pgd,0.0015385930310003,mse,1.832991084818038e-05,False
daytime,480->44,1626,15,bezier_ipopt,7.427690680022351,mse,3.473328999635014e-06,False
daytime,480->44,1626,15,bezier_nm,34.25715354102431,mse,0.0001236509621032,False
daytime,481->350,1626,15,bezier_pgd,0.002521559013985,mse,0.010507343514717,False
daytime,481->350,1626,15,bezier_ipopt,,mse,,True
daytime,481->350,1626,15,bezier_nm,21.955712332041003,mse,0.2657618164601114,False
daytime,481->444,1626,15,bezier_pgd,0.00417125900276,mse,0.0007691763219626,False
daytime,481->444,1626,15,bezier_ipopt,6.42215971800033,mse,7.109174960446384e-05,False
daytime,481->444,1626,15,bezier_nm,23.05892672203481,mse,0.1639608459999097,False
daytime,481->457,1626,15,bezier_pgd,0.0026542950072325,mse,0.0193049385218084,False
daytime,481->457,1626,15,bezier_ipopt,,mse,,True
daytime,481->457,1626,15,bezier_nm,22.65881673101103,mse,0.2652647403330523,False
daytime,481->524,1626,15,bezier_pgd,0.0025903760106302,mse,0.0004141592986238,False
daytime,481->524,1626,15,bezier_ipopt,5.64340382500086,mse,0.0001625613360863,False
daytime,481->524,1626,15,bezier_nm,24.200800428981893,mse,0.0539668719151542,False
daytime,482->496,1626,15,bezier_pgd,0.0025608920259401,mse,0.0091850658562293,False
daytime,482->496,1626,15,bezier_ipopt,6.027420166006777,mse,0.0001798447625242,False
daytime,482->496,1626,15,bezier_nm,22.763166763004847,mse,0.2259574652769747,False
daytime,482->502,1626,15,bezier_pgd,0.0023246899945661,mse,0.0142060837717277,False
daytime,482->502,1626,15,bezier_ipopt,4.620412788994145,mse,0.000288323614606,False
daytime,482->502,1626,15,bezier_nm,21.6797738270252,mse,0.2286971442470105,False
daytime,482->511,1626,15,bezier_pgd,0.0023388140252791,mse,0.0117937111638583,False
daytime,482->511,1626,15,bezier_ipopt,5.357309616985731,mse,0.0002710896442839,False
daytime,482->511,1626,15,bezier_nm,22.32925484899897,mse,0.2316391859726241,False
daytime,482->520,1626,15,bezier_pgd,0.0027550249942578,mse,0.0123406435260434,False
daytime,482->520,1626,15,bezier_ipopt,6.970847467018757,mse,0.0002279042314021,False
daytime,482->520,1626,15,bezier_nm,22.269977130985357,mse,0.2455487856094581,False
daytime,483->477,1626,15,bezier_pgd,0.0021362819825299,mse,0.0149482310176174,False
daytime,483->477,1626,15,bezier_ipopt,4.810726857045665,mse,0.0001488733312239,False
daytime,483->477,1626,15,bezier_nm,21.90497365198098,mse,0.2894867721318701,False
daytime,483->519,1626,15,bezier_pgd,0.0017234509577974,mse,0.0355059022899599,False
daytime,483->519,1626,15,bezier_ipopt,,mse,,True
daytime,483->519,1626,15,bezier_nm,22.15428555803373,mse,0.3925483345884893,False
daytime,483->526,1626,15,bezier_pgd,0.0021809519967064,mse,0.0041968390356962,False
daytime,483->526,1626,15,bezier_ipopt,7.081011157017201,mse,0.0002249681611787,False
daytime,483->526,1626,15,bezier_nm,22.237873820995446,mse,0.1899364935791493,False
daytime,483->531,1626,15,bezier_pgd,0.0025276159867644,mse,0.0091663005639999,False
daytime,483->531,1626,15,bezier_ipopt,6.174571240961086,mse,0.0001898614093132,False
daytime,483->531,1626,15,bezier_nm,23.059526217984967,mse,0.2257661143534486,False
daytime,484->117,1626,15,bezier_pgd,0.0021019380073994,mse,0.0033847990563378,False
daytime,484->117,1626,15,bezier_ipopt,5.775279858964495,mse,0.0002345758057148,False
daytime,484->117,1626,15,bezier_nm,24.88763932301663,mse,0.1551337540923072,False
daytime,484->176,1626,15,bezier_pgd,0.0037445990019477,mse,0.0151630491762021,False
daytime,484->176,1626,15,bezier_ipopt,6.083127059042454,mse,0.0002056221986931,False
daytime,484->176,1626,15,bezier_nm,23.76479185797507,mse,0.2433151067255175,False
daytime,484->195,1626,15,bezier_pgd,0.0028424569754861,mse,0.0149364216745925,False
daytime,484->195,1626,15,bezier_ipopt,5.105690272001084,mse,0.0002467192649944,False
daytime,484->195,1626,15,bezier_nm,24.955260057002302,mse,0.2625038364976424,False
daytime,484->254,1626,15,bezier_pgd,0.0029243100434541,mse,0.02145112913447,False
daytime,484->254,1626,15,bezier_ipopt,7.977121656003874,mse,0.0002234761598148,False
daytime,484->254,1626,15,bezier_nm,23.60435066797072,mse,0.2559138103476774,False
daytime,485->184,1626,15,bezier_pgd,0.004385067964904,mse,0.0102741534264036,False
daytime,485->184,1626,15,bezier_ipopt,12.036398976983037,mse,0.0001757622532387,False
daytime,485->184,1626,15,bezier_nm,21.93426350597292,mse,0.2360509944651168,False
daytime,485->188,1626,15,bezier_pgd,0.0026303040212951,mse,0.0030366055967283,False
daytime,485->188,1626,15,bezier_ipopt,,mse,,True
daytime,485->188,1626,15,bezier_nm,25.90328209399013,mse,0.1208228622750529,False
daytime,485->227,1626,15,bezier_pgd,0.0022682840353809,mse,0.0121491824815054,False
daytime,485->227,1626,15,bezier_ipopt,5.668197554012295,mse,0.0001410803753222,False
daytime,485->227,1626,15,bezier_nm,22.14376861497294,mse,0.2692563667195577,False
daytime,485->489,1626,15,bezier_pgd,0.003792722010985,mse,0.007415935429769,False
daytime,485->489,1626,15,bezier_ipopt,4.526493856043089,mse,0.0001974853770215,False
daytime,485->489,1626,15,bezier_nm,23.998165348020848,mse,0.2166561350789736,False
daytime,486->123,1626,15,bezier_pgd,0.0024618480238132,mse,0.0004499308401745,False
daytime,486->123,1626,15,bezier_ipopt,6.499221395992208,mse,0.0001163696188009,False
daytime,486->123,1626,15,bezier_nm,22.510679399012588,mse,0.0602933442764947,False
daytime,486->194,1626,15,bezier_pgd,0.0043270949972793,mse,0.0139615946593051,False
daytime,486->194,1626,15,bezier_ipopt,6.623090681969188,mse,0.0001414246426164,False
daytime,486->194,1626,15,bezier_nm,21.89424702699762,mse,0.2531746770580343,False
daytime,486->363,1626,15,bezier_pgd,0.0023393990122713,mse,0.0169495717195656,False
daytime,486->363,1626,15,bezier_ipopt,6.456295932002831,mse,0.0001569561798132,False
daytime,486->363,1626,15,bezier_nm,22.850403284013737,mse,0.2738823188172269,False
daytime,486->403,1626,15,bezier_pgd,0.0027005290030501,mse,0.0283857905452652,False
daytime,486->403,1626,15,bezier_ipopt,8.204556006006896,mse,0.0001836762739109,False
daytime,486->403,1626,15,bezier_nm,22.334517107985448,mse,0.264990849827362,False
daytime,487->201,1626,15,bezier_pgd,0.0035734659759327,mse,0.0105554986567669,False
daytime,487->201,1626,15,bezier_ipopt,,mse,,True
daytime,487->201,1626,15,bezier_nm,24.261506356007885,mse,0.0935914575923201,False
daytime,487->293,1626,15,bezier_pgd,0.0033079580171033,mse,0.005657003173597,False
daytime,487->293,1626,15,bezier_ipopt,6.131539001013152,mse,0.0001183001836847,False
daytime,487->293,1626,15,bezier_nm,23.260419054015077,mse,0.2101168189610383,False
daytime,487->302,1626,15,bezier_pgd,0.0041499459766782,mse,0.0157097387304267,False
daytime,487->302,1626,15,bezier_ipopt,7.979276832949836,mse,0.0001154518458054,False
daytime,487->302,1626,15,bezier_nm,22.77245393698104,mse,0.268115477926256,False
daytime,487->317,1626,15,bezier_pgd,0.0023800749913789,mse,0.0009392007986643,False
daytime,487->317,1626,15,bezier_ipopt,5.710415282985196,mse,0.0001922028963248,False
daytime,487->317,1626,15,bezier_nm,23.36122905596858,mse,0.1545061003280527,False
daytime,488->21,1626,15,bezier_pgd,0.002115249983035,mse,0.0160351978695682,False
daytime,488->21,1626,15,bezier_ipopt,5.148819533002097,mse,0.0001472198954698,False
daytime,488->21,1626,15,bezier_nm,23.50818593602162,mse,0.2255741748964091,False
daytime,488->212,1626,15,bezier_pgd,0.0032092389883473,mse,0.0007623152405682,False
daytime,488->212,1626,15,bezier_ipopt,7.30104621197097,mse,0.0002287401581168,False
daytime,488->212,1626,15,bezier_nm,24.77123910904629,mse,0.0566019974896861,False
daytime,488->505,1626,15,bezier_pgd,0.0018949609948322,mse,0.0002754130112377,False
daytime,488->505,1626,15,bezier_ipopt,8.155356389994267,mse,0.0001104735594159,False
daytime,488->505,1626,15,bezier_nm,22.36008314503124,mse,0.0297179814855711,False
daytime,488->531,1626,15,bezier_pgd,0.0020353420404717,mse,0.0012834490753369,False
daytime,488->531,1626,15,bezier_ipopt,6.0854614350246266,mse,0.0002882078708104,False
daytime,488->531,1626,15,bezier_nm,22.51472648995696,mse,0.1241781834983062,False
daytime,489->218,1626,15,bezier_pgd,0.0026388149708509,mse,0.0108381747735326,False
daytime,489->218,1626,15,bezier_ipopt,17.453474864014424,mse,0.0001822569112909,False
daytime,489->218,1626,15,bezier_nm,21.750081653997768,mse,0.2648899929693344,False
daytime,489->311,1626,15,bezier_pgd,0.0048608799697831,mse,0.0071782753901169,False
daytime,489->311,1626,15,bezier_ipopt,5.797950799053069,mse,0.0001240282480949,False
daytime,489->311,1626,15,bezier_nm,22.079359758994546,mse,0.2443203553835879,False
daytime,489->338,1626,15,bezier_pgd,0.0024989249650388,mse,0.0017834596547591,False
daytime,489->338,1626,15,bezier_ipopt,6.53093310596887,mse,0.000209418250823,False
daytime,489->338,1626,15,bezier_nm,24.275511866027955,mse,0.146461665665166,False
daytime,489->485,1626,15,bezier_pgd,0.0029640279826708,mse,0.0137730052978346,False
daytime,489->485,1626,15,bezier_ipopt,7.3167997429845855,mse,0.0002015235411014,False
daytime,489->485,1626,15,bezier_nm,22.429631058999803,mse,0.2575936951192183,False
daytime,49->449,1626,15,bezier_pgd,0.0024048229679465,mse,1.895715985363177e-05,False
daytime,49->449,1626,15,bezier_ipopt,5.090762851003092,mse,5.763544686928642e-06,False
daytime,49->449,1626,15,bezier_nm,33.71052816801239,mse,0.0007992446072138,False
daytime,49->48,1626,15,bezier_pgd,0.0015376780065707,mse,2.352788751494293e-05,False
daytime,49->48,1626,15,bezier_ipopt,4.239086218003649,mse,7.578650398105787e-06,False
daytime,49->48,1626,15,bezier_nm,33.331863468978554,mse,0.0001520236517865,False
daytime,490->120,1626,15,bezier_pgd,0.0027406879817135,mse,0.0127866070658312,False
daytime,490->120,1626,15,bezier_ipopt,5.601386927010026,mse,0.000177280249995,False
daytime,490->120,1626,15,bezier_nm,22.95690818602452,mse,0.254351296523242,False
daytime,490->207,1626,15,bezier_pgd,0.0021793179912492,mse,0.0058523432890625,False
daytime,490->207,1626,15,bezier_ipopt,,mse,,True
daytime,490->207,1626,15,bezier_nm,22.594047017977573,mse,0.264518344248179,False
daytime,490->286,1626,15,bezier_pgd,0.0034557469771243,mse,0.0228559539274985,False
daytime,490->286,1626,15,bezier_ipopt,7.964431086031254,mse,0.0001926868771086,False
daytime,490->286,1626,15,bezier_nm,22.449138693977147,mse,0.2838252546810834,False
daytime,490->366,1626,15,bezier_pgd,0.0036712230066768,mse,0.0071883049961236,False
daytime,490->366,1626,15,bezier_ipopt,,mse,,True
daytime,490->366,1626,15,bezier_nm,22.794369901006576,mse,0.2693239179927146,False
daytime,491->219,1626,15,bezier_pgd,0.002220947004389,mse,0.0037328237206422,False
daytime,491->219,1626,15,bezier_ipopt,5.534840387990698,mse,0.0002021663945894,False
daytime,491->219,1626,15,bezier_nm,23.790558136999607,mse,0.1787189219120854,False
daytime,491->492,1626,15,bezier_pgd,0.0021188069949857,mse,0.0359850614696895,False
daytime,491->492,1626,15,bezier_ipopt,6.424268974980805,mse,0.0001764500554342,False
daytime,491->492,1626,15,bezier_nm,22.92553808097728,mse,0.2981808015795938,False
daytime,491->501,1626,15,bezier_pgd,0.002997130039148,mse,0.022221300720522,False
daytime,491->501,1626,15,bezier_ipopt,8.566520222986583,mse,0.0001460933421164,False
daytime,491->501,1626,15,bezier_nm,22.103579211980104,mse,0.2712535276772666,False
daytime,491->503,1626,15,bezier_pgd,0.0023246240452863,mse,0.0002152635628147,False
daytime,491->503,1626,15,bezier_ipopt,6.294103846012149,mse,8.134172289233228e-05,False
daytime,491->503,1626,15,bezier_nm,24.49107067403384,mse,0.0177663540240609,False
daytime,492->17,1626,15,bezier_pgd,0.0023739410098642,mse,0.0068901216537706,False
daytime,492->17,1626,15,bezier_ipopt,5.686722701007966,mse,0.0001293040523953,False
daytime,492->17,1626,15,bezier_nm,22.98075532400981,mse,0.2085859646639568,False
daytime,492->491,1626,15,bezier_pgd,0.0047889470006339,mse,0.0039942398057474,False
daytime,492->491,1626,15,bezier_ipopt,,mse,,True
daytime,492->491,1626,15,bezier_nm,23.402573779050726,mse,0.2424222705073766,False
daytime,492->501,1626,15,bezier_pgd,0.0025381579762324,mse,0.001818593969633,False
daytime,492->501,1626,15,bezier_ipopt,7.874961800000165,mse,0.0001610566212513,False
daytime,492->501,1626,15,bezier_nm,23.202560618985444,mse,0.1606749914426181,False
daytime,493->132,1626,15,bezier_pgd,0.0023108149762265,mse,0.023683361546585,False
daytime,493->132,1626,15,bezier_ipopt,6.32731954799965,mse,0.0002848818352854,False
daytime,493->132,1626,15,bezier_nm,23.04201015201397,mse,0.2759315412584813,False
daytime,493->394,1626,15,bezier_pgd,0.0021172770066186,mse,0.0262196004530897,False
daytime,493->394,1626,15,bezier_ipopt,,mse,,True
daytime,493->394,1626,15,bezier_nm,23.23992083594203,mse,0.2856132847941361,False
daytime,493->413,1626,15,bezier_pgd,0.0022702820133417,mse,0.0541616724368794,False
daytime,493->413,1626,15,bezier_ipopt,,mse,,True
daytime,493->413,1626,15,bezier_nm,21.61646753700916,mse,0.2974912080784336,False
daytime,494->220,1626,15,bezier_pgd,0.0025180460070259,mse,0.0126868625179093,False
daytime,494->220,1626,15,bezier_ipopt,6.3318423890159465,mse,0.0002182261402972,False
daytime,494->220,1626,15,bezier_nm,22.261034808994737,mse,0.269313565712458,False
daytime,494->257,1626,15,bezier_pgd,0.0027211660053581,mse,0.0169596337600292,False
daytime,494->257,1626,15,bezier_ipopt,6.88558441499481,mse,0.0002181983392497,False
daytime,494->257,1626,15,bezier_nm,22.814400020986795,mse,0.2643248785060931,False
daytime,494->268,1626,15,bezier_pgd,0.0022561670048162,mse,0.0077762734159524,False
daytime,494->268,1626,15,bezier_ipopt,5.31869020499289,mse,7.427699495837138e-05,False
daytime,494->268,1626,15,bezier_nm,21.74965531099588,mse,0.2651340378003443,False
daytime,494->371,1626,15,bezier_pgd,0.0026588699547573,mse,0.0069703174844023,False
daytime,494->371,1626,15,bezier_ipopt,5.836829781008419,mse,0.0001665761560979,False
daytime,494->371,1626,15,bezier_nm,23.62236254400341,mse,0.2671971035486764,False
daytime,495->190,1626,15,bezier_pgd,0.0025834990083239,mse,0.0202184001451796,False
daytime,495->190,1626,15,bezier_ipopt,5.218595133977942,mse,0.0002812064699515,False
daytime,495->190,1626,15,bezier_nm,21.940838829963468,mse,0.2743058318005761,False
daytime,495->226,1626,15,bezier_pgd,0.0039294070447795,mse,0.0162319046671876,False
daytime,495->226,1626,15,bezier_ipopt,4.886339417018462,mse,0.000258936481798,False
daytime,495->226,1626,15,bezier_nm,21.978012041014157,mse,0.2482761521053148,False
daytime,495->237,1626,15,bezier_pgd,0.0020892799948342,mse,0.0082642159000516,False
daytime,495->237,1626,15,bezier_ipopt,13.64824867900461,mse,9.848124127336498e-05,False
daytime,495->237,1626,15,bezier_nm,21.494578131998423,mse,0.26884713831901,False
daytime,495->282,1626,15,bezier_pgd,0.0027468820335343,mse,0.0019284885687678,False
daytime,495->282,1626,15,bezier_ipopt,6.859337252040859,mse,0.0001743490892127,False
daytime,495->282,1626,15,bezier_nm,26.877746573009063,mse,0.1516086489951515,False
daytime,496->431,1626,15,bezier_pgd,0.0023606999893672,mse,0.0127477621221572,False
daytime,496->431,1626,15,bezier_ipopt,4.683222919993568,mse,0.0002702072491197,False
daytime,496->431,1626,15,bezier_nm,23.261948218976613,mse,0.232230271269636,False
daytime,496->455,1626,15,bezier_pgd,0.0016119509818963,mse,0.0002084761524047,False
daytime,496->455,1626,15,bezier_ipopt,4.441615550022107,mse,0.0001789181418683,False
daytime,496->455,1626,15,bezier_nm,33.8928760800045,mse,0.0047408911348035,False
daytime,496->482,1626,15,bezier_pgd,0.0024498149869032,mse,0.0003682515741677,False
daytime,496->482,1626,15,bezier_ipopt,5.864736743969843,mse,0.000117271607762,False
daytime,496->482,1626,15,bezier_nm,24.02666989096906,mse,0.1395007738827851,False
daytime,496->511,1626,15,bezier_pgd,0.0019341079751029,mse,0.0013944283082922,False
daytime,496->511,1626,15,bezier_ipopt,5.827960089023691,mse,0.0002336133866143,False
daytime,496->511,1626,15,bezier_nm,25.959399308019783,mse,0.1058693041466364,False
daytime,497->263,1626,15,bezier_pgd,0.0024847729946486,mse,0.0106059243312288,False
daytime,497->263,1626,15,bezier_ipopt,5.205707889981568,mse,0.0002122828712025,False
daytime,497->263,1626,15,bezier_nm,23.044636677019295,mse,0.2385207055556357,False
daytime,497->287,1626,15,bezier_pgd,0.0034378620330244,mse,0.0026063103284111,False
daytime,497->287,1626,15,bezier_ipopt,6.064357533992734,mse,0.0002282457806501,False
daytime,497->287,1626,15,bezier_nm,26.77301509899553,mse,0.1560816592181257,False
daytime,497->431,1626,15,bezier_pgd,0.0024399450048804,mse,0.003593003753942,False
daytime,497->431,1626,15,bezier_ipopt,5.702625453996006,mse,0.0001238394409614,False
daytime,497->431,1626,15,bezier_nm,22.619849890004843,mse,0.2114358601047528,False
daytime,497->535,1626,15,bezier_pgd,0.0022434359998442,mse,0.0011074713608312,False
daytime,497->535,1626,15,bezier_ipopt,62.744103073957376,mse,0.0001640559636453,False
daytime,497->535,1626,15,bezier_nm,22.732173992029857,mse,0.1781639702582309,False
daytime,498->148,1626,15,bezier_pgd,0.0032059460063464,mse,0.000740788460467,False
daytime,498->148,1626,15,bezier_ipopt,7.835845377005171,mse,0.0001968973763121,False
daytime,498->148,1626,15,bezier_nm,24.386152837018017,mse,0.0737413327723822,False
daytime,498->236,1626,15,bezier_pgd,0.0024328059516847,mse,0.0005544152764117,False
daytime,498->236,1626,15,bezier_ipopt,6.223216372018214,mse,0.0001694369544988,False
daytime,498->236,1626,15,bezier_nm,23.827811217983253,mse,0.1521634023505284,False
daytime,498->257,1626,15,bezier_pgd,0.0038879960193298,mse,0.001001934425701,False
daytime,498->257,1626,15,bezier_ipopt,6.590691085031722,mse,0.0001974030864076,False
daytime,498->257,1626,15,bezier_nm,24.19658814597642,mse,0.0822256166408287,False
daytime,498->369,1626,15,bezier_pgd,0.0022094190353527,mse,0.0003351473170349,False
daytime,498->369,1626,15,bezier_ipopt,7.209796691022348,mse,0.0001431796653622,False
daytime,498->369,1626,15,bezier_nm,25.151937173039187,mse,0.103547886370904,False
daytime,499->303,1626,15,bezier_pgd,0.0022848790395073,mse,0.0085036199484561,False
daytime,499->303,1626,15,bezier_ipopt,6.798313078004867,mse,0.0001292579694897,False
daytime,499->303,1626,15,bezier_nm,22.49565222504316,mse,0.2739752670303618,False
daytime,499->360,1626,15,bezier_pgd,0.0041807579691521,mse,0.0009461601495751,False
daytime,499->360,1626,15,bezier_ipopt,,mse,,True
daytime,499->360,1626,15,bezier_nm,24.025392122974157,mse,0.1178231076329814,False
daytime,499->362,1626,15,bezier_pgd,0.0029779670294374,mse,0.0003702535154326,False
daytime,499->362,1626,15,bezier_ipopt,5.098675223009195,mse,0.0001207007162256,False
daytime,499->362,1626,15,bezier_nm,33.48432964301901,mse,0.002415458103414,False
daytime,499->9,1626,15,bezier_pgd,0.0022952309809625,mse,0.0065949428434698,False
daytime,499->9,1626,15,bezier_ipopt,6.163410636014305,mse,0.0001476742100211,False
daytime,499->9,1626,15,bezier_nm,25.133863080991432,mse,0.1873010664839295,False
daytime,5->106,1626,15,bezier_pgd,0.0014527460443787,mse,1.49053067298647e-05,False
daytime,5->106,1626,15,bezier_ipopt,5.904972810996696,mse,5.8984033732210455e-06,False
daytime,5->106,1626,15,bezier_nm,30.41281266498845,mse,0.0006082586897769,False
daytime,50->51,1626,15,bezier_pgd,0.0016035219887271,mse,1.9013566680912718e-05,False
daytime,50->51,1626,15,bezier_ipopt,5.499171402945649,mse,5.518003070408832e-06,False
daytime,50->51,1626,15,bezier_nm,30.056638602982275,mse,0.0004369903155153,False
daytime,50->55,1626,15,bezier_pgd,0.0017460720264352,mse,1.4159976908266652e-05,False
daytime,50->55,1626,15,bezier_ipopt,5.468982642982155,mse,4.476648200623286e-06,False
daytime,50->55,1626,15,bezier_nm,29.489678389043547,mse,0.0006008661679016,False
daytime,500->253,1626,15,bezier_pgd,0.0024878080002963,mse,0.0076280518344784,False
daytime,500->253,1626,15,bezier_ipopt,5.136935229005758,mse,0.0001869238166419,False
daytime,500->253,1626,15,bezier_nm,23.94609549996676,mse,0.2334466261827965,False
daytime,500->304,1626,15,bezier_pgd,0.0021905830362811,mse,0.0008505157460219,False
daytime,500->304,1626,15,bezier_ipopt,6.710293622978497,mse,9.433142349118796e-05,False
daytime,500->304,1626,15,bezier_nm,23.982418874045837,mse,0.1276998344807831,False
daytime,500->309,1626,15,bezier_pgd,0.0022551050060428,mse,0.0080534132416338,False
daytime,500->309,1626,15,bezier_ipopt,5.7453703680075705,mse,0.0002608956465156,False
daytime,500->309,1626,15,bezier_nm,23.826326828973837,mse,0.2008615374265243,False
daytime,500->406,1626,15,bezier_pgd,0.0043138730106875,mse,0.0077200724636512,False
daytime,500->406,1626,15,bezier_ipopt,5.32030963699799,mse,0.0001782169944208,False
daytime,500->406,1626,15,bezier_nm,22.719049528008327,mse,0.2316511286559173,False
daytime,501->256,1626,15,bezier_pgd,0.0021696760086342,mse,0.0030365030590789,False
daytime,501->256,1626,15,bezier_ipopt,7.626411603007,mse,0.000150545828218,False
daytime,501->256,1626,15,bezier_nm,22.125920983031392,mse,0.1482231257955262,False
daytime,501->382,1626,15,bezier_pgd,0.0027063379529863,mse,0.0186567605815098,False
daytime,501->382,1626,15,bezier_ipopt,5.414469601993915,mse,0.0001867430777828,False
daytime,501->382,1626,15,bezier_nm,22.43623111699708,mse,0.2628528097872495,False
daytime,501->491,1626,15,bezier_pgd,0.0025573269813321,mse,0.0057406232408067,False
daytime,501->491,1626,15,bezier_ipopt,,mse,,True
daytime,501->491,1626,15,bezier_nm,23.524094040039927,mse,0.196816233641664,False
daytime,501->492,1626,15,bezier_pgd,0.0023205470060929,mse,0.0004674693163552,False
daytime,501->492,1626,15,bezier_ipopt,7.285107742005493,mse,0.0001494773362046,False
daytime,501->492,1626,15,bezier_nm,24.858686032996047,mse,0.0993719939466896,False
daytime,502->367,1626,15,bezier_pgd,0.0026178879779763,mse,0.0216544591931219,False
daytime,502->367,1626,15,bezier_ipopt,4.688101264997385,mse,0.0002709512568149,False
daytime,502->367,1626,15,bezier_nm,21.97612451697933,mse,0.247839801279958,False
daytime,502->379,1626,15,bezier_pgd,0.0024788549635559,mse,0.0177027747228582,False
daytime,502->379,1626,15,bezier_ipopt,6.496478726970963,mse,0.0002791041599747,False
daytime,502->379,1626,15,bezier_nm,21.882438283006195,mse,0.2462656401751989,False
daytime,502->482,1626,15,bezier_pgd,0.0034992019645869,mse,0.0038263796268291,False
daytime,502->482,1626,15,bezier_ipopt,5.542756564973388,mse,0.000178993675675,False
daytime,502->482,1626,15,bezier_nm,22.68378992000362,mse,0.2054542119770121,False
daytime,502->520,1626,15,bezier_pgd,0.0022781119914725,mse,0.000161417695588,False
daytime,502->520,1626,15,bezier_ipopt,6.978812865971122,mse,9.042033091258198e-05,False
daytime,502->520,1626,15,bezier_nm,32.72757615102455,mse,0.0015008023289582,False
daytime,503->296,1626,15,bezier_pgd,0.0023233429528772,mse,0.0073778359461117,False
daytime,503->296,1626,15,bezier_ipopt,5.288272240024526,mse,0.000108497726645,False
daytime,503->296,1626,15,bezier_nm,21.6966508969781,mse,0.2577013075748337,False
daytime,503->395,1626,15,bezier_pgd,0.0021811320330016,mse,0.0294511289852589,False
daytime,503->395,1626,15,bezier_ipopt,6.579561309015844,mse,0.0001320007798446,False
daytime,503->395,1626,15,bezier_nm,23.42684780701529,mse,0.2959379922715969,False
daytime,503->491,1626,15,bezier_pgd,0.002301613043528,mse,0.0002741556905388,False
daytime,503->491,1626,15,bezier_ipopt,7.598552565032151,mse,0.0001304758534378,False
daytime,503->491,1626,15,bezier_nm,23.764577557973094,mse,0.1076021868715405,False
daytime,503->512,1626,15,bezier_pgd,0.0020131379715166,mse,0.0039269512517248,False
daytime,503->512,1626,15,bezier_ipopt,5.756619234045502,mse,0.0001669860540748,False
daytime,503->512,1626,15,bezier_nm,24.12536620598985,mse,0.1453089031765382,False
daytime,504->206,1626,15,bezier_pgd,0.0023647269699722,mse,0.0012707585118291,False
daytime,504->206,1626,15,bezier_ipopt,4.852802544017322,mse,0.0001602135516058,False
daytime,504->206,1626,15,bezier_nm,22.896288870018907,mse,0.1802522164351796,False
daytime,504->207,1626,15,bezier_pgd,0.0027263829833827,mse,0.0011140338067935,False
daytime,504->207,1626,15,bezier_ipopt,11.401984239986632,mse,0.0001150383871062,False
daytime,504->207,1626,15,bezier_nm,23.85901964898221,mse,0.1075747865133625,False
daytime,504->343,1626,15,bezier_pgd,0.0018693219753913,mse,0.0057051486364768,False
daytime,504->343,1626,15,bezier_ipopt,5.781082684989087,mse,0.0001642350637171,False
daytime,504->343,1626,15,bezier_nm,24.62202004599385,mse,0.0934869270428071,False
daytime,504->424,1626,15,bezier_pgd,0.0037699620006605,mse,0.0174283501009559,False
daytime,504->424,1626,15,bezier_ipopt,7.789851409965195,mse,7.676693492121022e-05,False
daytime,504->424,1626,15,bezier_nm,22.21071218600264,mse,0.2494624704625932,False
daytime,505->263,1626,15,bezier_pgd,0.0025595510378479,mse,0.0032531391664574,False
daytime,505->263,1626,15,bezier_ipopt,6.69731589400908,mse,0.0001419544072423,False
daytime,505->263,1626,15,bezier_nm,23.703413384966552,mse,0.1567045452368168,False
daytime,505->407,1626,15,bezier_pgd,0.00249599898234,mse,0.0041534324251414,False
daytime,505->407,1626,15,bezier_ipopt,6.800869557016995,mse,0.0001368727546744,False
daytime,505->407,1626,15,bezier_nm,23.59821164800087,mse,0.2101931938821924,False
daytime,505->488,1626,15,bezier_pgd,0.0023744460195302,mse,0.0179663871912917,False
daytime,505->488,1626,15,bezier_ipopt,,mse,,True
daytime,505->488,1626,15,bezier_nm,23.131537048029717,mse,0.2410140949026679,False
daytime,505->532,1626,15,bezier_pgd,0.0039047099999152,mse,0.0014696441956147,False
daytime,505->532,1626,15,bezier_ipopt,5.255867801955901,mse,0.0001140376282553,False
daytime,505->532,1626,15,bezier_nm,21.802210958034262,mse,0.181213107060121,False
daytime,506->19,1626,15,bezier_pgd,0.0022859000018797,mse,0.0181635202793575,False
daytime,506->19,1626,15,bezier_ipopt,7.050186057982501,mse,0.0002184492908785,False
daytime,506->19,1626,15,bezier_nm,22.68407048197696,mse,0.281347065852394,False
daytime,506->296,1626,15,bezier_pgd,0.0036267620162107,mse,0.0005914480602341,False
daytime,506->296,1626,15,bezier_ipopt,57.02082866802812,mse,0.0001403739254327,False
daytime,506->296,1626,15,bezier_nm,24.26295170898084,mse,0.1273095204362777,False
daytime,506->304,1626,15,bezier_pgd,0.002008558018133,mse,0.0015231410207729,False
daytime,506->304,1626,15,bezier_ipopt,,mse,,True
daytime,506->304,1626,15,bezier_nm,24.41239808598766,mse,0.1155184523815394,False
daytime,506->458,1626,15,bezier_pgd,0.0021157650044187,mse,0.0198369809711464,False
daytime,506->458,1626,15,bezier_ipopt,,mse,,True
daytime,506->458,1626,15,bezier_nm,22.16986081097275,mse,0.2922281988918584,False
daytime,507->150,1626,15,bezier_pgd,0.0033128240029327,mse,0.0030944339456176,False
daytime,507->150,1626,15,bezier_ipopt,8.575565788021777,mse,9.99882340568896e-05,False
daytime,507->150,1626,15,bezier_nm,25.08559932396747,mse,0.1448764385169542,False
daytime,507->302,1626,15,bezier_pgd,0.0025702419807203,mse,0.0005042708408851,False
daytime,507->302,1626,15,bezier_ipopt,7.044509937986732,mse,8.35869057554269e-05,False
daytime,507->302,1626,15,bezier_nm,23.22296987799928,mse,0.0380219903140084,False
daytime,507->404,1626,15,bezier_pgd,0.0023491669562645,mse,0.0004394594427567,False
daytime,507->404,1626,15,bezier_ipopt,5.282599296013359,mse,0.0001734606192669,False
daytime,507->404,1626,15,bezier_nm,25.50559776398586,mse,0.0828525393621568,False
daytime,507->424,1626,15,bezier_pgd,0.0019046129891648,mse,0.0025663341140179,False
daytime,507->424,1626,15,bezier_ipopt,6.462672379042488,mse,0.0001703434734259,False
daytime,507->424,1626,15,bezier_nm,22.996204430994112,mse,0.0697619115953106,False
daytime,508->230,1626,15,bezier_pgd,0.0024887149920687,mse,0.0706656492295813,False
daytime,508->230,1626,15,bezier_ipopt,,mse,,True
daytime,508->230,1626,15,bezier_nm,22.77011138002854,mse,0.2899169457272677,False
daytime,508->428,1626,15,bezier_pgd,0.0017678249860182,mse,0.0456373002131764,False
daytime,508->428,1626,15,bezier_ipopt,,mse,,True
daytime,508->428,1626,15,bezier_nm,22.501356739958283,mse,0.4364871765079774,False
daytime,508->442,1626,15,bezier_pgd,0.0044129810412414,mse,0.0018441421278592,False
daytime,508->442,1626,15,bezier_ipopt,,mse,,True
daytime,508->442,1626,15,bezier_nm,23.980896188004408,mse,0.1892838240013445,False
daytime,508->446,1626,15,bezier_pgd,0.0021407560561783,mse,0.0184218711320224,False
daytime,508->446,1626,15,bezier_ipopt,4.774293833004776,mse,8.643299951056531e-05,False
daytime,508->446,1626,15,bezier_nm,22.20199358800892,mse,0.2369891872314187,False
daytime,509->145,1626,15,bezier_pgd,0.0022285630111582,mse,0.0048844461743495,False
daytime,509->145,1626,15,bezier_ipopt,6.394728467974346,mse,0.0001281244509959,False
daytime,509->145,1626,15,bezier_nm,23.730294685054105,mse,0.1684867366960143,False
daytime,509->290,1626,15,bezier_pgd,0.0021880670101381,mse,0.0139144075296414,False
daytime,509->290,1626,15,bezier_ipopt,,mse,,True
daytime,509->290,1626,15,bezier_nm,22.08535196998855,mse,0.263957035496368,False
daytime,509->315,1626,15,bezier_pgd,0.0036239000037312,mse,0.0002724985228754,False
daytime,509->315,1626,15,bezier_ipopt,5.294100450002588,mse,0.0001689979440095,False
daytime,509->315,1626,15,bezier_nm,23.862826956028584,mse,0.1070287095958228,False
daytime,509->470,1626,15,bezier_pgd,0.0041777159785851,mse,0.0002972702505026,False
daytime,509->470,1626,15,bezier_ipopt,6.542933189019095,mse,9.596177965785162e-05,False
daytime,509->470,1626,15,bezier_nm,32.14181889302563,mse,0.0058519139451648,False
daytime,51->241,1626,15,bezier_pgd,0.0031617259955964,mse,0.3396669004799231,False
daytime,51->241,1626,15,bezier_ipopt,5.136524239962455,mse,4.127708643391418e-05,False
daytime,51->241,1626,15,bezier_nm,22.58993121102685,mse,0.6706858463925138,False
daytime,51->50,1626,15,bezier_pgd,0.0019232370541431,mse,2.3967660320883272e-05,False
daytime,51->50,1626,15,bezier_ipopt,4.213308128004428,mse,6.948711235582698e-06,False
daytime,51->50,1626,15,bezier_nm,32.03398124797968,mse,0.0005950397273882,False
daytime,510->108,1626,15,bezier_pgd,0.0020336050074547,mse,0.0022077304837727,False
daytime,510->108,1626,15,bezier_ipopt,6.120952741999645,mse,0.0002466853741003,False
daytime,510->108,1626,15,bezier_nm,22.480926398013253,mse,0.0896716604614217,False
daytime,510->141,1626,15,bezier_pgd,0.002742621989455,mse,0.0003608180278467,False
daytime,510->141,1626,15,bezier_ipopt,,mse,,True
daytime,510->141,1626,15,bezier_nm,33.67654751299415,mse,0.003830454682393,False
daytime,510->84,1626,15,bezier_pgd,0.0031178740318864,mse,0.0067238314481446,False
daytime,510->84,1626,15,bezier_ipopt,,mse,,True
daytime,510->84,1626,15,bezier_nm,22.56863450299716,mse,0.26003470743982,False
daytime,511->129,1626,15,bezier_pgd,0.0022340260329656,mse,0.0130717739068738,False
daytime,511->129,1626,15,bezier_ipopt,6.5600154580315575,mse,0.0001904179132665,False
daytime,511->129,1626,15,bezier_nm,23.796977457008325,mse,0.2834781777068053,False
daytime,511->407,1626,15,bezier_pgd,0.0023009559954516,mse,0.0104568283487099,False
daytime,511->407,1626,15,bezier_ipopt,6.156760776997544,mse,0.0001815655508162,False
daytime,511->407,1626,15,bezier_nm,22.41382612998132,mse,0.2651287322758657,False
daytime,511->482,1626,15,bezier_pgd,0.0025217169895768,mse,0.0089000770292795,False
daytime,511->482,1626,15,bezier_ipopt,5.567650186014362,mse,0.0001520158459696,False
daytime,511->482,1626,15,bezier_nm,22.01257264398737,mse,0.2244868693473665,False
daytime,511->496,1626,15,bezier_pgd,0.0019361939630471,mse,0.0024385554885137,False
daytime,511->496,1626,15,bezier_ipopt,,mse,,True
daytime,511->496,1626,15,bezier_nm,25.67435480299173,mse,0.0966982374789837,False
daytime,512->363,1626,15,bezier_pgd,0.0021503000170923,mse,0.006849878373232,False
daytime,512->363,1626,15,bezier_ipopt,5.794286412012298,mse,0.0002010542355148,False
daytime,512->363,1626,15,bezier_nm,23.17557919200044,mse,0.1863414331124285,False
daytime,512->382,1626,15,bezier_pgd,0.002599342027679,mse,0.0144895220190376,False
daytime,512->382,1626,15,bezier_ipopt,5.14001528598601,mse,0.0001945933335679,False
daytime,512->382,1626,15,bezier_nm,23.80495613499079,mse,0.263501384032958,False
daytime,512->406,1626,15,bezier_pgd,0.0026907270075753,mse,0.0037864232586712,False
daytime,512->406,1626,15,bezier_ipopt,5.5020923289703205,mse,0.000122399623642,False
daytime,512->406,1626,15,bezier_nm,23.228861768031493,mse,0.2364754730580703,False
daytime,512->503,1626,15,bezier_pgd,0.0048179340083152,mse,0.0050945726442718,False
daytime,512->503,1626,15,bezier_ipopt,,mse,,True
daytime,512->503,1626,15,bezier_nm,23.79831977497088,mse,0.2188879124968497,False
daytime,513->179,1626,15,bezier_pgd,0.0023311330005526,mse,0.0007614444586371,False
daytime,513->179,1626,15,bezier_ipopt,,mse,,True
daytime,513->179,1626,15,bezier_nm,23.41438193997601,mse,0.1170905113258753,False
daytime,513->188,1626,15,bezier_pgd,0.002791165956296,mse,0.0288203121599089,False
daytime,513->188,1626,15,bezier_ipopt,5.78426062699873,mse,0.0002299756763289,False
daytime,513->188,1626,15,bezier_nm,23.573058523004875,mse,0.2867352456812496,False
daytime,513->365,1626,15,bezier_pgd,0.0035485080443322,mse,0.0093870221722661,False
daytime,513->365,1626,15,bezier_ipopt,,mse,,True
daytime,513->365,1626,15,bezier_nm,22.61110757099232,mse,0.2490879436417646,False
daytime,513->479,1626,15,bezier_pgd,0.0025227420264855,mse,0.0029521850316628,False
daytime,513->479,1626,15,bezier_ipopt,7.6830978720099665,mse,0.000102405243581,False
daytime,513->479,1626,15,bezier_nm,22.86509286198998,mse,0.1647811718701501,False
daytime,514->187,1626,15,bezier_pgd,0.002282683039084,mse,0.0099554641523673,False
daytime,514->187,1626,15,bezier_ipopt,6.151880135992542,mse,0.0002984487902385,False
daytime,514->187,1626,15,bezier_nm,24.547417894995306,mse,0.1592315885107722,False
daytime,514->303,1626,15,bezier_pgd,0.0039751810254529,mse,0.0179649784306063,False
daytime,514->303,1626,15,bezier_ipopt,5.87755987199489,mse,0.0002356962987444,False
daytime,514->303,1626,15,bezier_nm,22.2963109749835,mse,0.2505974911091507,False
daytime,514->342,1626,15,bezier_pgd,0.0024564099730923,mse,0.0061292444934704,False
daytime,514->342,1626,15,bezier_ipopt,6.189061430981383,mse,0.0001520087492388,False
daytime,514->342,1626,15,bezier_nm,24.80865166301373,mse,0.2069177088838769,False
daytime,514->366,1626,15,bezier_pgd,0.002761419978924,mse,0.0113871136624792,False
daytime,514->366,1626,15,bezier_ipopt,6.849266314995475,mse,0.0001313394302605,False
daytime,514->366,1626,15,bezier_nm,21.565221270022448,mse,0.2475776103190248,False
daytime,515->372,1626,15,bezier_pgd,0.0022845860221423,mse,9.206389324750351e-05,False
daytime,515->372,1626,15,bezier_ipopt,6.686092172050849,mse,5.226232301458998e-06,False
daytime,515->372,1626,15,bezier_nm,34.71463385701645,mse,0.0010654994319816,False
daytime,515->445,1626,15,bezier_pgd,0.0026660889852792,mse,0.0201052023684183,False
daytime,515->445,1626,15,bezier_ipopt,6.240427611977793,mse,0.0001577310633542,False
daytime,515->445,1626,15,bezier_nm,23.975896457966883,mse,0.2690142010779444,False
daytime,515->528,1626,15,bezier_pgd,0.0028056200244463,mse,0.0087135073198072,False
daytime,515->528,1626,15,bezier_ipopt,,mse,,True
daytime,515->528,1626,15,bezier_nm,22.678229248034768,mse,0.2235972938999874,False
daytime,515->6,1626,15,bezier_pgd,0.0019857069710269,mse,0.0074183530842672,False
daytime,515->6,1626,15,bezier_ipopt,5.660345823038369,mse,2.8459817868930705e-05,False
daytime,515->6,1626,15,bezier_nm,24.30714769399492,mse,0.0835880337505416,False
daytime,516->15,1626,15,bezier_pgd,0.0023796400055289,mse,0.0788184609061825,False
daytime,516->15,1626,15,bezier_ipopt,,mse,,True
daytime,516->15,1626,15,bezier_nm,22.786000962019894,mse,0.3248956980598352,False
daytime,516->22,1626,15,bezier_pgd,0.0038438999908976,mse,0.0040881172055381,False
daytime,516->22,1626,15,bezier_ipopt,,mse,,True
daytime,516->22,1626,15,bezier_nm,26.987140254001133,mse,0.2264614502821332,False
daytime,516->536,3252,15,bezier_pgd,0.0032988470047712,mse,0.0287580100187431,False
daytime,516->536,3252,15,bezier_ipopt,,mse,,True
daytime,516->536,3252,15,bezier_nm,45.87458535598125,mse,0.3741135927202065,False
daytime,517->11,1626,15,bezier_pgd,0.0025313849910162,mse,0.0004837046510503,False
daytime,517->11,1626,15,bezier_ipopt,7.396864812995773,mse,0.000191755288481,False
daytime,517->11,1626,15,bezier_nm,25.189330193970815,mse,0.1108718966049704,False
daytime,517->136,1626,15,bezier_pgd,0.002225452044513,mse,0.0145143320338718,False
daytime,517->136,1626,15,bezier_ipopt,6.261573528987356,mse,0.0001596815313866,False
daytime,517->136,1626,15,bezier_nm,22.842605805955827,mse,0.2734456867393005,False
daytime,517->164,1626,15,bezier_pgd,0.0025109370471909,mse,0.009517589632643,False
daytime,517->164,1626,15,bezier_ipopt,4.365237443009391,mse,0.0001688040683949,False
daytime,517->164,1626,15,bezier_nm,22.35290800104849,mse,0.2360749847724284,False
daytime,517->175,1626,15,bezier_pgd,0.0028377919807098,mse,0.0131405498115122,False
daytime,517->175,1626,15,bezier_ipopt,4.735677374002989,mse,0.0001965201306581,False
daytime,517->175,1626,15,bezier_nm,23.187890892964788,mse,0.2539963594010727,False
daytime,517->305,1626,15,bezier_pgd,0.0027996030403301,mse,0.0011781110849662,False
daytime,517->305,1626,15,bezier_ipopt,6.259274145006202,mse,0.0001857802905191,False
daytime,517->305,1626,15,bezier_nm,27.701974013005383,mse,0.1131729476496699,False
daytime,517->350,1626,15,bezier_pgd,0.0024924839963205,mse,0.008427608398083,False
daytime,517->350,1626,15,bezier_ipopt,5.1335651210392825,mse,0.0001933430165259,False
daytime,517->350,1626,15,bezier_nm,23.338713067001663,mse,0.211372419783024,False
daytime,518->525,1626,15,bezier_pgd,0.0022988860146142,mse,0.0208291431370077,False
daytime,518->525,1626,15,bezier_ipopt,5.18566096801078,mse,4.452861072138084e-05,False
daytime,518->525,1626,15,bezier_nm,22.363318805990275,mse,0.2261806239914682,False
daytime,518->527,3252,15,bezier_pgd,0.003822628990747,mse,0.0080993188414058,False
daytime,518->527,3252,15,bezier_ipopt,13.0936215390102,mse,0.0004116851693981,False
daytime,518->527,3252,15,bezier_nm,46.28776208200725,mse,0.245117558924145,False
daytime,518->6,1626,15,bezier_pgd,0.001972509024199,mse,0.0126693719859879,False
daytime,518->6,1626,15,bezier_ipopt,5.371498227992561,mse,4.671943280837852e-05,False
daytime,518->6,1626,15,bezier_nm,25.36747561499942,mse,0.1351879906094711,False
daytime,519->483,1626,15,bezier_pgd,0.0018820789991877,mse,0.0412605014912885,False
daytime,519->483,1626,15,bezier_ipopt,,mse,,True
daytime,519->483,1626,15,bezier_nm,23.49647889501648,mse,0.3443794441608744,False
daytime,519->523,1626,15,bezier_pgd,0.0027651409618556,mse,0.0036140134166152,False
daytime,519->523,1626,15,bezier_ipopt,,mse,,True
daytime,519->523,1626,15,bezier_nm,21.97124166897265,mse,0.1522534121462608,False
daytime,519->530,1626,15,bezier_pgd,0.0029932190082035,mse,0.0100784925467836,False
daytime,519->530,1626,15,bezier_ipopt,,mse,,True
daytime,519->530,1626,15,bezier_nm,22.01658517296892,mse,0.2839691704894613,False
daytime,52->53,1626,15,bezier_pgd,0.0016743600135669,mse,1.924102628418336e-05,False
daytime,52->53,1626,15,bezier_ipopt,4.905153720988892,mse,7.008534867955199e-06,False
daytime,52->53,1626,15,bezier_nm,31.543557926022917,mse,0.0007249791279157,False
daytime,52->54,1626,15,bezier_pgd,0.0016125179827213,mse,1.868395271573685e-05,False
daytime,52->54,1626,15,bezier_ipopt,5.825771087023895,mse,5.408973757109946e-06,False
daytime,52->54,1626,15,bezier_nm,30.51319513801718,mse,0.0006096101485471,False
daytime,520->214,1626,15,bezier_pgd,0.0041687430348247,mse,0.0078835305324912,False
daytime,520->214,1626,15,bezier_ipopt,4.943404223013204,mse,0.0001696842317229,False
daytime,520->214,1626,15,bezier_nm,22.68635254097171,mse,0.2313923879336409,False
daytime,520->250,1626,15,bezier_pgd,0.0040396489785052,mse,0.0009868998577766,False
daytime,520->250,1626,15,bezier_ipopt,7.622714348952286,mse,0.0001209425272974,False
daytime,520->250,1626,15,bezier_nm,25.171713042014744,mse,0.1196819148652588,False
daytime,520->482,1626,15,bezier_pgd,0.0024495680117979,mse,0.0106831112191382,False
daytime,520->482,1626,15,bezier_ipopt,5.734528881963342,mse,0.0002089592400899,False
daytime,520->482,1626,15,bezier_nm,21.52349987399066,mse,0.235998338807625,False
daytime,520->502,1626,15,bezier_pgd,0.0026014280156232,mse,0.017156510107532,False
daytime,520->502,1626,15,bezier_ipopt,6.971569283050485,mse,0.0001926859405251,False
daytime,520->502,1626,15,bezier_nm,22.21487760497257,mse,0.274343162923617,False
daytime,521->175,1626,15,bezier_pgd,0.0035852630389854,mse,0.0124845771830993,False
daytime,521->175,1626,15,bezier_ipopt,6.477358623000328,mse,0.0001277756154219,False
daytime,521->175,1626,15,bezier_nm,22.19033773196861,mse,0.2745703369656675,False
daytime,521->246,1626,15,bezier_pgd,0.0022196220234036,mse,0.0016298245009067,False
daytime,521->246,1626,15,bezier_ipopt,4.32469006505562,mse,0.0001714479977311,False
daytime,521->246,1626,15,bezier_nm,24.996684380981605,mse,0.115186801404826,False
daytime,521->400,1626,15,bezier_pgd,0.0019956229953095,mse,0.0002235268408896,False
daytime,521->400,1626,15,bezier_ipopt,5.926951342029497,mse,8.64541471597054e-05,False
daytime,521->400,1626,15,bezier_nm,23.975443407020062,mse,0.0668000200937135,False
daytime,522->210,1626,15,bezier_pgd,0.0019880989566445,mse,0.0269728296879904,False
daytime,522->210,1626,15,bezier_ipopt,5.237953444011509,mse,0.0002202932904117,False
daytime,522->210,1626,15,bezier_nm,21.89653896202799,mse,0.2878485523511921,False
daytime,522->266,1626,15,bezier_pgd,0.0020686450297944,mse,0.0003665591740962,False
daytime,522->266,1626,15,bezier_ipopt,7.200370838982053,mse,0.0001369429669124,False
daytime,522->266,1626,15,bezier_nm,23.70524339599069,mse,0.04172502934225,False
daytime,522->344,1626,15,bezier_pgd,0.0023369299597106,mse,0.0103526741332839,False
daytime,522->344,1626,15,bezier_ipopt,5.858010853000451,mse,0.0001579124522048,False
daytime,522->344,1626,15,bezier_nm,23.19436860998394,mse,0.2663193602804093,False
daytime,522->354,1626,15,bezier_pgd,0.0047429130063392,mse,0.0145987339291111,False
daytime,522->354,1626,15,bezier_ipopt,4.907517721992917,mse,0.0002256266766726,False
daytime,522->354,1626,15,bezier_nm,23.176851596974306,mse,0.2579077432082886,False
daytime,523->461,1626,15,bezier_pgd,0.0047420949558727,mse,0.0104795187065178,False
daytime,523->461,1626,15,bezier_ipopt,,mse,,True
daytime,523->461,1626,15,bezier_nm,22.678386128973216,mse,0.2376828078945474,False
daytime,523->519,1626,15,bezier_pgd,0.0029365199734456,mse,0.0394785750166001,False
daytime,523->519,1626,15,bezier_ipopt,,mse,,True
daytime,523->519,1626,15,bezier_nm,24.2184703599778,mse,0.3955364901102213,False
daytime,523->526,1626,15,bezier_pgd,0.0032502409885637,mse,0.029506947448799,False
daytime,523->526,1626,15,bezier_ipopt,5.225111949024722,mse,2.4992554746706265e-05,False
daytime,523->526,1626,15,bezier_nm,21.995004505035467,mse,0.207302400139821,False
daytime,523->530,1626,15,bezier_pgd,0.0019758930429816,mse,0.0123391448403745,False
daytime,523->530,1626,15,bezier_ipopt,10.480127084010746,mse,1.4569956478323462e-05,False
daytime,523->530,1626,15,bezier_nm,25.47675715899095,mse,0.13134784025963,False
daytime,524->100,1626,15,bezier_pgd,0.0022944809752516,mse,2.6790013269054647e-05,False
daytime,524->100,1626,15,bezier_ipopt,3.3232401330024004,mse,1.0626939276634228e-05,False
daytime,524->100,1626,15,bezier_nm,30.25656065403018,mse,0.0007784312178334,False
daytime,524->189,1626,15,bezier_pgd,0.002592664968688,mse,0.0206885827186211,False
daytime,524->189,1626,15,bezier_ipopt,5.809152969974093,mse,0.0002432217463593,False
daytime,524->189,1626,15,bezier_nm,22.987532560015097,mse,0.2648655637663209,False
daytime,524->457,1626,15,bezier_pgd,0.0015612099668942,mse,2.6746813148020297e-05,False
daytime,524->457,1626,15,bezier_ipopt,5.16388442798052,mse,3.5694285058763124e-06,False
daytime,524->457,1626,15,bezier_nm,28.124473201984078,mse,0.0003212754224952,False
daytime,524->481,1626,15,bezier_pgd,0.004029365023598,mse,0.0056724435349237,False
daytime,524->481,1626,15,bezier_ipopt,5.261857745994348,mse,0.0001155914605112,False
daytime,524->481,1626,15,bezier_nm,23.81816855003126,mse,0.2271029969980406,False
daytime,525->437,1626,15,bezier_pgd,0.0030135519918985,mse,0.0048902075133557,False
daytime,525->437,1626,15,bezier_ipopt,,mse,,True
daytime,525->437,1626,15,bezier_nm,25.279384331020992,mse,0.2200086979188925,False
daytime,525->477,1626,15,bezier_pgd,0.0023166260216385,mse,0.0144235632607659,False
daytime,525->477,1626,15,bezier_ipopt,,mse,,True
daytime,525->477,1626,15,bezier_nm,22.6112037730054,mse,0.2380430042904243,False
daytime,525->518,1626,15,bezier_pgd,0.0039320049691013,mse,0.0251372576548943,False
daytime,525->518,1626,15,bezier_ipopt,5.552212006994523,mse,5.2773944656321446e-05,False
daytime,525->518,1626,15,bezier_nm,23.16831376601476,mse,0.2550445146180921,False
daytime,525->537,1626,15,bezier_pgd,0.0021108989603817,mse,0.0208291431370077,False
daytime,525->537,1626,15,bezier_ipopt,5.171473685011733,mse,4.452858561440981e-05,False
daytime,525->537,1626,15,bezier_nm,23.56378957402194,mse,0.2274599878272434,False
daytime,526->20,1626,15,bezier_pgd,0.0022248679888434,mse,0.0041968390356962,False
daytime,526->20,1626,15,bezier_ipopt,6.299631180998404,mse,0.0002249687121796,False
daytime,526->20,1626,15,bezier_nm,23.104404641024303,mse,0.1908583622066837,False
daytime,526->483,1626,15,bezier_pgd,0.0022710649645887,mse,0.0053722872529249,False
daytime,526->483,1626,15,bezier_ipopt,9.013372879999224,mse,0.0002620784354777,False
daytime,526->483,1626,15,bezier_nm,21.988660049973987,mse,0.1973982224437011,False
daytime,526->523,3252,15,bezier_pgd,0.0069699799641966,mse,0.0080993188414058,False
daytime,526->523,3252,15,bezier_ipopt,15.404265741002746,mse,0.0004116853898509,False
daytime,526->523,3252,15,bezier_nm,44.43982252595015,mse,0.2443050504791129,False
daytime,526->527,1626,15,bezier_pgd,0.002351006027311,mse,0.029506947448799,False
daytime,526->527,1626,15,bezier_ipopt,5.510247587983031,mse,2.4992553995545023e-05,False
daytime,526->527,1626,15,bezier_nm,22.77755823801272,mse,0.2072979901529471,False
daytime,527->25,1626,15,bezier_pgd,0.0019238100503571,mse,0.0087143667859952,False
daytime,527->25,1626,15,bezier_ipopt,5.865574135037605,mse,1.410747010970814e-05,False
daytime,527->25,1626,15,bezier_nm,24.93897456303239,mse,0.1050538217839012,False
daytime,527->477,1626,15,bezier_pgd,0.002214734966401,mse,0.0044448790568683,False
daytime,527->477,1626,15,bezier_ipopt,8.344918332004454,mse,7.993119272147107e-05,False
daytime,527->477,1626,15,bezier_nm,22.579598771000747,mse,0.2036815554258374,False
daytime,527->518,1626,15,bezier_pgd,0.0021036899997852,mse,0.029506947448799,False
daytime,527->518,1626,15,bezier_ipopt,5.210787329007872,mse,2.49924328255217e-05,False
daytime,527->518,1626,15,bezier_nm,24.061037275008857,mse,0.2108074334800643,False
daytime,527->526,3252,15,bezier_pgd,0.0039453039644286,mse,0.0080993188414058,False
daytime,527->526,3252,15,bezier_ipopt,12.921968179987743,mse,0.0004116853886695,False
daytime,527->526,3252,15,bezier_nm,47.43168957094895,mse,0.244305050479109,False
daytime,528->24,1626,15,bezier_pgd,0.0026606969768181,mse,0.0122933283059577,False
daytime,528->24,1626,15,bezier_ipopt,,mse,,True
daytime,528->24,1626,15,bezier_nm,22.21448181202868,mse,0.2536434235182135,False
daytime,528->25,1626,15,bezier_pgd,0.0022770659998059,mse,0.0044448790568683,False
daytime,528->25,1626,15,bezier_ipopt,7.122730330971535,mse,7.993120829408061e-05,False
daytime,528->25,1626,15,bezier_nm,23.10798779997276,mse,0.2036815554258387,False
daytime,528->438,1626,15,bezier_pgd,0.0014756719465367,mse,2.610765808369756e-05,False
daytime,528->438,1626,15,bezier_ipopt,11.578515146975406,mse,5.723466237307404e-06,False
daytime,528->438,1626,15,bezier_nm,33.23551310301991,mse,0.0001212566709305,False
daytime,528->445,1626,15,bezier_pgd,0.0022752539953216,mse,0.0047846943287623,False
daytime,528->445,1626,15,bezier_ipopt,5.521053368982393,mse,0.000125966848357,False
daytime,528->445,1626,15,bezier_nm,21.65751869196538,mse,0.215865070526353,False
daytime,528->515,1626,15,bezier_pgd,0.0022979379864409,mse,0.0158741996704678,False
daytime,528->515,1626,15,bezier_ipopt,,mse,,True
daytime,528->515,1626,15,bezier_nm,22.67309923499124,mse,0.3064149057499291,False
daytime,529->160,1626,15,bezier_pgd,0.0025903129717335,mse,0.0074679997757641,False
daytime,529->160,1626,15,bezier_ipopt,6.718028400966432,mse,0.0001492837453197,False
daytime,529->160,1626,15,bezier_nm,22.04989506601123,mse,0.2569282022380629,False
daytime,529->403,1626,15,bezier_pgd,0.0023061070241965,mse,0.0095237300534787,False
daytime,529->403,1626,15,bezier_ipopt,5.64886779198423,mse,0.0001746970295592,False
daytime,529->403,1626,15,bezier_nm,22.947845893970225,mse,0.2129440638134811,False
daytime,529->412,1626,15,bezier_pgd,0.0020086099975742,mse,0.0025564613880489,False
daytime,529->412,1626,15,bezier_ipopt,6.219240098027512,mse,0.0001868449519292,False
daytime,529->412,1626,15,bezier_nm,25.16624304302968,mse,0.1199026632328692,False
daytime,529->419,1626,15,bezier_pgd,0.0042074550292454,mse,0.0158998188067806,False
daytime,529->419,1626,15,bezier_ipopt,8.232639999012463,mse,0.0134945923094803,False
daytime,529->419,1626,15,bezier_nm,20.857549100997858,mse,0.0279026290440725,False
daytime,529->44,1626,15,bezier_pgd,0.0024966239579953,mse,0.000898692024746,False
daytime,529->44,1626,15,bezier_ipopt,,mse,,True
daytime,529->44,1626,15,bezier_nm,22.666355232999194,mse,0.0121310981816461,False
daytime,53->52,1626,15,bezier_pgd,0.0016059839981608,mse,1.3229976571186644e-05,False
daytime,53->52,1626,15,bezier_ipopt,5.467091066006105,mse,8.501827707811767e-06,False
daytime,53->52,1626,15,bezier_nm,29.32176728901686,mse,0.0004589216294888,False
daytime,53->56,1626,15,bezier_pgd,0.0015630020061507,mse,1.51951188714508e-05,False
daytime,53->56,1626,15,bezier_ipopt,9.59016745601548,mse,6.408175169956001e-06,False
daytime,53->56,1626,15,bezier_nm,31.933486594003625,mse,0.0006168453208393,False
daytime,530->443,1626,15,bezier_pgd,0.0021087700151838,mse,0.0174651637953909,False
daytime,530->443,1626,15,bezier_ipopt,,mse,,True
daytime,530->443,1626,15,bezier_nm,21.741737925971396,mse,0.0366275012179404,False
daytime,530->523,1626,15,bezier_pgd,0.0022181029780767,mse,0.0029072875493814,False
daytime,530->523,1626,15,bezier_ipopt,8.121856295038015,mse,8.353101080368853e-05,False
daytime,530->523,1626,15,bezier_nm,22.64780962903751,mse,0.1646304787098576,False
daytime,530->533,3252,15,bezier_pgd,0.0061267139972187,mse,0.0068422190385705,False
daytime,530->533,3252,15,bezier_ipopt,14.491657091013622,mse,0.0002661872097308,False
daytime,530->533,3252,15,bezier_nm,44.71964385500178,mse,0.240365380704405,False
daytime,531->113,1626,15,bezier_pgd,0.001590917003341,mse,2.9057623902959203e-05,False
daytime,531->113,1626,15,bezier_ipopt,9.52786306804046,mse,5.507167860969151e-06,False
daytime,531->113,1626,15,bezier_nm,32.84482711396413,mse,0.000265409853506,False
daytime,531->483,1626,15,bezier_pgd,0.0023026239941827,mse,0.0017900704397733,False
daytime,531->483,1626,15,bezier_ipopt,5.586886422010139,mse,0.0001893370651032,False
daytime,531->483,1626,15,bezier_nm,22.551424850011244,mse,0.1920689512673259,False
daytime,531->488,1626,15,bezier_pgd,0.0035503139952197,mse,0.0008323725329528,False
daytime,531->488,1626,15,bezier_ipopt,34.00544485502178,mse,0.0002225011961609,False
daytime,531->488,1626,15,bezier_nm,23.135420467995573,mse,0.1415591975567261,False
daytime,531->534,3252,15,bezier_pgd,0.0056742359884083,mse,0.0163368604853372,False
daytime,531->534,3252,15,bezier_ipopt,13.736455580976326,mse,0.0005368069533755,False
daytime,531->534,3252,15,bezier_nm,43.37593870499404,mse,0.2347744726265916,False
daytime,532->113,1626,15,bezier_pgd,0.0024227729882113,mse,2.207282918023827e-05,False
daytime,532->113,1626,15,bezier_ipopt,6.495080712018535,mse,6.120775411796659e-06,False
daytime,532->113,1626,15,bezier_nm,31.438893000013195,mse,0.0002059912045151,False
daytime,532->13,1626,15,bezier_pgd,0.003578480973374,mse,0.0111722450876052,False
daytime,532->13,1626,15,bezier_ipopt,6.477984450990334,mse,0.0001439670348183,False
daytime,532->13,1626,15,bezier_nm,22.969515366014093,mse,0.2687679194179365,False
daytime,532->407,1626,15,bezier_pgd,0.0025194669724442,mse,0.0019224628565843,False
daytime,532->407,1626,15,bezier_ipopt,5.773734228045214,mse,0.0009608027636456,False
daytime,532->407,1626,15,bezier_nm,23.820774871041067,mse,0.1381652388253889,False
daytime,532->505,1626,15,bezier_pgd,0.0025011019897647,mse,0.0082469443386108,False
daytime,532->505,1626,15,bezier_ipopt,7.259754262049682,mse,0.0001486928820092,False
daytime,532->505,1626,15,bezier_nm,24.50038480199873,mse,0.2234179425129711,False
daytime,532->533,1626,15,bezier_pgd,0.0021618519676849,mse,0.0059973731928368,False
daytime,532->533,1626,15,bezier_ipopt,6.524235212011263,mse,0.0001454691166435,False
daytime,532->533,1626,15,bezier_nm,25.596194682992063,mse,0.1860687435816853,False
daytime,533->387,1626,15,bezier_pgd,0.0021929900394752,mse,0.0193714078259327,False
daytime,533->387,1626,15,bezier_ipopt,7.667559412016999,mse,0.0003293462177974,False
daytime,533->387,1626,15,bezier_nm,22.108254135004245,mse,0.2423124785692345,False
daytime,533->412,3252,15,bezier_pgd,0.003821266000159,mse,0.0011490126618645,False
daytime,533->412,3252,15,bezier_ipopt,13.878871114982758,mse,0.0002179571972035,False
daytime,533->412,3252,15,bezier_nm,47.60426676197676,mse,0.1679660902597549,False
daytime,533->530,3252,15,bezier_pgd,0.0032042509992606,mse,0.0206055342110234,False
daytime,533->530,3252,15,bezier_ipopt,11.591465145000257,mse,4.006748354098126e-05,False
daytime,533->530,3252,15,bezier_nm,46.37240756198298,mse,0.2869531553821164,False
daytime,533->532,1626,15,bezier_pgd,0.00292995700147,mse,0.0054592374084792,False
daytime,533->532,1626,15,bezier_ipopt,7.147148058982566,mse,0.0001145319900395,False
daytime,533->532,1626,15,bezier_nm,23.879946398024916,mse,0.137686095063965,False
daytime,534->21,1626,15,bezier_pgd,0.0021429019980132,mse,0.0093419493743233,False
daytime,534->21,1626,15,bezier_ipopt,4.6633252809988335,mse,0.0002382854927848,False
daytime,534->21,1626,15,bezier_nm,22.501451769960116,mse,0.2203707488424064,False
daytime,534->477,1626,15,bezier_pgd,0.002274126978591,mse,0.0020413065217618,False
daytime,534->477,1626,15,bezier_ipopt,13.6346099509974,mse,8.802510414253785e-05,False
daytime,534->477,1626,15,bezier_nm,22.840345543983855,mse,0.1734341649055538,False
daytime,534->531,3252,15,bezier_pgd,0.0034188790014013,mse,0.0067485917610892,False
daytime,534->531,3252,15,bezier_ipopt,14.710730495979078,mse,0.0002311468353765,False
daytime,534->531,3252,15,bezier_nm,48.80589928099653,mse,0.2013842889193267,False
daytime,534->537,3252,15,bezier_pgd,0.0051602140301838,mse,0.0072003857717165,False
daytime,534->537,3252,15,bezier_ipopt,14.648058313003276,mse,0.0002570175559219,False
daytime,534->537,3252,15,bezier_nm,45.02755638002418,mse,0.1946198654201396,False
daytime,535->212,1626,15,bezier_pgd,0.002609757008031,mse,0.0162121230590705,False
daytime,535->212,1626,15,bezier_ipopt,6.049885676999111,mse,0.0003288250613347,False
daytime,535->212,1626,15,bezier_nm,22.63290331600001,mse,0.2614324497899593,False
daytime,535->441,1626,15,bezier_pgd,0.0028803549939766,mse,0.0172116941394055,False
daytime,535->441,1626,15,bezier_ipopt,,mse,,True
daytime,535->441,1626,15,bezier_nm,22.617804704990704,mse,0.263451674773479,False
daytime,535->497,1626,15,bezier_pgd,0.0026467950083315,mse,0.0041972286258786,False
daytime,535->497,1626,15,bezier_ipopt,8.469382718030829,mse,7.985551801513803e-05,False
daytime,535->497,1626,15,bezier_nm,,mse,,True
daytime,536->23,1626,15,bezier_pgd,0.0023317559971474,mse,0.0119163459816824,False
daytime,536->23,1626,15,bezier_ipopt,6.820540587999858,mse,0.000133853422268,False
daytime,536->23,1626,15,bezier_nm,21.33133878401713,mse,0.2236004010102288,False
daytime,536->437,1626,15,bezier_pgd,0.0031617530039511,mse,0.0003010848367244,False
daytime,536->437,1626,15,bezier_ipopt,5.8972714630072005,mse,7.393345077950183e-05,False
daytime,536->437,1626,15,bezier_nm,23.55722489801701,mse,0.0664720682049793,False
daytime,536->516,3252,15,bezier_pgd,0.0053857340244576,mse,0.0049672275080615,False
daytime,536->516,3252,15,bezier_ipopt,9.850721453956794,mse,0.000107325020496,False
daytime,536->516,3252,15,bezier_nm,52.12160215200856,mse,0.1747281960533949,False
daytime,536->537,3252,15,bezier_pgd,0.0031883579795248,mse,0.0048868888181921,False
daytime,536->537,3252,15,bezier_ipopt,13.799658670031931,mse,0.0001998134495175,False
daytime,536->537,3252,15,bezier_nm,45.01237697096076,mse,0.1829458389363115,False
daytime,537->435,1626,15,bezier_pgd,0.0023615249665454,mse,0.0014795372634267,False
daytime,537->435,1626,15,bezier_ipopt,5.927131725009531,mse,7.267847211006712e-05,False
daytime,537->435,1626,15,bezier_nm,23.14034019800601,mse,0.0522161176937464,False
daytime,537->525,1626,15,bezier_pgd,0.0024005909799598,mse,0.0251372576548942,False
daytime,537->525,1626,15,bezier_ipopt,5.460229047050234,mse,5.277375018474709e-05,False
daytime,537->525,1626,15,bezier_nm,23.432210750994276,mse,0.2568155978263938,False
daytime,537->534,3252,15,bezier_pgd,0.0034263480338267,mse,0.0024049007199947,False
daytime,537->534,3252,15,bezier_ipopt,11.758276268956251,mse,0.0001745244270635,False
daytime,537->534,3252,15,bezier_nm,46.33480424998561,mse,0.191740987621284,False
daytime,537->536,3252,15,bezier_pgd,0.0030952169909141,mse,0.0102714231114122,False
daytime,537->536,3252,15,bezier_ipopt,14.6936440509744,mse,0.0002499913808395,False
daytime,537->536,3252,15,bezier_nm,46.35377168597188,mse,0.2140548325029501,False
daytime,54->52,1626,15,bezier_pgd,0.0015709699946455,mse,1.263122660415694e-05,False
daytime,54->52,1626,15,bezier_ipopt,6.433280576020479,mse,4.175200664448679e-06,False
daytime,54->52,1626,15,bezier_nm,27.99710044398671,mse,0.0004234091544653,False
daytime,54->55,1626,15,bezier_pgd,0.0015107550425454,mse,9.103992419296136e-06,False
daytime,54->55,1626,15,bezier_ipopt,4.326091981027275,mse,4.50002834904766e-06,False
daytime,54->55,1626,15,bezier_nm,29.85656976001337,mse,0.0004169357195032,False
daytime,55->50,1626,15,bezier_pgd,0.0016480940394103,mse,1.10217783904944e-05,False
daytime,55->50,1626,15,bezier_ipopt,4.37507753301179,mse,4.362403831507097e-06,False
daytime,55->50,1626,15,bezier_nm,30.28539810603252,mse,0.0007896378379939,False
daytime,55->54,1626,15,bezier_pgd,0.0014854579931125,mse,1.8938841198943283e-05,False
daytime,55->54,1626,15,bezier_ipopt,6.014445726992562,mse,4.667283680616779e-06,False
daytime,55->54,1626,15,bezier_nm,30.228626339987382,mse,0.0005574966353944,False
daytime,56->53,1626,15,bezier_pgd,0.0015323369880206,mse,1.6051255153947876e-05,False
daytime,56->53,1626,15,bezier_ipopt,4.705993267998565,mse,8.235671658399103e-06,False
daytime,56->53,1626,15,bezier_nm,32.033988571027294,mse,0.0005998679122426,False
daytime,56->57,1626,15,bezier_pgd,0.0025429789675399,mse,2.725290101886826e-05,False
daytime,56->57,1626,15,bezier_ipopt,5.466871918994002,mse,5.386081450399467e-06,False
daytime,56->57,1626,15,bezier_nm,31.122774707968347,mse,0.0006798101808708,False
daytime,57->449,1626,15,bezier_pgd,0.0022685810108669,mse,3.339147339874411e-05,False
daytime,57->449,1626,15,bezier_ipopt,4.290243988973089,mse,5.353763585362809e-06,False
daytime,57->449,1626,15,bezier_nm,30.512173467956018,mse,0.0006306179727237,False
daytime,57->56,1626,15,bezier_pgd,0.0015361320110969,mse,1.4913996028395916e-05,False
daytime,57->56,1626,15,bezier_ipopt,15.90049045800697,mse,5.214777554966538e-06,False
daytime,57->56,1626,15,bezier_nm,30.32205613696715,mse,0.0006306123056875,False
daytime,58->59,1626,15,bezier_pgd,0.0014636199921369,mse,1.0774593080497244e-05,False
daytime,58->59,1626,15,bezier_ipopt,5.400141622987576,mse,3.855838021867564e-06,False
daytime,58->59,1626,15,bezier_nm,31.55630514200311,mse,7.357286084284588e-05,False
daytime,58->80,1626,15,bezier_pgd,0.0021943760220892,mse,1.447796607555883e-05,False
daytime,58->80,1626,15,bezier_ipopt,4.328219891001936,mse,9.835941979144333e-06,False
daytime,58->80,1626,15,bezier_nm,29.73761543998262,mse,0.0005136599609272,False
daytime,59->58,1626,15,bezier_pgd,0.0017130149644799,mse,2.1899525658949116e-05,False
daytime,59->58,1626,15,bezier_ipopt,4.229076209012419,mse,5.280413527018043e-06,False
daytime,59->58,1626,15,bezier_nm,31.96461313898908,mse,0.0001258969523687,False
daytime,59->86,1626,15,bezier_pgd,0.0021585799986496,mse,1.4986321609984324e-05,False
daytime,59->86,1626,15,bezier_ipopt,4.593975463998504,mse,7.069639504104896e-06,False
daytime,59->86,1626,15,bezier_nm,30.782143714022823,mse,9.995087875342918e-05,False
daytime,6->515,1626,15,bezier_pgd,0.0020487679867073,mse,0.0126693719859879,False
daytime,6->515,1626,15,bezier_ipopt,5.471446504001506,mse,4.671914721150789e-05,False
daytime,6->515,1626,15,bezier_nm,24.022327649989165,mse,0.1316904162904165,False
daytime,6->518,1626,15,bezier_pgd,0.0018231450230814,mse,0.0074183530842671,False
daytime,6->518,1626,15,bezier_ipopt,5.1790756629779935,mse,2.8460270877099856e-05,False
daytime,6->518,1626,15,bezier_nm,23.95468638202874,mse,0.0792271695392972,False
daytime,60->2,1626,15,bezier_pgd,0.0016524050151929,mse,2.9878977502267228e-05,False
daytime,60->2,1626,15,bezier_ipopt,10.856358346994966,mse,7.19756003681448e-06,False
daytime,60->2,1626,15,bezier_nm,31.670589953952003,mse,0.0006105647623481,False
daytime,60->450,1626,15,bezier_pgd,0.0016834900015965,mse,1.7897949911849224e-05,False
daytime,60->450,1626,15,bezier_ipopt,5.678279273968656,mse,4.0019236078090905e-06,False
daytime,60->450,1626,15,bezier_nm,33.54919933900237,mse,0.0001102650887057,False
daytime,61->45,1626,15,bezier_pgd,0.0016064050141721,mse,2.9532207532039576e-05,False
daytime,61->45,1626,15,bezier_ipopt,5.460204526025336,mse,6.495272322270943e-06,False
daytime,61->45,1626,15,bezier_nm,29.75550073100021,mse,0.0005585696806644,False
daytime,61->75,1626,15,bezier_pgd,0.0016051339916884,mse,3.224908545071733e-05,False
daytime,61->75,1626,15,bezier_ipopt,5.799509473028593,mse,7.837854247890574e-06,False
daytime,61->75,1626,15,bezier_nm,29.03738883399637,mse,0.0006385693657447,False
daytime,62->63,1626,15,bezier_pgd,0.0016493330476805,mse,1.6767581284654106e-05,False
daytime,62->63,1626,15,bezier_ipopt,6.067835421999916,mse,5.321382151171576e-06,False
daytime,62->63,1626,15,bezier_nm,29.404463306011166,mse,0.0005010412831952,False
daytime,62->75,1626,15,bezier_pgd,0.0014948190073482,mse,2.107547442150501e-05,False
daytime,62->75,1626,15,bezier_ipopt,5.749568685016129,mse,9.459435666605568e-06,False
daytime,62->75,1626,15,bezier_nm,30.154646406997927,mse,0.0004891192541079,False
daytime,63->62,1626,15,bezier_pgd,0.0013919120538048,mse,1.7427079541572694e-05,False
daytime,63->62,1626,15,bezier_ipopt,5.550900051021017,mse,4.715849948645267e-06,False
daytime,63->62,1626,15,bezier_nm,30.315815092006236,mse,0.0004659897416898,False
daytime,63->64,1626,15,bezier_pgd,0.0017688709776848,mse,1.8539560402637035e-05,False
daytime,63->64,1626,15,bezier_ipopt,4.89731331897201,mse,9.929807699949955e-06,False
daytime,63->64,1626,15,bezier_nm,31.207951382966712,mse,0.0003091734630076,False
daytime,64->63,1626,15,bezier_pgd,0.0017102910205721,mse,1.6117352687671082e-05,False
daytime,64->63,1626,15,bezier_ipopt,5.28829344100086,mse,5.8547087278328105e-06,False
daytime,64->63,1626,15,bezier_nm,31.176284614019096,mse,0.0003029374549878,False
daytime,64->65,1626,15,bezier_pgd,0.0026714809937402,mse,3.98189059312321e-05,False
daytime,64->65,1626,15,bezier_ipopt,5.252382954000495,mse,6.5884389626576135e-06,False
daytime,64->65,1626,15,bezier_nm,32.81111676496221,mse,0.0001718187797319,False
daytime,65->130,1626,15,bezier_pgd,0.0016879879985935,mse,9.970729328297962e-05,False
daytime,65->130,1626,15,bezier_ipopt,6.179978191968985,mse,7.237297448559082e-05,False
daytime,65->130,1626,15,bezier_nm,33.20165023102891,mse,0.0023118345813546,False
daytime,65->64,1626,15,bezier_pgd,0.0022987689590081,mse,1.662510601612092e-05,False
daytime,65->64,1626,15,bezier_ipopt,5.47980190400267,mse,5.8666798360326e-06,False
daytime,65->64,1626,15,bezier_nm,33.35722081898712,mse,0.0002062279644615,False
daytime,66->450,1626,15,bezier_pgd,0.0017655909759923,mse,2.382978061827733e-05,False
daytime,66->450,1626,15,bezier_ipopt,5.215084406023379,mse,5.800929911837428e-06,False
daytime,66->450,1626,15,bezier_nm,34.85563069197815,mse,0.0001670361780192,False
daytime,66->67,1626,15,bezier_pgd,0.0017099850228987,mse,2.3134997526393964e-05,False
daytime,66->67,1626,15,bezier_ipopt,5.970743035024498,mse,1.1796887209479349e-05,False
daytime,66->67,1626,15,bezier_nm,33.98695588897681,mse,0.0001061558858458,False
daytime,67->66,1626,15,bezier_pgd,0.0015383859863504,mse,1.262736404017993e-05,False
daytime,67->66,1626,15,bezier_ipopt,5.270186748995911,mse,2.5830862122131125e-06,False
daytime,67->66,1626,15,bezier_nm,32.39739827398444,mse,8.224014445254137e-05,False
daytime,67->68,1626,15,bezier_pgd,0.0017324319924227,mse,2.567584024230129e-05,False
daytime,67->68,1626,15,bezier_ipopt,5.704460768960416,mse,8.016862290734466e-06,False
daytime,67->68,1626,15,bezier_nm,32.07908783300081,mse,0.0001252715573204,False
daytime,68->67,1626,15,bezier_pgd,0.0016582509852014,mse,2.19227380139768e-05,False
daytime,68->67,1626,15,bezier_ipopt,4.88011715299217,mse,6.214249121822906e-06,False
daytime,68->67,1626,15,bezier_nm,32.46120900398819,mse,0.0001527461539983,False
daytime,68->69,1626,15,bezier_pgd,0.0016140500083565,mse,2.2744357700573528e-05,False
daytime,68->69,1626,15,bezier_ipopt,5.287039580987766,mse,1.0989538362478449e-05,False
daytime,68->69,1626,15,bezier_nm,30.105646062991585,mse,0.0006947302866598,False
daytime,69->68,1626,15,bezier_pgd,0.0022040139883756,mse,1.4843668538386471e-05,False
daytime,69->68,1626,15,bezier_ipopt,4.724280281981919,mse,6.791497693121324e-06,False
daytime,69->68,1626,15,bezier_nm,30.693984980054665,mse,0.0006455065056005,False
daytime,69->70,1626,15,bezier_pgd,0.0016572310123592,mse,1.5662656203565265e-05,False
daytime,69->70,1626,15,bezier_ipopt,4.676905614964198,mse,9.122191873133294e-06,False
daytime,69->70,1626,15,bezier_nm,32.92716314597055,mse,0.0001208626578923,False
daytime,7->107,1626,15,bezier_pgd,0.0025987949920818,mse,0.010832605522553,False
daytime,7->107,1626,15,bezier_ipopt,,mse,,True
daytime,7->107,1626,15,bezier_nm,22.641688909963705,mse,0.2109161466389869,False
daytime,7->108,1626,15,bezier_pgd,0.0016216710209846,mse,3.571587593573952e-05,False
daytime,7->108,1626,15,bezier_ipopt,10.448544100974686,mse,4.577637246611378e-06,False
daytime,7->108,1626,15,bezier_nm,33.44809063296998,mse,0.0002068736098718,False
daytime,7->225,1626,15,bezier_pgd,0.0019990250002592,mse,0.0001249523023282,False
daytime,7->225,1626,15,bezier_ipopt,,mse,,True
daytime,7->225,1626,15,bezier_nm,33.57132055104012,mse,0.0005223309090344,False
daytime,70->69,1626,15,bezier_pgd,0.0024182969937101,mse,2.133661416807301e-05,False
daytime,70->69,1626,15,bezier_ipopt,5.103067316988017,mse,4.467259495474446e-06,False
daytime,70->69,1626,15,bezier_nm,35.037150388001464,mse,0.0001623111276259,False
daytime,70->71,1626,15,bezier_pgd,0.0022973800078034,mse,2.3246631248289314e-05,False
daytime,70->71,1626,15,bezier_ipopt,6.898231322993524,mse,6.538351714230613e-06,False
daytime,70->71,1626,15,bezier_nm,34.1460255550337,mse,0.0001345432656115,False
daytime,71->70,1626,15,bezier_pgd,0.0015778109664097,mse,1.9982170514436212e-05,False
daytime,71->70,1626,15,bezier_ipopt,4.444283681048546,mse,6.785416048943489e-06,False
daytime,71->70,1626,15,bezier_nm,33.51165795599809,mse,0.0001251914578257,False
daytime,71->72,1626,15,bezier_pgd,0.0015667019761167,mse,2.2779457738853592e-05,False
daytime,71->72,1626,15,bezier_ipopt,3.8923235399997793,mse,1.50852928006417e-05,False
daytime,71->72,1626,15,bezier_nm,31.312248207977973,mse,0.0005674507123996,False
daytime,72->202,1626,15,bezier_pgd,0.0015673940069973,mse,3.398495990599647e-05,False
daytime,72->202,1626,15,bezier_ipopt,8.059038243023679,mse,7.105978141777654e-06,False
daytime,72->202,1626,15,bezier_nm,30.83095905999653,mse,0.0001094417429151,False
daytime,72->71,1626,15,bezier_pgd,0.0022051190026104,mse,1.6629945910394276e-05,False
daytime,72->71,1626,15,bezier_ipopt,4.713938991015311,mse,8.310523084858031e-06,False
daytime,72->71,1626,15,bezier_nm,32.26501059200382,mse,0.0005434562549188,False
daytime,73->74,1626,15,bezier_pgd,0.0015176499728113,mse,1.956388182870949e-05,False
daytime,73->74,1626,15,bezier_ipopt,5.312550611968618,mse,5.800309677882786e-06,False
daytime,73->74,1626,15,bezier_nm,32.51965393900173,mse,0.0001566266050205,False
daytime,73->80,1626,15,bezier_pgd,0.0015994500136002,mse,1.7663935088796806e-05,False
daytime,73->80,1626,15,bezier_ipopt,7.118213578010909,mse,6.125878040301193e-06,False
daytime,73->80,1626,15,bezier_nm,31.55637561698677,mse,0.0003593351571279,False
daytime,74->143,1626,15,bezier_pgd,0.00383551500272,mse,0.0014469004166341,False
daytime,74->143,1626,15,bezier_ipopt,6.029669123003259,mse,0.0001442085738876,False
daytime,74->143,1626,15,bezier_nm,23.01654583698837,mse,0.1476228358388477,False
daytime,74->73,1626,15,bezier_pgd,0.0022886500228196,mse,5.447847706688457e-05,False
daytime,74->73,1626,15,bezier_ipopt,5.5200150680029765,mse,1.07940974284592e-05,False
daytime,74->73,1626,15,bezier_nm,34.60967857204378,mse,0.0003194742808072,False
daytime,75->46,1626,15,bezier_pgd,0.0016076259780675,mse,1.8054111997203653e-05,False
daytime,75->46,1626,15,bezier_ipopt,3.639581780007575,mse,4.585961398729457e-06,False
daytime,75->46,1626,15,bezier_nm,32.01866965997033,mse,0.0007347987262186,False
daytime,75->61,1626,15,bezier_pgd,0.0015667509869672,mse,2.6925874771148327e-05,False
daytime,75->61,1626,15,bezier_ipopt,4.9058267989894375,mse,6.3521138358829785e-06,False
daytime,75->61,1626,15,bezier_nm,31.573617174988613,mse,0.000788352171246,False
daytime,75->62,1626,15,bezier_pgd,0.0014945300063118,mse,1.0403212256699716e-05,False
daytime,75->62,1626,15,bezier_ipopt,5.1631146630388685,mse,5.16751325490189e-06,False
daytime,75->62,1626,15,bezier_nm,29.352558134007268,mse,0.000486561700562,False
daytime,76->14,1626,15,bezier_pgd,0.0017254070262424,mse,1.4297261922381135e-05,False
daytime,76->14,1626,15,bezier_ipopt,5.249742996005807,mse,7.694514417764382e-06,False
daytime,76->14,1626,15,bezier_nm,33.21562076697592,mse,0.0001414889936906,False
daytime,76->276,1626,15,bezier_pgd,0.0030358950025402,mse,0.0038301831358335,False
daytime,76->276,1626,15,bezier_ipopt,,mse,,True
daytime,76->276,1626,15,bezier_nm,22.93486718699569,mse,0.215399629364407,False
daytime,76->428,1626,15,bezier_pgd,0.0054509050096385,mse,0.0175306474866352,False
daytime,76->428,1626,15,bezier_ipopt,,mse,,True
daytime,76->428,1626,15,bezier_nm,25.861082626041025,mse,0.2665309403488888,False
daytime,77->430,1626,15,bezier_pgd,0.0026178290136158,mse,1.472575877755696e-05,False
daytime,77->430,1626,15,bezier_ipopt,4.930356960045174,mse,6.2714923552693306e-06,False
daytime,77->430,1626,15,bezier_nm,34.24354219197994,mse,0.0001385269976305,False
daytime,77->478,1626,15,bezier_pgd,0.0015476939734071,mse,0.0001853980419005,False
daytime,77->478,1626,15,bezier_ipopt,6.583237137005199,mse,0.0001185306812993,False
daytime,77->478,1626,15,bezier_nm,32.6607119399705,mse,0.0015372495989974,False
daytime,78->109,1626,15,bezier_pgd,0.001440135994926,mse,1.7380127083456517e-05,False
daytime,78->109,1626,15,bezier_ipopt,4.862238680012524,mse,4.882504243271918e-06,False
daytime,78->109,1626,15,bezier_nm,31.034779172972776,mse,0.0005943659955704,False
daytime,78->79,1626,15,bezier_pgd,0.0015955760027281,mse,2.1828721176675583e-05,False
daytime,78->79,1626,15,bezier_ipopt,4.955575792992022,mse,5.488997606414069e-06,False
daytime,78->79,1626,15,bezier_nm,34.52025284903357,mse,0.0002413440555578,False
daytime,79->110,1626,15,bezier_pgd,0.0020728589734062,mse,8.912497116911728e-06,False
daytime,79->110,1626,15,bezier_ipopt,5.9430851099896245,mse,6.60974558527008e-06,False
daytime,79->110,1626,15,bezier_nm,29.932351349038072,mse,7.349683102236715e-05,False
daytime,79->78,1626,15,bezier_pgd,0.0019124710233882,mse,1.4275412131649805e-05,False
daytime,79->78,1626,15,bezier_ipopt,5.742558071040548,mse,6.616469277412766e-06,False
daytime,79->78,1626,15,bezier_nm,32.01427995599806,mse,0.0001415903962332,False
daytime,8->96,1626,15,bezier_pgd,0.008302267990075,mse,0.0112654013295222,False
daytime,8->96,1626,15,bezier_ipopt,,mse,,True
daytime,8->96,1626,15,bezier_nm,19.579714442021213,mse,0.1082937923364193,False
daytime,80->202,1626,15,bezier_pgd,0.0020697360159829,mse,6.9468172708722986e-06,False
daytime,80->202,1626,15,bezier_ipopt,6.122770978952758,mse,3.476381895454891e-06,False
daytime,80->202,1626,15,bezier_nm,31.062816830002703,mse,0.0003973901917751,False
daytime,80->58,1626,15,bezier_pgd,0.0018571530235931,mse,2.0972471486737163e-05,False
daytime,80->58,1626,15,bezier_ipopt,5.640590937982779,mse,4.747451083402559e-06,False
daytime,80->58,1626,15,bezier_nm,30.86882814503042,mse,0.0006937344396195,False
daytime,80->73,1626,15,bezier_pgd,0.0016676929662935,mse,4.467805920746674e-05,False
daytime,80->73,1626,15,bezier_ipopt,5.742249452974647,mse,4.8809477018678414e-06,False
daytime,80->73,1626,15,bezier_nm,34.06276454695035,mse,0.0005183788322479,False
daytime,81->453,1626,15,bezier_pgd,0.0017069579917006,mse,2.9981404924062145e-05,False
daytime,81->453,1626,15,bezier_ipopt,5.292730993009172,mse,5.407105277027712e-06,False
daytime,81->453,1626,15,bezier_nm,31.66750320798019,mse,0.0002051359883057,False
daytime,81->82,1626,15,bezier_pgd,0.0040069890092127,mse,0.002936657531064,False
daytime,81->82,1626,15,bezier_ipopt,,mse,,True
daytime,81->82,1626,15,bezier_nm,22.142800835019443,mse,0.2377872541677446,False
daytime,82->81,1626,15,bezier_pgd,0.0025552759761922,mse,1.072543508405633e-05,False
daytime,82->81,1626,15,bezier_ipopt,5.826071263058111,mse,4.803335409206903e-06,False
daytime,82->81,1626,15,bezier_nm,32.24920876097167,mse,9.694067373721449e-05,False
daytime,82->83,1626,15,bezier_pgd,0.0015178470057435,mse,1.459137664163701e-05,False
daytime,82->83,1626,15,bezier_ipopt,5.674196214007679,mse,5.478308272327527e-06,False
daytime,82->83,1626,15,bezier_nm,31.625121789984405,mse,0.0001054743677593,False
daytime,83->82,1626,15,bezier_pgd,0.0019207940204069,mse,2.0922311143498618e-05,False
daytime,83->82,1626,15,bezier_ipopt,5.276843950967304,mse,5.217478335425749e-06,False
daytime,83->82,1626,15,bezier_nm,32.40913606999675,mse,0.0002550329441388,False
daytime,83->85,1626,15,bezier_pgd,0.0029991359915584,mse,0.0054098138940854,False
daytime,83->85,1626,15,bezier_ipopt,7.861279306001961,mse,0.0001267865103324,False
daytime,83->85,1626,15,bezier_nm,22.87848993600346,mse,0.246745017348617,False
daytime,84->510,1626,15,bezier_pgd,0.0036225839867256,mse,0.0013674322087382,False
daytime,84->510,1626,15,bezier_ipopt,53.08766605803976,mse,0.0001263697018013,False
daytime,84->510,1626,15,bezier_nm,24.43881984200561,mse,0.2211659078157071,False
daytime,84->85,1626,15,bezier_pgd,0.0023749420070089,mse,1.367731278366007e-05,False
daytime,84->85,1626,15,bezier_ipopt,5.249802242964506,mse,6.582748155786606e-06,False
daytime,84->85,1626,15,bezier_nm,33.22841341199819,mse,6.382711606575272e-05,False
daytime,85->83,1626,15,bezier_pgd,0.0019553909660317,mse,0.0001815807211861,False
daytime,85->83,1626,15,bezier_ipopt,5.597983498009853,mse,0.0001146300550237,False
daytime,85->83,1626,15,bezier_nm,34.64399346499704,mse,0.00170573998652,False
daytime,85->84,1626,15,bezier_pgd,0.0027088710339739,mse,0.0146051290246065,False
daytime,85->84,1626,15,bezier_ipopt,,mse,,True
daytime,85->84,1626,15,bezier_nm,22.684450651984665,mse,0.2446674102483206,False
daytime,86->142,1626,15,bezier_pgd,0.0025275890366174,mse,0.0001567842680209,False
daytime,86->142,1626,15,bezier_ipopt,8.869631959008984,mse,0.0001327641089655,False
daytime,86->142,1626,15,bezier_nm,31.06303762504831,mse,0.0016909229714014,False
daytime,86->59,1626,15,bezier_pgd,0.0016046340460889,mse,0.0547451740421316,False
daytime,86->59,1626,15,bezier_ipopt,6.07546555402223,mse,2.332405064065664e-05,False
daytime,86->59,1626,15,bezier_nm,23.858485396020114,mse,0.5658912528069463,False
daytime,87->88,1626,15,bezier_pgd,0.0014923629933036,mse,1.728829431022109e-05,False
daytime,87->88,1626,15,bezier_ipopt,5.476226781960577,mse,5.661537649103518e-06,False
daytime,87->88,1626,15,bezier_nm,33.39359502197476,mse,8.770254036707106e-05,False
daytime,87->97,1626,15,bezier_pgd,0.0015643529477529,mse,1.4665778419133638e-05,False
daytime,87->97,1626,15,bezier_ipopt,4.750425570993684,mse,5.527114188252044e-06,False
daytime,87->97,1626,15,bezier_nm,29.323276301962323,mse,0.0005424850597118,False
daytime,88->16,1626,15,bezier_pgd,0.0021718560019508,mse,2.874042355126037e-05,False
daytime,88->16,1626,15,bezier_ipopt,5.791233173047658,mse,5.265667631066813e-06,False
daytime,88->16,1626,15,bezier_nm,35.29876701696776,mse,0.000178865829213,False
daytime,88->87,1626,15,bezier_pgd,0.0018295230111107,mse,3.818103830521105e-05,False
daytime,88->87,1626,15,bezier_ipopt,5.602564539993182,mse,8.109220679032195e-06,False
daytime,88->87,1626,15,bezier_nm,34.13600741297705,mse,0.0001744781701211,False
daytime,89->297,1626,15,bezier_pgd,0.0015036080149002,mse,1.653419179649935e-05,False
daytime,89->297,1626,15,bezier_ipopt,5.38499990402488,mse,5.56927461740429e-06,False
daytime,89->297,1626,15,bezier_nm,29.919389795977622,mse,0.0003157729063943,False
daytime,89->90,1626,15,bezier_pgd,0.0022552359732799,mse,1.6526597431643525e-05,False
daytime,89->90,1626,15,bezier_ipopt,9.508267116034403,mse,5.521437576852912e-06,False
daytime,89->90,1626,15,bezier_nm,31.448027815960813,mse,0.0003213777515671,False
daytime,9->499,1626,15,bezier_pgd,0.0019370150403119,mse,0.0019749669316486,False
daytime,9->499,1626,15,bezier_ipopt,5.937038295029197,mse,0.0001762689329676,False
daytime,9->499,1626,15,bezier_nm,23.589776387030724,mse,0.1186419351104287,False
daytime,90->216,1626,15,bezier_pgd,0.0016634489875286,mse,2.090175800437548e-05,False
daytime,90->216,1626,15,bezier_ipopt,8.390612306946423,mse,1.0206373066795252e-05,False
daytime,90->216,1626,15,bezier_nm,35.49828000803245,mse,0.0001513323544849,False
daytime,90->89,1626,15,bezier_pgd,0.00164400000358,mse,2.824743105731533e-05,False
daytime,90->89,1626,15,bezier_ipopt,5.219186762988102,mse,1.3361827858502832e-05,False
daytime,90->89,1626,15,bezier_nm,31.769533878017683,mse,0.0005020488027043,False
daytime,91->408,1626,15,bezier_pgd,0.0061305609997361,mse,0.185657131298522,False
daytime,91->408,1626,15,bezier_ipopt,,mse,,True
daytime,91->408,1626,15,bezier_nm,20.638235383026768,mse,0.3309389166409442,False
daytime,91->92,1626,15,bezier_pgd,0.0015653379959985,mse,1.6733470097473153e-05,False
daytime,91->92,1626,15,bezier_ipopt,4.915383775020018,mse,5.494806604199672e-06,False
daytime,91->92,1626,15,bezier_nm,31.424631585017774,mse,0.0006054652896562,False
daytime,92->259,1626,15,bezier_pgd,0.0018460070132277,mse,0.0043317635479709,False
daytime,92->259,1626,15,bezier_ipopt,,mse,,True
daytime,92->259,1626,15,bezier_nm,26.63741021498572,mse,0.3147737473003577,False
daytime,92->91,1626,15,bezier_pgd,0.0061488060164265,mse,0.2064936366676286,False
daytime,92->91,1626,15,bezier_ipopt,,mse,,True
daytime,92->91,1626,15,bezier_nm,21.15778407000471,mse,0.337596340307531,False
daytime,93->425,1626,15,bezier_pgd,0.0016014379798434,mse,2.846172706618128e-05,False
daytime,93->425,1626,15,bezier_ipopt,6.584844478988089,mse,7.677144132937821e-06,False
daytime,93->425,1626,15,bezier_nm,32.363175932026934,mse,0.0001841229834328,False
daytime,93->448,1626,15,bezier_pgd,0.0020969500183127,mse,9.303511497882616e-06,False
daytime,93->448,1626,15,bezier_ipopt,5.995110927033238,mse,4.076428078672344e-06,False
daytime,93->448,1626,15,bezier_nm,31.14651138597401,mse,4.259324001977934e-05,False
daytime,94->209,1626,15,bezier_pgd,0.0021628329996019,mse,0.0325562317706117,False
daytime,94->209,1626,15,bezier_ipopt,5.943744827003684,mse,0.0001318030036622,False
daytime,94->209,1626,15,bezier_nm,23.123082383011933,mse,0.2886213729523048,False
daytime,94->95,1626,15,bezier_pgd,0.0015464890166185,mse,1.3555111120841852e-05,False
daytime,94->95,1626,15,bezier_ipopt,4.942502474994399,mse,6.357288400941653e-06,False
daytime,94->95,1626,15,bezier_nm,32.60050435195444,mse,7.536751381572328e-05,False
daytime,95->94,1626,15,bezier_pgd,0.0015838780091144,mse,1.2076022966432153e-05,False
daytime,95->94,1626,15,bezier_ipopt,4.551447893027216,mse,4.918266993104973e-06,False
daytime,95->94,1626,15,bezier_nm,31.66702915797941,mse,0.0001913836874063,False
daytime,95->96,1626,15,bezier_pgd,0.0016719280392862,mse,1.8430073874772745e-05,False
daytime,95->96,1626,15,bezier_ipopt,4.95112635899568,mse,4.534285058986484e-06,False
daytime,95->96,1626,15,bezier_nm,34.85468317603227,mse,0.0001211564440392,False
daytime,96->8,1626,15,bezier_pgd,0.001873519970104,mse,0.0061881576118723,False
daytime,96->8,1626,15,bezier_ipopt,,mse,,True
daytime,96->8,1626,15,bezier_nm,25.18636156397406,mse,0.3840214352899012,False
daytime,96->95,1626,15,bezier_pgd,0.0015298050129786,mse,1.3243397981436924e-05,False
daytime,96->95,1626,15,bezier_ipopt,4.528834393015131,mse,3.68007608307609e-06,False
daytime,96->95,1626,15,bezier_nm,32.512831674015615,mse,0.000169970961394,False
daytime,97->17,1626,15,bezier_pgd,0.0015159419854171,mse,1.644538642756954e-05,False
daytime,97->17,1626,15,bezier_ipopt,5.110362050007097,mse,6.504630467754352e-06,False
daytime,97->17,1626,15,bezier_nm,30.375992626999505,mse,0.0002089886513011,False
daytime,97->87,1626,15,bezier_pgd,0.0014806619728915,mse,1.664063741143052e-05,False
daytime,97->87,1626,15,bezier_ipopt,3.878532265953254,mse,9.58436771104664e-06,False
daytime,97->87,1626,15,bezier_nm,33.00809830601793,mse,0.0001215431144375,False
daytime,98->455,1626,15,bezier_pgd,0.0016504210070706,mse,2.1663696775448387e-05,False
daytime,98->455,1626,15,bezier_ipopt,4.970796518027782,mse,7.539629651992306e-06,False
daytime,98->455,1626,15,bezier_nm,31.310197695042007,mse,0.000581798215656,False
daytime,98->456,1626,15,bezier_pgd,0.0016506859683431,mse,1.7284515647427585e-05,False
daytime,98->456,1626,15,bezier_ipopt,7.299447469995357,mse,3.6182087944260862e-06,False
daytime,98->456,1626,15,bezier_nm,33.03335380402859,mse,0.0006733414182079,False
daytime,99->100,1626,15,bezier_pgd,0.0015225220122374,mse,1.3265413583752778e-05,False
daytime,99->100,1626,15,bezier_ipopt,5.540011926961597,mse,5.663031996410516e-06,False
daytime,99->100,1626,15,bezier_nm,29.102121743024327,mse,0.0004650858807717,False
daytime,99->456,1626,15,bezier_pgd,0.0026301459874957,mse,2.901682354545553e-05,False
daytime,99->456,1626,15,bezier_ipopt,5.108135343994945,mse,6.866210197567609e-06,False
daytime,99->456,1626,15,bezier_nm,29.702462351007853,mse,0.0007049248791957,False
full_day,1->31,3222,20,bezier_pgd,0.0076121169840916,mse,1.4235738729988634e-05,False
full_day,1->31,3222,20,bezier_ipopt,16.603344899020158,mse,1.9524696847430403e-06,False
full_day,1->31,3222,20,bezier_nm,87.73208235099446,mse,0.0003587369745026,False
full_day,10->435,3222,20,bezier_pgd,0.0058242140221409,mse,0.0083725476754213,False
full_day,10->435,3222,20,bezier_ipopt,21.085216739971656,mse,9.311087611461196e-05,False
full_day,10->435,3222,20,bezier_nm,57.34064776694868,mse,0.2393089061981148,False
full_day,100->524,3222,20,bezier_pgd,0.0034441970055922,mse,9.587792910365028e-06,False
full_day,100->524,3222,20,bezier_ipopt,14.299074346025009,mse,3.578809299544737e-06,False
full_day,100->524,3222,20,bezier_nm,85.85315009299666,mse,0.0002991598608649,False
full_day,100->99,3222,20,bezier_pgd,0.0031932179699651,mse,8.970842082249234e-06,False
full_day,100->99,3222,20,bezier_ipopt,13.105499600991608,mse,2.691450102252885e-06,False
full_day,100->99,3222,20,bezier_nm,83.44517976796487,mse,0.0003702563342767,False
full_day,101->102,3222,20,bezier_pgd,0.003384078037925,mse,7.97168958326049e-06,False
full_day,101->102,3222,20,bezier_ipopt,16.98263175500324,mse,2.018096340164266e-06,False
full_day,101->102,3222,20,bezier_nm,85.61949316697428,mse,0.0002972773914969,False
full_day,101->457,3222,20,bezier_pgd,0.0035233889939263,mse,6.199363399704236e-06,False
full_day,101->457,3222,20,bezier_ipopt,15.334248428000135,mse,1.678241472270767e-06,False
full_day,101->457,3222,20,bezier_nm,83.30362996499753,mse,0.0002595888809474,False
full_day,102->101,3222,20,bezier_pgd,0.0033974530524574,mse,9.734515833857882e-06,False
full_day,102->101,3222,20,bezier_ipopt,15.656732964038383,mse,2.9906108847614702e-06,False
full_day,102->101,3222,20,bezier_nm,89.17568729398772,mse,0.0003125079969074,False
full_day,102->103,3222,20,bezier_pgd,0.003348778001964,mse,9.950604950359466e-06,False
full_day,102->103,3222,20,bezier_ipopt,21.19594779802719,mse,3.6654431639292143e-06,False
full_day,102->103,3222,20,bezier_nm,90.08819566003513,mse,0.0002985261064443,False
full_day,103->102,3222,20,bezier_pgd,0.0037345829769037,mse,9.000808125970629e-06,False
full_day,103->102,3222,20,bezier_ipopt,17.106811358011328,mse,3.382333353888578e-06,False
full_day,103->102,3222,20,bezier_nm,85.85670523002045,mse,0.0003420012014056,False
full_day,103->104,3222,20,bezier_pgd,0.0035494059557095,mse,1.1887724727010635e-05,False
full_day,103->104,3222,20,bezier_ipopt,14.00070264399983,mse,2.376608993205525e-06,False
full_day,103->104,3222,20,bezier_nm,83.86386233597295,mse,0.0003446078894036,False
full_day,104->103,3222,20,bezier_pgd,0.0043347820173949,mse,9.094732516665836e-06,False
full_day,104->103,3222,20,bezier_ipopt,18.953380954975728,mse,2.341904584884062e-06,False
full_day,104->103,3222,20,bezier_nm,80.87135386397131,mse,0.00029080604649,False
full_day,104->105,3222,20,bezier_pgd,0.0031118670012801,mse,6.799240175041534e-06,False
full_day,104->105,3222,20,bezier_ipopt,14.829413797007874,mse,3.554227670819022e-06,False
full_day,104->105,3222,20,bezier_nm,80.98818618798396,mse,0.0002475254037855,False
full_day,105->104,3222,20,bezier_pgd,0.0044186299783177,mse,8.67094949216614e-06,False
full_day,105->104,3222,20,bezier_ipopt,12.58559387398418,mse,4.149573165898571e-06,False
full_day,105->104,3222,20,bezier_nm,82.18014421901898,mse,0.0003090572099092,False
full_day,105->18,3222,20,bezier_pgd,0.0034117270261049,mse,1.1248139629368084e-05,False
full_day,105->18,3222,20,bezier_ipopt,12.413405457045885,mse,4.724710649314497e-06,False
full_day,105->18,3222,20,bezier_nm,87.94910725799855,mse,0.000132660915377,False
full_day,106->216,3222,20,bezier_pgd,0.0112454129848629,mse,0.7975930740208094,False
full_day,106->216,3222,20,bezier_ipopt,,mse,,True
full_day,106->216,3222,20,bezier_nm,56.54212529200595,mse,0.8155758372624884,False
full_day,106->5,3222,20,bezier_pgd,0.0032245540060102,mse,9.971002570438813e-06,False
full_day,106->5,3222,20,bezier_ipopt,15.17238487303257,mse,3.366940457678386e-06,False
full_day,106->5,3222,20,bezier_nm,83.36723811901174,mse,0.0002721049514128,False
full_day,107->111,3222,20,bezier_pgd,0.0031671749893575,mse,1.1678827790434215e-05,False
full_day,107->111,3222,20,bezier_ipopt,16.20092910400126,mse,2.619924785995544e-06,False
full_day,107->111,3222,20,bezier_nm,78.30512914597057,mse,0.0002999991311466,False
full_day,107->7,3222,20,bezier_pgd,0.0042261849739588,mse,6.409108785778696e-06,False
full_day,107->7,3222,20,bezier_ipopt,12.348629045998678,mse,2.9971010625233638e-06,False
full_day,107->7,3222,20,bezier_nm,89.44580119702732,mse,7.90169600827255e-05,False
full_day,108->510,3222,20,bezier_pgd,0.0042712139547802,mse,0.0081214563317509,False
full_day,108->510,3222,20,bezier_ipopt,18.517481457965918,mse,0.0001633981647465,False
full_day,108->510,3222,20,bezier_nm,57.76924020296428,mse,0.1958414177918698,False
full_day,108->7,3222,20,bezier_pgd,0.0055686230189166,mse,0.0223880239590691,False
full_day,108->7,3222,20,bezier_ipopt,,mse,,True
full_day,108->7,3222,20,bezier_nm,55.55731031601317,mse,0.2659742814813541,False
full_day,109->341,3222,20,bezier_pgd,0.0071367589989677,mse,0.0006676952081164,False
full_day,109->341,3222,20,bezier_ipopt,,mse,,True
full_day,109->341,3222,20,bezier_nm,60.56200073997024,mse,0.2025422416837495,False
full_day,109->78,3222,20,bezier_pgd,0.0030652949935756,mse,6.805041546683636e-06,False
full_day,109->78,3222,20,bezier_ipopt,12.168437845946755,mse,4.319331378304156e-06,False
full_day,109->78,3222,20,bezier_nm,81.63261514098849,mse,0.0002271825988694,False
full_day,11->517,3222,20,bezier_pgd,0.0063806509715504,mse,0.005890604911874,False
full_day,11->517,3222,20,bezier_ipopt,26.412612249027006,mse,0.0001535780864139,False
full_day,11->517,3222,20,bezier_nm,56.8908620569855,mse,0.2744902578160478,False
full_day,110->345,3222,20,bezier_pgd,0.0031077929888851,mse,7.632143635105817e-06,False
full_day,110->345,3222,20,bezier_ipopt,14.238127605000043,mse,4.203946689342335e-06,False
full_day,110->345,3222,20,bezier_nm,83.01986628200393,mse,0.0002908801933735,False
full_day,110->79,3222,20,bezier_pgd,0.00316402700264,mse,1.0781385958316272e-05,False
full_day,110->79,3222,20,bezier_ipopt,18.70224257098744,mse,2.8138194301607893e-06,False
full_day,110->79,3222,20,bezier_nm,83.71211318700807,mse,0.0003433351384166,False
full_day,111->107,3222,20,bezier_pgd,0.0032779260072857,mse,0.1252428606035157,False
full_day,111->107,3222,20,bezier_ipopt,,mse,,True
full_day,111->107,3222,20,bezier_nm,56.3328127200366,mse,0.7020454774915134,False
full_day,111->239,3222,20,bezier_pgd,0.004083204024937,mse,0.0368832974027637,False
full_day,111->239,3222,20,bezier_ipopt,18.557098168006632,mse,2.222640485315106e-05,False
full_day,111->239,3222,20,bezier_nm,55.92005728499498,mse,0.4466337398015746,False
full_day,112->42,3222,20,bezier_pgd,0.0032513389596715,mse,1.0379419504053252e-05,False
full_day,112->42,3222,20,bezier_ipopt,14.26930850703502,mse,5.712549749228091e-06,False
full_day,112->42,3222,20,bezier_nm,84.64358759700553,mse,0.0001145432857654,False
full_day,113->531,3222,20,bezier_pgd,0.0046879230067133,mse,0.006566504779683,False
full_day,113->531,3222,20,bezier_ipopt,,mse,,True
full_day,113->531,3222,20,bezier_nm,56.46162701403955,mse,0.376156786039749,False
full_day,113->532,3222,20,bezier_pgd,0.0048207769868895,mse,1.6284187689440953e-05,False
full_day,113->532,3222,20,bezier_ipopt,15.549630240013355,mse,2.4765324997536164e-06,False
full_day,113->532,3222,20,bezier_nm,83.80906099197455,mse,0.0005069054304302,False
full_day,114->280,3222,20,bezier_pgd,0.003976019041147,mse,0.0346601761949865,False
full_day,114->280,3222,20,bezier_ipopt,,mse,,True
full_day,114->280,3222,20,bezier_nm,61.44078685599379,mse,0.3522005819869608,False
full_day,114->297,3222,20,bezier_pgd,0.0029495659982785,mse,1.0595288933093748e-05,False
full_day,114->297,3222,20,bezier_ipopt,13.955894675978923,mse,3.0877482708994097e-06,False
full_day,114->297,3222,20,bezier_nm,78.02650319499662,mse,0.0003571285420335,False
full_day,115->353,3222,20,bezier_pgd,0.0075127229792997,mse,0.0098844428671778,False
full_day,115->353,3222,20,bezier_ipopt,80.52495675598038,mse,0.0002159618321402,False
full_day,115->353,3222,20,bezier_nm,54.946833254012745,mse,0.2970462707416703,False
full_day,115->459,3222,20,bezier_pgd,0.0040624639950692,mse,0.0259148345687509,False
full_day,115->459,3222,20,bezier_ipopt,,mse,,True
full_day,115->459,3222,20,bezier_nm,62.41159291495569,mse,0.3190692130062266,False
full_day,116->177,3222,20,bezier_pgd,0.007372556021437,mse,0.002037021861247,False
full_day,116->177,3222,20,bezier_ipopt,22.98531593399821,mse,0.0002127248647034,False
full_day,116->177,3222,20,bezier_nm,56.71005769399926,mse,0.1744446386436684,False
full_day,116->423,3222,20,bezier_pgd,0.009109303005971,mse,0.0166691709421209,False
full_day,116->423,3222,20,bezier_ipopt,20.91031670803204,mse,0.00025566472404,False
full_day,116->423,3222,20,bezier_nm,56.44462993805064,mse,0.2898809545929382,False
full_day,117->460,3222,20,bezier_pgd,0.0057172859669663,mse,0.0007623363905525,False
full_day,117->460,3222,20,bezier_ipopt,29.53543747100048,mse,0.0001241314882403,False
full_day,117->460,3222,20,bezier_nm,54.630986249947455,mse,0.2221499843612297,False
full_day,117->484,3222,20,bezier_pgd,0.0049565889639779,mse,0.0088348496089404,False
full_day,117->484,3222,20,bezier_ipopt,23.809230019978717,mse,0.0001982081201184,False
full_day,117->484,3222,20,bezier_nm,56.451848242024425,mse,0.2594487060430321,False
full_day,118->119,3222,20,bezier_pgd,0.0036765160039067,mse,0.0002023956302496,False
full_day,118->119,3222,20,bezier_ipopt,,mse,,True
full_day,118->119,3222,20,bezier_nm,90.05212594097247,mse,0.0020164476235562,False
full_day,118->137,3222,20,bezier_pgd,0.0068651490146294,mse,0.0003584114405774,False
full_day,118->137,3222,20,bezier_ipopt,20.864259631023742,mse,0.0001687325416688,False
full_day,118->137,3222,20,bezier_nm,57.02651376102585,mse,0.093754403899702,False
full_day,119->118,3222,20,bezier_pgd,0.0059208209859207,mse,0.0157914122777764,False
full_day,119->118,3222,20,bezier_ipopt,,mse,,True
full_day,119->118,3222,20,bezier_nm,56.328337498998735,mse,0.2821682353600224,False
full_day,119->311,3222,20,bezier_pgd,0.0036176519934087,mse,0.0002622463386163,False
full_day,119->311,3222,20,bezier_ipopt,26.524585249018852,mse,0.0002224556530841,False
full_day,119->311,3222,20,bezier_nm,92.8724750840338,mse,0.0016475151934289,False
full_day,12->443,3222,20,bezier_pgd,0.0046960370382294,mse,0.0025348809927058,False
full_day,12->443,3222,20,bezier_ipopt,20.979740176990163,mse,0.0002522034374485,False
full_day,12->443,3222,20,bezier_nm,60.28792839898961,mse,0.2330531392184432,False
full_day,12->533,3222,20,bezier_pgd,0.0045511029893532,mse,0.0047510005061209,False
full_day,12->533,3222,20,bezier_ipopt,27.974298226996325,mse,0.0002132791437226,False
full_day,12->533,3222,20,bezier_nm,56.74974950600881,mse,0.2446071595186465,False
full_day,120->462,3222,20,bezier_pgd,0.0049452490056864,mse,0.0005185374984479,False
full_day,120->462,3222,20,bezier_ipopt,23.93158785899868,mse,0.000133189580608,False
full_day,120->462,3222,20,bezier_nm,57.95714772300562,mse,0.1105111688516363,False
full_day,120->490,3222,20,bezier_pgd,0.0071782589657232,mse,0.0064999043952741,False
full_day,120->490,3222,20,bezier_ipopt,31.69494506402407,mse,0.0001983833352657,False
full_day,120->490,3222,20,bezier_nm,56.042197016999125,mse,0.2536853074797205,False
full_day,121->299,3222,20,bezier_pgd,0.004343326028902,mse,0.0007981017332729,False
full_day,121->299,3222,20,bezier_ipopt,39.07766635296866,mse,0.000276919966783,False
full_day,121->299,3222,20,bezier_nm,59.18569386197487,mse,0.1024752526540818,False
full_day,121->423,3222,20,bezier_pgd,0.0051417509675957,mse,0.0163157984674346,False
full_day,121->423,3222,20,bezier_ipopt,19.25989235698944,mse,0.0001995634462735,False
full_day,121->423,3222,20,bezier_nm,55.40099635301158,mse,0.2947669959282707,False
full_day,122->348,3222,20,bezier_pgd,0.0055047830101102,mse,0.0010552140420576,False
full_day,122->348,3222,20,bezier_ipopt,20.745354380982462,mse,0.0001867719514587,False
full_day,122->348,3222,20,bezier_nm,57.47512035100954,mse,0.1985845107283169,False
full_day,122->415,3222,20,bezier_pgd,0.0055807820172049,mse,0.0114085112512481,False
full_day,122->415,3222,20,bezier_ipopt,44.639299169997685,mse,0.0001633909395528,False
full_day,122->415,3222,20,bezier_nm,56.64965133101214,mse,0.2874230526687845,False
full_day,123->463,3222,20,bezier_pgd,0.0037177560152485,mse,0.0113342145629462,False
full_day,123->463,3222,20,bezier_ipopt,,mse,,True
full_day,123->463,3222,20,bezier_nm,57.55320508003933,mse,0.4574648043500126,False
full_day,123->486,3222,20,bezier_pgd,0.0059723369777202,mse,0.0011378983523387,False
full_day,123->486,3222,20,bezier_ipopt,34.11330621299567,mse,0.000111760488056,False
full_day,123->486,3222,20,bezier_nm,56.517022107960656,mse,0.1876339371685818,False
full_day,124->125,3222,20,bezier_pgd,0.0055202310322783,mse,0.0176032318144573,False
full_day,124->125,3222,20,bezier_ipopt,18.692752167000435,mse,0.0002797637461214,False
full_day,124->125,3222,20,bezier_nm,56.11232764297165,mse,0.2710828194420527,False
full_day,124->453,3222,20,bezier_pgd,0.0049741169787012,mse,0.000547336525491,False
full_day,124->453,3222,20,bezier_ipopt,24.65389898995636,mse,0.0002018651590029,False
full_day,124->453,3222,20,bezier_nm,56.732258232019376,mse,0.1182598498651986,False
full_day,125->124,3222,20,bezier_pgd,0.0054173620301298,mse,0.0140560151603504,False
full_day,125->124,3222,20,bezier_ipopt,28.571581870957743,mse,0.0001746367540079,False
full_day,125->124,3222,20,bezier_nm,54.0545190020348,mse,0.2644146503294984,False
full_day,125->429,3222,20,bezier_pgd,0.0050953750032931,mse,0.0175195582575764,False
full_day,125->429,3222,20,bezier_ipopt,28.63052327599144,mse,0.0004473484425293,False
full_day,125->429,3222,20,bezier_nm,58.95343986200169,mse,0.2464931673740306,False
full_day,126->343,3222,20,bezier_pgd,0.0047373010311275,mse,0.0133947304727686,False
full_day,126->343,3222,20,bezier_ipopt,23.02702388999751,mse,0.0001458541469345,False
full_day,126->343,3222,20,bezier_nm,58.73870609101141,mse,0.2762013959141192,False
full_day,126->464,3222,20,bezier_pgd,0.0045633069821633,mse,0.0113012909067151,False
full_day,126->464,3222,20,bezier_ipopt,31.35138303297572,mse,0.0001375883753164,False
full_day,126->464,3222,20,bezier_nm,54.97772082703887,mse,0.2759545612599759,False
full_day,127->17,3222,20,bezier_pgd,0.0084461359656415,mse,0.0069787532785687,False
full_day,127->17,3222,20,bezier_ipopt,,mse,,True
full_day,127->17,3222,20,bezier_nm,57.292621307016816,mse,0.2393776794550014,False
full_day,127->471,3222,20,bezier_pgd,0.0049143810174427,mse,0.0022922356216553,False
full_day,127->471,3222,20,bezier_ipopt,,mse,,True
full_day,127->471,3222,20,bezier_nm,57.35851653601276,mse,0.2250470602594695,False
full_day,128->357,3222,20,bezier_pgd,0.0069555889931507,mse,0.0623781543853149,False
full_day,128->357,3222,20,bezier_ipopt,18.130526790977456,mse,4.442870820313258e-05,False
full_day,128->357,3222,20,bezier_nm,54.17120592598803,mse,0.3576338898671447,False
full_day,128->465,3222,20,bezier_pgd,0.005009307002183,mse,0.0495951941255119,False
full_day,128->465,3222,20,bezier_ipopt,,mse,,True
full_day,128->465,3222,20,bezier_nm,56.03967048303457,mse,0.3198033732998742,False
full_day,129->160,3222,20,bezier_pgd,0.0052475539851002,mse,0.0072973492422165,False
full_day,129->160,3222,20,bezier_ipopt,32.06536121899262,mse,0.0001853600065822,False
full_day,129->160,3222,20,bezier_nm,57.27023308299249,mse,0.2618686209377987,False
full_day,129->511,3222,20,bezier_pgd,0.0060405010008253,mse,0.0107438274987592,False
full_day,129->511,3222,20,bezier_ipopt,21.68606458499562,mse,0.000152966481465,False
full_day,129->511,3222,20,bezier_nm,55.88154219003627,mse,0.2600045187630813,False
full_day,13->530,3222,20,bezier_pgd,0.0051862859982065,mse,0.0082766515393123,False
full_day,13->530,3222,20,bezier_ipopt,,mse,,True
full_day,13->530,3222,20,bezier_nm,56.18904215202201,mse,0.2591859387268407,False
full_day,13->532,3222,20,bezier_pgd,0.0049840729916468,mse,0.0008298425513794,False
full_day,13->532,3222,20,bezier_ipopt,22.55456735601183,mse,0.0003437388705374,False
full_day,13->532,3222,20,bezier_nm,60.0760922319605,mse,0.1473962413674443,False
full_day,130->450,3222,20,bezier_pgd,0.0046437620185315,mse,0.016226779231902,False
full_day,130->450,3222,20,bezier_ipopt,,mse,,True
full_day,130->450,3222,20,bezier_nm,56.454419616027735,mse,0.2868587540324684,False
full_day,130->65,3222,20,bezier_pgd,0.003600672003813,mse,0.0001744131340678,False
full_day,130->65,3222,20,bezier_ipopt,,mse,,True
full_day,130->65,3222,20,bezier_nm,92.50334790500348,mse,0.0016269313430455,False
full_day,131->221,3222,20,bezier_pgd,0.0052703149849548,mse,0.0005803919947423,False
full_day,131->221,3222,20,bezier_ipopt,24.05766638700152,mse,0.0002140790012505,False
full_day,131->221,3222,20,bezier_nm,59.81752321397653,mse,0.175566211448355,False
full_day,131->457,3222,20,bezier_pgd,0.0049072079709731,mse,0.0046785772605574,False
full_day,131->457,3222,20,bezier_ipopt,21.49308882898185,mse,0.000174651316474,False
full_day,131->457,3222,20,bezier_nm,56.27697475103196,mse,0.2496124040766687,False
full_day,132->133,3222,20,bezier_pgd,0.0056557630305178,mse,0.0180886422533176,False
full_day,132->133,3222,20,bezier_ipopt,,mse,,True
full_day,132->133,3222,20,bezier_nm,56.220198136987165,mse,0.2882962241662187,False
full_day,132->493,3222,20,bezier_pgd,0.0045871249749325,mse,0.0229408802941978,False
full_day,132->493,3222,20,bezier_ipopt,,mse,,True
full_day,132->493,3222,20,bezier_nm,55.67971385602141,mse,0.310562610650506,False
full_day,133->132,3222,20,bezier_pgd,0.0047278139973059,mse,0.0229408802941978,False
full_day,133->132,3222,20,bezier_ipopt,,mse,,True
full_day,133->132,3222,20,bezier_nm,56.729296965000685,mse,0.310525242842739,False
full_day,133->479,3222,20,bezier_pgd,0.0053931309957988,mse,0.0057880247695852,False
full_day,133->479,3222,20,bezier_ipopt,,mse,,True
full_day,133->479,3222,20,bezier_nm,60.19446545798564,mse,0.2378163311758376,False
full_day,134->135,3222,20,bezier_pgd,0.0076106520136818,mse,0.0285932800792155,False
full_day,134->135,3222,20,bezier_ipopt,,mse,,True
full_day,134->135,3222,20,bezier_nm,59.72120541194454,mse,0.3111980830096581,False
full_day,134->320,3222,20,bezier_pgd,0.0049271410098299,mse,0.012553247094272,False
full_day,134->320,3222,20,bezier_ipopt,,mse,,True
full_day,134->320,3222,20,bezier_nm,56.60729432699736,mse,0.2910936747308497,False
full_day,135->134,3222,20,bezier_pgd,0.0077054309658706,mse,0.0106464853539498,False
full_day,135->134,3222,20,bezier_ipopt,,mse,,True
full_day,135->134,3222,20,bezier_nm,57.6266175340279,mse,0.2911202823279374,False
full_day,135->479,3222,20,bezier_pgd,0.0046690760063938,mse,0.0494853816903719,False
full_day,135->479,3222,20,bezier_ipopt,,mse,,True
full_day,135->479,3222,20,bezier_nm,57.76243483700091,mse,0.3143231301725961,False
full_day,136->444,3222,20,bezier_pgd,0.0051001670071855,mse,0.012794325645382,False
full_day,136->444,3222,20,bezier_ipopt,27.865317826042883,mse,0.000264040456457,False
full_day,136->444,3222,20,bezier_nm,57.61979721899843,mse,0.2574990336982826,False
full_day,136->517,3222,20,bezier_pgd,0.0058509520022198,mse,0.0137958917369584,False
full_day,136->517,3222,20,bezier_ipopt,26.930127431056462,mse,0.0001629677436644,False
full_day,136->517,3222,20,bezier_nm,55.13117357296869,mse,0.2730440573420404,False
full_day,137->118,3222,20,bezier_pgd,0.0055364159634336,mse,0.0005537088570269,False
full_day,137->118,3222,20,bezier_ipopt,22.99431870301487,mse,0.0001899317709908,False
full_day,137->118,3222,20,bezier_nm,61.71310764999362,mse,0.0977906335010949,False
full_day,137->466,3222,20,bezier_pgd,0.0033460249542258,mse,0.0001891499672989,False
full_day,137->466,3222,20,bezier_ipopt,,mse,,True
full_day,137->466,3222,20,bezier_nm,88.62826784799108,mse,0.0014090111780482,False
full_day,138->422,3222,20,bezier_pgd,0.0096595869981683,mse,0.0045279733533082,False
full_day,138->422,3222,20,bezier_ipopt,22.146336453035477,mse,0.000130627881868,False
full_day,138->422,3222,20,bezier_nm,57.36483955098083,mse,0.2522836629372854,False
full_day,138->467,3222,20,bezier_pgd,0.0077149069984443,mse,0.0077727282309444,False
full_day,138->467,3222,20,bezier_ipopt,,mse,,True
full_day,138->467,3222,20,bezier_nm,58.16119456704473,mse,0.2539163400835454,False
full_day,139->374,3222,20,bezier_pgd,0.0056195739889517,mse,0.0353125988514839,False
full_day,139->374,3222,20,bezier_ipopt,20.815720131038688,mse,0.0001355096974602,False
full_day,139->374,3222,20,bezier_nm,57.60936051502358,mse,0.3195416431488845,False
full_day,139->468,3222,20,bezier_pgd,0.0061852770159021,mse,0.0153238822310037,False
full_day,139->468,3222,20,bezier_ipopt,19.098923267039936,mse,0.0002326710538308,False
full_day,139->468,3222,20,bezier_nm,52.8555886260001,mse,0.2896482114542328,False
full_day,14->392,3222,20,bezier_pgd,0.003794663993176,mse,1.3007416605354544e-05,False
full_day,14->392,3222,20,bezier_ipopt,13.3361045109923,mse,2.7339707724000514e-06,False
full_day,14->392,3222,20,bezier_nm,82.83797586604487,mse,0.000513436554069,False
full_day,14->76,3222,20,bezier_pgd,0.0032418890041299,mse,7.769712389578952e-06,False
full_day,14->76,3222,20,bezier_ipopt,19.019192244973965,mse,2.122385748180827e-06,False
full_day,14->76,3222,20,bezier_nm,91.8692052050028,mse,0.000119586734096,False
full_day,140->152,3222,20,bezier_pgd,0.0046296900254674,mse,0.0013508547161793,False
full_day,140->152,3222,20,bezier_ipopt,,mse,,True
full_day,140->152,3222,20,bezier_nm,63.06517687899759,mse,0.1857617503399228,False
full_day,140->469,3222,20,bezier_pgd,0.0061108010122552,mse,0.0185452686726125,False
full_day,140->469,3222,20,bezier_ipopt,,mse,,True
full_day,140->469,3222,20,bezier_nm,56.60097847698489,mse,0.2885552290519222,False
full_day,141->399,3222,20,bezier_pgd,0.0046836589463055,mse,0.0046451144950566,False
full_day,141->399,3222,20,bezier_ipopt,25.82432194298599,mse,0.0002335601238091,False
full_day,141->399,3222,20,bezier_nm,58.35020743799396,mse,0.1968941447459679,False
full_day,141->510,3222,20,bezier_pgd,0.0035337030421942,mse,0.0002367376824318,False
full_day,141->510,3222,20,bezier_ipopt,28.86959022295196,mse,0.000153495456378,False
full_day,141->510,3222,20,bezier_nm,91.68694337503985,mse,0.0012359239519701,False
full_day,142->470,3222,20,bezier_pgd,0.0059630150208249,mse,0.0093533201624899,False
full_day,142->470,3222,20,bezier_ipopt,,mse,,True
full_day,142->470,3222,20,bezier_nm,59.352937521995045,mse,0.2611435750988097,False
full_day,142->86,3222,20,bezier_pgd,0.0130366090452298,mse,0.002599451826233,False
full_day,142->86,3222,20,bezier_ipopt,29.5800663609989,mse,0.0001827053806847,False
full_day,142->86,3222,20,bezier_nm,56.91127828101162,mse,0.2475140260657949,False
full_day,143->415,3222,20,bezier_pgd,0.0086465039639733,mse,0.0117075951334751,False
full_day,143->415,3222,20,bezier_ipopt,24.820099836040757,mse,0.0001784488229764,False
full_day,143->415,3222,20,bezier_nm,60.21974524698453,mse,0.25553198442743,False
full_day,143->74,3222,20,bezier_pgd,0.0053207959863357,mse,0.0079897117250306,False
full_day,143->74,3222,20,bezier_ipopt,23.090209382004105,mse,0.0001627372817663,False
full_day,143->74,3222,20,bezier_nm,55.97642553399783,mse,0.2522633952609163,False
full_day,144->145,3222,20,bezier_pgd,0.0086423539905808,mse,0.0011492965537906,False
full_day,144->145,3222,20,bezier_ipopt,30.37141632998828,mse,0.0002083410360709,False
full_day,144->145,3222,20,bezier_nm,57.51938658900326,mse,0.2217969465975874,False
full_day,144->383,3222,20,bezier_pgd,0.0051714860019274,mse,0.0015659601876259,False
full_day,144->383,3222,20,bezier_ipopt,21.00875445903512,mse,0.0001040079033414,False
full_day,144->383,3222,20,bezier_nm,56.47767251700861,mse,0.1266486114370922,False
full_day,145->144,3222,20,bezier_pgd,0.0050960509688593,mse,0.0017249135821353,False
full_day,145->144,3222,20,bezier_ipopt,,mse,,True
full_day,145->144,3222,20,bezier_nm,61.59898006101139,mse,0.1916896421840778,False
full_day,145->509,3222,20,bezier_pgd,0.0094366710400208,mse,0.0139439143176327,False
full_day,145->509,3222,20,bezier_ipopt,33.78718155901879,mse,0.0001676809819234,False
full_day,145->509,3222,20,bezier_nm,56.282398457988165,mse,0.2811266243731281,False
full_day,146->147,3222,20,bezier_pgd,0.0056266789906658,mse,0.0081900728867715,False
full_day,146->147,3222,20,bezier_ipopt,26.88984719099244,mse,0.0001200349942067,False
full_day,146->147,3222,20,bezier_nm,58.32624714099802,mse,0.2582676987863634,False
full_day,146->415,3222,20,bezier_pgd,0.0056787330540828,mse,0.01261902168598,False
full_day,146->415,3222,20,bezier_ipopt,21.155348404019605,mse,0.0001784073432181,False
full_day,146->415,3222,20,bezier_nm,56.42782409401843,mse,0.2705318863715582,False
full_day,147->146,3222,20,bezier_pgd,0.0048832269967533,mse,0.0148867283810206,False
full_day,147->146,3222,20,bezier_ipopt,,mse,,True
full_day,147->146,3222,20,bezier_nm,56.4629851889913,mse,0.2555468809488658,False
full_day,147->198,3222,20,bezier_pgd,0.0045416990178637,mse,0.0008008802236257,False
full_day,147->198,3222,20,bezier_ipopt,25.039448169001844,mse,0.0002993056799277,False
full_day,147->198,3222,20,bezier_nm,58.77322362700943,mse,0.0958098699284287,False
full_day,148->472,3222,20,bezier_pgd,0.0047516200575046,mse,0.0005425071362815,False
full_day,148->472,3222,20,bezier_ipopt,21.29259424301563,mse,9.91358172799505e-05,False
full_day,148->472,3222,20,bezier_nm,58.62558377999813,mse,0.1594769188908379,False
full_day,148->498,3222,20,bezier_pgd,0.0055730050080455,mse,0.0002014195386045,False
full_day,148->498,3222,20,bezier_ipopt,17.12005831702845,mse,0.0001135616672926,False
full_day,148->498,3222,20,bezier_nm,58.446885361976456,mse,0.0850219230357493,False
full_day,149->150,3222,20,bezier_pgd,0.0058972480474039,mse,0.0013788618506581,False
full_day,149->150,3222,20,bezier_ipopt,,mse,,True
full_day,149->150,3222,20,bezier_nm,58.6347844650154,mse,0.1975156124383328,False
full_day,149->215,3222,20,bezier_pgd,0.0046641060034744,mse,0.0005061211124918,False
full_day,149->215,3222,20,bezier_ipopt,,mse,,True
full_day,149->215,3222,20,bezier_nm,60.89778474002378,mse,0.1348150635371731,False
full_day,15->23,3222,20,bezier_pgd,0.0034964910009875,mse,1.1716655747322056e-05,False
full_day,15->23,3222,20,bezier_ipopt,23.628914594999515,mse,3.710838585029752e-06,False
full_day,15->23,3222,20,bezier_nm,94.90983109199442,mse,0.0001426225998902,False
full_day,15->234,3222,20,bezier_pgd,0.0044875210151076,mse,0.0685495719125862,False
full_day,15->234,3222,20,bezier_ipopt,,mse,,True
full_day,15->234,3222,20,bezier_nm,56.13971249200404,mse,0.3611946977488914,False
full_day,15->516,3222,20,bezier_pgd,0.0056912770378403,mse,0.0249433130155861,False
full_day,15->516,3222,20,bezier_ipopt,27.635343286965508,mse,2.549778955816523e-05,False
full_day,15->516,3222,20,bezier_nm,51.64601425000001,mse,0.2979298945044494,False
full_day,150->149,3222,20,bezier_pgd,0.0077858549775555,mse,0.0105988443424239,False
full_day,150->149,3222,20,bezier_ipopt,23.06202867801767,mse,0.0001753279715599,False
full_day,150->149,3222,20,bezier_nm,51.87858099996811,mse,0.2706051995950884,False
full_day,150->507,3222,20,bezier_pgd,0.0043689199956133,mse,0.0005081170233889,False
full_day,150->507,3222,20,bezier_ipopt,,mse,,True
full_day,150->507,3222,20,bezier_nm,54.410795320000034,mse,0.1577040511768264,False
full_day,151->290,3222,20,bezier_pgd,0.0096683240262791,mse,0.0112128951952982,False
full_day,151->290,3222,20,bezier_ipopt,,mse,,True
full_day,151->290,3222,20,bezier_nm,51.30084409302799,mse,0.2749180635029242,False
full_day,151->473,3222,20,bezier_pgd,0.0059432279667817,mse,0.0082189890020447,False
full_day,151->473,3222,20,bezier_ipopt,,mse,,True
full_day,151->473,3222,20,bezier_nm,51.84964693500661,mse,0.2780211270170892,False
full_day,152->140,3222,20,bezier_pgd,0.0046854779939167,mse,0.0025853426822688,False
full_day,152->140,3222,20,bezier_ipopt,,mse,,True
full_day,152->140,3222,20,bezier_nm,51.789074688975234,mse,0.2064326465687859,False
full_day,152->220,3222,20,bezier_pgd,0.0048859200323931,mse,0.011274353157602,False
full_day,152->220,3222,20,bezier_ipopt,,mse,,True
full_day,152->220,3222,20,bezier_nm,48.21338842401747,mse,0.2922155718722469,False
full_day,153->447,3222,20,bezier_pgd,0.0046410710201598,mse,0.0053470490836666,False
full_day,153->447,3222,20,bezier_ipopt,19.09199572901707,mse,0.000245546463499,False
full_day,153->447,3222,20,bezier_nm,50.29810071201064,mse,0.2499347202222959,False
full_day,153->474,3222,20,bezier_pgd,0.0045878469827584,mse,0.0003846866430741,False
full_day,153->474,3222,20,bezier_ipopt,18.12274151702877,mse,0.0001569915880885,False
full_day,153->474,3222,20,bezier_nm,54.45638053602306,mse,0.1316146500435266,False
full_day,154->434,3222,20,bezier_pgd,0.007706309959758,mse,0.0099179327138107,False
full_day,154->434,3222,20,bezier_ipopt,,mse,,True
full_day,154->434,3222,20,bezier_nm,52.46246623201296,mse,0.2654298740540525,False
full_day,154->470,3222,20,bezier_pgd,0.0067278089700266,mse,0.0010088463423049,False
full_day,154->470,3222,20,bezier_ipopt,,mse,,True
full_day,154->470,3222,20,bezier_nm,56.47145379998256,mse,0.1386342523662429,False
full_day,155->398,3222,20,bezier_pgd,0.0058317660004831,mse,0.005437992601345,False
full_day,155->398,3222,20,bezier_ipopt,20.277025028015487,mse,0.0001290228647257,False
full_day,155->398,3222,20,bezier_nm,50.07174368103733,mse,0.2391780205218397,False
full_day,155->480,3222,20,bezier_pgd,0.0044726339983753,mse,0.0005364683333881,False
full_day,155->480,3222,20,bezier_ipopt,,mse,,True
full_day,155->480,3222,20,bezier_nm,51.35157938598422,mse,0.1646869249808459,False
full_day,156->391,3222,20,bezier_pgd,0.0056721770088188,mse,0.0242087589942847,False
full_day,156->391,3222,20,bezier_ipopt,,mse,,True
full_day,156->391,3222,20,bezier_nm,49.809889557014685,mse,0.3001630203777932,False
full_day,156->469,3222,20,bezier_pgd,0.0048257120070047,mse,0.0007727357594504,False
full_day,156->469,3222,20,bezier_ipopt,,mse,,True
full_day,156->469,3222,20,bezier_nm,54.76890365796862,mse,0.1533057697246164,False
full_day,157->390,3222,20,bezier_pgd,0.0057242129696533,mse,0.0078750164920365,False
full_day,157->390,3222,20,bezier_ipopt,,mse,,True
full_day,157->390,3222,20,bezier_nm,51.14834929903736,mse,0.2764170466977419,False
full_day,157->476,3222,20,bezier_pgd,0.0061006860341876,mse,0.1496766656706809,False
full_day,157->476,3222,20,bezier_ipopt,,mse,,True
full_day,157->476,3222,20,bezier_nm,47.10036450898042,mse,0.3468660778344276,False
full_day,158->159,3222,20,bezier_pgd,0.0059709469787776,mse,0.0125320131338123,False
full_day,158->159,3222,20,bezier_ipopt,,mse,,True
full_day,158->159,3222,20,bezier_nm,50.875097914016806,mse,0.2685794446779157,False
full_day,158->244,3222,20,bezier_pgd,0.0047159109963104,mse,0.0067461869696087,False
full_day,158->244,3222,20,bezier_ipopt,21.93713839695556,mse,3.215684284640472e-05,False
full_day,158->244,3222,20,bezier_nm,51.763985777972266,mse,0.2083973235917728,False
full_day,159->158,3222,20,bezier_pgd,0.0096425699885003,mse,0.0159420608382297,False
full_day,159->158,3222,20,bezier_ipopt,,mse,,True
full_day,159->158,3222,20,bezier_nm,51.742131693987176,mse,0.2636314483725885,False
full_day,159->253,3222,20,bezier_pgd,0.0044775040005333,mse,0.0070157957075108,False
full_day,159->253,3222,20,bezier_ipopt,19.648831091006286,mse,0.0002295564908416,False
full_day,159->253,3222,20,bezier_nm,49.39724064897746,mse,0.2414685312820026,False
full_day,16->228,3222,20,bezier_pgd,0.0046738309902139,mse,0.0003751763048916,False
full_day,16->228,3222,20,bezier_ipopt,,mse,,True
full_day,16->228,3222,20,bezier_nm,64.26258602400776,mse,0.1325113457683682,False
full_day,16->451,3222,20,bezier_pgd,0.0032922169775702,mse,7.413790874173292e-06,False
full_day,16->451,3222,20,bezier_ipopt,15.380562632053625,mse,2.4851774322066987e-06,False
full_day,16->451,3222,20,bezier_nm,79.5781310639577,mse,6.434844057182277e-05,False
full_day,16->88,3222,20,bezier_pgd,0.0031056680018082,mse,1.0822138986169096e-05,False
full_day,16->88,3222,20,bezier_ipopt,11.63035823602695,mse,4.368525411528239e-06,False
full_day,16->88,3222,20,bezier_nm,83.79425337497378,mse,0.0001624211337581,False
full_day,160->129,3222,20,bezier_pgd,0.0052062510512769,mse,0.0089574165554951,False
full_day,160->129,3222,20,bezier_ipopt,27.778443293995224,mse,0.0001756405504196,False
full_day,160->129,3222,20,bezier_nm,50.807825636991765,mse,0.2637986015370274,False
full_day,160->529,3222,20,bezier_pgd,0.0050153599586337,mse,0.000925655365829,False
full_day,160->529,3222,20,bezier_ipopt,31.608295243990145,mse,0.0002042522529571,False
full_day,160->529,3222,20,bezier_nm,52.59119197999826,mse,0.1267580952552996,False
full_day,161->162,3222,20,bezier_pgd,0.004797592991963,mse,0.0085355077690021,False
full_day,161->162,3222,20,bezier_ipopt,31.38706566102337,mse,0.0001830119923512,False
full_day,161->162,3222,20,bezier_nm,50.50894426502055,mse,0.2718142714826889,False
full_day,161->405,3222,20,bezier_pgd,0.0051881069666706,mse,0.0097693803914114,False
full_day,161->405,3222,20,bezier_ipopt,,mse,,True
full_day,161->405,3222,20,bezier_nm,56.0087268470088,mse,0.268416609247635,False
full_day,162->161,3222,20,bezier_pgd,0.0070596940349787,mse,0.0193942424731409,False
full_day,162->161,3222,20,bezier_ipopt,17.638424259028398,mse,0.0002321971581954,False
full_day,162->161,3222,20,bezier_nm,52.67069845699007,mse,0.2821630465593679,False
full_day,162->464,3222,20,bezier_pgd,0.0045705980155617,mse,0.001902294882557,False
full_day,162->464,3222,20,bezier_ipopt,26.45671895903069,mse,0.0001133770329582,False
full_day,162->464,3222,20,bezier_nm,57.31644870201126,mse,0.2044664453354797,False
full_day,163->164,3222,20,bezier_pgd,0.0051257740124128,mse,0.0020413178958378,False
full_day,163->164,3222,20,bezier_ipopt,23.108248853997797,mse,0.0001705704979323,False
full_day,163->164,3222,20,bezier_nm,57.83342841902049,mse,0.2093570862714827,False
full_day,163->166,3222,20,bezier_pgd,0.0055716830538585,mse,0.0142509575053678,False
full_day,163->166,3222,20,bezier_ipopt,20.77301030699164,mse,0.0002463320029189,False
full_day,163->166,3222,20,bezier_nm,54.94741729198722,mse,0.2780233744651158,False
full_day,164->163,3222,20,bezier_pgd,0.0066043699625879,mse,0.0088938747605308,False
full_day,164->163,3222,20,bezier_ipopt,21.662579884985465,mse,0.0001756871515916,False
full_day,164->163,3222,20,bezier_nm,54.186953102005646,mse,0.2723082746335941,False
full_day,164->517,3222,20,bezier_pgd,0.0088378360378555,mse,0.0021688080042951,False
full_day,164->517,3222,20,bezier_ipopt,24.264163147017825,mse,0.0001175753179312,False
full_day,164->517,3222,20,bezier_nm,55.83304197201505,mse,0.2231012192835839,False
full_day,165->240,3222,20,bezier_pgd,0.0056722679873928,mse,0.0007690284271063,False
full_day,165->240,3222,20,bezier_ipopt,20.332640456035733,mse,6.897694417692719e-05,False
full_day,165->240,3222,20,bezier_nm,55.09577041998273,mse,0.1375844452448096,False
full_day,165->427,3222,20,bezier_pgd,0.0036717210314236,mse,0.0001903958417196,False
full_day,165->427,3222,20,bezier_ipopt,19.456026753992774,mse,9.925282768511004e-05,False
full_day,165->427,3222,20,bezier_nm,86.35855072498089,mse,0.0019271048699554,False
full_day,166->163,3222,20,bezier_pgd,0.0056885450030677,mse,0.0038802035595822,False
full_day,166->163,3222,20,bezier_ipopt,,mse,,True
full_day,166->163,3222,20,bezier_nm,51.45018347399309,mse,0.255627985786908,False
full_day,166->307,3222,20,bezier_pgd,0.0052263480029068,mse,0.0038363061166614,False
full_day,166->307,3222,20,bezier_ipopt,,mse,,True
full_day,166->307,3222,20,bezier_nm,53.06795375799993,mse,0.2489853353490772,False
full_day,167->168,3222,20,bezier_pgd,0.004204232012853,mse,0.0200901390564514,False
full_day,167->168,3222,20,bezier_ipopt,153.93996211205376,mse,0.0150535180060212,False
full_day,167->168,3222,20,bezier_nm,51.92160740098916,mse,0.4330817170628561,False
full_day,167->397,3222,20,bezier_pgd,0.0032839030027389,mse,1.587849323977905e-05,False
full_day,167->397,3222,20,bezier_ipopt,17.712450422986876,mse,3.199753130544369e-06,False
full_day,167->397,3222,20,bezier_nm,85.84815342497313,mse,0.000132259463715,False
full_day,168->167,3222,20,bezier_pgd,0.0030445260345004,mse,1.1776387203453252e-05,False
full_day,168->167,3222,20,bezier_ipopt,11.69564500800334,mse,4.644403298359244e-06,False
full_day,168->167,3222,20,bezier_nm,79.18195780698443,mse,0.0001828132175045,False
full_day,168->285,3222,20,bezier_pgd,0.0052739059901796,mse,0.0095938508815057,False
full_day,168->285,3222,20,bezier_ipopt,109.10961707797831,mse,0.0002537246335095,False
full_day,168->285,3222,20,bezier_nm,57.06733174197143,mse,0.2406018020854417,False
full_day,169->170,3222,20,bezier_pgd,0.0051648190128616,mse,0.0061166516888629,False
full_day,169->170,3222,20,bezier_ipopt,17.7703818900045,mse,0.0001886618581717,False
full_day,169->170,3222,20,bezier_nm,54.40494418301387,mse,0.2573442764910325,False
full_day,169->279,3222,20,bezier_pgd,0.0052750080358237,mse,0.0002961805948658,False
full_day,169->279,3222,20,bezier_ipopt,23.91906896099681,mse,0.0001177244870431,False
full_day,169->279,3222,20,bezier_nm,56.98205945704831,mse,0.0943780373501159,False
full_day,17->127,3222,20,bezier_pgd,0.004650140996091,mse,0.0037929696343347,False
full_day,17->127,3222,20,bezier_ipopt,,mse,,True
full_day,17->127,3222,20,bezier_nm,55.08358067402151,mse,0.2262854120955482,False
full_day,17->492,3222,20,bezier_pgd,0.0048369449796155,mse,0.0069787532785687,False
full_day,17->492,3222,20,bezier_ipopt,,mse,,True
full_day,17->492,3222,20,bezier_nm,54.77725167898461,mse,0.2397244863659764,False
full_day,17->97,3222,20,bezier_pgd,0.0047152419574558,mse,1.4467664413248678e-05,False
full_day,17->97,3222,20,bezier_ipopt,19.968562806025147,mse,2.4122797308768868e-06,False
full_day,17->97,3222,20,bezier_nm,77.91042515897425,mse,0.0003389324059123,False
full_day,170->169,3222,20,bezier_pgd,0.0053921209764666,mse,0.0062073675147277,False
full_day,170->169,3222,20,bezier_ipopt,,mse,,True
full_day,170->169,3222,20,bezier_nm,62.09047897497658,mse,0.2667845804672319,False
full_day,170->348,3222,20,bezier_pgd,0.0069032959872856,mse,0.0005127840435584,False
full_day,170->348,3222,20,bezier_ipopt,,mse,,True
full_day,170->348,3222,20,bezier_nm,58.97883177903714,mse,0.1246772997803253,False
full_day,171->231,3222,20,bezier_pgd,0.0040924110217019,mse,0.0002111796611949,False
full_day,171->231,3222,20,bezier_ipopt,17.62509250995936,mse,0.0001178838478493,False
full_day,171->231,3222,20,bezier_nm,84.28765146102523,mse,0.0019929961175194,False
full_day,171->476,3222,20,bezier_pgd,0.0056605099816806,mse,0.0064279836147331,False
full_day,171->476,3222,20,bezier_ipopt,104.58984077704372,mse,0.0001655583795134,False
full_day,171->476,3222,20,bezier_nm,54.73475975502515,mse,0.283019118403003,False
full_day,172->438,3222,20,bezier_pgd,0.0060503089916892,mse,0.0214832644645108,False
full_day,172->438,3222,20,bezier_ipopt,,mse,,True
full_day,172->438,3222,20,bezier_nm,53.09652515500784,mse,0.348742769714846,False
full_day,172->452,3222,20,bezier_pgd,0.0042622099863365,mse,0.0013586561694315,False
full_day,172->452,3222,20,bezier_ipopt,,mse,,True
full_day,172->452,3222,20,bezier_nm,59.1296970420517,mse,0.1376706973422772,False
full_day,173->174,3222,20,bezier_pgd,0.0048122450243681,mse,0.0020084708989646,False
full_day,173->174,3222,20,bezier_ipopt,28.23511327401502,mse,0.000193506704125,False
full_day,173->174,3222,20,bezier_nm,56.54057371296221,mse,0.1572200145829424,False
full_day,173->275,3222,20,bezier_pgd,0.0043615830363705,mse,0.0109211812695442,False
full_day,173->275,3222,20,bezier_ipopt,25.931398116983477,mse,0.0004128201420495,False
full_day,173->275,3222,20,bezier_nm,55.75189240602776,mse,0.1935729397732236,False
full_day,174->173,3222,20,bezier_pgd,0.0047358750016428,mse,0.0041859781375361,False
full_day,174->173,3222,20,bezier_ipopt,,mse,,True
full_day,174->173,3222,20,bezier_nm,54.27315062197158,mse,0.2379720010948719,False
full_day,174->284,3222,20,bezier_pgd,0.0049441829905845,mse,0.0010270767396497,False
full_day,174->284,3222,20,bezier_ipopt,24.50631365197478,mse,0.0002231562652921,False
full_day,174->284,3222,20,bezier_nm,55.66123465000419,mse,0.1693866400856236,False
full_day,175->517,3222,20,bezier_pgd,0.0057433919864706,mse,0.0050381190839577,False
full_day,175->517,3222,20,bezier_ipopt,,mse,,True
full_day,175->517,3222,20,bezier_nm,53.79019862902351,mse,0.2515768227234413,False
full_day,175->521,3222,20,bezier_pgd,0.0045057709794491,mse,0.000592047035358,False
full_day,175->521,3222,20,bezier_ipopt,21.39560667600017,mse,0.000165511023605,False
full_day,175->521,3222,20,bezier_nm,55.515451857994776,mse,0.1194772138858269,False
full_day,176->333,3222,20,bezier_pgd,0.0047729520010761,mse,0.0069322313944153,False
full_day,176->333,3222,20,bezier_ipopt,23.579871191992424,mse,0.000176826566943,False
full_day,176->333,3222,20,bezier_nm,50.52570225496311,mse,0.2558638590121319,False
full_day,176->484,3222,20,bezier_pgd,0.004187190963421,mse,0.0004410289279072,False
full_day,176->484,3222,20,bezier_ipopt,18.47551851399476,mse,0.0001665158180805,False
full_day,176->484,3222,20,bezier_nm,56.89212430402404,mse,0.0881736267130392,False
full_day,177->116,3222,20,bezier_pgd,0.0051558510167524,mse,0.0004435282409866,False
full_day,177->116,3222,20,bezier_ipopt,21.50781228998676,mse,0.0001821570116852,False
full_day,177->116,3222,20,bezier_nm,58.15931337099755,mse,0.1602429266239575,False
full_day,177->178,3222,20,bezier_pgd,0.0047676649992354,mse,0.0006878416241119,False
full_day,177->178,3222,20,bezier_ipopt,20.43863995402353,mse,0.0001793375562911,False
full_day,177->178,3222,20,bezier_nm,63.364607897994574,mse,0.1193442815159844,False
full_day,178->177,3222,20,bezier_pgd,0.0095834159874357,mse,0.0100904165380668,False
full_day,178->177,3222,20,bezier_ipopt,21.76262399298139,mse,0.0001674171020063,False
full_day,178->177,3222,20,bezier_nm,61.328096847981215,mse,0.280167276908923,False
full_day,178->385,3222,20,bezier_pgd,0.0048891610349528,mse,0.000716504450767,False
full_day,178->385,3222,20,bezier_ipopt,21.623227102973036,mse,0.0001469463398406,False
full_day,178->385,3222,20,bezier_nm,59.85530107899103,mse,0.1550205104424736,False
full_day,179->394,3222,20,bezier_pgd,0.0052807930042035,mse,0.0033386768457195,False
full_day,179->394,3222,20,bezier_ipopt,,mse,,True
full_day,179->394,3222,20,bezier_nm,57.59023891802645,mse,0.2842315295215952,False
full_day,179->513,3222,20,bezier_pgd,0.006773640983738,mse,0.002920745047459,False
full_day,179->513,3222,20,bezier_ipopt,40.4882640389842,mse,0.0021499763038901,False
full_day,179->513,3222,20,bezier_nm,58.48954668699298,mse,0.1929406134177479,False
full_day,18->105,3222,20,bezier_pgd,0.0032827929826453,mse,8.92692976769488e-06,False
full_day,18->105,3222,20,bezier_ipopt,14.478405314963313,mse,4.459621901482376e-06,False
full_day,18->105,3222,20,bezier_nm,85.88519395602634,mse,8.796914300714443e-05,False
full_day,18->291,3222,20,bezier_pgd,0.0039910110062919,mse,0.062986571818694,False
full_day,18->291,3222,20,bezier_ipopt,,mse,,True
full_day,18->291,3222,20,bezier_nm,53.37066891801078,mse,0.4035784707603095,False
full_day,18->326,3222,20,bezier_pgd,0.004368478024844,mse,0.0261090338882471,False
full_day,18->326,3222,20,bezier_ipopt,22.86763484199764,mse,2.1560444973823545e-05,False
full_day,18->326,3222,20,bezier_nm,54.0317721220199,mse,0.3262093390344466,False
full_day,180->181,3222,20,bezier_pgd,0.0049598369514569,mse,0.0089488902493389,False
full_day,180->181,3222,20,bezier_ipopt,19.169951977033637,mse,0.0002382100457199,False
full_day,180->181,3222,20,bezier_nm,51.21955929300748,mse,0.2549419257839059,False
full_day,180->373,3222,20,bezier_pgd,0.0044472699519246,mse,0.0067729063952662,False
full_day,180->373,3222,20,bezier_ipopt,31.483778367983177,mse,0.0001917750707739,False
full_day,180->373,3222,20,bezier_nm,52.95056161598768,mse,0.2586108108637595,False
full_day,181->180,3222,20,bezier_pgd,0.0048644869821146,mse,0.0037575640135577,False
full_day,181->180,3222,20,bezier_ipopt,18.051168226986192,mse,0.0004364395645191,False
full_day,181->180,3222,20,bezier_nm,55.63057796197245,mse,0.2203877105249887,False
full_day,181->429,3222,20,bezier_pgd,0.0043803309672512,mse,0.005072740986668,False
full_day,181->429,3222,20,bezier_ipopt,,mse,,True
full_day,181->429,3222,20,bezier_nm,56.26627064897912,mse,0.2491714324504088,False
full_day,182->390,3222,20,bezier_pgd,0.0052691769669763,mse,0.006172697975562,False
full_day,182->390,3222,20,bezier_ipopt,,mse,,True
full_day,182->390,3222,20,bezier_nm,55.25302841799567,mse,0.2879430053517242,False
full_day,182->433,3222,20,bezier_pgd,0.0096077749622054,mse,0.0046978933459356,False
full_day,182->433,3222,20,bezier_ipopt,,mse,,True
full_day,182->433,3222,20,bezier_nm,54.03558125696145,mse,0.2843105524251672,False
full_day,183->184,3222,20,bezier_pgd,0.0058375790249556,mse,0.0104105817779914,False
full_day,183->184,3222,20,bezier_ipopt,23.02681566303363,mse,0.0001718607716857,False
full_day,183->184,3222,20,bezier_nm,53.45739008602686,mse,0.2677874977795442,False
full_day,183->267,3222,20,bezier_pgd,0.0051594850374385,mse,0.0040315879243721,False
full_day,183->267,3222,20,bezier_ipopt,,mse,,True
full_day,183->267,3222,20,bezier_nm,55.36889972502832,mse,0.2386467026042772,False
full_day,184->183,3222,20,bezier_pgd,0.0036273800069466,mse,0.0002362373566175,False
full_day,184->183,3222,20,bezier_ipopt,23.860324420034885,mse,0.0002025097572793,False
full_day,184->183,3222,20,bezier_nm,83.0518986019888,mse,0.0013088913023263,False
full_day,184->485,3222,20,bezier_pgd,0.0053652510396204,mse,0.0095527020684912,False
full_day,184->485,3222,20,bezier_ipopt,27.165059118007772,mse,0.0001927549174974,False
full_day,184->485,3222,20,bezier_nm,55.14557273196988,mse,0.2591817001638102,False
full_day,185->186,3222,20,bezier_pgd,0.0058571050176396,mse,0.0064514187650261,False
full_day,185->186,3222,20,bezier_ipopt,17.820647562970407,mse,0.0001353825506244,False
full_day,185->186,3222,20,bezier_nm,53.08465418801643,mse,0.2723885547235671,False
full_day,185->227,3222,20,bezier_pgd,0.0068639740347862,mse,0.0079936228735689,False
full_day,185->227,3222,20,bezier_ipopt,,mse,,True
full_day,185->227,3222,20,bezier_nm,54.47241627803305,mse,0.2722796728226422,False
full_day,186->185,3222,20,bezier_pgd,0.0081249399809166,mse,0.0011592007075471,False
full_day,186->185,3222,20,bezier_ipopt,,mse,,True
full_day,186->185,3222,20,bezier_nm,54.8166589679895,mse,0.2078847622467804,False
full_day,186->19,3222,20,bezier_pgd,0.0056636540102772,mse,0.0135436594830317,False
full_day,186->19,3222,20,bezier_ipopt,22.923145373002622,mse,0.0001884311828902,False
full_day,186->19,3222,20,bezier_nm,54.88529685500544,mse,0.289129557046246,False
full_day,187->454,3222,20,bezier_pgd,0.0080884299823082,mse,0.0169057568861106,False
full_day,187->454,3222,20,bezier_ipopt,19.06698669004254,mse,0.0002033785119024,False
full_day,187->454,3222,20,bezier_nm,54.549744178017136,mse,0.2834950019550806,False
full_day,187->514,3222,20,bezier_pgd,0.0112080459948629,mse,0.0141235145707321,False
full_day,187->514,3222,20,bezier_ipopt,31.941789817996323,mse,0.000338462772373,False
full_day,187->514,3222,20,bezier_nm,53.43817167903762,mse,0.2574569327960963,False
full_day,188->485,3222,20,bezier_pgd,0.0060919360257685,mse,0.0049801544296166,False
full_day,188->485,3222,20,bezier_ipopt,,mse,,True
full_day,188->485,3222,20,bezier_nm,50.070855491037946,mse,0.188818163670963,False
full_day,188->513,3222,20,bezier_pgd,0.0047395480214618,mse,0.0126569088641024,False
full_day,188->513,3222,20,bezier_ipopt,156.3209561430267,mse,0.0006048366642887,False
full_day,188->513,3222,20,bezier_nm,50.53314043302089,mse,0.2891960229012288,False
full_day,189->190,3222,20,bezier_pgd,0.0048287920071743,mse,0.0142818274005978,False
full_day,189->190,3222,20,bezier_ipopt,26.472895059967414,mse,0.0003524686873288,False
full_day,189->190,3222,20,bezier_nm,49.99757247802336,mse,0.2606172147621758,False
full_day,189->524,3222,20,bezier_pgd,0.0051012350013479,mse,0.013938609365652,False
full_day,189->524,3222,20,bezier_ipopt,30.84821388899581,mse,0.0002767289373556,False
full_day,189->524,3222,20,bezier_nm,54.398426623956766,mse,0.2667133559874851,False
full_day,19->186,3222,20,bezier_pgd,0.0073220700141973,mse,0.0112609686980349,False
full_day,19->186,3222,20,bezier_ipopt,22.95070292300079,mse,0.0001588285430345,False
full_day,19->186,3222,20,bezier_nm,52.823352410050575,mse,0.2992209863513714,False
full_day,19->458,3222,20,bezier_pgd,0.0037580910138785,mse,1.0739872411840664e-05,False
full_day,19->458,3222,20,bezier_ipopt,14.395090133009944,mse,6.662848565328317e-06,False
full_day,19->458,3222,20,bezier_nm,80.69338286103448,mse,0.000103039477421,False
full_day,19->506,3222,20,bezier_pgd,0.0093739359872415,mse,0.0135436594830317,False
full_day,19->506,3222,20,bezier_ipopt,,mse,,True
full_day,19->506,3222,20,bezier_nm,51.14994403801393,mse,0.2891295570462466,False
full_day,190->189,3222,20,bezier_pgd,0.005122224043589,mse,0.0093064364219145,False
full_day,190->189,3222,20,bezier_ipopt,26.66199360397877,mse,0.0002961486578831,False
full_day,190->189,3222,20,bezier_nm,49.48761311400449,mse,0.2553797107826305,False
full_day,190->495,3222,20,bezier_pgd,0.0044898359919898,mse,0.0079118806372752,False
full_day,190->495,3222,20,bezier_ipopt,27.8030160649796,mse,0.0001953308821752,False
full_day,190->495,3222,20,bezier_nm,50.96874634397682,mse,0.2455540732768838,False
full_day,191->269,3222,20,bezier_pgd,0.0061064930050633,mse,0.0083382875875932,False
full_day,191->269,3222,20,bezier_ipopt,,mse,,True
full_day,191->269,3222,20,bezier_nm,53.4669249120052,mse,0.283004674526707,False
full_day,191->472,3222,20,bezier_pgd,0.0049491969984956,mse,0.0158734253087244,False
full_day,191->472,3222,20,bezier_ipopt,26.83629981899867,mse,0.0001971640710783,False
full_day,191->472,3222,20,bezier_nm,52.16345655400073,mse,0.3059994353893107,False
full_day,192->193,3222,20,bezier_pgd,0.0057731620036065,mse,0.0160867339478412,False
full_day,192->193,3222,20,bezier_ipopt,25.074235879001208,mse,0.0002891951450294,False
full_day,192->193,3222,20,bezier_nm,51.23555881198263,mse,0.2769750517854888,False
full_day,192->420,3222,20,bezier_pgd,0.0043221000232733,mse,0.0042089699287949,False
full_day,192->420,3222,20,bezier_ipopt,,mse,,True
full_day,192->420,3222,20,bezier_nm,51.89435276400764,mse,0.185267268828924,False
full_day,193->192,3222,20,bezier_pgd,0.0059154769987799,mse,0.0155714305228588,False
full_day,193->192,3222,20,bezier_ipopt,19.77254824398551,mse,0.0001914142259656,False
full_day,193->192,3222,20,bezier_nm,50.44709216902265,mse,0.2705052286378082,False
full_day,193->300,3222,20,bezier_pgd,0.0056402510381303,mse,0.008174188210326,False
full_day,193->300,3222,20,bezier_ipopt,20.67419029399753,mse,0.0001056444993184,False
full_day,193->300,3222,20,bezier_nm,47.45918574702228,mse,0.2575522774465195,False
full_day,194->475,3222,20,bezier_pgd,0.0089087910018861,mse,0.0006911311413205,False
full_day,194->475,3222,20,bezier_ipopt,,mse,,True
full_day,194->475,3222,20,bezier_nm,51.54755199403735,mse,0.2423895176428999,False
full_day,194->486,3222,20,bezier_pgd,0.0044479359639808,mse,0.0007077306714895,False
full_day,194->486,3222,20,bezier_ipopt,16.8793680180097,mse,0.0001420340147066,False
full_day,194->486,3222,20,bezier_nm,52.23016272502719,mse,0.1154629315097069,False
full_day,195->196,3222,20,bezier_pgd,0.0050188670284114,mse,0.0011908472703369,False
full_day,195->196,3222,20,bezier_ipopt,18.029866617987864,mse,0.00011475756799,False
full_day,195->196,3222,20,bezier_nm,50.1263879929902,mse,0.2031106423393137,False
full_day,195->484,3222,20,bezier_pgd,0.0050647589960135,mse,0.0051935065221456,False
full_day,195->484,3222,20,bezier_ipopt,21.12797394901281,mse,0.0001300656753781,False
full_day,195->484,3222,20,bezier_nm,49.09353196702432,mse,0.2590580262307334,False
full_day,196->195,3222,20,bezier_pgd,0.0047393789864145,mse,0.0034441785456782,False
full_day,196->195,3222,20,bezier_ipopt,25.041321678028908,mse,0.0001699658288981,False
full_day,196->195,3222,20,bezier_nm,49.83801351801958,mse,0.2422400504989829,False
full_day,196->328,3222,20,bezier_pgd,0.0050792609690688,mse,0.0054756373079535,False
full_day,196->328,3222,20,bezier_ipopt,27.567739839025307,mse,0.0001433710555729,False
full_day,196->328,3222,20,bezier_nm,48.77377410698682,mse,0.2625957726732154,False
full_day,197->340,3222,20,bezier_pgd,0.0043379559647291,mse,0.0012276902409629,False
full_day,197->340,3222,20,bezier_ipopt,21.55500656197546,mse,0.0002099809612236,False
full_day,197->340,3222,20,bezier_nm,50.35896974999923,mse,0.1909280956663658,False
full_day,197->389,3222,20,bezier_pgd,0.0045826360001228,mse,0.0003887872808958,False
full_day,197->389,3222,20,bezier_ipopt,22.69753451901488,mse,0.0001781142588665,False
full_day,197->389,3222,20,bezier_nm,52.381158431002405,mse,0.1524165470135601,False
full_day,198->147,3222,20,bezier_pgd,0.0052270190208218,mse,0.0050716276966887,False
full_day,198->147,3222,20,bezier_ipopt,20.928546540031675,mse,0.0001754478259032,False
full_day,198->147,3222,20,bezier_nm,52.01454697200097,mse,0.2480667656660128,False
full_day,198->410,3222,20,bezier_pgd,0.0046291429898701,mse,0.0031350111675744,False
full_day,198->410,3222,20,bezier_ipopt,27.61683956498746,mse,0.0001899210037876,False
full_day,198->410,3222,20,bezier_nm,52.30763181904331,mse,0.2230567948296269,False
full_day,199->200,3222,20,bezier_pgd,0.0077481199987232,mse,0.0169698342100346,False
full_day,199->200,3222,20,bezier_ipopt,20.267141701013315,mse,0.0001916682012489,False
full_day,199->200,3222,20,bezier_nm,50.22052999999141,mse,0.2809567433781999,False
full_day,199->420,3222,20,bezier_pgd,0.0044679580023512,mse,0.0004870551996021,False
full_day,199->420,3222,20,bezier_ipopt,26.0288590650307,mse,0.0001208783930515,False
full_day,199->420,3222,20,bezier_nm,52.94977409497369,mse,0.1479126155969148,False
full_day,2->60,3222,20,bezier_pgd,0.0027840789989568,mse,8.331012613435753e-06,False
full_day,2->60,3222,20,bezier_ipopt,24.997052741993684,mse,2.11548759349017e-06,False
full_day,2->60,3222,20,bezier_nm,73.17538589797914,mse,0.000298444309963,False
full_day,20->25,3222,20,bezier_pgd,0.0047022749786265,mse,0.0036412916988592,False
full_day,20->25,3222,20,bezier_ipopt,22.17750121402787,mse,0.000208255922829,False
full_day,20->25,3222,20,bezier_nm,50.74093554494903,mse,0.2511293637737786,False
full_day,20->526,3222,20,bezier_pgd,0.0045737939653918,mse,0.0035537759683762,False
full_day,20->526,3222,20,bezier_ipopt,22.91043636103859,mse,0.0001772037410174,False
full_day,20->526,3222,20,bezier_nm,50.374952070007566,mse,0.2107712892352054,False
full_day,200->199,3222,20,bezier_pgd,0.0060857580392621,mse,0.0020642670495471,False
full_day,200->199,3222,20,bezier_ipopt,28.888738795998503,mse,0.0002207929170963,False
full_day,200->199,3222,20,bezier_nm,51.60088342701784,mse,0.1419256361382292,False
full_day,200->384,3222,20,bezier_pgd,0.0042660790495574,mse,0.0261588413539534,False
full_day,200->384,3222,20,bezier_ipopt,,mse,,True
full_day,200->384,3222,20,bezier_nm,52.28688556200359,mse,0.2219708086276797,False
full_day,201->476,3222,20,bezier_pgd,0.0046598579501733,mse,0.0013948565654861,False
full_day,201->476,3222,20,bezier_ipopt,,mse,,True
full_day,201->476,3222,20,bezier_nm,56.64394225698197,mse,0.0084775617689423,False
full_day,201->487,3222,20,bezier_pgd,0.0035589750041253,mse,0.093979675435538,False
full_day,201->487,3222,20,bezier_ipopt,,mse,,True
full_day,201->487,3222,20,bezier_nm,47.16412703495007,mse,0.4825364978510688,False
full_day,202->203,3222,20,bezier_pgd,0.0060049279709346,mse,0.0131710501861125,False
full_day,202->203,3222,20,bezier_ipopt,27.14206577203004,mse,0.0002315055028236,False
full_day,202->203,3222,20,bezier_nm,50.78777402098058,mse,0.2705280891186074,False
full_day,202->72,3222,20,bezier_pgd,0.0038688480271957,mse,1.0229728989346444e-05,False
full_day,202->72,3222,20,bezier_ipopt,19.099588545039296,mse,3.868306200560173e-06,False
full_day,202->72,3222,20,bezier_nm,69.76888083299855,mse,0.0002727289673661,False
full_day,202->80,3222,20,bezier_pgd,0.0028510880074463,mse,1.5012530179067062e-05,False
full_day,202->80,3222,20,bezier_ipopt,24.560805796994828,mse,5.338853542218463e-06,False
full_day,202->80,3222,20,bezier_nm,81.3818849119707,mse,0.0003591013920572,False
full_day,203->202,3222,20,bezier_pgd,0.0054702790221199,mse,0.0195724981327106,False
full_day,203->202,3222,20,bezier_ipopt,22.69040221796604,mse,0.000244114305136,False
full_day,203->202,3222,20,bezier_nm,52.890646890038624,mse,0.2788472531292034,False
full_day,203->315,3222,20,bezier_pgd,0.0052410510252229,mse,0.0005111210284834,False
full_day,203->315,3222,20,bezier_ipopt,26.83846682700096,mse,0.0003212865399166,False
full_day,203->315,3222,20,bezier_nm,57.65128196805017,mse,0.1055946660681066,False
full_day,204->288,3222,20,bezier_pgd,0.0080635950434952,mse,0.0009332611132724,False
full_day,204->288,3222,20,bezier_ipopt,26.265155902015977,mse,9.965210458182672e-05,False
full_day,204->288,3222,20,bezier_nm,54.38916353799869,mse,0.1815802234190008,False
full_day,204->472,3222,20,bezier_pgd,0.0057854120386764,mse,0.009434292936638,False
full_day,204->472,3222,20,bezier_ipopt,19.636754411039878,mse,0.0001393709926767,False
full_day,204->472,3222,20,bezier_nm,55.4965051280451,mse,0.2753773853404914,False
full_day,205->206,3222,20,bezier_pgd,0.0049509429954923,mse,0.0140607314287535,False
full_day,205->206,3222,20,bezier_ipopt,26.73077321099117,mse,0.0001846988425625,False
full_day,205->206,3222,20,bezier_nm,55.90534888801631,mse,0.2967017705718039,False
full_day,205->294,3222,20,bezier_pgd,0.0050709649804048,mse,0.0120279246474091,False
full_day,205->294,3222,20,bezier_ipopt,17.977571117982734,mse,0.0002841011110672,False
full_day,205->294,3222,20,bezier_nm,54.30916298402008,mse,0.2654670837854874,False
full_day,206->205,3222,20,bezier_pgd,0.0072319139726459,mse,0.0021179287870475,False
full_day,206->205,3222,20,bezier_ipopt,22.613680126029067,mse,0.0001976223693464,False
full_day,206->205,3222,20,bezier_nm,54.3940152520081,mse,0.1943737038870363,False
full_day,206->504,3222,20,bezier_pgd,0.0053336480050347,mse,0.0006223089284932,False
full_day,206->504,3222,20,bezier_ipopt,29.75980061601149,mse,0.000126430150066,False
full_day,206->504,3222,20,bezier_nm,55.48407013498945,mse,0.1944973906751143,False
full_day,207->490,3222,20,bezier_pgd,0.004531982995104,mse,0.0006088988608008,False
full_day,207->490,3222,20,bezier_ipopt,,mse,,True
full_day,207->490,3222,20,bezier_nm,59.78509937797208,mse,0.0793900391899382,False
full_day,207->504,3222,20,bezier_pgd,0.0060911699547432,mse,0.0008095844651427,False
full_day,207->504,3222,20,bezier_ipopt,19.20307413296541,mse,0.0001265262231103,False
full_day,207->504,3222,20,bezier_nm,52.20023242995376,mse,0.1647571098339345,False
full_day,208->358,3222,20,bezier_pgd,0.0063322320347651,mse,0.0129141374947249,False
full_day,208->358,3222,20,bezier_ipopt,,mse,,True
full_day,208->358,3222,20,bezier_nm,56.52783743804321,mse,0.1259985189752871,False
full_day,208->390,3222,20,bezier_pgd,0.0048680460313335,mse,0.0030588100045812,False
full_day,208->390,3222,20,bezier_ipopt,,mse,,True
full_day,208->390,3222,20,bezier_nm,56.5768874079804,mse,0.1217157376716521,False
full_day,209->210,3222,20,bezier_pgd,0.006037896964699,mse,0.0011791096913869,False
full_day,209->210,3222,20,bezier_ipopt,24.53956791898236,mse,0.0007424009072902,False
full_day,209->210,3222,20,bezier_nm,55.4652731740498,mse,0.2171694492454382,False
full_day,209->94,3222,20,bezier_pgd,0.0047786079812794,mse,0.0376031655666242,False
full_day,209->94,3222,20,bezier_ipopt,,mse,,True
full_day,209->94,3222,20,bezier_nm,53.81924456101842,mse,0.3086062318121745,False
full_day,21->435,3222,20,bezier_pgd,0.0044108440051786,mse,0.0069710845142675,False
full_day,21->435,3222,20,bezier_ipopt,,mse,,True
full_day,21->435,3222,20,bezier_nm,55.6599442519946,mse,0.2449068221637479,False
full_day,21->488,3222,20,bezier_pgd,0.0064505680347792,mse,0.0028364079173854,False
full_day,21->488,3222,20,bezier_ipopt,23.40901105903322,mse,0.0002850815988947,False
full_day,21->488,3222,20,bezier_nm,57.73081595898839,mse,0.2043991893767536,False
full_day,21->534,3222,20,bezier_pgd,0.0051848069997504,mse,0.0005779660670616,False
full_day,21->534,3222,20,bezier_ipopt,,mse,,True
full_day,21->534,3222,20,bezier_nm,56.60842722398229,mse,0.1891555710122892,False
full_day,210->209,3222,20,bezier_pgd,0.0045310200075618,mse,0.0546944116560872,False
full_day,210->209,3222,20,bezier_ipopt,,mse,,True
full_day,210->209,3222,20,bezier_nm,54.919775362010114,mse,0.3258138833627071,False
full_day,210->522,3222,20,bezier_pgd,0.004957505967468,mse,0.0155629751541769,False
full_day,210->522,3222,20,bezier_ipopt,,mse,,True
full_day,210->522,3222,20,bezier_nm,54.63045824400615,mse,0.3106474479215398,False
full_day,211->219,3222,20,bezier_pgd,0.0045495230006054,mse,0.0125666365485378,False
full_day,211->219,3222,20,bezier_ipopt,,mse,,True
full_day,211->219,3222,20,bezier_nm,56.73970180400647,mse,0.2631212647750934,False
full_day,211->469,3222,20,bezier_pgd,0.0056167549919337,mse,0.0005474413854894,False
full_day,211->469,3222,20,bezier_ipopt,26.053609817987308,mse,0.0002173455003215,False
full_day,211->469,3222,20,bezier_nm,56.865841952036135,mse,0.1738122253864104,False
full_day,212->488,3222,20,bezier_pgd,0.0056273359805345,mse,0.002666784842967,False
full_day,212->488,3222,20,bezier_ipopt,22.038705186976586,mse,0.0001240953514174,False
full_day,212->488,3222,20,bezier_nm,53.19082296499983,mse,0.241138275682337,False
full_day,212->535,3222,20,bezier_pgd,0.0082292759907431,mse,0.004650432539267,False
full_day,212->535,3222,20,bezier_ipopt,23.480597554997075,mse,0.0001837533892541,False
full_day,212->535,3222,20,bezier_nm,53.642420862976,mse,0.2505902337470769,False
full_day,213->214,3222,20,bezier_pgd,0.0055249130236916,mse,0.0105121925212504,False
full_day,213->214,3222,20,bezier_ipopt,22.875694198010024,mse,0.0002104709391605,False
full_day,213->214,3222,20,bezier_nm,54.09656938596163,mse,0.2684691378988546,False
full_day,213->270,3222,20,bezier_pgd,0.0052959459717385,mse,0.0074487534122146,False
full_day,213->270,3222,20,bezier_ipopt,19.018044141004797,mse,0.0001729317294363,False
full_day,213->270,3222,20,bezier_nm,54.706547209993005,mse,0.275711912098594,False
full_day,214->213,3222,20,bezier_pgd,0.005168096977286,mse,0.009873411974761,False
full_day,214->213,3222,20,bezier_ipopt,42.73547288199188,mse,0.0001895467039425,False
full_day,214->213,3222,20,bezier_nm,56.54284185601864,mse,0.2571479022614463,False
full_day,214->520,3222,20,bezier_pgd,0.0071306850295513,mse,0.0052218728515987,False
full_day,214->520,3222,20,bezier_ipopt,24.209483037993778,mse,0.0002299550233814,False
full_day,214->520,3222,20,bezier_nm,54.12156630802201,mse,0.2412757083298826,False
full_day,215->149,3222,20,bezier_pgd,0.0078267460339702,mse,0.0058573297816061,False
full_day,215->149,3222,20,bezier_ipopt,,mse,,True
full_day,215->149,3222,20,bezier_nm,55.422342846984975,mse,0.246195579178981,False
full_day,215->236,3222,20,bezier_pgd,0.0044762900215573,mse,0.0027091686922616,False
full_day,215->236,3222,20,bezier_ipopt,,mse,,True
full_day,215->236,3222,20,bezier_nm,60.6798315680353,mse,0.16031859290856,False
full_day,216->106,3222,20,bezier_pgd,0.0040510629769414,mse,0.0003385164711009,False
full_day,216->106,3222,20,bezier_ipopt,20.66662841202924,mse,0.0001969781375497,False
full_day,216->106,3222,20,bezier_nm,57.01476923300652,mse,0.1005383047325194,False
full_day,216->90,3222,20,bezier_pgd,0.0035556929651647,mse,0.0248372887665805,False
full_day,216->90,3222,20,bezier_ipopt,18.8027782139834,mse,7.512819512237766e-06,False
full_day,216->90,3222,20,bezier_nm,54.04722242598655,mse,0.4274683415881486,False
full_day,217->239,3222,20,bezier_pgd,0.0046863610041327,mse,0.1727947650255544,False
full_day,217->239,3222,20,bezier_ipopt,15.810461126966402,mse,7.014290297441891e-06,False
full_day,217->239,3222,20,bezier_nm,54.93876460497268,mse,0.6720742201063725,False
full_day,217->426,3222,20,bezier_pgd,0.0045927390456199,mse,0.3637164148449877,False
full_day,217->426,3222,20,bezier_ipopt,20.72369393199915,mse,7.765561030824031e-06,False
full_day,217->426,3222,20,bezier_nm,50.34413460898213,mse,0.6558341282412962,False
full_day,218->479,3222,20,bezier_pgd,0.0064219060004688,mse,0.0083060573290349,False
full_day,218->479,3222,20,bezier_ipopt,,mse,,True
full_day,218->479,3222,20,bezier_nm,56.30061344202841,mse,0.2718535756979233,False
full_day,218->489,3222,20,bezier_pgd,0.0051555769750848,mse,0.015931558030992,False
full_day,218->489,3222,20,bezier_ipopt,24.53642129700165,mse,0.0002147923737005,False
full_day,218->489,3222,20,bezier_nm,55.22247142903507,mse,0.2604526254408743,False
full_day,219->211,3222,20,bezier_pgd,0.0044773110421374,mse,0.0130275356779947,False
full_day,219->211,3222,20,bezier_ipopt,,mse,,True
full_day,219->211,3222,20,bezier_nm,54.462388917047065,mse,0.2700831768375087,False
full_day,219->491,3222,20,bezier_pgd,0.0053468610276468,mse,0.0005356640238255,False
full_day,219->491,3222,20,bezier_ipopt,,mse,,True
full_day,219->491,3222,20,bezier_nm,57.74088894802844,mse,0.1802127776338223,False
full_day,22->364,3222,20,bezier_pgd,0.0069687230279669,mse,0.1269079560170783,False
full_day,22->364,3222,20,bezier_ipopt,,mse,,True
full_day,22->364,3222,20,bezier_nm,54.16545595100615,mse,0.4114207517768724,False
full_day,22->437,3222,20,bezier_pgd,0.0089825399918481,mse,0.0230281853933424,False
full_day,22->437,3222,20,bezier_ipopt,,mse,,True
full_day,22->437,3222,20,bezier_nm,54.84861007996369,mse,0.2829497053393387,False
full_day,22->516,3222,20,bezier_pgd,0.0043305830331519,mse,0.0918282298154232,False
full_day,22->516,3222,20,bezier_ipopt,,mse,,True
full_day,22->516,3222,20,bezier_nm,53.87328256800538,mse,0.394043340864617,False
full_day,220->152,3222,20,bezier_pgd,0.0050606959848664,mse,0.0080746657088023,False
full_day,220->152,3222,20,bezier_ipopt,,mse,,True
full_day,220->152,3222,20,bezier_nm,55.29269523598487,mse,0.251200998002826,False
full_day,220->494,3222,20,bezier_pgd,0.0081248310161754,mse,0.0014656998258028,False
full_day,220->494,3222,20,bezier_ipopt,25.5205180690391,mse,0.000173089177231,False
full_day,220->494,3222,20,bezier_nm,59.105679247004446,mse,0.1955845329095634,False
full_day,221->131,3222,20,bezier_pgd,0.0044488289859145,mse,0.0032379717153821,False
full_day,221->131,3222,20,bezier_ipopt,17.04547398898285,mse,0.0002224846108131,False
full_day,221->131,3222,20,bezier_nm,56.91837069403846,mse,0.2055018147550475,False
full_day,221->376,3222,20,bezier_pgd,0.0047405629884451,mse,0.0214055547473869,False
full_day,221->376,3222,20,bezier_ipopt,,mse,,True
full_day,221->376,3222,20,bezier_nm,55.61403519503074,mse,0.3049786489184857,False
full_day,222->223,3222,20,bezier_pgd,0.0049855319666676,mse,0.0101032578215329,False
full_day,222->223,3222,20,bezier_ipopt,19.64029762602877,mse,0.0002886780141616,False
full_day,222->223,3222,20,bezier_nm,55.57884168502642,mse,0.2588141200608214,False
full_day,222->344,3222,20,bezier_pgd,0.0057002260000444,mse,0.0075908795335935,False
full_day,222->344,3222,20,bezier_ipopt,19.92307529097889,mse,0.0001220481924792,False
full_day,222->344,3222,20,bezier_nm,58.817006549972575,mse,0.2687964146932284,False
full_day,223->222,3222,20,bezier_pgd,0.0050054549938067,mse,0.0004774928697321,False
full_day,223->222,3222,20,bezier_ipopt,31.0478395439568,mse,0.0001713618487588,False
full_day,223->222,3222,20,bezier_nm,55.37321440997766,mse,0.1238324369927384,False
full_day,223->329,3222,20,bezier_pgd,0.0042675909935496,mse,0.003381492248174,False
full_day,223->329,3222,20,bezier_ipopt,21.14349599700654,mse,0.0002703755503601,False
full_day,223->329,3222,20,bezier_nm,53.77263104496524,mse,0.232156720661541,False
full_day,224->252,3222,20,bezier_pgd,0.0050200410187244,mse,0.0028923398681611,False
full_day,224->252,3222,20,bezier_ipopt,19.27855989697855,mse,9.968925908808436e-05,False
full_day,224->252,3222,20,bezier_nm,57.9775702310144,mse,0.093926019081178,False
full_day,224->451,3222,20,bezier_pgd,0.0052935729618184,mse,0.0009138570297149,False
full_day,224->451,3222,20,bezier_ipopt,21.07055036799284,mse,0.0002010010778791,False
full_day,224->451,3222,20,bezier_nm,53.73846651904751,mse,0.1791096544488232,False
full_day,225->251,3222,20,bezier_pgd,0.0042268359684385,mse,0.0027266574392621,False
full_day,225->251,3222,20,bezier_ipopt,27.396795675973408,mse,0.0001363028184446,False
full_day,225->251,3222,20,bezier_nm,56.1007429449819,mse,0.1954276280232515,False
full_day,225->7,3222,20,bezier_pgd,0.0062100610230118,mse,0.0075884793681714,False
full_day,225->7,3222,20,bezier_ipopt,17.773033509030938,mse,0.0001587236187199,False
full_day,225->7,3222,20,bezier_nm,54.19536002294626,mse,0.2722414047285068,False
full_day,226->453,3222,20,bezier_pgd,0.0045220460160635,mse,0.0059109464740609,False
full_day,226->453,3222,20,bezier_ipopt,24.325266623985957,mse,0.0002308197986749,False
full_day,226->453,3222,20,bezier_nm,53.62522093299776,mse,0.2461300573929383,False
full_day,226->495,3222,20,bezier_pgd,0.0061863709706813,mse,0.0003724181996165,False
full_day,226->495,3222,20,bezier_ipopt,,mse,,True
full_day,226->495,3222,20,bezier_nm,58.7156810729648,mse,0.0727506906805071,False
full_day,227->185,3222,20,bezier_pgd,0.0071881579933688,mse,0.0011800623176267,False
full_day,227->185,3222,20,bezier_ipopt,,mse,,True
full_day,227->185,3222,20,bezier_nm,58.118088599003386,mse,0.1671189690297474,False
full_day,227->485,3222,20,bezier_pgd,0.0066477549844421,mse,0.0105617606529437,False
full_day,227->485,3222,20,bezier_ipopt,,mse,,True
full_day,227->485,3222,20,bezier_nm,55.40586477401666,mse,0.2939137536893585,False
full_day,228->16,3222,20,bezier_pgd,0.0065999170183204,mse,0.0002884086202256,False
full_day,228->16,3222,20,bezier_ipopt,25.1748116450035,mse,0.0001468956485723,False
full_day,228->16,3222,20,bezier_nm,55.13679214601871,mse,0.0741304874818015,False
full_day,228->471,3222,20,bezier_pgd,0.0069332860293798,mse,0.0100024404246087,False
full_day,228->471,3222,20,bezier_ipopt,20.582124047039542,mse,0.000171142671277,False
full_day,228->471,3222,20,bezier_nm,54.3051013009972,mse,0.2676727581053971,False
full_day,229->230,3222,20,bezier_pgd,0.0054182200110517,mse,0.1737871870601686,False
full_day,229->230,3222,20,bezier_ipopt,,mse,,True
full_day,229->230,3222,20,bezier_nm,52.69386213598773,mse,0.3994034637476765,False
full_day,229->417,3222,20,bezier_pgd,0.0068773929961025,mse,0.3583024120082347,False
full_day,229->417,3222,20,bezier_ipopt,24.594722704961896,mse,5.19407198338806e-05,False
full_day,229->417,3222,20,bezier_nm,54.039979423978366,mse,0.5455385826369062,False
full_day,23->15,3222,20,bezier_pgd,0.0071815979899838,mse,0.0037339210839789,False
full_day,23->15,3222,20,bezier_ipopt,,mse,,True
full_day,23->15,3222,20,bezier_nm,55.082917625957634,mse,0.2450655116797847,False
full_day,23->435,3222,20,bezier_pgd,0.0030238269828259,mse,6.388341111676167e-06,False
full_day,23->435,3222,20,bezier_ipopt,15.596269732981456,mse,2.109874361557215e-06,False
full_day,23->435,3222,20,bezier_nm,89.36589338100748,mse,0.0001682310607051,False
full_day,23->536,3222,20,bezier_pgd,0.0051122290315106,mse,0.0014579160968582,False
full_day,23->536,3222,20,bezier_ipopt,21.391628906014372,mse,0.0001554677754773,False
full_day,23->536,3222,20,bezier_nm,56.26683659100672,mse,0.2328399283190194,False
full_day,230->229,3222,20,bezier_pgd,0.0042809640290215,mse,0.0104034530678181,False
full_day,230->229,3222,20,bezier_ipopt,21.10980546398787,mse,9.267268620478816e-05,False
full_day,230->229,3222,20,bezier_nm,54.53365024499362,mse,0.30732380323017,False
full_day,230->508,3222,20,bezier_pgd,0.0039983660099096,mse,0.0293718439155322,False
full_day,230->508,3222,20,bezier_ipopt,,mse,,True
full_day,230->508,3222,20,bezier_nm,56.44263368699467,mse,0.3555495870287084,False
full_day,231->171,3222,20,bezier_pgd,0.0052259980002418,mse,0.0056850990155755,False
full_day,231->171,3222,20,bezier_ipopt,,mse,,True
full_day,231->171,3222,20,bezier_nm,56.082514527020976,mse,0.2369105690388954,False
full_day,231->349,3222,20,bezier_pgd,0.0084914810140617,mse,0.001198844722976,False
full_day,231->349,3222,20,bezier_ipopt,146.6932959340047,mse,0.0001118948564321,False
full_day,231->349,3222,20,bezier_nm,54.87966300803237,mse,0.1849481192367644,False
full_day,232->233,3222,20,bezier_pgd,0.0047154040075838,mse,0.007750872190832,False
full_day,232->233,3222,20,bezier_ipopt,25.095045491994824,mse,0.000215821814338,False
full_day,232->233,3222,20,bezier_nm,55.25249165203422,mse,0.2324352057834105,False
full_day,232->340,3222,20,bezier_pgd,0.006392911018338,mse,0.0019268512366795,False
full_day,232->340,3222,20,bezier_ipopt,23.85152221599128,mse,0.0002137683627053,False
full_day,232->340,3222,20,bezier_nm,57.56021367700305,mse,0.1891882888966294,False
full_day,233->232,3222,20,bezier_pgd,0.0045558690326288,mse,0.0056617449182271,False
full_day,233->232,3222,20,bezier_ipopt,15.646938026999123,mse,0.000244975686135,False
full_day,233->232,3222,20,bezier_nm,52.94001285301056,mse,0.2528325728896889,False
full_day,233->378,3222,20,bezier_pgd,0.0058258419740013,mse,0.0103487546608661,False
full_day,233->378,3222,20,bezier_ipopt,27.236842131998856,mse,0.0001710668411226,False
full_day,233->378,3222,20,bezier_nm,58.54926193098072,mse,0.268684544541429,False
full_day,234->15,3222,20,bezier_pgd,0.0049345740117132,mse,0.0249433130155861,False
full_day,234->15,3222,20,bezier_ipopt,20.55491767002968,mse,2.549683686539921e-05,False
full_day,234->15,3222,20,bezier_nm,55.48759933101246,mse,0.2979414941820433,False
full_day,234->332,3222,20,bezier_pgd,0.005943191004917,mse,0.186631473038186,False
full_day,234->332,3222,20,bezier_ipopt,,mse,,True
full_day,234->332,3222,20,bezier_nm,53.44507319503464,mse,0.609830945922642,False
full_day,235->470,3222,20,bezier_pgd,0.0049312399933114,mse,0.0019758635646676,False
full_day,235->470,3222,20,bezier_ipopt,,mse,,True
full_day,235->470,3222,20,bezier_nm,56.80240774399135,mse,0.2250919775393146,False
full_day,235->474,3222,20,bezier_pgd,0.0055430309730581,mse,0.0102019417283024,False
full_day,235->474,3222,20,bezier_ipopt,21.579225746972952,mse,0.0001797492060439,False
full_day,235->474,3222,20,bezier_nm,52.14354988397099,mse,0.2655537607164486,False
full_day,236->215,3222,20,bezier_pgd,0.0053629279718734,mse,0.0090772755364485,False
full_day,236->215,3222,20,bezier_ipopt,33.75793011597125,mse,0.0001383664224198,False
full_day,236->215,3222,20,bezier_nm,54.58899787702831,mse,0.2954784779515901,False
full_day,236->498,3222,20,bezier_pgd,0.008063711982686,mse,0.0003734752764044,False
full_day,236->498,3222,20,bezier_ipopt,24.15940021001734,mse,0.0001279892898545,False
full_day,236->498,3222,20,bezier_nm,58.42996507900534,mse,0.1053285949058081,False
full_day,237->238,3222,20,bezier_pgd,0.0061413209768943,mse,0.0017657377987872,False
full_day,237->238,3222,20,bezier_ipopt,29.097083766013384,mse,0.0001516991350836,False
full_day,237->238,3222,20,bezier_nm,54.8408575259964,mse,0.1965441492652499,False
full_day,237->495,3222,20,bezier_pgd,0.0048602219903841,mse,0.0117739966015316,False
full_day,237->495,3222,20,bezier_ipopt,,mse,,True
full_day,237->495,3222,20,bezier_nm,52.888145547010936,mse,0.2968165673833574,False
full_day,238->237,3222,20,bezier_pgd,0.0063024869887158,mse,0.0038584879672243,False
full_day,238->237,3222,20,bezier_ipopt,27.06897892098641,mse,0.0001116912005331,False
full_day,238->237,3222,20,bezier_nm,53.2317372559919,mse,0.2328686455604376,False
full_day,238->456,3222,20,bezier_pgd,0.0096669869963079,mse,0.0138683447085619,False
full_day,238->456,3222,20,bezier_ipopt,27.58480252599111,mse,0.0002382544774749,False
full_day,238->456,3222,20,bezier_nm,54.30576788500184,mse,0.2730823483724655,False
full_day,239->111,3222,20,bezier_pgd,0.0033834700006991,mse,0.0261486187896838,False
full_day,239->111,3222,20,bezier_ipopt,18.891957296989855,mse,7.1685470664961685e-06,False
full_day,239->111,3222,20,bezier_nm,56.70159884303576,mse,0.4817589541874643,False
full_day,239->217,3222,20,bezier_pgd,0.0038507070275954,mse,0.2702917935437097,False
full_day,239->217,3222,20,bezier_ipopt,293.52088461001404,mse,5.714143215042589e-06,False
full_day,239->217,3222,20,bezier_nm,53.782988086983096,mse,0.647133323210326,False
full_day,24->432,3222,20,bezier_pgd,0.00688987004105,mse,0.0057291370392977,False
full_day,24->432,3222,20,bezier_ipopt,22.024533598974813,mse,0.0001724961820858,False
full_day,24->432,3222,20,bezier_nm,55.90448964596726,mse,0.2457343010169646,False
full_day,24->446,3222,20,bezier_pgd,0.0051672050030902,mse,0.0030661832816393,False
full_day,24->446,3222,20,bezier_ipopt,23.59107768500689,mse,0.0001359828914862,False
full_day,24->446,3222,20,bezier_nm,54.844968449964654,mse,0.2299088234141288,False
full_day,24->528,3222,20,bezier_pgd,0.0046020320151001,mse,0.0014213503887192,False
full_day,24->528,3222,20,bezier_ipopt,29.020308114006184,mse,0.0001456250159531,False
full_day,24->528,3222,20,bezier_nm,56.10152594605461,mse,0.2055243920618266,False
full_day,240->165,3222,20,bezier_pgd,0.0060846040141768,mse,0.005385886652207,False
full_day,240->165,3222,20,bezier_ipopt,,mse,,True
full_day,240->165,3222,20,bezier_nm,56.35650427895598,mse,0.2816836537750423,False
full_day,240->281,3222,20,bezier_pgd,0.0047130309976637,mse,0.0038838850995203,False
full_day,240->281,3222,20,bezier_ipopt,,mse,,True
full_day,240->281,3222,20,bezier_nm,57.47233517997665,mse,0.2327634351741393,False
full_day,241->242,3222,20,bezier_pgd,0.00339837098727,mse,0.1778306263840029,False
full_day,241->242,3222,20,bezier_ipopt,20.76629481796408,mse,1.1329858524685506e-06,False
full_day,241->242,3222,20,bezier_nm,54.911162977979984,mse,0.7076975916537972,False
full_day,241->51,3222,20,bezier_pgd,0.0041070820298045,mse,0.0096088393436631,False
full_day,241->51,3222,20,bezier_ipopt,24.47525121399667,mse,4.5420318314762057e-05,False
full_day,241->51,3222,20,bezier_nm,58.46751994197257,mse,0.3541363537451243,False
full_day,242->241,3222,20,bezier_pgd,0.0043579630437307,mse,0.0321133595313896,False
full_day,242->241,3222,20,bezier_ipopt,,mse,,True
full_day,242->241,3222,20,bezier_nm,58.69656896800734,mse,0.5832955307890572,False
full_day,242->345,3222,20,bezier_pgd,0.0056166010326705,mse,0.0046322000634302,False
full_day,242->345,3222,20,bezier_ipopt,25.4625707109808,mse,9.205172964111946e-05,False
full_day,242->345,3222,20,bezier_nm,54.30845508299535,mse,0.2628130252705105,False
full_day,243->308,3222,20,bezier_pgd,0.0037644000258296,mse,0.006261892996045,False
full_day,243->308,3222,20,bezier_ipopt,37.20745510503184,mse,0.0001906070388856,False
full_day,243->308,3222,20,bezier_nm,58.73608522699215,mse,0.149998737621538,False
full_day,243->472,3222,20,bezier_pgd,0.0051286300295032,mse,0.0029382317565341,False
full_day,243->472,3222,20,bezier_ipopt,,mse,,True
full_day,243->472,3222,20,bezier_nm,53.534389112959616,mse,0.2697864270724465,False
full_day,244->158,3222,20,bezier_pgd,0.0063178070122376,mse,0.0037238702673345,False
full_day,244->158,3222,20,bezier_ipopt,,mse,,True
full_day,244->158,3222,20,bezier_nm,52.9375278109801,mse,0.2530561824560033,False
full_day,244->473,3222,20,bezier_pgd,0.0052603670046664,mse,0.0078916868863267,False
full_day,244->473,3222,20,bezier_ipopt,,mse,,True
full_day,244->473,3222,20,bezier_nm,54.74786000198219,mse,0.253662140584254,False
full_day,245->246,3222,20,bezier_pgd,0.0051455270149745,mse,0.0088054298332316,False
full_day,245->246,3222,20,bezier_ipopt,,mse,,True
full_day,245->246,3222,20,bezier_nm,53.03557249595178,mse,0.2965687289449752,False
full_day,245->326,3222,20,bezier_pgd,0.0048527379985898,mse,0.03262207267573,False
full_day,245->326,3222,20,bezier_ipopt,,mse,,True
full_day,245->326,3222,20,bezier_nm,57.33798800496152,mse,0.5367281774686031,False
full_day,246->245,3222,20,bezier_pgd,0.0049129860126413,mse,0.0021619735090908,False
full_day,246->245,3222,20,bezier_ipopt,18.219884730002377,mse,9.310252254285496e-05,False
full_day,246->245,3222,20,bezier_nm,55.574388914974406,mse,0.2170501087453527,False
full_day,246->521,3222,20,bezier_pgd,0.0052150239935144,mse,0.0092244312658569,False
full_day,246->521,3222,20,bezier_ipopt,24.987495876965117,mse,0.0001261986005756,False
full_day,246->521,3222,20,bezier_nm,55.3442119070096,mse,0.2696008600015627,False
full_day,247->451,3222,20,bezier_pgd,0.0049890049849636,mse,0.0176302736599031,False
full_day,247->451,3222,20,bezier_ipopt,25.64968862902606,mse,0.0002333468094764,False
full_day,247->451,3222,20,bezier_nm,56.74682300601853,mse,0.270020146375605,False
full_day,247->478,3222,20,bezier_pgd,0.0056955320178531,mse,0.0145871465161507,False
full_day,247->478,3222,20,bezier_ipopt,19.58806199900573,mse,0.0002151150713552,False
full_day,247->478,3222,20,bezier_nm,57.37633646395989,mse,0.2713084289614572,False
full_day,248->249,3222,20,bezier_pgd,0.0087324610212817,mse,0.006193855452153,False
full_day,248->249,3222,20,bezier_ipopt,31.02781858702656,mse,0.0001416125581448,False
full_day,248->249,3222,20,bezier_nm,55.53139566601021,mse,0.2699790400096774,False
full_day,248->460,3222,20,bezier_pgd,0.0056996140046976,mse,0.0056462189345428,False
full_day,248->460,3222,20,bezier_ipopt,,mse,,True
full_day,248->460,3222,20,bezier_nm,56.53725282195956,mse,0.2634515063396585,False
full_day,249->248,3222,20,bezier_pgd,0.005774351011496,mse,0.014360782187958,False
full_day,249->248,3222,20,bezier_ipopt,29.462250570009928,mse,0.0001934420505706,False
full_day,249->248,3222,20,bezier_nm,57.58289926202269,mse,0.2876832251735229,False
full_day,249->262,3222,20,bezier_pgd,0.0040807889890857,mse,0.0003479268121492,False
full_day,249->262,3222,20,bezier_ipopt,16.370645938965026,mse,0.000237692450675,False
full_day,249->262,3222,20,bezier_nm,60.37440706801135,mse,0.1214491844203509,False
full_day,25->527,3222,20,bezier_pgd,0.0089867010246962,mse,0.0015702493821139,False
full_day,25->527,3222,20,bezier_ipopt,30.135212088993285,mse,6.421374510599091e-05,False
full_day,25->527,3222,20,bezier_nm,54.49163033999503,mse,0.2101225818238396,False
full_day,25->528,3222,20,bezier_pgd,0.0043385900207795,mse,0.0100231714312692,False
full_day,25->528,3222,20,bezier_ipopt,,mse,,True
full_day,25->528,3222,20,bezier_nm,56.7477186670294,mse,0.2766248459668882,False
full_day,25->6,3222,20,bezier_pgd,0.0049228590214625,mse,0.0036412916988591,False
full_day,25->6,3222,20,bezier_ipopt,21.619660853990357,mse,0.0002082558593906,False
full_day,25->6,3222,20,bezier_nm,55.38201787200524,mse,0.2515870015914579,False
full_day,250->347,3222,20,bezier_pgd,0.0053124629775993,mse,0.006739126315059,False
full_day,250->347,3222,20,bezier_ipopt,22.47354585799621,mse,0.0001354287591952,False
full_day,250->347,3222,20,bezier_nm,53.42670252098469,mse,0.2603908606807421,False
full_day,250->520,3222,20,bezier_pgd,0.0084212990477681,mse,0.0021605816991995,False
full_day,250->520,3222,20,bezier_ipopt,20.721911138040014,mse,0.0001862391768438,False
full_day,250->520,3222,20,bezier_nm,57.204178603948094,mse,0.1945957579547008,False
full_day,251->225,3222,20,bezier_pgd,0.0053828499512746,mse,0.0005868589020638,False
full_day,251->225,3222,20,bezier_ipopt,15.296029073011596,mse,0.0001249089682316,False
full_day,251->225,3222,20,bezier_nm,56.72019529697718,mse,0.1234148054009277,False
full_day,251->30,3222,20,bezier_pgd,0.005030014028307,mse,0.0005254842561593,False
full_day,251->30,3222,20,bezier_ipopt,29.367948750965297,mse,8.53348597588406e-05,False
full_day,251->30,3222,20,bezier_nm,54.67507304798346,mse,0.1802420145503217,False
full_day,252->224,3222,20,bezier_pgd,0.0060634800465777,mse,0.0122183134518257,False
full_day,252->224,3222,20,bezier_ipopt,,mse,,True
full_day,252->224,3222,20,bezier_nm,56.16971439501504,mse,0.2900719208434355,False
full_day,252->439,3222,20,bezier_pgd,0.0047217649989761,mse,0.0068530043137272,False
full_day,252->439,3222,20,bezier_ipopt,,mse,,True
full_day,252->439,3222,20,bezier_nm,55.29277474398259,mse,0.2541256577356921,False
full_day,253->159,3222,20,bezier_pgd,0.0046649290015921,mse,0.0030115350936424,False
full_day,253->159,3222,20,bezier_ipopt,22.68960511300247,mse,0.0001634054336353,False
full_day,253->159,3222,20,bezier_nm,58.57324524695287,mse,0.2381656467915898,False
full_day,253->500,3222,20,bezier_pgd,0.0081324630300514,mse,0.0007130661514919,False
full_day,253->500,3222,20,bezier_ipopt,24.320160537026823,mse,0.0001475539617117,False
full_day,253->500,3222,20,bezier_nm,53.95537212095224,mse,0.1707127668167348,False
full_day,254->255,3222,20,bezier_pgd,0.004815447027795,mse,0.0085106645433972,False
full_day,254->255,3222,20,bezier_ipopt,19.69925030402373,mse,0.0001780851227351,False
full_day,254->255,3222,20,bezier_nm,54.05203788302606,mse,0.2534181278596245,False
full_day,254->484,3222,20,bezier_pgd,0.0044432100257836,mse,0.000356551786436,False
full_day,254->484,3222,20,bezier_ipopt,25.45562670798972,mse,0.0001589057871085,False
full_day,254->484,3222,20,bezier_nm,58.76092634204542,mse,0.0969798121352966,False
full_day,255->254,3222,20,bezier_pgd,0.0047486340044997,mse,0.0008447112430491,False
full_day,255->254,3222,20,bezier_ipopt,19.77628170803655,mse,0.0001249088135611,False
full_day,255->254,3222,20,bezier_nm,53.148219323018566,mse,0.2307141932044445,False
full_day,255->352,3222,20,bezier_pgd,0.0050480290083214,mse,0.0095552070014362,False
full_day,255->352,3222,20,bezier_ipopt,,mse,,True
full_day,255->352,3222,20,bezier_nm,56.42209931398975,mse,0.266706610116498,False
full_day,256->475,3222,20,bezier_pgd,0.0081712210085242,mse,0.0035034149845118,False
full_day,256->475,3222,20,bezier_ipopt,,mse,,True
full_day,256->475,3222,20,bezier_nm,54.90778829000192,mse,0.2509865883012111,False
full_day,256->501,3222,20,bezier_pgd,0.0045880110119469,mse,0.0006842212849342,False
full_day,256->501,3222,20,bezier_ipopt,22.728540871990845,mse,0.000243929104099,False
full_day,256->501,3222,20,bezier_nm,57.256722400023136,mse,0.1372082550532991,False
full_day,257->494,3222,20,bezier_pgd,0.0033820949611254,mse,0.0002481521830721,False
full_day,257->494,3222,20,bezier_ipopt,18.12632395804394,mse,0.0001279314646104,False
full_day,257->494,3222,20,bezier_nm,56.46018693799852,mse,0.0452515656858559,False
full_day,257->498,3222,20,bezier_pgd,0.0043426839984022,mse,0.0003969144763477,False
full_day,257->498,3222,20,bezier_ipopt,,mse,,True
full_day,257->498,3222,20,bezier_nm,58.48538267094409,mse,0.077226462143849,False
full_day,258->473,3222,20,bezier_pgd,0.0047610490000806,mse,0.0003198792624903,False
full_day,258->473,3222,20,bezier_ipopt,21.56110524904216,mse,0.0001357728325746,False
full_day,258->473,3222,20,bezier_nm,57.25008323095972,mse,0.1545687344586143,False
full_day,258->474,3222,20,bezier_pgd,0.0057332369615323,mse,0.0082406762465784,False
full_day,258->474,3222,20,bezier_ipopt,27.91820366098545,mse,0.0001775054552608,False
full_day,258->474,3222,20,bezier_nm,53.68026807199931,mse,0.2664771198350943,False
full_day,259->384,3222,20,bezier_pgd,0.0051800350192934,mse,0.0045884922052458,False
full_day,259->384,3222,20,bezier_ipopt,67.05065683595603,mse,0.0002853842461428,False
full_day,259->384,3222,20,bezier_nm,56.25216770399129,mse,0.2375856957085503,False
full_day,259->92,3222,20,bezier_pgd,0.0115407480043359,mse,0.2415310491157664,False
full_day,259->92,3222,20,bezier_ipopt,,mse,,True
full_day,259->92,3222,20,bezier_nm,50.85510909801815,mse,0.382066770054478,False
full_day,26->27,3222,20,bezier_pgd,0.0029318449669517,mse,5.358262856696301e-06,False
full_day,26->27,3222,20,bezier_ipopt,13.93936371000018,mse,1.69377074410946e-06,False
full_day,26->27,3222,20,bezier_nm,81.79178205801873,mse,0.0002673425296954,False
full_day,26->39,3222,20,bezier_pgd,0.0031334510422311,mse,0.0001275896774054,False
full_day,26->39,3222,20,bezier_ipopt,,mse,,True
full_day,26->39,3222,20,bezier_nm,93.46086228301284,mse,0.0014154635674573,False
full_day,260->261,3222,20,bezier_pgd,0.005710469034966,mse,0.0047458828485117,False
full_day,260->261,3222,20,bezier_ipopt,25.6885204630089,mse,0.0001174502984384,False
full_day,260->261,3222,20,bezier_nm,54.893912049999926,mse,0.237313516839267,False
full_day,260->473,3222,20,bezier_pgd,0.0044779269956052,mse,0.0044661758749026,False
full_day,260->473,3222,20,bezier_ipopt,21.995525971986357,mse,0.0001451688704845,False
full_day,260->473,3222,20,bezier_nm,53.39702992897946,mse,0.2486353532330267,False
full_day,261->260,3222,20,bezier_pgd,0.004366339999251,mse,0.0006827243422516,False
full_day,261->260,3222,20,bezier_ipopt,,mse,,True
full_day,261->260,3222,20,bezier_nm,59.05807889404241,mse,0.1552971545707013,False
full_day,261->267,3222,20,bezier_pgd,0.0061952070100232,mse,0.0144346360822317,False
full_day,261->267,3222,20,bezier_ipopt,25.79714697296731,mse,0.0001808027637027,False
full_day,261->267,3222,20,bezier_nm,53.28454617696116,mse,0.2765637051966835,False
full_day,262->249,3222,20,bezier_pgd,0.0046985499793663,mse,0.0015443755383236,False
full_day,262->249,3222,20,bezier_ipopt,23.903935524984263,mse,0.0001798395491112,False
full_day,262->249,3222,20,bezier_nm,56.451210341008846,mse,0.2235587933584457,False
full_day,262->434,3222,20,bezier_pgd,0.0051068270113319,mse,0.008318890948512,False
full_day,262->434,3222,20,bezier_ipopt,27.750189063954167,mse,0.0002886665535622,False
full_day,262->434,3222,20,bezier_nm,54.87877997598844,mse,0.2570192305684779,False
full_day,263->497,3222,20,bezier_pgd,0.0049862320302054,mse,0.0093981152608746,False
full_day,263->497,3222,20,bezier_ipopt,21.113321129989345,mse,0.0002197632521684,False
full_day,263->497,3222,20,bezier_nm,54.1826575739542,mse,0.2559774341578739,False
full_day,263->505,3222,20,bezier_pgd,0.0046165270032361,mse,0.0086190250747805,False
full_day,263->505,3222,20,bezier_ipopt,27.62838558998192,mse,0.0003748595860427,False
full_day,263->505,3222,20,bezier_nm,56.400542440998834,mse,0.2074493502594623,False
full_day,264->421,3222,20,bezier_pgd,0.0045037659583613,mse,0.0025499311069705,False
full_day,264->421,3222,20,bezier_ipopt,27.816289370995943,mse,0.000185772220135,False
full_day,264->421,3222,20,bezier_nm,57.36597185599385,mse,0.1758650942026124,False
full_day,264->468,3222,20,bezier_pgd,0.0066726299701258,mse,0.0008155028359089,False
full_day,264->468,3222,20,bezier_ipopt,,mse,,True
full_day,264->468,3222,20,bezier_nm,58.940337381034624,mse,0.1355045958290859,False
full_day,265->266,3222,20,bezier_pgd,0.0042700699996203,mse,0.0006853753573768,False
full_day,265->266,3222,20,bezier_ipopt,21.004938760015648,mse,0.0001087275374099,False
full_day,265->266,3222,20,bezier_nm,58.30436609103344,mse,0.1330787572237408,False
full_day,265->440,3222,20,bezier_pgd,0.0054338760091923,mse,0.0109524874932749,False
full_day,265->440,3222,20,bezier_ipopt,,mse,,True
full_day,265->440,3222,20,bezier_nm,53.65518937201705,mse,0.28856001333674,False
full_day,266->265,3222,20,bezier_pgd,0.0043456760467961,mse,0.0005000165272033,False
full_day,266->265,3222,20,bezier_ipopt,,mse,,True
full_day,266->265,3222,20,bezier_nm,59.37980517902179,mse,0.1356820421785747,False
full_day,266->522,3222,20,bezier_pgd,0.0033219830365851,mse,0.0002326861807645,False
full_day,266->522,3222,20,bezier_ipopt,18.8026293029543,mse,0.0001429470632121,False
full_day,266->522,3222,20,bezier_nm,92.02193798701046,mse,0.0022471654892803,False
full_day,267->183,3222,20,bezier_pgd,0.0048190060188062,mse,0.0129860814527737,False
full_day,267->183,3222,20,bezier_ipopt,,mse,,True
full_day,267->183,3222,20,bezier_nm,54.05719639902236,mse,0.2909232442934381,False
full_day,267->261,3222,20,bezier_pgd,0.0048101950087584,mse,0.0113675836467414,False
full_day,267->261,3222,20,bezier_ipopt,25.945569172967225,mse,0.0001214103147678,False
full_day,267->261,3222,20,bezier_nm,53.48799245804548,mse,0.290752259465783,False
full_day,268->388,3222,20,bezier_pgd,0.0057921769912354,mse,0.0035988290030653,False
full_day,268->388,3222,20,bezier_ipopt,,mse,,True
full_day,268->388,3222,20,bezier_nm,55.62204503297107,mse,0.2550092712770466,False
full_day,268->494,3222,20,bezier_pgd,0.0096197869861498,mse,0.0027792729451991,False
full_day,268->494,3222,20,bezier_ipopt,,mse,,True
full_day,268->494,3222,20,bezier_nm,55.23466851899866,mse,0.2374599625753838,False
full_day,269->191,3222,20,bezier_pgd,0.0046642739907838,mse,0.0003666235473404,False
full_day,269->191,3222,20,bezier_ipopt,28.668913102010265,mse,0.0001200243716925,False
full_day,269->191,3222,20,bezier_nm,57.93332354503218,mse,0.0920442620547246,False
full_day,269->321,3222,20,bezier_pgd,0.0058983339695259,mse,0.0054957879206755,False
full_day,269->321,3222,20,bezier_ipopt,24.11174237198429,mse,0.000128040245003,False
full_day,269->321,3222,20,bezier_nm,53.25161525001749,mse,0.2746069225173431,False
full_day,27->26,3222,20,bezier_pgd,0.0031304740114137,mse,1.1458526659129576e-05,False
full_day,27->26,3222,20,bezier_ipopt,15.599949743016625,mse,4.283723293016151e-06,False
full_day,27->26,3222,20,bezier_nm,81.28336919698631,mse,0.000476792398472,False
full_day,27->28,3222,20,bezier_pgd,0.005933679989539,mse,0.0079398559465594,False
full_day,27->28,3222,20,bezier_ipopt,,mse,,True
full_day,27->28,3222,20,bezier_nm,55.6286742319935,mse,0.255247786009226,False
full_day,270->213,3222,20,bezier_pgd,0.0042812109459191,mse,0.0144363065002896,False
full_day,270->213,3222,20,bezier_ipopt,30.308039951021783,mse,0.0002914765811624,False
full_day,270->213,3222,20,bezier_nm,52.89997886598576,mse,0.2560901545434339,False
full_day,270->444,3222,20,bezier_pgd,0.0053279859712347,mse,0.0142412395802974,False
full_day,270->444,3222,20,bezier_ipopt,23.32518466701731,mse,0.0002501587331897,False
full_day,270->444,3222,20,bezier_nm,55.09380490600597,mse,0.2579290691753768,False
full_day,271->272,3222,20,bezier_pgd,0.0045331739820539,mse,0.1164161447821881,False
full_day,271->272,3222,20,bezier_ipopt,,mse,,True
full_day,271->272,3222,20,bezier_nm,52.1078228050028,mse,0.3976696902747399,False
full_day,271->375,3222,20,bezier_pgd,0.0069226140039972,mse,0.339957334173785,False
full_day,271->375,3222,20,bezier_ipopt,,mse,,True
full_day,271->375,3222,20,bezier_nm,55.81270088697784,mse,0.6619324931081928,False
full_day,272->271,3222,20,bezier_pgd,0.0066999330301769,mse,0.0391472688148687,False
full_day,272->271,3222,20,bezier_ipopt,,mse,,True
full_day,272->271,3222,20,bezier_nm,58.37969154800521,mse,0.3243055941059414,False
full_day,272->274,3222,20,bezier_pgd,0.0050106419948861,mse,0.0152547792349349,False
full_day,272->274,3222,20,bezier_ipopt,,mse,,True
full_day,272->274,3222,20,bezier_nm,59.37788083095802,mse,0.3811905844627679,False
full_day,273->351,3222,20,bezier_pgd,0.0034132620203308,mse,0.0001556753812656,False
full_day,273->351,3222,20,bezier_ipopt,23.94990087795304,mse,7.743564144997165e-05,False
full_day,273->351,3222,20,bezier_nm,88.99546630500117,mse,0.0006309390668612,False
full_day,273->465,3222,20,bezier_pgd,0.0064391750493086,mse,0.1073286581999932,False
full_day,273->465,3222,20,bezier_ipopt,26.59615995700005,mse,0.0001571361307895,False
full_day,273->465,3222,20,bezier_nm,53.06621926999651,mse,0.3302877582794304,False
full_day,274->272,3222,20,bezier_pgd,0.0044481360237114,mse,0.047343228261781,False
full_day,274->272,3222,20,bezier_ipopt,,mse,,True
full_day,274->272,3222,20,bezier_nm,55.35163122002268,mse,0.3582901428406229,False
full_day,274->441,3222,20,bezier_pgd,0.0056440680054947,mse,0.1582507810015752,False
full_day,274->441,3222,20,bezier_ipopt,,mse,,True
full_day,274->441,3222,20,bezier_nm,51.55910907097859,mse,0.3620143029975026,False
full_day,275->173,3222,20,bezier_pgd,0.0065351739758625,mse,0.0095457622224864,False
full_day,275->173,3222,20,bezier_ipopt,44.41238369495841,mse,1.2626441729248434e-05,False
full_day,275->173,3222,20,bezier_nm,58.46200846403372,mse,0.2069815298155907,False
full_day,275->312,3222,20,bezier_pgd,0.0029800610500387,mse,0.088697902849348,False
full_day,275->312,3222,20,bezier_ipopt,,mse,,True
full_day,275->312,3222,20,bezier_nm,57.00210688804509,mse,0.7660514009823425,False
full_day,276->364,3222,20,bezier_pgd,0.0056711129727773,mse,0.2537468525965071,False
full_day,276->364,3222,20,bezier_ipopt,,mse,,True
full_day,276->364,3222,20,bezier_nm,55.08621437003603,mse,0.4797991829349748,False
full_day,276->76,3222,20,bezier_pgd,0.0055352820199914,mse,0.0199155359730731,False
full_day,276->76,3222,20,bezier_ipopt,,mse,,True
full_day,276->76,3222,20,bezier_nm,60.484315205947496,mse,0.3005286069921653,False
full_day,277->278,3222,20,bezier_pgd,0.0049919520388357,mse,0.0097493514548513,False
full_day,277->278,3222,20,bezier_ipopt,20.31100266199792,mse,0.0002151232126447,False
full_day,277->278,3222,20,bezier_nm,55.12029060203349,mse,0.2615151176353447,False
full_day,277->453,3222,20,bezier_pgd,0.0044651640346273,mse,0.0023671457200842,False
full_day,277->453,3222,20,bezier_ipopt,21.475335918017663,mse,0.0002287302979505,False
full_day,277->453,3222,20,bezier_nm,57.63782050897135,mse,0.200766812077141,False
full_day,278->277,3222,20,bezier_pgd,0.007276966003701,mse,0.0067144161900623,False
full_day,278->277,3222,20,bezier_ipopt,26.90108446998056,mse,0.0002126681262596,False
full_day,278->277,3222,20,bezier_nm,56.09810070396634,mse,0.2264878304668642,False
full_day,278->323,3222,20,bezier_pgd,0.0056907369871623,mse,0.0191121272501519,False
full_day,278->323,3222,20,bezier_ipopt,29.75628951902036,mse,0.0002945713874764,False
full_day,278->323,3222,20,bezier_nm,57.032153962994926,mse,0.2854161575796951,False
full_day,279->169,3222,20,bezier_pgd,0.0072980740224011,mse,0.0008595835223361,False
full_day,279->169,3222,20,bezier_ipopt,,mse,,True
full_day,279->169,3222,20,bezier_nm,58.86559538496658,mse,0.1963349501523226,False
full_day,279->460,3222,20,bezier_pgd,0.0061645249952562,mse,0.0044570747039674,False
full_day,279->460,3222,20,bezier_ipopt,,mse,,True
full_day,279->460,3222,20,bezier_nm,55.5711050600512,mse,0.2698822259488291,False
full_day,28->27,3222,20,bezier_pgd,0.0029573859646916,mse,1.015221335856302e-05,False
full_day,28->27,3222,20,bezier_ipopt,14.155986080993898,mse,3.336216893219358e-06,False
full_day,28->27,3222,20,bezier_nm,85.95918023999548,mse,0.0001908467832426,False
full_day,28->29,3222,20,bezier_pgd,0.0029227940249256,mse,1.3508729793239177e-05,False
full_day,28->29,3222,20,bezier_ipopt,13.98820954799885,mse,6.654193655054496e-06,False
full_day,28->29,3222,20,bezier_nm,79.49446832295507,mse,0.0002881733979054,False
full_day,280->114,3222,20,bezier_pgd,0.0048354839673265,mse,0.0118836263167267,False
full_day,280->114,3222,20,bezier_ipopt,,mse,,True
full_day,280->114,3222,20,bezier_nm,56.95548810000764,mse,0.2597825439967118,False
full_day,280->341,3222,20,bezier_pgd,0.0092256910284049,mse,0.0224429915942397,False
full_day,280->341,3222,20,bezier_ipopt,22.87462495500222,mse,0.0003293871924424,False
full_day,280->341,3222,20,bezier_nm,52.85411649598973,mse,0.2896898139614653,False
full_day,281->240,3222,20,bezier_pgd,0.0045123579911887,mse,0.0005142604252046,False
full_day,281->240,3222,20,bezier_ipopt,,mse,,True
full_day,281->240,3222,20,bezier_nm,61.302402446977794,mse,0.1267607651000324,False
full_day,281->282,3222,20,bezier_pgd,0.0041615100344643,mse,0.0001851259736349,False
full_day,281->282,3222,20,bezier_ipopt,26.95260080997832,mse,7.699703174248796e-05,False
full_day,281->282,3222,20,bezier_nm,57.0494271760108,mse,0.0776737307429471,False
full_day,282->281,3222,20,bezier_pgd,0.0056944719981402,mse,0.0014485545908372,False
full_day,282->281,3222,20,bezier_ipopt,,mse,,True
full_day,282->281,3222,20,bezier_nm,58.4107273700065,mse,0.2295912916484696,False
full_day,282->495,3222,20,bezier_pgd,0.0079665060038678,mse,0.0007590395898374,False
full_day,282->495,3222,20,bezier_ipopt,82.64338561298791,mse,0.0003740146496737,False
full_day,282->495,3222,20,bezier_nm,56.96204877505079,mse,0.1785689661796435,False
full_day,283->381,3222,20,bezier_pgd,0.004809979989659,mse,0.0009581060963206,False
full_day,283->381,3222,20,bezier_ipopt,23.381776080001146,mse,7.047446042490928e-05,False
full_day,283->381,3222,20,bezier_nm,56.61324525496457,mse,0.1456413721544579,False
full_day,283->440,3222,20,bezier_pgd,0.0047125269775278,mse,0.0202400077813999,False
full_day,283->440,3222,20,bezier_ipopt,,mse,,True
full_day,283->440,3222,20,bezier_nm,57.243245776044205,mse,0.2984239543106895,False
full_day,284->174,3222,20,bezier_pgd,0.0059357230202294,mse,0.017264272023838,False
full_day,284->174,3222,20,bezier_ipopt,26.13335379498312,mse,0.0002528267650365,False
full_day,284->174,3222,20,bezier_nm,53.97616630495759,mse,0.2904538069975417,False
full_day,284->335,3222,20,bezier_pgd,0.0060987040051259,mse,0.0002132250789634,False
full_day,284->335,3222,20,bezier_ipopt,38.1372828320018,mse,0.0001136305808359,False
full_day,284->335,3222,20,bezier_nm,56.94188884104369,mse,0.0809085094838445,False
full_day,285->168,3222,20,bezier_pgd,0.004827860975638,mse,0.0196367219344969,False
full_day,285->168,3222,20,bezier_ipopt,239.3116852969979,mse,0.0567989637587523,False
full_day,285->168,3222,20,bezier_nm,58.91288400097983,mse,0.0501007827985807,False
full_day,285->440,3222,20,bezier_pgd,0.0052834250382147,mse,0.0084260727219295,False
full_day,285->440,3222,20,bezier_ipopt,,mse,,True
full_day,285->440,3222,20,bezier_nm,52.90668487799121,mse,0.2840477977461842,False
full_day,286->468,3222,20,bezier_pgd,0.003309142019134,mse,0.0001863781674585,False
full_day,286->468,3222,20,bezier_ipopt,21.96748525102157,mse,0.0001262818987874,False
full_day,286->468,3222,20,bezier_nm,91.07000562502073,mse,0.0018072077165442,False
full_day,286->490,3222,20,bezier_pgd,0.0058351639891043,mse,0.0082013312408783,False
full_day,286->490,3222,20,bezier_ipopt,19.581198622006923,mse,0.0001331229717511,False
full_day,286->490,3222,20,bezier_nm,54.70334244298283,mse,0.2642599030557255,False
full_day,287->356,3222,20,bezier_pgd,0.0045642890036106,mse,0.0080621191869646,False
full_day,287->356,3222,20,bezier_ipopt,17.72692757396726,mse,0.0002273906353068,False
full_day,287->356,3222,20,bezier_nm,54.41383828799008,mse,0.258239891620927,False
full_day,287->497,3222,20,bezier_pgd,0.0047167320153675,mse,0.0040612897152059,False
full_day,287->497,3222,20,bezier_ipopt,24.139354131009892,mse,0.0002264919219733,False
full_day,287->497,3222,20,bezier_nm,56.82346539798891,mse,0.2151349904141183,False
full_day,288->204,3222,20,bezier_pgd,0.0061885869945399,mse,0.0110792253743843,False
full_day,288->204,3222,20,bezier_ipopt,26.51326044701273,mse,0.0001755890875356,False
full_day,288->204,3222,20,bezier_nm,53.68826356600039,mse,0.2880918016312664,False
full_day,288->338,3222,20,bezier_pgd,0.006173892004881,mse,0.0068287187627339,False
full_day,288->338,3222,20,bezier_ipopt,,mse,,True
full_day,288->338,3222,20,bezier_nm,56.21569126803661,mse,0.2779913399269234,False
full_day,289->320,3222,20,bezier_pgd,0.0058956790016964,mse,0.0020010472243007,False
full_day,289->320,3222,20,bezier_ipopt,,mse,,True
full_day,289->320,3222,20,bezier_nm,57.837359002034646,mse,0.1994070670472987,False
full_day,289->425,3222,20,bezier_pgd,0.0046328370226547,mse,0.0107572522025754,False
full_day,289->425,3222,20,bezier_ipopt,,mse,,True
full_day,289->425,3222,20,bezier_nm,56.41886474302737,mse,0.2937192849431411,False
full_day,29->28,3222,20,bezier_pgd,0.0029692779644392,mse,1.0822967759584437e-05,False
full_day,29->28,3222,20,bezier_ipopt,11.489492127962876,mse,4.38651926437541e-06,False
full_day,29->28,3222,20,bezier_nm,79.30762439302634,mse,0.0002117722610575,False
full_day,29->30,3222,20,bezier_pgd,0.0031226979917846,mse,2.0171447809687e-05,False
full_day,29->30,3222,20,bezier_ipopt,23.348134766041767,mse,4.058301572221303e-06,False
full_day,29->30,3222,20,bezier_nm,77.70669830701081,mse,0.0004334259593116,False
full_day,290->151,3222,20,bezier_pgd,0.0040596459875814,mse,0.026011975455541,False
full_day,290->151,3222,20,bezier_ipopt,,mse,,True
full_day,290->151,3222,20,bezier_nm,54.29363760899287,mse,0.3235216107870008,False
full_day,290->509,3222,20,bezier_pgd,0.0060748980031348,mse,0.0096562848021887,False
full_day,290->509,3222,20,bezier_ipopt,,mse,,True
full_day,290->509,3222,20,bezier_nm,55.73823151900433,mse,0.2804452960492797,False
full_day,291->18,3222,20,bezier_pgd,0.0043046760256402,mse,0.0261090338882471,False
full_day,291->18,3222,20,bezier_ipopt,21.6895457690116,mse,2.1567455629395445e-05,False
full_day,291->18,3222,20,bezier_nm,54.5091201410396,mse,0.3257572588303831,False
full_day,291->292,3222,20,bezier_pgd,0.0047866129898466,mse,0.0863675068530062,False
full_day,291->292,3222,20,bezier_ipopt,22.17276366299484,mse,1.0664242975186466e-05,False
full_day,291->292,3222,20,bezier_nm,56.78171585401287,mse,0.6164313308535277,False
full_day,292->291,3222,20,bezier_pgd,0.0059009270044043,mse,0.0120449516927465,False
full_day,292->291,3222,20,bezier_ipopt,22.056317921029404,mse,0.0001217194540356,False
full_day,292->291,3222,20,bezier_nm,55.39811540098162,mse,0.2677558668735459,False
full_day,292->397,3222,20,bezier_pgd,0.0031322829890996,mse,8.33787538306029e-06,False
full_day,292->397,3222,20,bezier_ipopt,12.1787703979644,mse,3.213479026705598e-06,False
full_day,292->397,3222,20,bezier_nm,84.21070052694995,mse,0.0001157221779687,False
full_day,292->408,3222,20,bezier_pgd,0.0042155279661528,mse,7.246556357562224e-06,False
full_day,292->408,3222,20,bezier_ipopt,11.706294392992277,mse,3.689486280743167e-06,False
full_day,292->408,3222,20,bezier_nm,79.14479013899108,mse,0.0002848741544391,False
full_day,293->322,3222,20,bezier_pgd,0.004779384995345,mse,0.0130387561210355,False
full_day,293->322,3222,20,bezier_ipopt,,mse,,True
full_day,293->322,3222,20,bezier_nm,57.073625923949294,mse,0.3089455434446871,False
full_day,293->487,3222,20,bezier_pgd,0.0045985140022821,mse,0.0025888085244012,False
full_day,293->487,3222,20,bezier_ipopt,24.26373310800409,mse,0.0001597096340059,False
full_day,293->487,3222,20,bezier_nm,56.86716053501004,mse,0.1891004218482444,False
full_day,294->205,3222,20,bezier_pgd,0.009239783976227,mse,0.0069146580733716,False
full_day,294->205,3222,20,bezier_ipopt,23.06595666904468,mse,0.0001800337527992,False
full_day,294->205,3222,20,bezier_nm,54.25282892800169,mse,0.2689331897912492,False
full_day,294->370,3222,20,bezier_pgd,0.0048640280147083,mse,0.004141672153598,False
full_day,294->370,3222,20,bezier_ipopt,19.30693922401406,mse,0.0001553443165958,False
full_day,294->370,3222,20,bezier_nm,53.07910335599445,mse,0.24640064817014,False
full_day,295->458,3222,20,bezier_pgd,0.0054901799885556,mse,0.0037915831664217,False
full_day,295->458,3222,20,bezier_ipopt,29.167397897981573,mse,0.0001804451118032,False
full_day,295->458,3222,20,bezier_nm,58.072352631017566,mse,0.1605301494713459,False
full_day,295->459,3222,20,bezier_pgd,0.0046189290005713,mse,0.0004886192465866,False
full_day,295->459,3222,20,bezier_ipopt,,mse,,True
full_day,295->459,3222,20,bezier_nm,57.28373746096622,mse,0.176893963186063,False
full_day,296->503,3222,20,bezier_pgd,0.0055817170068621,mse,0.009902457033413,False
full_day,296->503,3222,20,bezier_ipopt,,mse,,True
full_day,296->503,3222,20,bezier_nm,58.14710482803639,mse,0.2848539671230254,False
full_day,296->506,3222,20,bezier_pgd,0.0043956689769402,mse,0.0019743469611992,False
full_day,296->506,3222,20,bezier_ipopt,26.88306584500242,mse,0.0001202050734105,False
full_day,296->506,3222,20,bezier_nm,57.92215487599606,mse,0.1999447630390452,False
full_day,297->114,3222,20,bezier_pgd,0.0039832390029914,mse,7.672465735105765e-06,False
full_day,297->114,3222,20,bezier_ipopt,25.034968435997143,mse,4.583374668610259e-06,False
full_day,297->114,3222,20,bezier_nm,76.21512391400756,mse,0.0002877305949355,False
full_day,297->298,3222,20,bezier_pgd,0.0032128589809872,mse,0.0003133557730231,False
full_day,297->298,3222,20,bezier_ipopt,,mse,,True
full_day,297->298,3222,20,bezier_nm,86.32844278402627,mse,0.001119346128027,False
full_day,297->89,3222,20,bezier_pgd,0.0030725019751116,mse,6.945984526358007e-06,False
full_day,297->89,3222,20,bezier_ipopt,20.37742029700894,mse,2.206190253510022e-06,False
full_day,297->89,3222,20,bezier_nm,77.70782849797979,mse,0.0002998920385799,False
full_day,298->297,3222,20,bezier_pgd,0.0039799549849703,mse,8.181187948593768e-05,False
full_day,298->297,3222,20,bezier_ipopt,21.22377140901517,mse,3.6232674797786016e-05,False
full_day,298->297,3222,20,bezier_nm,93.09151399199618,mse,0.0015906335371957,False
full_day,298->465,3222,20,bezier_pgd,0.0054019829840399,mse,0.0007079681584734,False
full_day,298->465,3222,20,bezier_ipopt,31.39949492696905,mse,3.5521439992408624e-05,False
full_day,298->465,3222,20,bezier_nm,56.18137118400773,mse,0.2014236502976795,False
full_day,299->121,3222,20,bezier_pgd,0.0102532770251855,mse,0.022598022632742,False
full_day,299->121,3222,20,bezier_ipopt,28.29308499599574,mse,0.0002480580045562,False
full_day,299->121,3222,20,bezier_nm,56.53736436000327,mse,0.2815692294865981,False
full_day,299->319,3222,20,bezier_pgd,0.00463881297037,mse,0.0002954286518887,False
full_day,299->319,3222,20,bezier_ipopt,,mse,,True
full_day,299->319,3222,20,bezier_nm,59.84510216501076,mse,0.1080655353199235,False
full_day,30->251,3222,20,bezier_pgd,0.0031325870077125,mse,0.0001553613910031,False
full_day,30->251,3222,20,bezier_ipopt,20.216528271965217,mse,0.0001066141438063,False
full_day,30->251,3222,20,bezier_nm,82.44221533602104,mse,0.0008744683392559,False
full_day,30->29,3222,20,bezier_pgd,0.0032223790185526,mse,1.1653808572528916e-05,False
full_day,30->29,3222,20,bezier_ipopt,15.879325605987106,mse,4.173825599687264e-06,False
full_day,30->29,3222,20,bezier_nm,81.93910916300956,mse,0.0004416903378289,False
full_day,300->193,3222,20,bezier_pgd,0.0058536030119284,mse,0.0004899251264945,False
full_day,300->193,3222,20,bezier_ipopt,25.331832579977345,mse,0.0001175754238057,False
full_day,300->193,3222,20,bezier_nm,57.5038543419796,mse,0.1984078462278181,False
full_day,300->427,3222,20,bezier_pgd,0.0081711190287023,mse,0.0012911260335611,False
full_day,300->427,3222,20,bezier_ipopt,28.32683328195708,mse,0.0002251129771592,False
full_day,300->427,3222,20,bezier_nm,54.81619167304598,mse,0.1885737224293324,False
full_day,301->386,3222,20,bezier_pgd,0.0052171760471537,mse,0.0020114392400946,False
full_day,301->386,3222,20,bezier_ipopt,23.82223895302741,mse,0.000100930431774,False
full_day,301->386,3222,20,bezier_nm,55.83082164899679,mse,0.2455107483557405,False
full_day,301->405,3222,20,bezier_pgd,0.007649834966287,mse,0.0003423957022408,False
full_day,301->405,3222,20,bezier_ipopt,24.554548105981667,mse,9.667219776692924e-05,False
full_day,301->405,3222,20,bezier_nm,57.817596818029415,mse,0.1298969099917178,False
full_day,302->487,3222,20,bezier_pgd,0.0076006560120731,mse,0.0037417074299705,False
full_day,302->487,3222,20,bezier_ipopt,,mse,,True
full_day,302->487,3222,20,bezier_nm,54.40752401098143,mse,0.2249155376190357,False
full_day,302->507,3222,20,bezier_pgd,0.0056185339926742,mse,0.0032396486612669,False
full_day,302->507,3222,20,bezier_ipopt,22.84226638398832,mse,0.0001225525045241,False
full_day,302->507,3222,20,bezier_nm,55.21847875200911,mse,0.1966264287841961,False
full_day,303->499,3222,20,bezier_pgd,0.0074733539950102,mse,0.0126296759939233,False
full_day,303->499,3222,20,bezier_ipopt,233.0696262959973,mse,0.0002084712714765,False
full_day,303->499,3222,20,bezier_nm,48.96001553203678,mse,0.2783403906781264,False
full_day,303->514,3222,20,bezier_pgd,0.0061305399867706,mse,0.0078331596042167,False
full_day,303->514,3222,20,bezier_ipopt,36.632587370986585,mse,0.0001696060913837,False
full_day,303->514,3222,20,bezier_nm,47.94003296399024,mse,0.2657354309364602,False
full_day,304->500,3222,20,bezier_pgd,0.006967719993554,mse,0.0150061066081591,False
full_day,304->500,3222,20,bezier_ipopt,,mse,,True
full_day,304->500,3222,20,bezier_nm,51.62844377197325,mse,0.297532316484254,False
full_day,304->506,3222,20,bezier_pgd,0.0046389030176214,mse,0.0038489512959047,False
full_day,304->506,3222,20,bezier_ipopt,,mse,,True
full_day,304->506,3222,20,bezier_nm,52.90089849603828,mse,0.206381577316306,False
full_day,305->329,3222,20,bezier_pgd,0.0046712569892406,mse,0.0061175448334469,False
full_day,305->329,3222,20,bezier_ipopt,19.604643182014115,mse,0.0001590079592689,False
full_day,305->329,3222,20,bezier_nm,48.55900463700527,mse,0.2429062403091648,False
full_day,305->517,3222,20,bezier_pgd,0.0031368299969471,mse,0.0002104102458132,False
full_day,305->517,3222,20,bezier_ipopt,25.278224721027076,mse,0.0001690152165536,False
full_day,305->517,3222,20,bezier_nm,78.5732960519963,mse,0.0024080140879408,False
full_day,306->307,3222,20,bezier_pgd,0.0052192069706507,mse,0.0005878870352988,False
full_day,306->307,3222,20,bezier_ipopt,29.07980455399957,mse,0.0001633788084676,False
full_day,306->307,3222,20,bezier_nm,51.57090883899946,mse,0.1966809293118652,False
full_day,306->460,3222,20,bezier_pgd,0.0074381680460646,mse,0.0004970548964752,False
full_day,306->460,3222,20,bezier_ipopt,29.72766386001604,mse,0.0001133285080466,False
full_day,306->460,3222,20,bezier_nm,50.38490078703035,mse,0.1900263759590394,False
full_day,307->166,3222,20,bezier_pgd,0.0079019530094228,mse,0.0053391765545598,False
full_day,307->166,3222,20,bezier_ipopt,43.58915850700578,mse,0.0001201474511251,False
full_day,307->166,3222,20,bezier_nm,48.38689747703029,mse,0.2554933868645006,False
full_day,307->306,3222,20,bezier_pgd,0.0048140130238607,mse,0.0007400832288459,False
full_day,307->306,3222,20,bezier_ipopt,,mse,,True
full_day,307->306,3222,20,bezier_nm,52.18018299998948,mse,0.1881933856649517,False
full_day,308->243,3222,20,bezier_pgd,0.0045745089882984,mse,0.0009794499802666,False
full_day,308->243,3222,20,bezier_ipopt,19.01150557701476,mse,0.0001691404397198,False
full_day,308->243,3222,20,bezier_nm,51.420498359017074,mse,0.0629824491164939,False
full_day,308->314,3222,20,bezier_pgd,0.0049193000304512,mse,0.0013831660530423,False
full_day,308->314,3222,20,bezier_ipopt,,mse,,True
full_day,308->314,3222,20,bezier_nm,52.7651840900071,mse,0.1258343853568444,False
full_day,309->463,3222,20,bezier_pgd,0.0054608130012638,mse,0.0117473144592736,False
full_day,309->463,3222,20,bezier_ipopt,,mse,,True
full_day,309->463,3222,20,bezier_nm,49.98630414996296,mse,0.2883162833940034,False
full_day,309->500,3222,20,bezier_pgd,0.0050787310465238,mse,0.0080082149571208,False
full_day,309->500,3222,20,bezier_ipopt,21.855581523966976,mse,0.0001260878056684,False
full_day,309->500,3222,20,bezier_nm,50.81292592198588,mse,0.2708201219968291,False
full_day,31->1,3222,20,bezier_pgd,0.0029996670200489,mse,1.1745686343704176e-05,False
full_day,31->1,3222,20,bezier_ipopt,11.811340265034232,mse,3.686738965503331e-06,False
full_day,31->1,3222,20,bezier_nm,74.61296824703459,mse,0.0003645159257479,False
full_day,31->32,3222,20,bezier_pgd,0.002847182971891,mse,8.093980588925487e-06,False
full_day,31->32,3222,20,bezier_ipopt,13.790914895012977,mse,3.0465850267353604e-06,False
full_day,31->32,3222,20,bezier_nm,75.6414160450222,mse,0.0003402540528796,False
full_day,310->462,3222,20,bezier_pgd,0.0052582439966499,mse,0.0068814885385539,False
full_day,310->462,3222,20,bezier_ipopt,,mse,,True
full_day,310->462,3222,20,bezier_nm,52.78741720499238,mse,0.2766976175898775,False
full_day,310->476,3222,20,bezier_pgd,0.0067196100135333,mse,0.0236217839649645,False
full_day,310->476,3222,20,bezier_ipopt,28.89077054098016,mse,0.000163942180025,False
full_day,310->476,3222,20,bezier_nm,49.31492024095496,mse,0.3089184560332779,False
full_day,311->119,3222,20,bezier_pgd,0.0073491319781169,mse,0.0029789166782469,False
full_day,311->119,3222,20,bezier_ipopt,25.624255284958053,mse,0.0001499983369122,False
full_day,311->119,3222,20,bezier_nm,51.03665782499593,mse,0.235516776423047,False
full_day,311->489,3222,20,bezier_pgd,0.0046121510094963,mse,0.0005553202264572,False
full_day,311->489,3222,20,bezier_ipopt,26.73748897796031,mse,0.0001822768362064,False
full_day,311->489,3222,20,bezier_nm,51.249835670983884,mse,0.126251190330899,False
full_day,312->275,3222,20,bezier_pgd,0.0040393900126218,mse,0.0256367838556921,False
full_day,312->275,3222,20,bezier_ipopt,,mse,,True
full_day,312->275,3222,20,bezier_nm,52.5534394980059,mse,0.4517375348955491,False
full_day,312->313,3222,20,bezier_pgd,0.0040287830051966,mse,0.3064355173931754,False
full_day,312->313,3222,20,bezier_ipopt,17.03782767697703,mse,9.581822245162035e-06,False
full_day,312->313,3222,20,bezier_nm,49.60118641500594,mse,0.6629783095049568,False
full_day,313->312,3222,20,bezier_pgd,0.0034638509969227,mse,0.1080430200073902,False
full_day,313->312,3222,20,bezier_ipopt,17.863883327983785,mse,9.361184275218622e-06,False
full_day,313->312,3222,20,bezier_nm,52.23693891096627,mse,0.5291511534843436,False
full_day,313->409,3222,20,bezier_pgd,0.0051485809963196,mse,0.1167211755171211,False
full_day,313->409,3222,20,bezier_ipopt,,mse,,True
full_day,313->409,3222,20,bezier_nm,51.807979787001386,mse,0.5466500674690469,False
full_day,314->308,3222,20,bezier_pgd,0.0066735139698721,mse,0.0072765783643598,False
full_day,314->308,3222,20,bezier_ipopt,24.118026404001284,mse,0.00012344872402,False
full_day,314->308,3222,20,bezier_nm,50.89389939903049,mse,0.2731492191499226,False
full_day,314->458,3222,20,bezier_pgd,0.005281031015329,mse,0.001483434372439,False
full_day,314->458,3222,20,bezier_ipopt,27.05771853000624,mse,0.0001239063674069,False
full_day,314->458,3222,20,bezier_nm,50.37071999604814,mse,0.2073102365942398,False
full_day,315->203,3222,20,bezier_pgd,0.0048188410000875,mse,0.0168682221244371,False
full_day,315->203,3222,20,bezier_ipopt,23.90346438199049,mse,0.0002217677695003,False
full_day,315->203,3222,20,bezier_nm,53.90254824096337,mse,0.2681827846912531,False
full_day,315->509,3222,20,bezier_pgd,0.0074819640140049,mse,0.008830995852861,False
full_day,315->509,3222,20,bezier_ipopt,30.85604509903351,mse,0.0001528689225098,False
full_day,315->509,3222,20,bezier_nm,50.19891822600039,mse,0.2665846597552324,False
full_day,316->411,3222,20,bezier_pgd,0.0063049540040083,mse,0.0004576028559249,False
full_day,316->411,3222,20,bezier_ipopt,31.14177133498015,mse,0.0001605002073142,False
full_day,316->411,3222,20,bezier_nm,53.556208794994745,mse,0.1590322568030567,False
full_day,316->478,3222,20,bezier_pgd,0.0042659809696488,mse,0.0151557774191168,False
full_day,316->478,3222,20,bezier_ipopt,24.920234909979627,mse,0.0002747784159512,False
full_day,316->478,3222,20,bezier_nm,49.128086193988565,mse,0.267353876724156,False
full_day,317->318,3222,20,bezier_pgd,0.004736408998724,mse,0.0061741160213929,False
full_day,317->318,3222,20,bezier_ipopt,,mse,,True
full_day,317->318,3222,20,bezier_nm,48.50865152198821,mse,0.2851462278111007,False
full_day,317->487,3222,20,bezier_pgd,0.0047667910112068,mse,0.0003877061621067,False
full_day,317->487,3222,20,bezier_ipopt,19.92245281196665,mse,0.0001621251211234,False
full_day,317->487,3222,20,bezier_nm,49.94698045699624,mse,0.1808396477080012,False
full_day,318->317,3222,20,bezier_pgd,0.0048578340210951,mse,0.0015701129963141,False
full_day,318->317,3222,20,bezier_ipopt,19.62149515800411,mse,0.000142274331284,False
full_day,318->317,3222,20,bezier_nm,53.16278828197392,mse,0.1957484789005883,False
full_day,318->336,3222,20,bezier_pgd,0.005717315012589,mse,0.0098463899339572,False
full_day,318->336,3222,20,bezier_ipopt,19.70408347499324,mse,0.0001263671439309,False
full_day,318->336,3222,20,bezier_nm,49.90066118404502,mse,0.2741878262527462,False
full_day,319->299,3222,20,bezier_pgd,0.0072801189962774,mse,0.0003235061149869,False
full_day,319->299,3222,20,bezier_ipopt,,mse,,True
full_day,319->299,3222,20,bezier_nm,53.87679585604928,mse,0.1388884388221646,False
full_day,319->355,3222,20,bezier_pgd,0.0040534590370953,mse,0.0003211469108926,False
full_day,319->355,3222,20,bezier_ipopt,,mse,,True
full_day,319->355,3222,20,bezier_nm,52.56062744400697,mse,0.1270616280105847,False
full_day,32->31,3222,20,bezier_pgd,0.0028256060322746,mse,1.0063058702867173e-05,False
full_day,32->31,3222,20,bezier_ipopt,13.645186917041428,mse,3.565267501155854e-06,False
full_day,32->31,3222,20,bezier_nm,71.57708459004061,mse,0.0002872451989087,False
full_day,32->33,3222,20,bezier_pgd,0.0027564240153878,mse,8.663562940962349e-06,False
full_day,32->33,3222,20,bezier_ipopt,13.62370988697512,mse,4.02165306575986e-06,False
full_day,32->33,3222,20,bezier_nm,73.29296160500962,mse,0.0003013273265996,False
full_day,320->134,3222,20,bezier_pgd,0.0055253070313483,mse,0.0029894078333159,False
full_day,320->134,3222,20,bezier_ipopt,,mse,,True
full_day,320->134,3222,20,bezier_nm,48.22010176500771,mse,0.2166102863175697,False
full_day,320->289,3222,20,bezier_pgd,0.0044234929955564,mse,0.0206434273157033,False
full_day,320->289,3222,20,bezier_ipopt,,mse,,True
full_day,320->289,3222,20,bezier_nm,49.2744295639568,mse,0.2956521549696731,False
full_day,321->269,3222,20,bezier_pgd,0.0044773830450139,mse,0.0004073715194906,False
full_day,321->269,3222,20,bezier_ipopt,24.60926460899645,mse,0.0001651173446188,False
full_day,321->269,3222,20,bezier_nm,50.68706668796949,mse,0.179895991072827,False
full_day,321->322,3222,20,bezier_pgd,0.0052671690355055,mse,0.0109883477495514,False
full_day,321->322,3222,20,bezier_ipopt,27.06946201302344,mse,0.0001024986618162,False
full_day,321->322,3222,20,bezier_nm,50.38061387895141,mse,0.2813904376514178,False
full_day,322->293,3222,20,bezier_pgd,0.0046313810162246,mse,0.0102126231085808,False
full_day,322->293,3222,20,bezier_ipopt,,mse,,True
full_day,322->293,3222,20,bezier_nm,53.291367766971234,mse,0.2291525536896382,False
full_day,322->321,3222,20,bezier_pgd,0.0044231170322746,mse,0.0003270590567459,False
full_day,322->321,3222,20,bezier_ipopt,21.170770002994686,mse,0.0001262130128573,False
full_day,322->321,3222,20,bezier_nm,52.6825510209892,mse,0.094863273685097,False
full_day,323->278,3222,20,bezier_pgd,0.0044288230128586,mse,0.0082948595506993,False
full_day,323->278,3222,20,bezier_ipopt,26.636558451980815,mse,0.0002592099691693,False
full_day,323->278,3222,20,bezier_nm,49.91116991400486,mse,0.2541542727238712,False
full_day,323->324,3222,20,bezier_pgd,0.0050150169990956,mse,0.0032565877576784,False
full_day,323->324,3222,20,bezier_ipopt,,mse,,True
full_day,323->324,3222,20,bezier_nm,54.60656778403791,mse,0.2206282362934825,False
full_day,324->323,3222,20,bezier_pgd,0.0046827070182189,mse,0.0188894368754469,False
full_day,324->323,3222,20,bezier_ipopt,21.82371800200781,mse,0.0002661774460371,False
full_day,324->323,3222,20,bezier_nm,47.43229200900532,mse,0.275633676941048,False
full_day,324->455,3222,20,bezier_pgd,0.0046997320023365,mse,0.009738901639329,False
full_day,324->455,3222,20,bezier_ipopt,21.531512750021648,mse,0.0002272541084472,False
full_day,324->455,3222,20,bezier_nm,49.638209271011874,mse,0.2651039977382387,False
full_day,325->377,3222,20,bezier_pgd,0.0056941020302474,mse,0.0092393845131592,False
full_day,325->377,3222,20,bezier_ipopt,18.97895553498529,mse,0.0002311276601191,False
full_day,325->377,3222,20,bezier_nm,50.07172483601608,mse,0.2557958071962297,False
full_day,325->385,3222,20,bezier_pgd,0.0042461499688215,mse,0.0015538985449477,False
full_day,325->385,3222,20,bezier_ipopt,20.334345912968278,mse,0.0001402569663946,False
full_day,325->385,3222,20,bezier_nm,56.21325282700127,mse,0.1335379043763026,False
full_day,326->18,3222,20,bezier_pgd,0.0038441569777205,mse,0.062986571818694,False
full_day,326->18,3222,20,bezier_ipopt,,mse,,True
full_day,326->18,3222,20,bezier_nm,49.5425279000192,mse,0.4041161542713143,False
full_day,326->245,3222,20,bezier_pgd,0.0068705219891853,mse,0.0141380399501495,False
full_day,326->245,3222,20,bezier_ipopt,14.042956389021128,mse,4.530900513394961e-07,False
full_day,326->245,3222,20,bezier_nm,56.202799591002986,mse,0.4966012451661368,False
full_day,327->328,3222,20,bezier_pgd,0.0045292309951037,mse,0.0004838747162144,False
full_day,327->328,3222,20,bezier_ipopt,28.412292136985343,mse,8.946783773030128e-05,False
full_day,327->328,3222,20,bezier_nm,49.34586402698187,mse,0.1817774824798137,False
full_day,327->447,3222,20,bezier_pgd,0.0046807620092295,mse,0.0004590418905595,False
full_day,327->447,3222,20,bezier_ipopt,62.703428696026094,mse,0.000131159759182,False
full_day,327->447,3222,20,bezier_nm,51.506357992999256,mse,0.1309882389355894,False
full_day,328->196,3222,20,bezier_pgd,0.0049712309846654,mse,0.0031163740227345,False
full_day,328->196,3222,20,bezier_ipopt,20.62199708801927,mse,0.0001352525368611,False
full_day,328->196,3222,20,bezier_nm,50.56171122100204,mse,0.2418695080470423,False
full_day,328->327,3222,20,bezier_pgd,0.004472519038245,mse,0.0031621026917045,False
full_day,328->327,3222,20,bezier_ipopt,21.03760985401459,mse,0.0001024183374469,False
full_day,328->327,3222,20,bezier_nm,50.75183035602095,mse,0.2183620742115211,False
full_day,329->223,3222,20,bezier_pgd,0.0042606610222719,mse,0.0066069191190336,False
full_day,329->223,3222,20,bezier_ipopt,30.40515503298957,mse,0.0002173087647793,False
full_day,329->223,3222,20,bezier_nm,52.2644469870138,mse,0.2383098141476332,False
full_day,329->305,3222,20,bezier_pgd,0.0051890420145355,mse,0.0134834108141023,False
full_day,329->305,3222,20,bezier_ipopt,23.77534464502241,mse,0.0003043997964143,False
full_day,329->305,3222,20,bezier_nm,51.60555312503129,mse,0.2648475966671306,False
full_day,33->32,3222,20,bezier_pgd,0.0026626070030033,mse,8.52716666493763e-06,False
full_day,33->32,3222,20,bezier_ipopt,13.343778549984563,mse,3.6369272585765553e-06,False
full_day,33->32,3222,20,bezier_nm,68.54015613399679,mse,0.0002773338121281,False
full_day,33->34,3222,20,bezier_pgd,0.0030498550040647,mse,1.0184023647202307e-05,False
full_day,33->34,3222,20,bezier_ipopt,15.38112735300092,mse,2.507330718738709e-06,False
full_day,33->34,3222,20,bezier_nm,77.74654003203614,mse,0.0003227417314554,False
full_day,330->358,3222,20,bezier_pgd,0.0048170199734158,mse,0.0014219225240327,False
full_day,330->358,3222,20,bezier_ipopt,,mse,,True
full_day,330->358,3222,20,bezier_nm,53.262796683993656,mse,0.1546938049977145,False
full_day,330->423,3222,20,bezier_pgd,0.0047855619923211,mse,0.0055457609718137,False
full_day,330->423,3222,20,bezier_ipopt,,mse,,True
full_day,330->423,3222,20,bezier_nm,53.75441211101133,mse,0.0894260611905929,False
full_day,331->425,3222,20,bezier_pgd,0.0050622079870663,mse,0.0140197812968856,False
full_day,331->425,3222,20,bezier_ipopt,,mse,,True
full_day,331->425,3222,20,bezier_nm,53.536748440004885,mse,0.2943062132245694,False
full_day,331->466,3222,20,bezier_pgd,0.0050620429683476,mse,0.0030537523564445,False
full_day,331->466,3222,20,bezier_ipopt,21.89460638799937,mse,0.0001980628928755,False
full_day,331->466,3222,20,bezier_nm,53.85343337000813,mse,0.2150884653221691,False
full_day,332->234,3222,20,bezier_pgd,0.0040973880095407,mse,0.0658707023338752,False
full_day,332->234,3222,20,bezier_ipopt,,mse,,True
full_day,332->234,3222,20,bezier_nm,48.55321595299756,mse,0.3720080396402592,False
full_day,332->441,3222,20,bezier_pgd,0.0047797650331631,mse,0.2427993998433308,False
full_day,332->441,3222,20,bezier_ipopt,,mse,,True
full_day,332->441,3222,20,bezier_nm,48.37937046197476,mse,0.4921885485898177,False
full_day,333->176,3222,20,bezier_pgd,0.0063506499864161,mse,0.0012051521079107,False
full_day,333->176,3222,20,bezier_ipopt,20.636977204994764,mse,0.0002280144844569,False
full_day,333->176,3222,20,bezier_nm,51.11952087201644,mse,0.1699037711021563,False
full_day,333->367,3222,20,bezier_pgd,0.0046515570138581,mse,0.0093880512012007,False
full_day,333->367,3222,20,bezier_ipopt,20.460054654977284,mse,0.0001975615174881,False
full_day,333->367,3222,20,bezier_nm,50.12008595402585,mse,0.2633048717825219,False
full_day,334->385,3222,20,bezier_pgd,0.0053723099990747,mse,0.0101090529308591,False
full_day,334->385,3222,20,bezier_ipopt,29.69822245498653,mse,0.0001628834529329,False
full_day,334->385,3222,20,bezier_nm,50.60705966397654,mse,0.2754157901834933,False
full_day,334->421,3222,20,bezier_pgd,0.0057722480269148,mse,0.0122646300950709,False
full_day,334->421,3222,20,bezier_ipopt,27.731805382005405,mse,0.0002030011223701,False
full_day,334->421,3222,20,bezier_nm,49.359311315987725,mse,0.2815581620533826,False
full_day,335->284,3222,20,bezier_pgd,0.0035514080082066,mse,0.0004482366498947,False
full_day,335->284,3222,20,bezier_ipopt,24.15270962897921,mse,0.0002115284593191,False
full_day,335->284,3222,20,bezier_nm,52.35512502799975,mse,0.09608305971442,False
full_day,335->386,3222,20,bezier_pgd,0.0087599789840169,mse,0.0039256011928384,False
full_day,335->386,3222,20,bezier_ipopt,20.735964605002664,mse,0.0001396205393579,False
full_day,335->386,3222,20,bezier_nm,49.62801377300639,mse,0.2523486895197104,False
full_day,336->318,3222,20,bezier_pgd,0.0039657760062254,mse,0.000444634686357,False
full_day,336->318,3222,20,bezier_ipopt,25.78705414698925,mse,0.0001495324482652,False
full_day,336->318,3222,20,bezier_nm,53.57911915902514,mse,0.1336834944833091,False
full_day,336->466,3222,20,bezier_pgd,0.0045450939796864,mse,0.0068733683534317,False
full_day,336->466,3222,20,bezier_ipopt,,mse,,True
full_day,336->466,3222,20,bezier_nm,50.98717137996573,mse,0.2473350479642211,False
full_day,337->448,3222,20,bezier_pgd,0.0046449420042335,mse,0.0082331476892198,False
full_day,337->448,3222,20,bezier_ipopt,25.46434900496388,mse,8.398360145860971e-05,False
full_day,337->448,3222,20,bezier_nm,50.43249357497552,mse,0.2775287554998411,False
full_day,337->467,3222,20,bezier_pgd,0.0052138699684292,mse,0.0038877998705834,False
full_day,337->467,3222,20,bezier_ipopt,27.613122360024136,mse,0.0001614442102057,False
full_day,337->467,3222,20,bezier_nm,46.71729412599234,mse,0.270398805580672,False
full_day,338->288,3222,20,bezier_pgd,0.0054251349647529,mse,0.0043449302876471,False
full_day,338->288,3222,20,bezier_ipopt,,mse,,True
full_day,338->288,3222,20,bezier_nm,51.90000687702559,mse,0.2548196014011906,False
full_day,338->489,3222,20,bezier_pgd,0.005641134979669,mse,0.0143013565094175,False
full_day,338->489,3222,20,bezier_ipopt,21.03730381600326,mse,0.000174490295602,False
full_day,338->489,3222,20,bezier_nm,49.2990226559923,mse,0.2902827008875149,False
full_day,339->466,3222,20,bezier_pgd,0.0053705750033259,mse,0.0133327162165001,False
full_day,339->466,3222,20,bezier_ipopt,25.496769728022628,mse,0.0001861287427222,False
full_day,339->466,3222,20,bezier_nm,50.78214069496608,mse,0.2684657973945748,False
full_day,339->467,3222,20,bezier_pgd,0.0050843860371969,mse,0.0101670082500942,False
full_day,339->467,3222,20,bezier_ipopt,,mse,,True
full_day,339->467,3222,20,bezier_nm,52.87013105896767,mse,0.270619422870585,False
full_day,34->33,3222,20,bezier_pgd,0.0028069050167687,mse,8.557487301046321e-06,False
full_day,34->33,3222,20,bezier_ipopt,15.146569498989264,mse,2.9871416504629245e-06,False
full_day,34->33,3222,20,bezier_nm,76.93840342503972,mse,0.000275286009001,False
full_day,34->35,3222,20,bezier_pgd,0.002770603983663,mse,7.926243314569644e-06,False
full_day,34->35,3222,20,bezier_ipopt,17.947025430970825,mse,3.3226753573859254e-06,False
full_day,34->35,3222,20,bezier_nm,72.60457632498583,mse,0.0003049322029235,False
full_day,340->197,3222,20,bezier_pgd,0.0050250880303792,mse,0.0120135974326881,False
full_day,340->197,3222,20,bezier_ipopt,25.71578430000227,mse,0.000252428050879,False
full_day,340->197,3222,20,bezier_nm,49.48218986298889,mse,0.2762790235339949,False
full_day,340->232,3222,20,bezier_pgd,0.0041919000213965,mse,0.003965617198669,False
full_day,340->232,3222,20,bezier_ipopt,19.72010400495492,mse,0.0003008690495791,False
full_day,340->232,3222,20,bezier_nm,51.53678274003323,mse,0.2011638373636194,False
full_day,341->109,3222,20,bezier_pgd,0.0050917610060423,mse,0.0002697002807136,False
full_day,341->109,3222,20,bezier_ipopt,65.05944694002392,mse,0.0002214779777667,False
full_day,341->109,3222,20,bezier_nm,81.98740847100271,mse,0.0029860101992502,False
full_day,341->280,3222,20,bezier_pgd,0.0056012790300883,mse,0.0086510514070318,False
full_day,341->280,3222,20,bezier_ipopt,,mse,,True
full_day,341->280,3222,20,bezier_nm,48.94779824902071,mse,0.283663805688697,False
full_day,342->464,3222,20,bezier_pgd,0.0084909819997847,mse,0.0146121802462434,False
full_day,342->464,3222,20,bezier_ipopt,19.952968113997485,mse,0.0002192541228992,False
full_day,342->464,3222,20,bezier_nm,50.46087852801429,mse,0.2719790283929278,False
full_day,342->514,3222,20,bezier_pgd,0.0068697800161316,mse,0.0012390411133805,False
full_day,342->514,3222,20,bezier_ipopt,20.31646515696775,mse,0.000199339765899,False
full_day,342->514,3222,20,bezier_nm,51.35766332200728,mse,0.1802314900567994,False
full_day,343->126,3222,20,bezier_pgd,0.0042101110448129,mse,0.0049648139111147,False
full_day,343->126,3222,20,bezier_ipopt,25.860973237024155,mse,0.0001264196457963,False
full_day,343->126,3222,20,bezier_nm,47.91462027298985,mse,0.2548126492320134,False
full_day,343->504,3222,20,bezier_pgd,0.0039911030326038,mse,0.0038697389644563,False
full_day,343->504,3222,20,bezier_ipopt,24.065709471004084,mse,0.0001236772932586,False
full_day,343->504,3222,20,bezier_nm,51.7434033130412,mse,0.1747848462348264,False
full_day,344->222,3222,20,bezier_pgd,0.0060219750157557,mse,0.0123873457654128,False
full_day,344->222,3222,20,bezier_ipopt,,mse,,True
full_day,344->222,3222,20,bezier_nm,49.59122434601886,mse,0.2756742886819811,False
full_day,344->522,3222,20,bezier_pgd,0.0044116969802416,mse,0.0144562334140067,False
full_day,344->522,3222,20,bezier_ipopt,,mse,,True
full_day,344->522,3222,20,bezier_nm,50.94859592500143,mse,0.2930117890419004,False
full_day,345->110,3222,20,bezier_pgd,0.0029801409691572,mse,1.4992852845315394e-05,False
full_day,345->110,3222,20,bezier_ipopt,14.39087829197524,mse,4.2976367798648815e-06,False
full_day,345->110,3222,20,bezier_nm,77.10719312197762,mse,0.0003804654007749,False
full_day,345->242,3222,20,bezier_pgd,0.010232709988486,mse,0.0047350917881845,False
full_day,345->242,3222,20,bezier_ipopt,18.97012618102599,mse,7.865960462880496e-05,False
full_day,345->242,3222,20,bezier_nm,49.61981635395205,mse,0.2652871124088301,False
full_day,346->433,3222,20,bezier_pgd,0.004715351969935,mse,0.0046911100094833,False
full_day,346->433,3222,20,bezier_ipopt,,mse,,True
full_day,346->433,3222,20,bezier_nm,50.61179195402656,mse,0.2872480375926089,False
full_day,346->468,3222,20,bezier_pgd,0.0048108790069818,mse,0.015966618741276,False
full_day,346->468,3222,20,bezier_ipopt,22.73998149303952,mse,0.0002088256133493,False
full_day,346->468,3222,20,bezier_nm,51.06630306999432,mse,0.3011847078520165,False
full_day,347->250,3222,20,bezier_pgd,0.0035597440437413,mse,0.0302009186186636,False
full_day,347->250,3222,20,bezier_ipopt,,mse,,True
full_day,347->250,3222,20,bezier_nm,51.66610905498965,mse,0.4076873434145665,False
full_day,347->456,3222,20,bezier_pgd,0.005161578010302,mse,0.000456281806702,False
full_day,347->456,3222,20,bezier_ipopt,24.32941863097949,mse,7.863583130013991e-05,False
full_day,347->456,3222,20,bezier_nm,51.17120255099144,mse,0.2125652031763757,False
full_day,348->122,3222,20,bezier_pgd,0.0047114280168898,mse,0.0128672478654477,False
full_day,348->122,3222,20,bezier_ipopt,,mse,,True
full_day,348->122,3222,20,bezier_nm,50.26889186003245,mse,0.2932716342101119,False
full_day,348->170,3222,20,bezier_pgd,0.0041340930038131,mse,0.0003899610420506,False
full_day,348->170,3222,20,bezier_ipopt,,mse,,True
full_day,348->170,3222,20,bezier_nm,52.5983293010504,mse,0.1374823125607571,False
full_day,349->231,3222,20,bezier_pgd,0.0045831219758838,mse,0.0394635284129531,False
full_day,349->231,3222,20,bezier_ipopt,,mse,,True
full_day,349->231,3222,20,bezier_nm,47.5739455469884,mse,0.3080461100401679,False
full_day,349->467,3222,20,bezier_pgd,0.0053897380130365,mse,0.0036523230069732,False
full_day,349->467,3222,20,bezier_ipopt,,mse,,True
full_day,349->467,3222,20,bezier_nm,47.50932066695532,mse,0.2690766168369343,False
full_day,35->34,3222,20,bezier_pgd,0.0027724470128305,mse,7.403611696532025e-06,False
full_day,35->34,3222,20,bezier_ipopt,11.97513501503272,mse,3.313184974650077e-06,False
full_day,35->34,3222,20,bezier_nm,72.96155924798222,mse,0.0003028311514605,False
full_day,35->397,3222,20,bezier_pgd,0.0029574350337497,mse,6.781913470237324e-06,False
full_day,35->397,3222,20,bezier_ipopt,12.005639148992486,mse,4.230609257192102e-06,False
full_day,35->397,3222,20,bezier_nm,77.51960306300316,mse,0.0001719143351266,False
full_day,350->481,3222,20,bezier_pgd,0.0048451430047862,mse,0.001620826727341,False
full_day,350->481,3222,20,bezier_ipopt,21.18840447399998,mse,0.0002027656032227,False
full_day,350->481,3222,20,bezier_nm,49.38921028998448,mse,0.198133019873928,False
full_day,350->517,3222,20,bezier_pgd,0.0034151390427723,mse,0.0002126310203319,False
full_day,350->517,3222,20,bezier_ipopt,27.647604050987866,mse,0.0001734061292218,False
full_day,350->517,3222,20,bezier_nm,80.53802249103319,mse,0.0020949554103006,False
full_day,351->273,3222,20,bezier_pgd,0.0056613289634697,mse,0.0094212670111669,False
full_day,351->273,3222,20,bezier_ipopt,,mse,,True
full_day,351->273,3222,20,bezier_nm,53.54083623498445,mse,0.2688896235217792,False
full_day,351->377,3222,20,bezier_pgd,0.0040243730181828,mse,0.0002920653546391,False
full_day,351->377,3222,20,bezier_ipopt,19.54185951303225,mse,0.0001110475721843,False
full_day,351->377,3222,20,bezier_nm,52.05421474395553,mse,0.1075170222923159,False
full_day,352->255,3222,20,bezier_pgd,0.0043296599760651,mse,0.001844992587552,False
full_day,352->255,3222,20,bezier_ipopt,22.00300253002206,mse,0.0001283093270705,False
full_day,352->255,3222,20,bezier_nm,51.53134531097021,mse,0.1918818147085876,False
full_day,352->444,3222,20,bezier_pgd,0.0045686150551773,mse,0.0066967857933371,False
full_day,352->444,3222,20,bezier_ipopt,23.71754266502103,mse,0.0001252042041464,False
full_day,352->444,3222,20,bezier_nm,49.59026359801646,mse,0.2557803670381624,False
full_day,353->115,3222,20,bezier_pgd,0.0070730079896748,mse,0.0006399690323549,False
full_day,353->115,3222,20,bezier_ipopt,26.51403792802012,mse,0.000187455697291,False
full_day,353->115,3222,20,bezier_nm,51.19394565199036,mse,0.1584021454618554,False
full_day,353->369,3222,20,bezier_pgd,0.0077698230161331,mse,0.0005914374534682,False
full_day,353->369,3222,20,bezier_ipopt,27.34463058697293,mse,0.0002038765021307,False
full_day,353->369,3222,20,bezier_nm,50.972514758002944,mse,0.1778579418769525,False
full_day,354->410,3222,20,bezier_pgd,0.0054814660106785,mse,0.0053828274632088,False
full_day,354->410,3222,20,bezier_ipopt,,mse,,True
full_day,354->410,3222,20,bezier_nm,50.59166716202162,mse,0.2516983103394188,False
full_day,354->522,3222,20,bezier_pgd,0.0048952459474094,mse,0.0013590881153118,False
full_day,354->522,3222,20,bezier_ipopt,20.70372353598941,mse,0.0001394955076344,False
full_day,354->522,3222,20,bezier_nm,51.8310471100267,mse,0.2359170212140346,False
full_day,355->319,3222,20,bezier_pgd,0.0046265369746834,mse,0.0002935237479027,False
full_day,355->319,3222,20,bezier_ipopt,18.8725830729818,mse,0.0001339138014794,False
full_day,355->319,3222,20,bezier_nm,51.39735422900412,mse,0.1666338126670254,False
full_day,355->396,3222,20,bezier_pgd,0.005803879990708,mse,0.0156663340767696,False
full_day,355->396,3222,20,bezier_ipopt,19.47630602499703,mse,0.0001611078572837,False
full_day,355->396,3222,20,bezier_nm,45.92176198895322,mse,0.278109165868092,False
full_day,356->287,3222,20,bezier_pgd,0.0042996719712391,mse,0.0159208619484449,False
full_day,356->287,3222,20,bezier_ipopt,19.161188122991007,mse,0.000402886046119,False
full_day,356->287,3222,20,bezier_nm,42.09492870402755,mse,0.2743937728196596,False
full_day,356->373,3222,20,bezier_pgd,0.0042370799928903,mse,0.0046076163749711,False
full_day,356->373,3222,20,bezier_ipopt,20.980410836986263,mse,0.0002159603527111,False
full_day,356->373,3222,20,bezier_nm,42.61567592801293,mse,0.2208111996118198,False
full_day,357->128,3222,20,bezier_pgd,0.0037055250140838,mse,0.0463838429831554,False
full_day,357->128,3222,20,bezier_ipopt,,mse,,True
full_day,357->128,3222,20,bezier_nm,41.88116224796977,mse,0.3669166392894265,False
full_day,357->454,3222,20,bezier_pgd,0.0050428149988874,mse,0.0114365087733785,False
full_day,357->454,3222,20,bezier_ipopt,16.73175010603154,mse,0.0001120267244826,False
full_day,357->454,3222,20,bezier_nm,42.20486153103411,mse,0.2763378532001118,False
full_day,358->208,3222,20,bezier_pgd,0.0039284199592657,mse,0.0012124386700604,False
full_day,358->208,3222,20,bezier_ipopt,30.41768288402818,mse,0.0004463713789486,False
full_day,358->208,3222,20,bezier_nm,44.10775830497733,mse,0.1266002902338213,False
full_day,358->330,3222,20,bezier_pgd,0.0033231469569727,mse,0.0330012124037411,False
full_day,358->330,3222,20,bezier_ipopt,,mse,,True
full_day,358->330,3222,20,bezier_nm,49.236717140011024,mse,0.1418119489688732,False
full_day,359->463,3222,20,bezier_pgd,0.0047326540225185,mse,0.0078669785374479,False
full_day,359->463,3222,20,bezier_ipopt,21.599268433987163,mse,0.0001164818628814,False
full_day,359->463,3222,20,bezier_nm,41.2923107239767,mse,0.2588250523097904,False
full_day,359->480,3222,20,bezier_pgd,0.0048683639615774,mse,0.0086522206309189,False
full_day,359->480,3222,20,bezier_ipopt,,mse,,True
full_day,359->480,3222,20,bezier_nm,43.353426182002295,mse,0.2725030016058548,False
full_day,36->37,3222,20,bezier_pgd,0.0026270420057699,mse,5.52616077689171e-06,False
full_day,36->37,3222,20,bezier_ipopt,11.054223649960475,mse,3.5242537876385197e-06,False
full_day,36->37,3222,20,bezier_nm,62.21450694801752,mse,0.0001976404758472,False
full_day,36->408,3222,20,bezier_pgd,0.0029626630130223,mse,1.4851379467826394e-05,False
full_day,36->408,3222,20,bezier_ipopt,10.640941268997269,mse,5.3902855761606085e-06,False
full_day,36->408,3222,20,bezier_nm,74.38719915796537,mse,0.0003960169769103,False
full_day,360->405,3222,20,bezier_pgd,0.0054652229882776,mse,0.0056238439504661,False
full_day,360->405,3222,20,bezier_ipopt,22.331055844959337,mse,0.0001149835597129,False
full_day,360->405,3222,20,bezier_nm,42.98879157501506,mse,0.2749470297385364,False
full_day,360->499,3222,20,bezier_pgd,0.004914792953059,mse,0.0014867788628031,False
full_day,360->499,3222,20,bezier_ipopt,18.899176883976907,mse,8.63687173121205e-05,False
full_day,360->499,3222,20,bezier_nm,43.65754738403484,mse,0.2124708003306409,False
full_day,361->389,3222,20,bezier_pgd,0.0047703910386189,mse,0.000579348309819,False
full_day,361->389,3222,20,bezier_ipopt,17.546199803997297,mse,0.0001533933376859,False
full_day,361->389,3222,20,bezier_nm,43.04781470395392,mse,0.1859419547816336,False
full_day,361->411,3222,20,bezier_pgd,0.0069821729557588,mse,0.0122755329084492,False
full_day,361->411,3222,20,bezier_ipopt,18.02741463802522,mse,0.0001792820712011,False
full_day,361->411,3222,20,bezier_nm,42.51149452000391,mse,0.2713458008177609,False
full_day,362->465,3222,20,bezier_pgd,0.0054795769974589,mse,0.0043671842894793,False
full_day,362->465,3222,20,bezier_ipopt,18.827646293968428,mse,9.9843581582988e-05,False
full_day,362->465,3222,20,bezier_nm,42.36343957600184,mse,0.2690337968440067,False
full_day,362->499,3222,20,bezier_pgd,0.0055319989915005,mse,0.0084671171119778,False
full_day,362->499,3222,20,bezier_ipopt,20.336421115032863,mse,0.0001186606438792,False
full_day,362->499,3222,20,bezier_nm,43.758876459964085,mse,0.2722664764464025,False
full_day,363->486,3222,20,bezier_pgd,0.0045986869954504,mse,0.013849047841646,False
full_day,363->486,3222,20,bezier_ipopt,20.04428198497044,mse,0.0001683644554651,False
full_day,363->486,3222,20,bezier_nm,44.3417408040259,mse,0.273688188086947,False
full_day,363->512,3222,20,bezier_pgd,0.0045591830275952,mse,0.0050964689505144,False
full_day,363->512,3222,20,bezier_ipopt,22.427844983001705,mse,0.0001568223422632,False
full_day,363->512,3222,20,bezier_nm,41.69370553200133,mse,0.2526071693115411,False
full_day,364->22,3222,20,bezier_pgd,0.0037898489972576,mse,0.0918282298154232,False
full_day,364->22,3222,20,bezier_ipopt,,mse,,True
full_day,364->22,3222,20,bezier_nm,46.89564789895667,mse,0.3939533547094267,False
full_day,364->276,3222,20,bezier_pgd,0.0043514349963516,mse,0.1665391595880403,False
full_day,364->276,3222,20,bezier_ipopt,,mse,,True
full_day,364->276,3222,20,bezier_nm,45.503967300988734,mse,0.460118959055997,False
full_day,364->392,3222,20,bezier_pgd,0.0047355070128105,mse,0.0054109495585564,False
full_day,364->392,3222,20,bezier_ipopt,,mse,,True
full_day,364->392,3222,20,bezier_nm,49.71837702201447,mse,0.2283723539817647,False
full_day,365->383,3222,20,bezier_pgd,0.0065973660093732,mse,0.0086479760118453,False
full_day,365->383,3222,20,bezier_ipopt,28.970174646994565,mse,0.0001326715671159,False
full_day,365->383,3222,20,bezier_nm,46.88903481402667,mse,0.2461723091343498,False
full_day,365->513,3222,20,bezier_pgd,0.0054324969532899,mse,0.0115510404363869,False
full_day,365->513,3222,20,bezier_ipopt,20.765829954005312,mse,0.0001628449510053,False
full_day,365->513,3222,20,bezier_nm,48.11621098703472,mse,0.2701928991399177,False
full_day,366->490,3222,20,bezier_pgd,0.0049235090264119,mse,0.0002630156770767,False
full_day,366->490,3222,20,bezier_ipopt,28.948368293989915,mse,0.000112623586391,False
full_day,366->490,3222,20,bezier_nm,50.17271875502775,mse,0.1146058566409428,False
full_day,366->514,3222,20,bezier_pgd,0.0052360710105858,mse,0.0088214738110752,False
full_day,366->514,3222,20,bezier_ipopt,21.23946677998174,mse,0.0001859797490527,False
full_day,366->514,3222,20,bezier_nm,47.16239324200433,mse,0.2671609027934888,False
full_day,367->333,3222,20,bezier_pgd,0.0044474410242401,mse,0.0043233628466299,False
full_day,367->333,3222,20,bezier_ipopt,20.96325282298494,mse,0.000252274094148,False
full_day,367->333,3222,20,bezier_nm,53.10592868697131,mse,0.2118725655420106,False
full_day,367->502,3222,20,bezier_pgd,0.0059409050154499,mse,0.0119052157773339,False
full_day,367->502,3222,20,bezier_ipopt,21.816841664956883,mse,0.0002290827483224,False
full_day,367->502,3222,20,bezier_nm,48.39420774002792,mse,0.2660948832531768,False
full_day,368->433,3222,20,bezier_pgd,0.0064375479705631,mse,0.0102425165297028,False
full_day,368->433,3222,20,bezier_ipopt,26.755298984993715,mse,0.0001363638494791,False
full_day,368->433,3222,20,bezier_nm,46.85559574398212,mse,0.2858677095216224,False
full_day,368->462,3222,20,bezier_pgd,0.0075734980055131,mse,0.0142332824105923,False
full_day,368->462,3222,20,bezier_ipopt,31.19222450698726,mse,0.0001559354413205,False
full_day,368->462,3222,20,bezier_nm,47.02374945196789,mse,0.2848060490408048,False
full_day,369->353,3222,20,bezier_pgd,0.0060026459977962,mse,0.0159729109130898,False
full_day,369->353,3222,20,bezier_ipopt,17.802790121990256,mse,0.0002750901412134,False
full_day,369->353,3222,20,bezier_nm,45.70051663601771,mse,0.2842263729001016,False
full_day,369->498,3222,20,bezier_pgd,0.0046080489992164,mse,0.0008832315638983,False
full_day,369->498,3222,20,bezier_ipopt,,mse,,True
full_day,369->498,3222,20,bezier_nm,49.991529160004575,mse,0.1686889618156102,False
full_day,37->36,3222,20,bezier_pgd,0.0036465019802562,mse,1.4593912843324246e-05,False
full_day,37->36,3222,20,bezier_ipopt,12.445183092029763,mse,3.2237037874493866e-06,False
full_day,37->36,3222,20,bezier_nm,71.90790262102382,mse,0.0003857498782133,False
full_day,37->38,3222,20,bezier_pgd,0.0040463749901391,mse,9.23594726394401e-06,False
full_day,37->38,3222,20,bezier_ipopt,23.85557734401664,mse,2.886747240997014e-06,False
full_day,37->38,3222,20,bezier_nm,69.0932399139856,mse,0.0002959660398988,False
full_day,370->294,3222,20,bezier_pgd,0.0052960739703848,mse,0.0165784931394948,False
full_day,370->294,3222,20,bezier_ipopt,23.238209990027823,mse,0.0002415016014123,False
full_day,370->294,3222,20,bezier_nm,42.95104791299673,mse,0.2792556613370755,False
full_day,370->371,3222,20,bezier_pgd,0.0066366479732096,mse,0.0210713471854836,False
full_day,370->371,3222,20,bezier_ipopt,21.766773709037807,mse,0.0002303647537378,False
full_day,370->371,3222,20,bezier_nm,44.23106486600591,mse,0.2826135566964426,False
full_day,371->370,3222,20,bezier_pgd,0.0041324000339955,mse,0.0003334219034089,False
full_day,371->370,3222,20,bezier_ipopt,18.93594616203336,mse,0.0001554664133003,False
full_day,371->370,3222,20,bezier_nm,45.59340683900518,mse,0.1033241666346979,False
full_day,371->494,3222,20,bezier_pgd,0.0051804640097543,mse,0.0107846785269593,False
full_day,371->494,3222,20,bezier_ipopt,20.246342639031354,mse,0.0002067758344021,False
full_day,371->494,3222,20,bezier_nm,43.0776743349852,mse,0.275075961738311,False
full_day,372->14,3222,20,bezier_pgd,0.002920470025856,mse,1.978997027869479e-05,False
full_day,372->14,3222,20,bezier_ipopt,15.056653741979972,mse,6.6320250248154855e-06,False
full_day,372->14,3222,20,bezier_nm,68.82485540997004,mse,0.0003147495067963,False
full_day,372->442,3222,20,bezier_pgd,0.0041554929921403,mse,0.0067825303993969,False
full_day,372->442,3222,20,bezier_ipopt,,mse,,True
full_day,372->442,3222,20,bezier_nm,42.80582127702655,mse,0.2883729183118311,False
full_day,372->515,3222,20,bezier_pgd,0.0029079940286464,mse,8.28743694991285e-06,False
full_day,372->515,3222,20,bezier_ipopt,13.567443368025124,mse,2.950793380311668e-06,False
full_day,372->515,3222,20,bezier_nm,67.69458618800854,mse,8.519908650521676e-05,False
full_day,373->180,3222,20,bezier_pgd,0.0064688799902796,mse,0.0026154166064902,False
full_day,373->180,3222,20,bezier_ipopt,20.937489272968374,mse,0.0002383718945733,False
full_day,373->180,3222,20,bezier_nm,42.90821096702712,mse,0.22226320532586,False
full_day,373->356,3222,20,bezier_pgd,0.0042212639818899,mse,0.0033933122551867,False
full_day,373->356,3222,20,bezier_ipopt,18.926294625969604,mse,0.0002694492250856,False
full_day,373->356,3222,20,bezier_nm,42.2015157880378,mse,0.2414682916612585,False
full_day,374->139,3222,20,bezier_pgd,0.0045129340142011,mse,0.0224120183502834,False
full_day,374->139,3222,20,bezier_ipopt,24.419793279026635,mse,7.668898782531026e-05,False
full_day,374->139,3222,20,bezier_nm,43.61228066001786,mse,0.293875778687539,False
full_day,374->454,3222,20,bezier_pgd,0.0048245670041069,mse,0.0161522394069299,False
full_day,374->454,3222,20,bezier_ipopt,22.3461660919711,mse,0.0001513432857691,False
full_day,374->454,3222,20,bezier_nm,41.69639340497088,mse,0.3026579251274597,False
full_day,375->271,3222,20,bezier_pgd,0.004356520017609,mse,0.2807242383454692,False
full_day,375->271,3222,20,bezier_ipopt,,mse,,True
full_day,375->271,3222,20,bezier_nm,41.23779447103152,mse,0.5792326534691914,False
full_day,375->426,3222,20,bezier_pgd,0.0032548130257055,mse,0.2697985351013194,False
full_day,375->426,3222,20,bezier_ipopt,13.92248510097852,mse,2.026535274301544e-06,False
full_day,375->426,3222,20,bezier_nm,41.86455565301003,mse,0.7456166870313142,False
full_day,376->221,3222,20,bezier_pgd,0.0042398389778099,mse,0.0343041821343293,False
full_day,376->221,3222,20,bezier_ipopt,,mse,,True
full_day,376->221,3222,20,bezier_nm,42.5132924389909,mse,0.3099911290284106,False
full_day,376->420,3222,20,bezier_pgd,0.0040197420166805,mse,0.0004102467198741,False
full_day,376->420,3222,20,bezier_ipopt,,mse,,True
full_day,376->420,3222,20,bezier_nm,47.21125546697294,mse,0.1274323852747753,False
full_day,377->325,3222,20,bezier_pgd,0.0051457820227369,mse,0.0143563084790757,False
full_day,377->325,3222,20,bezier_ipopt,19.67411456000991,mse,0.0002242348813634,False
full_day,377->325,3222,20,bezier_nm,44.74855792301241,mse,0.2710585000937864,False
full_day,377->351,3222,20,bezier_pgd,0.0046614780439995,mse,0.0021100966191852,False
full_day,377->351,3222,20,bezier_ipopt,25.34459206101019,mse,0.0001545664843518,False
full_day,377->351,3222,20,bezier_nm,44.297814657969866,mse,0.1833979977742323,False
full_day,378->233,3222,20,bezier_pgd,0.0049227160052396,mse,0.0012749430299443,False
full_day,378->233,3222,20,bezier_ipopt,21.18969722400652,mse,0.0001977774619468,False
full_day,378->233,3222,20,bezier_nm,45.51487182703568,mse,0.1600162615662771,False
full_day,378->464,3222,20,bezier_pgd,0.0054202320170588,mse,0.0123019580719559,False
full_day,378->464,3222,20,bezier_ipopt,26.432145433034748,mse,0.0001757861728157,False
full_day,378->464,3222,20,bezier_nm,43.50974838103866,mse,0.2803122107164872,False
full_day,379->398,3222,20,bezier_pgd,0.0051211620448157,mse,0.0100787138026229,False
full_day,379->398,3222,20,bezier_ipopt,17.29527403699467,mse,0.0001797402381909,False
full_day,379->398,3222,20,bezier_nm,43.903241391002666,mse,0.2764676704405961,False
full_day,379->502,3222,20,bezier_pgd,0.0047056070179678,mse,0.0079924827075885,False
full_day,379->502,3222,20,bezier_ipopt,,mse,,True
full_day,379->502,3222,20,bezier_nm,44.28713354701176,mse,0.2660755004880102,False
full_day,38->37,3222,20,bezier_pgd,0.0029911150340922,mse,8.443269200099163e-06,False
full_day,38->37,3222,20,bezier_ipopt,18.00661703501828,mse,3.250414366355317e-06,False
full_day,38->37,3222,20,bezier_nm,64.70429458899889,mse,0.0002725038099888,False
full_day,38->39,3222,20,bezier_pgd,0.0047600080142728,mse,0.0084580024554167,False
full_day,38->39,3222,20,bezier_ipopt,18.761570444970857,mse,7.771242613511557e-06,False
full_day,38->39,3222,20,bezier_nm,44.3142145369784,mse,0.3488860284653663,False
full_day,380->381,3222,20,bezier_pgd,0.0058587020030245,mse,0.0064658449086699,False
full_day,380->381,3222,20,bezier_ipopt,,mse,,True
full_day,380->381,3222,20,bezier_nm,47.44991004699841,mse,0.274243597529632,False
full_day,380->400,3222,20,bezier_pgd,0.0049467970384284,mse,0.0148841347788414,False
full_day,380->400,3222,20,bezier_ipopt,,mse,,True
full_day,380->400,3222,20,bezier_nm,45.42891606898047,mse,0.2997875159459546,False
full_day,381->283,3222,20,bezier_pgd,0.0047468029661104,mse,0.0015850626850292,False
full_day,381->283,3222,20,bezier_ipopt,,mse,,True
full_day,381->283,3222,20,bezier_nm,48.04558552801609,mse,0.1461863769191495,False
full_day,381->380,3222,20,bezier_pgd,0.0032220860011875,mse,0.0001042807361771,False
full_day,381->380,3222,20,bezier_ipopt,,mse,,True
full_day,381->380,3222,20,bezier_nm,72.18593847204465,mse,0.0006423770801554,False
full_day,382->501,3222,20,bezier_pgd,0.0044262559968046,mse,0.0005973617975363,False
full_day,382->501,3222,20,bezier_ipopt,31.117604756960645,mse,0.0003051257537183,False
full_day,382->501,3222,20,bezier_nm,47.195260972948745,mse,0.1325629658414595,False
full_day,382->512,3222,20,bezier_pgd,0.0049340899568051,mse,0.0030260428356112,False
full_day,382->512,3222,20,bezier_ipopt,20.14102722099051,mse,7.801994005230116e-05,False
full_day,382->512,3222,20,bezier_nm,44.43143511400558,mse,0.2525890790885526,False
full_day,383->144,3222,20,bezier_pgd,0.0043485459755174,mse,0.0060316577539395,False
full_day,383->144,3222,20,bezier_ipopt,19.886715912958607,mse,0.0001840199159766,False
full_day,383->144,3222,20,bezier_nm,44.51775511098094,mse,0.2208127264657781,False
full_day,383->365,3222,20,bezier_pgd,0.0026333960122428,mse,0.0002142952262309,False
full_day,383->365,3222,20,bezier_ipopt,23.750828701013237,mse,0.0001425880237799,False
full_day,383->365,3222,20,bezier_nm,66.81995576497866,mse,0.0010401218199717,False
full_day,384->200,3222,20,bezier_pgd,0.0033396439976058,mse,0.0422826943984191,False
full_day,384->200,3222,20,bezier_ipopt,,mse,,True
full_day,384->200,3222,20,bezier_nm,43.0306990770041,mse,0.4479848087482554,False
full_day,384->259,3222,20,bezier_pgd,0.0052443000022321,mse,0.0150747071657566,False
full_day,384->259,3222,20,bezier_ipopt,18.321887196041644,mse,0.0001141270482126,False
full_day,384->259,3222,20,bezier_nm,42.57908292103093,mse,0.2802041411767449,False
full_day,385->178,3222,20,bezier_pgd,0.0043335250229574,mse,0.0007782346722051,False
full_day,385->178,3222,20,bezier_ipopt,38.89837926195469,mse,0.0002204001206394,False
full_day,385->178,3222,20,bezier_nm,47.0062769340002,mse,0.1460996439392943,False
full_day,385->325,3222,20,bezier_pgd,0.0057597269769757,mse,0.0220699926044284,False
full_day,385->325,3222,20,bezier_ipopt,19.963915486994665,mse,0.0002389231166306,False
full_day,385->325,3222,20,bezier_nm,45.84727569203824,mse,0.2797413440899271,False
full_day,385->334,3222,20,bezier_pgd,0.0053343060426414,mse,0.0193500398887521,False
full_day,385->334,3222,20,bezier_ipopt,,mse,,True
full_day,385->334,3222,20,bezier_nm,44.34456733602565,mse,0.2859951445635881,False
full_day,386->301,3222,20,bezier_pgd,0.0049080059980042,mse,0.0005739615824267,False
full_day,386->301,3222,20,bezier_ipopt,20.479204956034664,mse,0.0001115739345985,False
full_day,386->301,3222,20,bezier_nm,43.22973840899067,mse,0.1342252958906833,False
full_day,386->335,3222,20,bezier_pgd,0.0045874409843236,mse,0.001500306645476,False
full_day,386->335,3222,20,bezier_ipopt,17.527692225005012,mse,0.0001321026093282,False
full_day,386->335,3222,20,bezier_nm,43.245686817972455,mse,0.1876342735505675,False
full_day,387->12,3222,20,bezier_pgd,0.0042111189686693,mse,0.0047510005061209,False
full_day,387->12,3222,20,bezier_ipopt,31.35163533501327,mse,0.0002132786986745,False
full_day,387->12,3222,20,bezier_nm,42.56054785399465,mse,0.2444048622646746,False
full_day,387->452,3222,20,bezier_pgd,0.0043404779862612,mse,0.0041972383186879,False
full_day,387->452,3222,20,bezier_ipopt,17.01650404598331,mse,0.0001223135177009,False
full_day,387->452,3222,20,bezier_nm,44.85328409197973,mse,0.2411927668917431,False
full_day,387->475,3222,20,bezier_pgd,0.0052418590057641,mse,0.0016194606396619,False
full_day,387->475,3222,20,bezier_ipopt,,mse,,True
full_day,387->475,3222,20,bezier_nm,47.34528009395581,mse,0.1483504482602518,False
full_day,388->268,3222,20,bezier_pgd,0.0049357090028934,mse,0.0034330240869854,False
full_day,388->268,3222,20,bezier_ipopt,,mse,,True
full_day,388->268,3222,20,bezier_nm,43.60110025195172,mse,0.2484182840258415,False
full_day,388->389,3222,20,bezier_pgd,0.0072090029716491,mse,0.0076964843205104,False
full_day,388->389,3222,20,bezier_ipopt,27.02195235900581,mse,0.0001429899314282,False
full_day,388->389,3222,20,bezier_nm,45.133522447024006,mse,0.2610357471805026,False
full_day,389->197,3222,20,bezier_pgd,0.0041718060383573,mse,0.0003789046112236,False
full_day,389->197,3222,20,bezier_ipopt,20.593207960017025,mse,0.000147666099478,False
full_day,389->197,3222,20,bezier_nm,46.1565834620269,mse,0.1660761343119772,False
full_day,389->361,3222,20,bezier_pgd,0.0042433380149304,mse,0.0008011901247181,False
full_day,389->361,3222,20,bezier_ipopt,16.425820094009396,mse,0.0001888064175358,False
full_day,389->361,3222,20,bezier_nm,44.9341460079886,mse,0.1721714892466381,False
full_day,389->388,3222,20,bezier_pgd,0.0047638370306231,mse,0.0003497499718961,False
full_day,389->388,3222,20,bezier_ipopt,15.98065136699006,mse,0.0001310336032012,False
full_day,389->388,3222,20,bezier_nm,44.68944734201068,mse,0.0936652095320713,False
full_day,39->26,3222,20,bezier_pgd,0.0027662990032695,mse,0.0001490279864502,False
full_day,39->26,3222,20,bezier_ipopt,46.27960991900181,mse,8.074716435071528e-05,False
full_day,39->26,3222,20,bezier_nm,70.39033861196367,mse,0.0005441371857457,False
full_day,39->38,3222,20,bezier_pgd,0.003850731998682,mse,2.168946517444394e-05,False
full_day,39->38,3222,20,bezier_ipopt,11.205029218981508,mse,3.558462558725744e-06,False
full_day,39->38,3222,20,bezier_nm,69.08627166796941,mse,0.0005393859069473,False
full_day,390->157,3222,20,bezier_pgd,0.003999532025773,mse,0.0034960257549243,False
full_day,390->157,3222,20,bezier_ipopt,24.608344182022847,mse,0.000193659604391,False
full_day,390->157,3222,20,bezier_nm,44.380724682006985,mse,0.1877655556613638,False
full_day,390->182,3222,20,bezier_pgd,0.0055249869474209,mse,0.0072075806255884,False
full_day,390->182,3222,20,bezier_ipopt,,mse,,True
full_day,390->182,3222,20,bezier_nm,43.14167839096626,mse,0.2800971480856177,False
full_day,390->208,3222,20,bezier_pgd,0.0112009160220623,mse,0.8189682205671095,False
full_day,390->208,3222,20,bezier_ipopt,,mse,,True
full_day,390->208,3222,20,bezier_nm,34.74666837998666,mse,0.8428309181487559,False
full_day,391->156,3222,20,bezier_pgd,0.0038978199590928,mse,0.0051710295735167,False
full_day,391->156,3222,20,bezier_ipopt,,mse,,True
full_day,391->156,3222,20,bezier_nm,45.575606127036735,mse,0.1085004966426859,False
full_day,391->478,3222,20,bezier_pgd,0.005353543034289,mse,0.0096471860871718,False
full_day,391->478,3222,20,bezier_ipopt,,mse,,True
full_day,391->478,3222,20,bezier_nm,43.65988790499978,mse,0.2691025655536609,False
full_day,392->372,3222,20,bezier_pgd,0.0030445380252785,mse,1.2742843187873145e-05,False
full_day,392->372,3222,20,bezier_ipopt,34.89461843599565,mse,2.7588072981163274e-06,False
full_day,392->372,3222,20,bezier_nm,64.15115351998247,mse,0.0004103733760129,False
full_day,392->437,3222,20,bezier_pgd,0.0037571369903162,mse,0.0004961754692741,False
full_day,392->437,3222,20,bezier_ipopt,,mse,,True
full_day,392->437,3222,20,bezier_nm,44.490004925988615,mse,0.086488411515603,False
full_day,392->518,3222,20,bezier_pgd,0.0044151720358058,mse,0.0016672388191586,False
full_day,392->518,3222,20,bezier_ipopt,,mse,,True
full_day,392->518,3222,20,bezier_nm,43.80116061802255,mse,0.1848411893061491,False
full_day,393->446,3222,20,bezier_pgd,0.0043895790004171,mse,0.0003786270147553,False
full_day,393->446,3222,20,bezier_ipopt,19.17560803401284,mse,0.0001029009793385,False
full_day,393->446,3222,20,bezier_nm,43.744733575033024,mse,0.1324435785420559,False
full_day,393->471,3222,20,bezier_pgd,0.0042905139853246,mse,0.0145963282660675,False
full_day,393->471,3222,20,bezier_ipopt,21.058380007976663,mse,0.0001891193899619,False
full_day,393->471,3222,20,bezier_nm,42.30171964399051,mse,0.2749351468952106,False
full_day,394->179,3222,20,bezier_pgd,0.0044250979553908,mse,0.0038874110014782,False
full_day,394->179,3222,20,bezier_ipopt,,mse,,True
full_day,394->179,3222,20,bezier_nm,43.4740033679991,mse,0.283125332608316,False
full_day,394->493,3222,20,bezier_pgd,0.0041500450461171,mse,0.013506827535793,False
full_day,394->493,3222,20,bezier_ipopt,,mse,,True
full_day,394->493,3222,20,bezier_nm,42.44026469398523,mse,0.2984700553128264,False
full_day,395->459,3222,20,bezier_pgd,0.0048862730036489,mse,0.0013157439661832,False
full_day,395->459,3222,20,bezier_ipopt,17.472688576031942,mse,0.0001423339219718,False
full_day,395->459,3222,20,bezier_nm,43.20829268801026,mse,0.1798483797438812,False
full_day,395->503,3222,20,bezier_pgd,0.0041856109746731,mse,0.0061501262906426,False
full_day,395->503,3222,20,bezier_ipopt,22.08945531502832,mse,0.0001974716664264,False
full_day,395->503,3222,20,bezier_nm,42.96366719400976,mse,0.2371587275534154,False
full_day,396->355,3222,20,bezier_pgd,0.0051431119791232,mse,0.0071436564128373,False
full_day,396->355,3222,20,bezier_ipopt,56.60312168300152,mse,0.0001247976427712,False
full_day,396->355,3222,20,bezier_nm,42.980642798007466,mse,0.2547956721453647,False
full_day,396->422,3222,20,bezier_pgd,0.0044084599940106,mse,0.0034931976907566,False
full_day,396->422,3222,20,bezier_ipopt,,mse,,True
full_day,396->422,3222,20,bezier_nm,45.87252095597796,mse,0.2136049996279346,False
full_day,397->167,3222,20,bezier_pgd,0.0048623330076225,mse,0.0186928804325443,False
full_day,397->167,3222,20,bezier_ipopt,,mse,,True
full_day,397->167,3222,20,bezier_nm,50.43879407498753,mse,0.0196375258724734,False
full_day,397->292,3222,20,bezier_pgd,0.0027944049797952,mse,1.1865179864305493e-05,False
full_day,397->292,3222,20,bezier_ipopt,9.884374186978675,mse,3.923268956740961e-06,False
full_day,397->292,3222,20,bezier_nm,66.12447323295055,mse,0.0001587758202007,False
full_day,397->35,3222,20,bezier_pgd,0.0027841990231536,mse,1.1029589043982775e-05,False
full_day,397->35,3222,20,bezier_ipopt,19.42795791698154,mse,3.328472215536447e-06,False
full_day,397->35,3222,20,bezier_nm,61.45975446200464,mse,0.000405236566109,False
full_day,398->155,3222,20,bezier_pgd,0.0049423050368204,mse,0.0045083956629775,False
full_day,398->155,3222,20,bezier_ipopt,,mse,,True
full_day,398->155,3222,20,bezier_nm,44.60798315698048,mse,0.1977240869819631,False
full_day,398->379,3222,20,bezier_pgd,0.0048649449599906,mse,0.0087120811617973,False
full_day,398->379,3222,20,bezier_ipopt,23.884978842979763,mse,0.0001600608118835,False
full_day,398->379,3222,20,bezier_nm,41.97806787898298,mse,0.2724530759908809,False
full_day,399->141,3222,20,bezier_pgd,0.004764512006659,mse,0.0102923638838319,False
full_day,399->141,3222,20,bezier_ipopt,18.557764286000747,mse,0.000195830102331,False
full_day,399->141,3222,20,bezier_nm,42.27238722098991,mse,0.2598237340085519,False
full_day,399->427,3222,20,bezier_pgd,0.0057433050242252,mse,0.0072402324438839,False
full_day,399->427,3222,20,bezier_ipopt,,mse,,True
full_day,399->427,3222,20,bezier_nm,44.22424045595108,mse,0.2688392051548941,False
full_day,4->454,3222,20,bezier_pgd,0.0026914520421996,mse,1.1173598091540208e-05,False
full_day,4->454,3222,20,bezier_ipopt,11.696755570010282,mse,2.6136866699015174e-06,False
full_day,4->454,3222,20,bezier_nm,60.64324262400624,mse,0.0003304022681305,False
full_day,40->447,6444,20,bezier_pgd,0.004808512981981,mse,8.339313305636285e-06,False
full_day,40->447,6444,20,bezier_ipopt,23.28070085600484,mse,4.284305970392997e-06,False
full_day,40->447,6444,20,bezier_nm,122.64142972696573,mse,0.0003924070447984,False
full_day,400->380,3222,20,bezier_pgd,0.0040088850073516,mse,0.0117965667581701,False
full_day,400->380,3222,20,bezier_ipopt,,mse,,True
full_day,400->380,3222,20,bezier_nm,45.21711028798018,mse,0.1823504922058836,False
full_day,400->521,3222,20,bezier_pgd,0.005781092972029,mse,0.0026292558405582,False
full_day,400->521,3222,20,bezier_ipopt,20.145462821004912,mse,4.017580531377755e-05,False
full_day,400->521,3222,20,bezier_nm,42.62991159199737,mse,0.2060969893693993,False
full_day,401->402,3222,20,bezier_pgd,0.0037703760317526,mse,0.0003887901083922,False
full_day,401->402,3222,20,bezier_ipopt,25.601655845995992,mse,0.0001770931451845,False
full_day,401->402,3222,20,bezier_nm,43.69842922600219,mse,0.0843151003704797,False
full_day,401->416,3222,20,bezier_pgd,0.0048061600537039,mse,0.0098367729377914,False
full_day,401->416,3222,20,bezier_ipopt,16.91500952700153,mse,0.0001846537683309,False
full_day,401->416,3222,20,bezier_nm,41.56914696301101,mse,0.258758380189844,False
full_day,402->401,3222,20,bezier_pgd,0.0043630680302158,mse,0.0021998456028434,False
full_day,402->401,3222,20,bezier_ipopt,,mse,,True
full_day,402->401,3222,20,bezier_nm,41.211143027001526,mse,0.2304626580383022,False
full_day,402->463,3222,20,bezier_pgd,0.0049106400110758,mse,0.0017732538812139,False
full_day,402->463,3222,20,bezier_ipopt,,mse,,True
full_day,402->463,3222,20,bezier_nm,44.39716307801427,mse,0.2172970827436798,False
full_day,403->486,3222,20,bezier_pgd,0.0043610100401565,mse,0.014185427251692,False
full_day,403->486,3222,20,bezier_ipopt,19.22954768600175,mse,0.0003311643954007,False
full_day,403->486,3222,20,bezier_nm,42.123943441023584,mse,0.2708572070241349,False
full_day,403->529,3222,20,bezier_pgd,0.0045703159994445,mse,0.017072506711936,False
full_day,403->529,3222,20,bezier_ipopt,,mse,,True
full_day,403->529,3222,20,bezier_nm,42.87348418799229,mse,0.2865780754738558,False
full_day,404->462,3222,20,bezier_pgd,0.0052931099780835,mse,0.0187158758116858,False
full_day,404->462,3222,20,bezier_ipopt,16.823800100013614,mse,0.0002401510858847,False
full_day,404->462,3222,20,bezier_nm,41.939739055000246,mse,0.2952129221420323,False
full_day,404->507,3222,20,bezier_pgd,0.0052323989802971,mse,0.0095088414471611,False
full_day,404->507,3222,20,bezier_ipopt,24.018742740969174,mse,0.000195889343238,False
full_day,404->507,3222,20,bezier_nm,43.77113780798391,mse,0.2778792151811756,False
full_day,405->161,3222,20,bezier_pgd,0.0039588990039192,mse,0.002249220993954,False
full_day,405->161,3222,20,bezier_ipopt,19.29382011498092,mse,0.0002490692697071,False
full_day,405->161,3222,20,bezier_nm,45.43846785800997,mse,0.1824680617295002,False
full_day,405->301,3222,20,bezier_pgd,0.0030740660149604,mse,0.0002041845631222,False
full_day,405->301,3222,20,bezier_ipopt,19.194223265978508,mse,0.0001441690986485,False
full_day,405->301,3222,20,bezier_nm,69.0980759219965,mse,0.0022960013738266,False
full_day,405->360,3222,20,bezier_pgd,0.0041616180096752,mse,0.015851351637901,False
full_day,405->360,3222,20,bezier_ipopt,,mse,,True
full_day,405->360,3222,20,bezier_nm,42.80411617603386,mse,0.2980514161548256,False
full_day,406->500,3222,20,bezier_pgd,0.0042420389945618,mse,0.0040668413821818,False
full_day,406->500,3222,20,bezier_ipopt,24.43532361398684,mse,0.0001900885572612,False
full_day,406->500,3222,20,bezier_nm,42.352530497009866,mse,0.2265734202957035,False
full_day,406->512,3222,20,bezier_pgd,0.0044173729838803,mse,0.0013736580558461,False
full_day,406->512,3222,20,bezier_ipopt,17.82031001802534,mse,0.0001695949525594,False
full_day,406->512,3222,20,bezier_nm,42.0105910889688,mse,0.2231452396665681,False
full_day,407->505,3222,20,bezier_pgd,0.0051396450144238,mse,0.0032448269022462,False
full_day,407->505,3222,20,bezier_ipopt,,mse,,True
full_day,407->505,3222,20,bezier_nm,42.51967355899978,mse,0.2602035196951911,False
full_day,407->511,3222,20,bezier_pgd,0.0053827189840376,mse,0.0095345844743392,False
full_day,407->511,3222,20,bezier_ipopt,18.097851845028345,mse,0.0001942610916308,False
full_day,407->511,3222,20,bezier_nm,43.174337382020894,mse,0.2603208454325278,False
full_day,407->532,3222,20,bezier_pgd,0.0056368799996562,mse,0.014525900668829,False
full_day,407->532,3222,20,bezier_ipopt,20.458128357015084,mse,0.0002169350301598,False
full_day,407->532,3222,20,bezier_nm,41.90770170104224,mse,0.2758807220689632,False
full_day,408->292,3222,20,bezier_pgd,0.0027985469787381,mse,1.3011318370994328e-05,False
full_day,408->292,3222,20,bezier_ipopt,13.555010435986333,mse,3.889283251912067e-06,False
full_day,408->292,3222,20,bezier_nm,60.23158520599827,mse,0.0003539262922758,False
full_day,408->36,3222,20,bezier_pgd,0.0031491070403717,mse,0.0001644608492933,False
full_day,408->36,3222,20,bezier_ipopt,,mse,,True
full_day,408->36,3222,20,bezier_nm,69.21549174096435,mse,0.0015299678220064,False
full_day,408->91,3222,20,bezier_pgd,0.0027317770291119,mse,9.960133856183022e-06,False
full_day,408->91,3222,20,bezier_ipopt,25.096201108011883,mse,3.846833410151676e-06,False
full_day,408->91,3222,20,bezier_nm,61.40705951902783,mse,0.0003826196308739,False
full_day,409->313,3222,20,bezier_pgd,0.0057171570369973,mse,0.2954370271496954,False
full_day,409->313,3222,20,bezier_ipopt,20.826090054993983,mse,5.4252115293245527e-05,False
full_day,409->313,3222,20,bezier_nm,39.80975825700443,mse,0.4920031876429264,False
full_day,409->418,3222,20,bezier_pgd,0.0038862439687363,mse,0.1945604577279511,False
full_day,409->418,3222,20,bezier_ipopt,,mse,,True
full_day,409->418,3222,20,bezier_nm,42.78629166196333,mse,0.5098768960619161,False
full_day,41->112,6444,20,bezier_pgd,0.0048196529969573,mse,9.141176698516172e-06,False
full_day,41->112,6444,20,bezier_ipopt,30.68392398901051,mse,3.379699205654672e-06,False
full_day,41->112,6444,20,bezier_nm,138.05145924299725,mse,0.0001641720225787,False
full_day,410->198,3222,20,bezier_pgd,0.0054300100309774,mse,0.0125099939974358,False
full_day,410->198,3222,20,bezier_ipopt,17.808012943016365,mse,0.0001863641831942,False
full_day,410->198,3222,20,bezier_nm,43.4349827929982,mse,0.2813921781126075,False
full_day,410->354,3222,20,bezier_pgd,0.004478735034354,mse,0.0070132950951798,False
full_day,410->354,3222,20,bezier_ipopt,,mse,,True
full_day,410->354,3222,20,bezier_nm,43.81564808497205,mse,0.224088394168367,False
full_day,411->316,3222,20,bezier_pgd,0.0040409020148217,mse,0.0022794480967705,False
full_day,411->316,3222,20,bezier_ipopt,18.99381849396741,mse,0.0002673783524036,False
full_day,411->316,3222,20,bezier_nm,44.672133335028775,mse,0.178114195107134,False
full_day,411->361,3222,20,bezier_pgd,0.0056694269878789,mse,0.0185283558867399,False
full_day,411->361,3222,20,bezier_ipopt,27.148681649006903,mse,0.0003449071588889,False
full_day,411->361,3222,20,bezier_nm,43.05181494599674,mse,0.2891949702103713,False
full_day,412->419,3222,20,bezier_pgd,0.0040590440039522,mse,0.0011204174746292,False
full_day,412->419,3222,20,bezier_ipopt,,mse,,True
full_day,412->419,3222,20,bezier_nm,47.13172406895319,mse,0.0937411631868491,False
full_day,412->529,3222,20,bezier_pgd,0.0043738050153478,mse,0.0094211397258095,False
full_day,412->529,3222,20,bezier_ipopt,18.72105808800552,mse,0.0002363972645908,False
full_day,412->529,3222,20,bezier_nm,42.36551955505274,mse,0.261362872542471,False
full_day,412->533,6444,20,bezier_pgd,0.0058147009694948,mse,0.0002078908971335,False
full_day,412->533,6444,20,bezier_ipopt,43.89004887198098,mse,0.0001631890943782,False
full_day,412->533,6444,20,bezier_nm,136.74325064901495,mse,0.0019968859427895,False
full_day,413->414,3222,20,bezier_pgd,0.0043455109698697,mse,0.0113137426382326,False
full_day,413->414,3222,20,bezier_ipopt,,mse,,True
full_day,413->414,3222,20,bezier_nm,43.05912465997972,mse,0.2943721971720175,False
full_day,413->493,6444,20,bezier_pgd,0.0072254769620485,mse,0.0128120483211679,False
full_day,413->493,6444,20,bezier_ipopt,,mse,,True
full_day,413->493,6444,20,bezier_nm,85.96854327101028,mse,0.2976458981160599,False
full_day,414->413,3222,20,bezier_pgd,0.0043508289963938,mse,0.0146401970600559,False
full_day,414->413,3222,20,bezier_ipopt,41.86899589700624,mse,0.0001723162137656,False
full_day,414->413,3222,20,bezier_nm,41.38691330997972,mse,0.3037552418829923,False
full_day,414->450,3222,20,bezier_pgd,0.0045184789923951,mse,0.0094233897618032,False
full_day,414->450,3222,20,bezier_ipopt,,mse,,True
full_day,414->450,3222,20,bezier_nm,42.85628375405213,mse,0.2876899822831585,False
full_day,415->122,3222,20,bezier_pgd,0.0048584759933874,mse,0.0073886367529587,False
full_day,415->122,3222,20,bezier_ipopt,107.42624025500844,mse,0.0002131674980629,False
full_day,415->122,3222,20,bezier_nm,42.089612937008496,mse,0.2571335997051702,False
full_day,415->143,3222,20,bezier_pgd,0.004233131010551,mse,0.0003982965867301,False
full_day,415->143,3222,20,bezier_ipopt,20.717696242034435,mse,0.00022689928119,False
full_day,415->143,3222,20,bezier_nm,45.060848470951896,mse,0.1285159842419396,False
full_day,415->146,3222,20,bezier_pgd,0.0052258020150475,mse,0.008013193478819,False
full_day,415->146,3222,20,bezier_ipopt,19.577038794988766,mse,0.0001614391557151,False
full_day,415->146,3222,20,bezier_nm,42.28513567504706,mse,0.232724521366626,False
full_day,416->401,3222,20,bezier_pgd,0.0043182729859836,mse,0.0033984496674789,False
full_day,416->401,3222,20,bezier_ipopt,,mse,,True
full_day,416->401,3222,20,bezier_nm,42.38336513994727,mse,0.2512004532115263,False
full_day,416->474,3222,20,bezier_pgd,0.0043897349969483,mse,0.0011001467122116,False
full_day,416->474,3222,20,bezier_ipopt,23.20116392802447,mse,0.0001865641837217,False
full_day,416->474,3222,20,bezier_nm,44.10225899104262,mse,0.2045140821578913,False
full_day,417->229,3222,20,bezier_pgd,0.0034025220084004,mse,0.0213611874721873,False
full_day,417->229,3222,20,bezier_ipopt,,mse,,True
full_day,417->229,3222,20,bezier_nm,44.20836517598946,mse,0.3840054489488114,False
full_day,417->430,3222,20,bezier_pgd,0.0049712019972503,mse,0.1654729713638421,False
full_day,417->430,3222,20,bezier_ipopt,,mse,,True
full_day,417->430,3222,20,bezier_nm,42.79980312398402,mse,0.3673486928061998,False
full_day,417->451,3222,20,bezier_pgd,0.0030856759985908,mse,9.796596851209985e-06,False
full_day,417->451,3222,20,bezier_ipopt,12.19048898696201,mse,2.234572651980946e-06,False
full_day,417->451,3222,20,bezier_nm,63.538637477962766,mse,0.0004364456685245,False
full_day,418->409,3222,20,bezier_pgd,0.0054387589916586,mse,0.335964110046753,False
full_day,418->409,3222,20,bezier_ipopt,110.45057083701248,mse,0.4150833794927963,False
full_day,418->409,3222,20,bezier_nm,42.31057284696726,mse,0.5574869345635384,False
full_day,418->430,3222,20,bezier_pgd,0.003765307017602,mse,0.2073797905404895,False
full_day,418->430,3222,20,bezier_ipopt,14.983817353029735,mse,3.899223572603658e-05,False
full_day,418->430,3222,20,bezier_nm,42.75500139099313,mse,0.5726139347118059,False
full_day,419->412,3222,20,bezier_pgd,0.0042279710178263,mse,0.0010231488832638,False
full_day,419->412,3222,20,bezier_ipopt,19.00554139201995,mse,1.8367846762325197e-05,False
full_day,419->412,3222,20,bezier_nm,44.68491518800147,mse,0.1277343851444356,False
full_day,419->529,3222,20,bezier_pgd,0.0038248519995249,mse,0.0047908360265033,False
full_day,419->529,3222,20,bezier_ipopt,,mse,,True
full_day,419->529,3222,20,bezier_nm,49.2794775509974,mse,0.5223637906136123,False
full_day,42->112,3222,20,bezier_pgd,0.0029068879666738,mse,9.290170263742667e-06,False
full_day,42->112,3222,20,bezier_ipopt,12.674497119965965,mse,3.116144473903965e-06,False
full_day,42->112,3222,20,bezier_nm,65.23539427097421,mse,8.473576739689532e-05,False
full_day,42->43,3222,20,bezier_pgd,0.0027280180365778,mse,1.0996752609188008e-05,False
full_day,42->43,3222,20,bezier_ipopt,13.363741969980763,mse,2.881798974668952e-06,False
full_day,42->43,3222,20,bezier_nm,60.92088359303307,mse,0.0003520895953581,False
full_day,420->192,3222,20,bezier_pgd,0.0045234550489112,mse,0.0032555176715078,False
full_day,420->192,3222,20,bezier_ipopt,19.6903853819822,mse,0.0002389236476859,False
full_day,420->192,3222,20,bezier_nm,44.836387582006864,mse,0.1894166688959404,False
full_day,420->199,3222,20,bezier_pgd,0.0040259510278701,mse,0.0004421474664909,False
full_day,420->199,3222,20,bezier_ipopt,22.92966195504414,mse,0.0001139477268132,False
full_day,420->199,3222,20,bezier_nm,44.87437676498666,mse,0.1228733017855965,False
full_day,420->376,3222,20,bezier_pgd,0.0044556190259754,mse,0.0183138040050851,False
full_day,420->376,3222,20,bezier_ipopt,,mse,,True
full_day,420->376,3222,20,bezier_nm,42.84403627301799,mse,0.3062745939665267,False
full_day,421->264,3222,20,bezier_pgd,0.0076986710191704,mse,0.0159627775211855,False
full_day,421->264,3222,20,bezier_ipopt,,mse,,True
full_day,421->264,3222,20,bezier_nm,42.84620263695251,mse,0.2824805184991456,False
full_day,421->334,3222,20,bezier_pgd,0.0043474810081534,mse,0.0006328544049131,False
full_day,421->334,3222,20,bezier_ipopt,22.16373164800461,mse,0.0001570706255279,False
full_day,421->334,3222,20,bezier_nm,44.99713434599107,mse,0.1392768091833037,False
full_day,422->138,3222,20,bezier_pgd,0.0043288149754516,mse,0.0003354796285389,False
full_day,422->138,3222,20,bezier_ipopt,,mse,,True
full_day,422->138,3222,20,bezier_nm,45.93013615801465,mse,0.1394669833919959,False
full_day,422->396,3222,20,bezier_pgd,0.0052557000308297,mse,0.0158975613416447,False
full_day,422->396,3222,20,bezier_ipopt,24.749036812980197,mse,0.0002171573072854,False
full_day,422->396,3222,20,bezier_nm,43.419567741046194,mse,0.2873003913346385,False
full_day,422->449,3222,20,bezier_pgd,0.0029565409640781,mse,2.096427241360049e-05,False
full_day,422->449,3222,20,bezier_ipopt,13.186184357036836,mse,7.715030194000025e-06,False
full_day,422->449,3222,20,bezier_nm,66.1989528319682,mse,0.0005689980538115,False
full_day,423->116,3222,20,bezier_pgd,0.0057835150510072,mse,0.0198393091628358,False
full_day,423->116,3222,20,bezier_ipopt,16.68354934704257,mse,0.0002714355881262,False
full_day,423->116,3222,20,bezier_nm,42.5893856069888,mse,0.2850523227230292,False
full_day,423->121,3222,20,bezier_pgd,0.0050481799989938,mse,0.0195198944622562,False
full_day,423->121,3222,20,bezier_ipopt,18.968567734002136,mse,0.000219725568745,False
full_day,423->121,3222,20,bezier_nm,41.32498016097816,mse,0.2909190055286794,False
full_day,423->330,3222,20,bezier_pgd,0.0060905340360477,mse,0.0002984670920795,False
full_day,423->330,3222,20,bezier_ipopt,20.61195966397645,mse,0.0001229195767297,False
full_day,423->330,3222,20,bezier_nm,79.95203789003426,mse,0.0016027523672464,False
full_day,424->504,3222,20,bezier_pgd,0.0038888909621164,mse,0.0016209871710236,False
full_day,424->504,3222,20,bezier_ipopt,23.46754352399148,mse,0.0001070978708668,False
full_day,424->504,3222,20,bezier_nm,44.60721009597182,mse,0.1689812691362302,False
full_day,424->507,3222,20,bezier_pgd,0.0045957369729876,mse,0.0121936830281431,False
full_day,424->507,3222,20,bezier_ipopt,19.014815962000284,mse,9.18792262123205e-05,False
full_day,424->507,3222,20,bezier_nm,42.31003990600584,mse,0.2704368672847152,False
full_day,425->289,3222,20,bezier_pgd,0.0051586760091595,mse,0.0007016063732108,False
full_day,425->289,3222,20,bezier_ipopt,19.323066419980023,mse,0.0001392603518503,False
full_day,425->289,3222,20,bezier_nm,45.456116480985656,mse,0.1257462434188062,False
full_day,425->331,3222,20,bezier_pgd,0.0045448989840224,mse,0.008822667660993,False
full_day,425->331,3222,20,bezier_ipopt,,mse,,True
full_day,425->331,3222,20,bezier_nm,43.3248668119777,mse,0.2493408550551022,False
full_day,425->93,3222,20,bezier_pgd,0.0027996850549243,mse,8.086081521264725e-06,False
full_day,425->93,3222,20,bezier_ipopt,14.781198151002172,mse,2.618895009423191e-06,False
full_day,425->93,3222,20,bezier_nm,60.33208931598347,mse,0.0002662217087929,False
full_day,426->217,3222,20,bezier_pgd,0.0057287300005555,mse,0.5588047728794086,False
full_day,426->217,3222,20,bezier_ipopt,22.85542749398155,mse,5.7723402680813e-06,False
full_day,426->217,3222,20,bezier_nm,41.14873236598214,mse,0.7644918636900477,False
full_day,426->375,3222,20,bezier_pgd,0.004392041999381,mse,0.1024046485100937,False
full_day,426->375,3222,20,bezier_ipopt,,mse,,True
full_day,426->375,3222,20,bezier_nm,43.02038848702796,mse,0.3709841777437059,False
full_day,426->429,3222,20,bezier_pgd,0.0051061770063824,mse,0.0074576567435587,False
full_day,426->429,3222,20,bezier_ipopt,,mse,,True
full_day,426->429,3222,20,bezier_nm,43.33756573102437,mse,0.2218523833320417,False
full_day,427->165,3222,20,bezier_pgd,0.0040546779637224,mse,0.000533492228109,False
full_day,427->165,3222,20,bezier_ipopt,36.30414358299458,mse,0.0001309889222627,False
full_day,427->165,3222,20,bezier_nm,45.24465374700958,mse,0.1221623154947711,False
full_day,427->300,3222,20,bezier_pgd,0.0054411999881267,mse,0.0117245386199712,False
full_day,427->300,3222,20,bezier_ipopt,21.605176698998548,mse,0.0001914189087547,False
full_day,427->300,3222,20,bezier_nm,42.9173541199998,mse,0.2688171361526254,False
full_day,427->399,3222,20,bezier_pgd,0.0045741070061922,mse,0.003704817650272,False
full_day,427->399,3222,20,bezier_ipopt,23.567162469029427,mse,0.0002194334515322,False
full_day,427->399,3222,20,bezier_nm,43.93805516598513,mse,0.2168257596310328,False
full_day,428->442,3222,20,bezier_pgd,0.0048917570384219,mse,0.0148004595599044,False
full_day,428->442,3222,20,bezier_ipopt,,mse,,True
full_day,428->442,3222,20,bezier_nm,43.51714707998326,mse,0.2951163554206742,False
full_day,428->508,3222,20,bezier_pgd,0.002886080997996,mse,1.5531132501337987e-05,False
full_day,428->508,3222,20,bezier_ipopt,17.775131972972304,mse,2.879249031245212e-06,False
full_day,428->508,3222,20,bezier_nm,63.72846160997869,mse,0.0003120469468413,False
full_day,428->76,3222,20,bezier_pgd,0.0051874439814127,mse,0.0111577361853772,False
full_day,428->76,3222,20,bezier_ipopt,,mse,,True
full_day,428->76,3222,20,bezier_nm,44.02814404299716,mse,0.2725220469047372,False
full_day,429->125,3222,20,bezier_pgd,0.0052403950248844,mse,0.0149713795679091,False
full_day,429->125,3222,20,bezier_ipopt,16.041688741010148,mse,0.00027725177524,False
full_day,429->125,3222,20,bezier_nm,44.37924974999624,mse,0.275442980417074,False
full_day,429->181,3222,20,bezier_pgd,0.0026703149778768,mse,9.295575175678653e-06,False
full_day,429->181,3222,20,bezier_ipopt,11.203262827009894,mse,2.822351068846151e-06,False
full_day,429->181,3222,20,bezier_nm,59.34315537899965,mse,0.0003195558216171,False
full_day,429->426,3222,20,bezier_pgd,0.0041446679970249,mse,0.0028122392837592,False
full_day,429->426,3222,20,bezier_ipopt,20.76384883496212,mse,0.0001937268938874,False
full_day,429->426,3222,20,bezier_nm,44.37850145803532,mse,0.23061929176921,False
full_day,43->42,3222,20,bezier_pgd,0.0049821660504676,mse,0.0008489182404916,False
full_day,43->42,3222,20,bezier_ipopt,,mse,,True
full_day,43->42,3222,20,bezier_nm,44.646215451008175,mse,0.1385536591995134,False
full_day,43->480,3222,20,bezier_pgd,0.0028949189581908,mse,1.1488394358839267e-05,False
full_day,43->480,3222,20,bezier_ipopt,12.619536971964408,mse,2.9488450769737475e-06,False
full_day,43->480,3222,20,bezier_nm,64.51529507397208,mse,0.0005381611710997,False
full_day,430->417,3222,20,bezier_pgd,0.0047199759865179,mse,0.0993328585980593,False
full_day,430->417,3222,20,bezier_ipopt,,mse,,True
full_day,430->417,3222,20,bezier_nm,42.33643476100406,mse,0.3149196709765295,False
full_day,430->418,3222,20,bezier_pgd,0.0035837179748341,mse,0.1813791531868137,False
full_day,430->418,3222,20,bezier_ipopt,18.666366455028765,mse,3.494071480344483e-05,False
full_day,430->418,3222,20,bezier_nm,42.74305808899226,mse,0.5751710754872232,False
full_day,430->77,3222,20,bezier_pgd,0.0027708859997801,mse,9.801597978463565e-06,False
full_day,430->77,3222,20,bezier_ipopt,13.32494990399573,mse,3.4164317609670093e-06,False
full_day,430->77,3222,20,bezier_nm,65.04948253300972,mse,8.63803181258193e-05,False
full_day,431->455,3222,20,bezier_pgd,0.0034135909518226,mse,0.1364483096311697,False
full_day,431->455,3222,20,bezier_ipopt,,mse,,True
full_day,431->455,3222,20,bezier_nm,42.315031880978495,mse,0.5359627977404341,False
full_day,431->496,3222,20,bezier_pgd,0.0045495200320146,mse,0.010121812722435,False
full_day,431->496,3222,20,bezier_ipopt,21.8327800789848,mse,0.0001754168910546,False
full_day,431->496,3222,20,bezier_nm,42.39767298701918,mse,0.2647900396258495,False
full_day,431->497,3222,20,bezier_pgd,0.00506985001266,mse,0.000540878818224,False
full_day,431->497,3222,20,bezier_ipopt,22.910131444979925,mse,0.0001442080701902,False
full_day,431->497,3222,20,bezier_nm,43.70672112796456,mse,0.2011285016894265,False
full_day,432->24,3222,20,bezier_pgd,0.0044697090052068,mse,0.0030661832816394,False
full_day,432->24,3222,20,bezier_ipopt,16.615080413001124,mse,0.0001359828317982,False
full_day,432->24,3222,20,bezier_nm,42.452019472955726,mse,0.2283033844251308,False
full_day,432->436,3222,20,bezier_pgd,0.0063250269740819,mse,0.0005293430297834,False
full_day,432->436,3222,20,bezier_ipopt,,mse,,True
full_day,432->436,3222,20,bezier_nm,43.0961791559821,mse,0.2421668170095518,False
full_day,432->438,3222,20,bezier_pgd,0.0063037970103323,mse,0.0059840971265546,False
full_day,432->438,3222,20,bezier_ipopt,20.443603880994488,mse,8.846699339540069e-05,False
full_day,432->438,3222,20,bezier_nm,42.70708398905117,mse,0.2658032234140957,False
full_day,433->182,3222,20,bezier_pgd,0.0036449219915084,mse,0.0001825484252473,False
full_day,433->182,3222,20,bezier_ipopt,,mse,,True
full_day,433->182,3222,20,bezier_nm,66.83446828799788,mse,0.0022215573776082,False
full_day,433->346,3222,20,bezier_pgd,0.0045598350116051,mse,0.0148750940553258,False
full_day,433->346,3222,20,bezier_ipopt,,mse,,True
full_day,433->346,3222,20,bezier_nm,42.48104561801301,mse,0.2975478416983822,False
full_day,433->368,3222,20,bezier_pgd,0.0041713370010256,mse,0.0111533487641914,False
full_day,433->368,3222,20,bezier_ipopt,15.714843823981935,mse,0.000162423674049,False
full_day,433->368,3222,20,bezier_nm,41.83660386502743,mse,0.2989252276287785,False
full_day,434->154,3222,20,bezier_pgd,0.004121588950511,mse,0.0032172073650653,False
full_day,434->154,3222,20,bezier_ipopt,19.390849876974244,mse,0.0003065300573405,False
full_day,434->154,3222,20,bezier_nm,43.814285814005416,mse,0.2071657829645722,False
full_day,434->262,3222,20,bezier_pgd,0.0047001870116218,mse,0.0112814540898685,False
full_day,434->262,3222,20,bezier_ipopt,30.36396024900023,mse,0.0001964804361691,False
full_day,434->262,3222,20,bezier_nm,42.0755527470028,mse,0.2711376902715962,False
full_day,434->40,6444,20,bezier_pgd,0.0047409829567186,mse,8.441818401292101e-06,False
full_day,434->40,6444,20,bezier_ipopt,23.60989373701159,mse,1.840548952046178e-06,False
full_day,434->40,6444,20,bezier_nm,123.46782563900342,mse,0.0003249809164099,False
full_day,435->10,3222,20,bezier_pgd,0.0042391260503791,mse,0.005682780985777,False
full_day,435->10,3222,20,bezier_ipopt,19.225067515973933,mse,0.0001623359152255,False
full_day,435->10,3222,20,bezier_nm,42.43815951095894,mse,0.2322754434454185,False
full_day,435->21,3222,20,bezier_pgd,0.0039267190149985,mse,0.0028364079173854,False
full_day,435->21,3222,20,bezier_ipopt,16.376997733023018,mse,0.0002850814459321,False
full_day,435->21,3222,20,bezier_nm,43.93888265400892,mse,0.2038042212842925,False
full_day,435->23,3222,20,bezier_pgd,0.0041667489567771,mse,0.003733921083979,False
full_day,435->23,3222,20,bezier_ipopt,34.73041344800731,mse,0.0001692357707645,False
full_day,435->23,3222,20,bezier_nm,42.755098171008285,mse,0.2452199339813932,False
full_day,435->537,3222,20,bezier_pgd,0.0040557790198363,mse,0.0083725476754213,False
full_day,435->537,3222,20,bezier_ipopt,17.59394686698215,mse,9.311089582620986e-05,False
full_day,435->537,3222,20,bezier_nm,42.36208736000117,mse,0.2374075899728889,False
full_day,436->432,3222,20,bezier_pgd,0.0048238100134767,mse,0.0002498986115719,False
full_day,436->432,3222,20,bezier_ipopt,19.16140577098122,mse,8.095229075776578e-05,False
full_day,436->432,3222,20,bezier_nm,43.859488262969535,mse,0.122675878055107,False
full_day,436->452,3222,20,bezier_pgd,0.0028248960152268,mse,9.684614056638996e-06,False
full_day,436->452,3222,20,bezier_ipopt,12.171615813975222,mse,4.15388521321288e-06,False
full_day,436->452,3222,20,bezier_nm,61.96049157599919,mse,0.0002897259971551,False
full_day,436->475,3222,20,bezier_pgd,0.0052702609682455,mse,0.000731311874399,False
full_day,436->475,3222,20,bezier_ipopt,,mse,,True
full_day,436->475,3222,20,bezier_nm,43.22643597400747,mse,0.2214649932643691,False
full_day,437->22,3222,20,bezier_pgd,0.0050042389775626,mse,0.0048683793281602,False
full_day,437->22,3222,20,bezier_ipopt,,mse,,True
full_day,437->22,3222,20,bezier_nm,43.81979453499662,mse,0.2386304540386803,False
full_day,437->392,3222,20,bezier_pgd,0.0040132570429705,mse,0.0005766681571347,False
full_day,437->392,3222,20,bezier_ipopt,,mse,,True
full_day,437->392,3222,20,bezier_nm,44.23587191599654,mse,0.0965921960236267,False
full_day,437->525,3222,20,bezier_pgd,0.0057608040515333,mse,0.0230281853933424,False
full_day,437->525,3222,20,bezier_ipopt,,mse,,True
full_day,437->525,3222,20,bezier_nm,45.64608835300896,mse,0.2825314243208431,False
full_day,437->536,3222,20,bezier_pgd,0.004219644004479,mse,0.0004961754692741,False
full_day,437->536,3222,20,bezier_ipopt,42.49470530601684,mse,0.000119223217681,False
full_day,437->536,3222,20,bezier_nm,44.94698397204047,mse,0.0868324017103608,False
full_day,438->172,3222,20,bezier_pgd,0.0055901979794725,mse,0.0104488789154717,False
full_day,438->172,3222,20,bezier_ipopt,,mse,,True
full_day,438->172,3222,20,bezier_nm,42.90791710698977,mse,0.2590580326686647,False
full_day,438->432,3222,20,bezier_pgd,0.0045656340080313,mse,0.0043353502587629,False
full_day,438->432,3222,20,bezier_ipopt,16.59856774803484,mse,0.0001502729598577,False
full_day,438->432,3222,20,bezier_nm,41.625108667998575,mse,0.2393864821302102,False
full_day,438->528,6444,20,bezier_pgd,0.0067548759980127,mse,0.0505580568049395,False
full_day,438->528,6444,20,bezier_ipopt,,mse,,True
full_day,438->528,6444,20,bezier_nm,87.15846317494288,mse,0.434761742776986,False
full_day,439->252,3222,20,bezier_pgd,0.0052645209943875,mse,0.0029603398816189,False
full_day,439->252,3222,20,bezier_ipopt,23.09710017702309,mse,9.941249391482136e-05,False
full_day,439->252,3222,20,bezier_nm,41.74754364800174,mse,0.2579459161471193,False
full_day,439->471,3222,20,bezier_pgd,0.0045112140360288,mse,0.008977413107161,False
full_day,439->471,3222,20,bezier_ipopt,17.85863520100247,mse,0.0002384199746483,False
full_day,439->471,3222,20,bezier_nm,42.66474333801307,mse,0.2510030818983462,False
full_day,44->480,3222,20,bezier_pgd,0.0028795810067094,mse,1.666893362984132e-05,False
full_day,44->480,3222,20,bezier_ipopt,11.77626951597631,mse,3.100310971667867e-06,False
full_day,44->480,3222,20,bezier_nm,62.476535369991325,mse,0.0003734659545287,False
full_day,44->529,3222,20,bezier_pgd,0.0054455649806186,mse,0.0149997989263123,False
full_day,44->529,3222,20,bezier_ipopt,,mse,,True
full_day,44->529,3222,20,bezier_nm,42.330086913949344,mse,0.2731481018183262,False
full_day,440->265,3222,20,bezier_pgd,0.004724868980702,mse,0.0066415204612409,False
full_day,440->265,3222,20,bezier_ipopt,16.11683042399818,mse,0.0001133211814623,False
full_day,440->265,3222,20,bezier_nm,42.006428028980736,mse,0.2546474266925689,False
full_day,440->283,3222,20,bezier_pgd,0.0041165559669025,mse,0.018116703681975,False
full_day,440->283,3222,20,bezier_ipopt,29.191164500953164,mse,0.0001461476636513,False
full_day,440->283,3222,20,bezier_nm,41.979814457008615,mse,0.2948878560651916,False
full_day,440->285,3222,20,bezier_pgd,0.0037663609837181,mse,0.0289854789975352,False
full_day,440->285,3222,20,bezier_ipopt,12.808636424015276,mse,3.098297029621099e-06,False
full_day,440->285,3222,20,bezier_nm,46.438918858009856,mse,0.4939806053048551,False
full_day,441->274,3222,20,bezier_pgd,0.0043701450340449,mse,0.0524877545803531,False
full_day,441->274,3222,20,bezier_ipopt,,mse,,True
full_day,441->274,3222,20,bezier_nm,42.03719664399978,mse,0.3153779302388903,False
full_day,441->332,3222,20,bezier_pgd,0.0038853849982842,mse,0.0202769191952575,False
full_day,441->332,3222,20,bezier_ipopt,,mse,,True
full_day,441->332,3222,20,bezier_nm,44.36754695296986,mse,0.3458084471850247,False
full_day,441->535,3222,20,bezier_pgd,0.0043088429956696,mse,0.0205310025581005,False
full_day,441->535,3222,20,bezier_ipopt,,mse,,True
full_day,441->535,3222,20,bezier_nm,44.71905435697408,mse,0.3689198325288137,False
full_day,442->372,3222,20,bezier_pgd,0.0042741749784909,mse,0.0102181200118972,False
full_day,442->372,3222,20,bezier_ipopt,25.498740690993145,mse,0.0012899542653743,False
full_day,442->372,3222,20,bezier_nm,42.06995792000089,mse,0.2995468125540173,False
full_day,442->428,3222,20,bezier_pgd,0.0043006250052712,mse,0.0025082829106269,False
full_day,442->428,3222,20,bezier_ipopt,17.901015466020908,mse,0.0002280586033309,False
full_day,442->428,3222,20,bezier_nm,44.36698107898701,mse,0.229488820764548,False
full_day,442->445,3222,20,bezier_pgd,0.0052185259992256,mse,0.0148004595599044,False
full_day,442->445,3222,20,bezier_ipopt,,mse,,True
full_day,442->445,3222,20,bezier_nm,44.65437926695449,mse,0.2950927128288178,False
full_day,442->508,3222,20,bezier_pgd,0.0046896829735487,mse,0.0067825303993968,False
full_day,442->508,3222,20,bezier_ipopt,142.43019833404105,mse,0.0834764426156434,False
full_day,442->508,3222,20,bezier_nm,45.4149351939559,mse,0.288000715171847,False
full_day,443->452,3222,20,bezier_pgd,0.0036643039784394,mse,0.0187584729486331,False
full_day,443->452,3222,20,bezier_ipopt,,mse,,True
full_day,443->452,3222,20,bezier_nm,46.29199436795898,mse,0.0426106527934871,False
full_day,443->461,3222,20,bezier_pgd,0.0049127079546451,mse,0.0025348809927058,False
full_day,443->461,3222,20,bezier_ipopt,19.382822462997865,mse,0.0002522035626168,False
full_day,443->461,3222,20,bezier_nm,46.39386303402716,mse,0.2329057919935218,False
full_day,443->530,3222,20,bezier_pgd,0.0058685790281742,mse,0.0121689413413224,False
full_day,443->530,3222,20,bezier_ipopt,,mse,,True
full_day,443->530,3222,20,bezier_nm,48.76921791199129,mse,0.336930514688764,False
full_day,444->136,3222,20,bezier_pgd,0.004714323033113,mse,0.0142412395802974,False
full_day,444->136,3222,20,bezier_ipopt,23.504460232972637,mse,0.0002501603684016,False
full_day,444->136,3222,20,bezier_nm,44.88210423401324,mse,0.2581126991650711,False
full_day,444->270,3222,20,bezier_pgd,0.0061517300200648,mse,0.012794325645382,False
full_day,444->270,3222,20,bezier_ipopt,19.90998909098562,mse,0.000264105097797,False
full_day,444->270,3222,20,bezier_nm,50.41405094502261,mse,0.2554700261538924,False
full_day,444->352,3222,20,bezier_pgd,0.0054184939945116,mse,0.0033916705564891,False
full_day,444->352,3222,20,bezier_ipopt,21.95436673599761,mse,0.0001355834001023,False
full_day,444->352,3222,20,bezier_nm,47.401288757973816,mse,0.2525422247716202,False
full_day,444->481,3222,20,bezier_pgd,0.0047488480340689,mse,0.0032777582155421,False
full_day,444->481,3222,20,bezier_ipopt,25.129237753048077,mse,0.000136471240388,False
full_day,444->481,3222,20,bezier_nm,43.30719270801637,mse,0.2311860979602271,False
full_day,445->442,3222,20,bezier_pgd,0.0044987329747527,mse,0.0025082829106269,False
full_day,445->442,3222,20,bezier_ipopt,16.57981863099849,mse,0.0002280587545139,False
full_day,445->442,3222,20,bezier_nm,43.34943367296364,mse,0.2301105959748223,False
full_day,445->446,3222,20,bezier_pgd,0.0047096660127863,mse,0.0107913642218315,False
full_day,445->446,3222,20,bezier_ipopt,20.41341624798952,mse,0.0001537698303645,False
full_day,445->446,3222,20,bezier_nm,42.39550432399847,mse,0.2781585954750452,False
full_day,445->515,3222,20,bezier_pgd,0.0055674890172667,mse,0.0008417771291115,False
full_day,445->515,3222,20,bezier_ipopt,,mse,,True
full_day,445->515,3222,20,bezier_nm,47.45262568100589,mse,0.0843963523912995,False
full_day,445->528,3222,20,bezier_pgd,0.0057018569787032,mse,0.0148004595599044,False
full_day,445->528,3222,20,bezier_ipopt,,mse,,True
full_day,445->528,3222,20,bezier_nm,43.11111134500243,mse,0.294959148073815,False
full_day,446->24,3222,20,bezier_pgd,0.0041863420046865,mse,0.0057291370392977,False
full_day,446->24,3222,20,bezier_ipopt,17.27371794800274,mse,0.0001724368542324,False
full_day,446->24,3222,20,bezier_nm,47.063649640011135,mse,0.2457305648931279,False
full_day,446->393,3222,20,bezier_pgd,0.0059816050343215,mse,0.0113133724391988,False
full_day,446->393,3222,20,bezier_ipopt,22.04602355300449,mse,0.0001585300666372,False
full_day,446->393,3222,20,bezier_nm,47.03061834402615,mse,0.2709560708458786,False
full_day,446->445,3222,20,bezier_pgd,0.0043560320045799,mse,0.0008417771291116,False
full_day,446->445,3222,20,bezier_ipopt,23.679347724013496,mse,7.806602457406618e-05,False
full_day,446->445,3222,20,bezier_nm,46.55284971097717,mse,0.0867106871482804,False
full_day,446->508,3222,20,bezier_pgd,0.0047474079765379,mse,0.0030661832816393,False
full_day,446->508,3222,20,bezier_ipopt,20.298679122002795,mse,0.000135983240222,False
full_day,446->508,3222,20,bezier_nm,42.98926494899206,mse,0.2304047476970923,False
full_day,447->153,3222,20,bezier_pgd,0.0041753690456971,mse,0.0106596393256721,False
full_day,447->153,3222,20,bezier_ipopt,19.54547273903154,mse,0.0002047421586176,False
full_day,447->153,3222,20,bezier_nm,41.698593681969214,mse,0.2601608417068847,False
full_day,447->327,3222,20,bezier_pgd,0.0050323010073043,mse,0.0019130044078215,False
full_day,447->327,3222,20,bezier_ipopt,,mse,,True
full_day,447->327,3222,20,bezier_nm,43.98002166999504,mse,0.2109991055551522,False
full_day,447->41,6444,20,bezier_pgd,0.0050006019882857,mse,8.963314842427278e-06,False
full_day,447->41,6444,20,bezier_ipopt,22.56621547299437,mse,1.2415354509887963e-06,False
full_day,447->41,6444,20,bezier_nm,125.21152190701105,mse,0.0004436224601443,False
full_day,448->337,3222,20,bezier_pgd,0.0044041749788448,mse,0.0130837927747167,False
full_day,448->337,3222,20,bezier_ipopt,21.229677318013277,mse,0.0002603371766974,False
full_day,448->337,3222,20,bezier_nm,41.862295920960605,mse,0.2938939262890312,False
full_day,448->449,3222,20,bezier_pgd,0.0026264800108037,mse,1.035015321803099e-05,False
full_day,448->449,3222,20,bezier_ipopt,12.034569334995467,mse,1.9769037881151e-06,False
full_day,448->449,3222,20,bezier_nm,65.37329164805124,mse,0.0003695743350884,False
full_day,448->45,3222,20,bezier_pgd,0.0026653460226953,mse,1.0694420483461283e-05,False
full_day,448->45,3222,20,bezier_ipopt,14.888189949968364,mse,2.0118011347842767e-06,False
full_day,448->45,3222,20,bezier_nm,66.60571729304502,mse,0.0002759301754429,False
full_day,448->93,3222,20,bezier_pgd,0.0032218679552897,mse,1.3131377166975352e-05,False
full_day,448->93,3222,20,bezier_ipopt,15.142108378000556,mse,2.9682466347757045e-06,False
full_day,448->93,3222,20,bezier_nm,71.23364405694883,mse,0.0004728815814894,False
full_day,449->422,3222,20,bezier_pgd,0.0031370719661936,mse,1.3050214970198262e-05,False
full_day,449->422,3222,20,bezier_ipopt,12.833807166025508,mse,3.521260878519344e-06,False
full_day,449->422,3222,20,bezier_nm,75.53380162402755,mse,0.0003447790825302,False
full_day,449->448,3222,20,bezier_pgd,0.0039462699787691,mse,0.1470734992467844,False
full_day,449->448,3222,20,bezier_ipopt,20.912288650055416,mse,7.710094743936508e-06,False
full_day,449->448,3222,20,bezier_nm,45.036869606992695,mse,0.4887136219383762,False
full_day,449->49,3222,20,bezier_pgd,0.002774316992145,mse,1.1590884299324615e-05,False
full_day,449->49,3222,20,bezier_ipopt,15.065437877026852,mse,4.5367243751474e-06,False
full_day,449->49,3222,20,bezier_nm,69.9668626000057,mse,0.0003399087338779,False
full_day,449->57,3222,20,bezier_pgd,0.003004819038324,mse,5.954601983942998e-06,False
full_day,449->57,3222,20,bezier_ipopt,13.992450541001745,mse,2.6552953080650595e-06,False
full_day,449->57,3222,20,bezier_nm,66.468922068947,mse,0.0002732764878983,False
full_day,45->448,3222,20,bezier_pgd,0.0027819440001621,mse,9.20779769913165e-06,False
full_day,45->448,3222,20,bezier_ipopt,14.265860029030591,mse,3.1690545726199576e-06,False
full_day,45->448,3222,20,bezier_nm,63.73885666002752,mse,0.0002515488556909,False
full_day,45->61,3222,20,bezier_pgd,0.0027658840408548,mse,1.3211148292285264e-05,False
full_day,45->61,3222,20,bezier_ipopt,9.959947911964264,mse,4.123437082483212e-06,False
full_day,45->61,3222,20,bezier_nm,64.44949743099278,mse,0.0004173237867231,False
full_day,450->130,3222,20,bezier_pgd,0.0049785919836722,mse,0.0788031579230936,False
full_day,450->130,3222,20,bezier_ipopt,,mse,,True
full_day,450->130,3222,20,bezier_nm,40.94685876194853,mse,0.3074556478928518,False
full_day,450->414,3222,20,bezier_pgd,0.0051041999831795,mse,0.0011671698661757,False
full_day,450->414,3222,20,bezier_ipopt,73.378098117013,mse,0.0002254794356812,False
full_day,450->414,3222,20,bezier_nm,43.804788656998426,mse,0.1791442446497762,False
full_day,450->60,3222,20,bezier_pgd,0.003047623031307,mse,2.7684163095640788e-05,False
full_day,450->60,3222,20,bezier_ipopt,22.24152735102689,mse,2.229698861625076e-06,False
full_day,450->60,3222,20,bezier_nm,66.89691759797279,mse,0.0005116533392328,False
full_day,450->66,3222,20,bezier_pgd,0.0027860879781655,mse,7.90557331006441e-06,False
full_day,450->66,3222,20,bezier_ipopt,14.896945625019724,mse,3.885197064664142e-06,False
full_day,450->66,3222,20,bezier_nm,67.01889899600064,mse,0.0001090312502984,False
full_day,451->16,3222,20,bezier_pgd,0.0028174329781904,mse,1.0984082581521193e-05,False
full_day,451->16,3222,20,bezier_ipopt,10.944929484976456,mse,4.632029042371879e-06,False
full_day,451->16,3222,20,bezier_nm,68.73704946500948,mse,9.487449644158704e-05,False
full_day,451->224,3222,20,bezier_pgd,0.0046686369460076,mse,0.0116213278581429,False
full_day,451->224,3222,20,bezier_ipopt,,mse,,True
full_day,451->224,3222,20,bezier_nm,44.06222494202666,mse,0.26653306674121,False
full_day,451->247,3222,20,bezier_pgd,0.0041276060510426,mse,0.0010868030899734,False
full_day,451->247,3222,20,bezier_ipopt,,mse,,True
full_day,451->247,3222,20,bezier_nm,43.44928767200327,mse,0.1833605043037309,False
full_day,451->417,3222,20,bezier_pgd,0.0027214389992877,mse,8.77589411940962e-06,False
full_day,451->417,3222,20,bezier_ipopt,10.207450289046392,mse,3.599210649978737e-06,False
full_day,451->417,3222,20,bezier_nm,62.37075763900066,mse,0.000271053283236,False
full_day,452->172,3222,20,bezier_pgd,0.0044874509912915,mse,0.0041972383186879,False
full_day,452->172,3222,20,bezier_ipopt,18.214685523009397,mse,0.0001222255715497,False
full_day,452->172,3222,20,bezier_nm,42.4308491940028,mse,0.2427367985736731,False
full_day,452->387,3222,20,bezier_pgd,0.0041739759617485,mse,0.0013586561694315,False
full_day,452->387,3222,20,bezier_ipopt,,mse,,True
full_day,452->387,3222,20,bezier_nm,49.19480461900821,mse,0.1377552084606617,False
full_day,452->436,3222,20,bezier_pgd,0.0031114979647099,mse,8.435987393012088e-06,False
full_day,452->436,3222,20,bezier_ipopt,11.89769490697654,mse,2.471212464905029e-06,False
full_day,452->436,3222,20,bezier_nm,72.69960118597373,mse,0.0003222175041123,False
full_day,452->443,3222,20,bezier_pgd,0.0068191300379112,mse,0.0121689413413224,False
full_day,452->443,3222,20,bezier_ipopt,,mse,,True
full_day,452->443,3222,20,bezier_nm,49.142444608034566,mse,0.3351454472799052,False
full_day,453->124,3222,20,bezier_pgd,0.0046757410163991,mse,0.0044294334650715,False
full_day,453->124,3222,20,bezier_ipopt,27.764134110999294,mse,0.0001687753737748,False
full_day,453->124,3222,20,bezier_nm,45.15983458800474,mse,0.2455190017403847,False
full_day,453->226,3222,20,bezier_pgd,0.0045165549963712,mse,0.01068111003909,False
full_day,453->226,3222,20,bezier_ipopt,25.87064455798827,mse,0.0002403580469222,False
full_day,453->226,3222,20,bezier_nm,44.3223650539876,mse,0.2621847367506604,False
full_day,453->277,3222,20,bezier_pgd,0.005316522961948,mse,0.0142550694156444,False
full_day,453->277,3222,20,bezier_ipopt,20.944003062031697,mse,0.0002327022343266,False
full_day,453->277,3222,20,bezier_nm,48.06527707801433,mse,0.2821700304534255,False
full_day,453->81,3222,20,bezier_pgd,0.0028605639818124,mse,7.79197678820167e-06,False
full_day,453->81,3222,20,bezier_ipopt,12.69602702598786,mse,2.4159147522364422e-06,False
full_day,453->81,3222,20,bezier_nm,66.83502380899154,mse,0.0003170407005026,False
full_day,454->187,3222,20,bezier_pgd,0.0058273739996366,mse,0.011223441188661,False
full_day,454->187,3222,20,bezier_ipopt,71.9032052810071,mse,0.0001609295458594,False
full_day,454->187,3222,20,bezier_nm,41.6876589480089,mse,0.2859776804634519,False
full_day,454->357,3222,20,bezier_pgd,0.0046139399637468,mse,0.0044436360907971,False
full_day,454->357,3222,20,bezier_ipopt,,mse,,True
full_day,454->357,3222,20,bezier_nm,48.012598472996615,mse,0.2460257069484458,False
full_day,454->374,3222,20,bezier_pgd,0.0044641490094363,mse,0.0156718739220841,False
full_day,454->374,3222,20,bezier_ipopt,,mse,,True
full_day,454->374,3222,20,bezier_nm,47.45566032797797,mse,0.3037276598224558,False
full_day,454->4,3222,20,bezier_pgd,0.0027214650181122,mse,1.411639862236493e-05,False
full_day,454->4,3222,20,bezier_ipopt,13.118316727981435,mse,8.811530722694996e-06,False
full_day,454->4,3222,20,bezier_nm,66.0414594860049,mse,0.0002993195235535,False
full_day,455->324,3222,20,bezier_pgd,0.0052538749878294,mse,0.0133441723354792,False
full_day,455->324,3222,20,bezier_ipopt,26.73888212098973,mse,0.000249517956171,False
full_day,455->324,3222,20,bezier_nm,46.08816291898256,mse,0.2765142573704053,False
full_day,455->431,3222,20,bezier_pgd,0.0029771219706162,mse,8.554987005933279e-06,False
full_day,455->431,3222,20,bezier_ipopt,11.954138508008327,mse,2.576652038509491e-06,False
full_day,455->431,3222,20,bezier_nm,69.24327744898619,mse,0.0004236679072866,False
full_day,455->496,3222,20,bezier_pgd,0.0065832409891299,mse,0.0223151482609625,False
full_day,455->496,3222,20,bezier_ipopt,16.349586663010996,mse,0.0003599938786192,False
full_day,455->496,3222,20,bezier_nm,46.22949674696429,mse,0.2931045084250053,False
full_day,455->98,3222,20,bezier_pgd,0.0030596459982916,mse,1.1987515042858382e-05,False
full_day,455->98,3222,20,bezier_ipopt,10.701389618974645,mse,4.069978043915419e-06,False
full_day,455->98,3222,20,bezier_nm,63.41958742495626,mse,0.0003928061455181,False
full_day,456->238,3222,20,bezier_pgd,0.0053474010201171,mse,0.0122740831044575,False
full_day,456->238,3222,20,bezier_ipopt,21.91754779702751,mse,0.0001637449251122,False
full_day,456->238,3222,20,bezier_nm,43.203103157982696,mse,0.2858709048983428,False
full_day,456->347,3222,20,bezier_pgd,0.0044745549676008,mse,0.0052071339815717,False
full_day,456->347,3222,20,bezier_ipopt,19.38604640698759,mse,0.0002084156271007,False
full_day,456->347,3222,20,bezier_nm,42.67810878402088,mse,0.2491011143032015,False
full_day,456->98,3222,20,bezier_pgd,0.0028298819670453,mse,1.2599474277357876e-05,False
full_day,456->98,3222,20,bezier_ipopt,11.465040370996576,mse,3.1631649731077404e-06,False
full_day,456->98,3222,20,bezier_nm,61.22688260598807,mse,0.0003994917759597,False
full_day,456->99,3222,20,bezier_pgd,0.0027161809848621,mse,1.5415603809642054e-05,False
full_day,456->99,3222,20,bezier_ipopt,13.391910183010625,mse,2.777509609178844e-06,False
full_day,456->99,3222,20,bezier_nm,61.266939268040005,mse,0.0003858013270027,False
full_day,457->101,3222,20,bezier_pgd,0.0028260339749976,mse,1.629976693313554e-05,False
full_day,457->101,3222,20,bezier_ipopt,16.15826613799436,mse,1.9873758994533623e-06,False
full_day,457->101,3222,20,bezier_nm,63.61467293900205,mse,0.0003934220737824,False
full_day,457->131,3222,20,bezier_pgd,0.004327573988121,mse,0.0078211572146357,False
full_day,457->131,3222,20,bezier_ipopt,20.76637261698488,mse,0.0001737485138051,False
full_day,457->131,3222,20,bezier_nm,42.20876165002119,mse,0.2629785976696431,False
full_day,457->481,3222,20,bezier_pgd,0.0057650980306789,mse,0.0064036569782552,False
full_day,457->481,3222,20,bezier_ipopt,23.5804139150423,mse,0.000142569793997,False
full_day,457->481,3222,20,bezier_nm,42.95306359604001,mse,0.2717374249086881,False
full_day,457->524,3222,20,bezier_pgd,0.0027764459955506,mse,1.4693537331118446e-05,False
full_day,457->524,3222,20,bezier_ipopt,17.592492080002557,mse,2.6778307533159006e-06,False
full_day,457->524,3222,20,bezier_nm,67.21838414197555,mse,0.0003414808536175,False
full_day,458->19,3222,20,bezier_pgd,0.0028044190257787,mse,8.052036488878047e-06,False
full_day,458->19,3222,20,bezier_ipopt,16.39176937501179,mse,2.7478315445967862e-06,False
full_day,458->19,3222,20,bezier_nm,69.4607621479663,mse,6.524759792717295e-05,False
full_day,458->295,3222,20,bezier_pgd,0.0041922839591279,mse,0.002732953936248,False
full_day,458->295,3222,20,bezier_ipopt,20.980452371004503,mse,0.0001651780828719,False
full_day,458->295,3222,20,bezier_nm,47.62406332901446,mse,0.1456937391462441,False
full_day,458->314,3222,20,bezier_pgd,0.0048249299870803,mse,0.0014952950507164,False
full_day,458->314,3222,20,bezier_ipopt,,mse,,True
full_day,458->314,3222,20,bezier_nm,48.17185331200017,mse,0.1802109916456136,False
full_day,458->506,3222,20,bezier_pgd,0.0043000709847547,mse,0.0116914378380299,False
full_day,458->506,3222,20,bezier_ipopt,,mse,,True
full_day,458->506,3222,20,bezier_nm,42.94029799901182,mse,0.3168733607427816,False
full_day,459->115,3222,20,bezier_pgd,0.0060547209577634,mse,0.0157307435235214,False
full_day,459->115,3222,20,bezier_ipopt,,mse,,True
full_day,459->115,3222,20,bezier_nm,44.36177941597998,mse,0.2978932855529314,False
full_day,459->295,3222,20,bezier_pgd,0.0043216990306973,mse,0.0023629651008287,False
full_day,459->295,3222,20,bezier_ipopt,,mse,,True
full_day,459->295,3222,20,bezier_nm,46.06446404499002,mse,0.169595852182727,False
full_day,459->395,3222,20,bezier_pgd,0.0053160929819568,mse,0.0144691943031058,False
full_day,459->395,3222,20,bezier_ipopt,,mse,,True
full_day,459->395,3222,20,bezier_nm,47.88383208995219,mse,0.2977183596384794,False
full_day,459->469,3222,20,bezier_pgd,0.0051365969702601,mse,0.0017536229291519,False
full_day,459->469,3222,20,bezier_ipopt,,mse,,True
full_day,459->469,3222,20,bezier_nm,44.19996884802822,mse,0.1917223388023934,False
full_day,46->47,3222,20,bezier_pgd,0.002709673019126,mse,6.275344522081978e-06,False
full_day,46->47,3222,20,bezier_ipopt,10.404474969021976,mse,2.125161741368925e-06,False
full_day,46->47,3222,20,bezier_nm,63.82389763899846,mse,0.000272950395312,False
full_day,46->75,3222,20,bezier_pgd,0.0026416619657538,mse,9.057844632417043e-06,False
full_day,46->75,3222,20,bezier_ipopt,17.0871515290346,mse,2.01938517704109e-06,False
full_day,46->75,3222,20,bezier_nm,62.38279990898445,mse,0.000281278442544,False
full_day,460->117,3222,20,bezier_pgd,0.0073066549957729,mse,0.013376326407591,False
full_day,460->117,3222,20,bezier_ipopt,22.277239350019958,mse,0.000185813237331,False
full_day,460->117,3222,20,bezier_nm,44.39957335096551,mse,0.2865939161983311,False
full_day,460->248,3222,20,bezier_pgd,0.0041376320295967,mse,0.0004992270754634,False
full_day,460->248,3222,20,bezier_ipopt,24.57183873601025,mse,0.0001542589548428,False
full_day,460->248,3222,20,bezier_nm,46.67400150705362,mse,0.1216118803745083,False
full_day,460->279,3222,20,bezier_pgd,0.0052131720003671,mse,0.008852793655616,False
full_day,460->279,3222,20,bezier_ipopt,21.032177687971853,mse,0.0001349115651167,False
full_day,460->279,3222,20,bezier_nm,42.83811252698069,mse,0.2662719620079228,False
full_day,460->306,3222,20,bezier_pgd,0.0043714399798773,mse,0.0035701944098098,False
full_day,460->306,3222,20,bezier_ipopt,20.157839803025126,mse,0.0001911144191319,False
full_day,460->306,3222,20,bezier_nm,44.50321801000973,mse,0.2072143100173585,False
full_day,461->20,3222,20,bezier_pgd,0.0043400130234658,mse,0.0036412916988591,False
full_day,461->20,3222,20,bezier_ipopt,18.371354771021288,mse,0.0002083192904606,False
full_day,461->20,3222,20,bezier_nm,43.03685825696448,mse,0.2511293637737796,False
full_day,461->523,3222,20,bezier_pgd,0.0056296689435839,mse,0.0141822228861265,False
full_day,461->523,3222,20,bezier_ipopt,,mse,,True
full_day,461->523,3222,20,bezier_nm,43.69743017503061,mse,0.293039581701988,False
full_day,462->120,3222,20,bezier_pgd,0.0042586249765008,mse,0.0004986171971921,False
full_day,462->120,3222,20,bezier_ipopt,24.26919647102477,mse,0.0001828240365535,False
full_day,462->120,3222,20,bezier_nm,44.12821549200453,mse,0.093132860904682,False
full_day,462->310,3222,20,bezier_pgd,0.0050279119750484,mse,0.0099069113445119,False
full_day,462->310,3222,20,bezier_ipopt,19.85381757299183,mse,0.0001632333267203,False
full_day,462->310,3222,20,bezier_nm,42.70438323699637,mse,0.2738261717287472,False
full_day,462->368,3222,20,bezier_pgd,0.0049579589976929,mse,0.0160784023291307,False
full_day,462->368,3222,20,bezier_ipopt,19.04107199399732,mse,0.0002143263512508,False
full_day,462->368,3222,20,bezier_nm,42.49987824301934,mse,0.282921655520972,False
full_day,462->404,3222,20,bezier_pgd,0.0040884919581003,mse,0.0042617700921137,False
full_day,462->404,3222,20,bezier_ipopt,18.91443874099059,mse,0.000202105601571,False
full_day,462->404,3222,20,bezier_nm,45.31982415198581,mse,0.2030951781756789,False
full_day,463->123,3222,20,bezier_pgd,0.0043895510025322,mse,0.0076730158403504,False
full_day,463->123,3222,20,bezier_ipopt,19.13494117901428,mse,0.0002099878631727,False
full_day,463->123,3222,20,bezier_nm,43.9227297710022,mse,0.245438931381995,False
full_day,463->309,3222,20,bezier_pgd,0.0058840209967456,mse,0.008557433199853,False
full_day,463->309,3222,20,bezier_ipopt,21.70735559699824,mse,0.0001329838084787,False
full_day,463->309,3222,20,bezier_nm,44.132666416990105,mse,0.2768616455499922,False
full_day,463->359,3222,20,bezier_pgd,0.0039778389618732,mse,0.0009493882830699,False
full_day,463->359,3222,20,bezier_ipopt,,mse,,True
full_day,463->359,3222,20,bezier_nm,55.47115108795697,mse,0.154944564340871,False
full_day,463->402,3222,20,bezier_pgd,0.0048414469929412,mse,0.0004381156360085,False
full_day,463->402,3222,20,bezier_ipopt,23.569868421996944,mse,0.0001362935805754,False
full_day,463->402,3222,20,bezier_nm,47.63713478296995,mse,0.156681186768935,False
full_day,464->126,3222,20,bezier_pgd,0.0045326969702728,mse,0.0007695872506917,False
full_day,464->126,3222,20,bezier_ipopt,19.45930681895697,mse,0.0001938415670965,False
full_day,464->126,3222,20,bezier_nm,47.59727368201129,mse,0.1572993340386846,False
full_day,464->162,3222,20,bezier_pgd,0.0042463130084797,mse,0.0062088830460984,False
full_day,464->162,3222,20,bezier_ipopt,22.192202762002125,mse,9.592262522884243e-05,False
full_day,464->162,3222,20,bezier_nm,43.846803196007386,mse,0.2487000077916458,False
full_day,464->342,3222,20,bezier_pgd,0.0052110489923506,mse,0.0123193679804081,False
full_day,464->342,3222,20,bezier_ipopt,24.23868492100155,mse,0.0001666006259903,False
full_day,464->342,3222,20,bezier_nm,45.47516615601489,mse,0.2715276928749833,False
full_day,464->378,3222,20,bezier_pgd,0.0054704599897377,mse,0.0171030873086114,False
full_day,464->378,3222,20,bezier_ipopt,28.340200065053068,mse,0.000323680521405,False
full_day,464->378,3222,20,bezier_nm,42.75478618498892,mse,0.2772640878945915,False
full_day,465->128,3222,20,bezier_pgd,0.0044546979479491,mse,0.0026537671232377,False
full_day,465->128,3222,20,bezier_ipopt,18.84789889602689,mse,0.0001616417363637,False
full_day,465->128,3222,20,bezier_nm,44.95172540697968,mse,0.2053325401503272,False
full_day,465->273,3222,20,bezier_pgd,0.0051379980286583,mse,0.0047020485634632,False
full_day,465->273,3222,20,bezier_ipopt,16.92312833899632,mse,0.0001137406538415,False
full_day,465->273,3222,20,bezier_nm,45.19982080295449,mse,0.2425668660228328,False
full_day,465->298,3222,20,bezier_pgd,0.0042069419869221,mse,0.027748102344983,False
full_day,465->298,3222,20,bezier_ipopt,,mse,,True
full_day,465->298,3222,20,bezier_nm,40.95016573299654,mse,0.2979740382412993,False
full_day,465->362,3222,20,bezier_pgd,0.0044297230197116,mse,0.0219366321932452,False
full_day,465->362,3222,20,bezier_ipopt,26.234474692028016,mse,0.0002864159713825,False
full_day,465->362,3222,20,bezier_nm,43.72515974700218,mse,0.3091208046678037,False
full_day,466->137,3222,20,bezier_pgd,0.0039360749651677,mse,0.0003887613460228,False
full_day,466->137,3222,20,bezier_ipopt,21.18895977298962,mse,0.0002002333476369,False
full_day,466->137,3222,20,bezier_nm,44.263350315974094,mse,0.1157939784371665,False
full_day,466->331,3222,20,bezier_pgd,0.0048008260200731,mse,0.0140818068236587,False
full_day,466->331,3222,20,bezier_ipopt,27.173855157976504,mse,0.000119133787731,False
full_day,466->331,3222,20,bezier_nm,41.73966702102916,mse,0.2945457673625511,False
full_day,466->336,3222,20,bezier_pgd,0.0044309680233709,mse,0.0142482330989353,False
full_day,466->336,3222,20,bezier_ipopt,23.384605339029804,mse,0.0002011414842777,False
full_day,466->336,3222,20,bezier_nm,42.36378185095964,mse,0.2686103532796989,False
full_day,466->339,3222,20,bezier_pgd,0.0054227950167842,mse,0.0120231921995065,False
full_day,466->339,3222,20,bezier_ipopt,,mse,,True
full_day,466->339,3222,20,bezier_nm,46.97031391900964,mse,0.2727735396595403,False
full_day,467->138,3222,20,bezier_pgd,0.0089472000254318,mse,0.0188002305673708,False
full_day,467->138,3222,20,bezier_ipopt,,mse,,True
full_day,467->138,3222,20,bezier_nm,49.09414698998444,mse,0.2258140430916312,False
full_day,467->337,3222,20,bezier_pgd,0.0047910840366967,mse,0.0124381401485411,False
full_day,467->337,3222,20,bezier_ipopt,,mse,,True
full_day,467->337,3222,20,bezier_nm,46.95055986003717,mse,0.2897430283610446,False
full_day,467->339,3222,20,bezier_pgd,0.0042640420142561,mse,0.0003302603605047,False
full_day,467->339,3222,20,bezier_ipopt,23.498925469000824,mse,0.0002133286369382,False
full_day,467->339,3222,20,bezier_nm,52.51874064200092,mse,0.090717897844617,False
full_day,467->349,3222,20,bezier_pgd,0.0064778240048326,mse,0.0022504196042363,False
full_day,467->349,3222,20,bezier_ipopt,,mse,,True
full_day,467->349,3222,20,bezier_nm,50.8912613579887,mse,0.2211942292576364,False
full_day,468->139,3222,20,bezier_pgd,0.0061280609806999,mse,0.0164858445288872,False
full_day,468->139,3222,20,bezier_ipopt,21.31583804899128,mse,0.0002090376286121,False
full_day,468->139,3222,20,bezier_nm,48.80958207900403,mse,0.2915989675251742,False
full_day,468->264,3222,20,bezier_pgd,0.0055498849833384,mse,0.001119261623645,False
full_day,468->264,3222,20,bezier_ipopt,25.47549868497299,mse,0.0001684569260143,False
full_day,468->264,3222,20,bezier_nm,50.76996213005623,mse,0.1935448483246314,False
full_day,468->286,3222,20,bezier_pgd,0.004962143022567,mse,0.0002663340410325,False
full_day,468->286,3222,20,bezier_ipopt,,mse,,True
full_day,468->286,3222,20,bezier_nm,46.000662654987536,mse,0.0810362782234331,False
full_day,468->346,3222,20,bezier_pgd,0.0052047789795324,mse,0.0111147129579345,False
full_day,468->346,3222,20,bezier_ipopt,,mse,,True
full_day,468->346,3222,20,bezier_nm,45.44375475897687,mse,0.2770673455025538,False
full_day,469->140,3222,20,bezier_pgd,0.0056790989474393,mse,0.0212971795881114,False
full_day,469->140,3222,20,bezier_ipopt,,mse,,True
full_day,469->140,3222,20,bezier_nm,42.920750291028526,mse,0.2972121251861809,False
full_day,469->156,3222,20,bezier_pgd,0.0045243630302138,mse,0.0151387221481315,False
full_day,469->156,3222,20,bezier_ipopt,,mse,,True
full_day,469->156,3222,20,bezier_nm,42.896417014009785,mse,0.288715075899142,False
full_day,469->211,3222,20,bezier_pgd,0.0050819470197893,mse,0.002010556717936,False
full_day,469->211,3222,20,bezier_ipopt,22.08976533601526,mse,0.000260135618302,False
full_day,469->211,3222,20,bezier_nm,43.39722752798116,mse,0.1745618476831236,False
full_day,469->459,3222,20,bezier_pgd,0.0044992300099693,mse,0.0039699065820388,False
full_day,469->459,3222,20,bezier_ipopt,,mse,,True
full_day,469->459,3222,20,bezier_nm,44.92267391696805,mse,0.2267610535749172,False
full_day,47->46,3222,20,bezier_pgd,0.0026620040298439,mse,9.872996351960717e-06,False
full_day,47->46,3222,20,bezier_ipopt,13.495965702983083,mse,2.765006040316269e-06,False
full_day,47->46,3222,20,bezier_nm,63.4841844040202,mse,0.0003411122362767,False
full_day,47->48,3222,20,bezier_pgd,0.0028695730143226,mse,9.224584698511564e-06,False
full_day,47->48,3222,20,bezier_ipopt,13.17901886999607,mse,2.8809795053173143e-06,False
full_day,47->48,3222,20,bezier_nm,63.49896856799023,mse,0.0003817930342969,False
full_day,470->142,3222,20,bezier_pgd,0.0044090330484323,mse,0.0121218497863747,False
full_day,470->142,3222,20,bezier_ipopt,20.115094660024624,mse,0.0001428138579234,False
full_day,470->142,3222,20,bezier_nm,42.64673771196976,mse,0.2912746287377254,False
full_day,470->154,3222,20,bezier_pgd,0.0047728049685247,mse,0.0060746281794485,False
full_day,470->154,3222,20,bezier_ipopt,21.6969266969827,mse,0.0001564641368718,False
full_day,470->154,3222,20,bezier_nm,42.23645953700179,mse,0.2596725034650575,False
full_day,470->235,3222,20,bezier_pgd,0.0047052069567143,mse,0.0195773621893733,False
full_day,470->235,3222,20,bezier_ipopt,21.16479529702337,mse,0.0002468842214327,False
full_day,470->235,3222,20,bezier_nm,42.848340558004566,mse,0.2975628421994284,False
full_day,470->509,3222,20,bezier_pgd,0.0031418629805557,mse,0.000120296273067,False
full_day,470->509,3222,20,bezier_ipopt,31.87157273699995,mse,7.650130851077218e-05,False
full_day,470->509,3222,20,bezier_nm,68.13477400800912,mse,0.0015203824284626,False
full_day,471->127,3222,20,bezier_pgd,0.0044990130118094,mse,0.0045993652898206,False
full_day,471->127,3222,20,bezier_ipopt,,mse,,True
full_day,471->127,3222,20,bezier_nm,43.1419958609622,mse,0.2317185706514712,False
full_day,471->228,3222,20,bezier_pgd,0.0046990260016173,mse,0.0124738667461356,False
full_day,471->228,3222,20,bezier_ipopt,19.08668246603338,mse,0.0001772846378741,False
full_day,471->228,3222,20,bezier_nm,44.1450937250047,mse,0.2661202653825016,False
full_day,471->393,3222,20,bezier_pgd,0.0041364000062458,mse,0.000264213876655,False
full_day,471->393,3222,20,bezier_ipopt,19.12570430705091,mse,0.0001355192731591,False
full_day,471->393,3222,20,bezier_nm,44.97242256894242,mse,0.0847183696457547,False
full_day,471->439,3222,20,bezier_pgd,0.0042901550186797,mse,0.0047127909271246,False
full_day,471->439,3222,20,bezier_ipopt,16.661140682990663,mse,0.0002315753953559,False
full_day,471->439,3222,20,bezier_nm,42.60781539801974,mse,0.2397611118728692,False
full_day,472->148,3222,20,bezier_pgd,0.0048737979959696,mse,0.0004128236461999,False
full_day,472->148,3222,20,bezier_ipopt,21.982991581026,mse,0.0001471578897013,False
full_day,472->148,3222,20,bezier_nm,44.43945497495588,mse,0.1680960250278323,False
full_day,472->191,3222,20,bezier_pgd,0.0041300860466435,mse,0.0160991789709857,False
full_day,472->191,3222,20,bezier_ipopt,,mse,,True
full_day,472->191,3222,20,bezier_nm,41.56235056195874,mse,0.3059358147560155,False
full_day,472->204,3222,20,bezier_pgd,0.0041753869736567,mse,0.0005224988917973,False
full_day,472->204,3222,20,bezier_ipopt,,mse,,True
full_day,472->204,3222,20,bezier_nm,45.243616249994375,mse,0.1249255196069255,False
full_day,472->243,3222,20,bezier_pgd,0.0041918180068023,mse,0.0154999153214495,False
full_day,472->243,3222,20,bezier_ipopt,21.265606997010764,mse,0.000158917147158,False
full_day,472->243,3222,20,bezier_nm,41.42266439198284,mse,0.3085244816377544,False
full_day,473->151,3222,20,bezier_pgd,0.0053225189913064,mse,0.0146195148795886,False
full_day,473->151,3222,20,bezier_ipopt,18.585622006037735,mse,0.0002251776871486,False
full_day,473->151,3222,20,bezier_nm,42.86071201396408,mse,0.2801381892361685,False
full_day,473->244,3222,20,bezier_pgd,0.0053195310174487,mse,0.0135019380960327,False
full_day,473->244,3222,20,bezier_ipopt,16.807981521997135,mse,0.0002039742230788,False
full_day,473->244,3222,20,bezier_nm,43.3699325210182,mse,0.2765172026901106,False
full_day,473->258,3222,20,bezier_pgd,0.0040046270005404,mse,0.0006118945400068,False
full_day,473->258,3222,20,bezier_ipopt,22.505735537037253,mse,0.0002206693484275,False
full_day,473->258,3222,20,bezier_nm,44.05784609797411,mse,0.1207958613752382,False
full_day,473->260,3222,20,bezier_pgd,0.0049519870080985,mse,0.0050969343576512,False
full_day,473->260,3222,20,bezier_ipopt,29.14291253202828,mse,0.0001529238614928,False
full_day,473->260,3222,20,bezier_nm,42.29983291099779,mse,0.2601847607918253,False
full_day,474->153,3222,20,bezier_pgd,0.0045283730141818,mse,0.0090215662187735,False
full_day,474->153,3222,20,bezier_ipopt,26.961935913015623,mse,0.0001023204399658,False
full_day,474->153,3222,20,bezier_nm,44.036861773987766,mse,0.2589658013971994,False
full_day,474->235,3222,20,bezier_pgd,0.0047602959675714,mse,0.0159751532522356,False
full_day,474->235,3222,20,bezier_ipopt,22.364426093001384,mse,0.0001799718619122,False
full_day,474->235,3222,20,bezier_nm,42.49964986799751,mse,0.2742556143093784,False
full_day,474->258,3222,20,bezier_pgd,0.0048340269713662,mse,0.0100013410814676,False
full_day,474->258,3222,20,bezier_ipopt,25.987043808971062,mse,0.0002094243943701,False
full_day,474->258,3222,20,bezier_nm,42.47063621395501,mse,0.27044753969802,False
full_day,474->416,3222,20,bezier_pgd,0.0048475139774382,mse,0.0052513820514407,False
full_day,474->416,3222,20,bezier_ipopt,18.368509535037447,mse,0.0001603029836578,False
full_day,474->416,3222,20,bezier_nm,41.46763456001645,mse,0.2573609614078969,False
full_day,475->194,3222,20,bezier_pgd,0.0048191700479947,mse,0.0088035890188826,False
full_day,475->194,3222,20,bezier_ipopt,18.276871491980277,mse,0.0001900053829714,False
full_day,475->194,3222,20,bezier_nm,43.28379173198482,mse,0.2629690746242482,False
full_day,475->256,3222,20,bezier_pgd,0.0042997830314561,mse,0.0005105110254158,False
full_day,475->256,3222,20,bezier_ipopt,18.966036700003315,mse,0.0002048882967597,False
full_day,475->256,3222,20,bezier_nm,45.57748103403719,mse,0.1243196578087453,False
full_day,475->387,3222,20,bezier_pgd,0.004147630999796,mse,0.0075630401571743,False
full_day,475->387,3222,20,bezier_ipopt,18.315121596038807,mse,0.0002139243493171,False
full_day,475->387,3222,20,bezier_nm,42.35283669701312,mse,0.2248642646674459,False
full_day,475->436,3222,20,bezier_pgd,0.0043176400358788,mse,0.0006917852512138,False
full_day,475->436,3222,20,bezier_ipopt,,mse,,True
full_day,475->436,3222,20,bezier_nm,44.923066608957015,mse,0.1625661831828054,False
full_day,476->157,3222,20,bezier_pgd,0.0056618970120325,mse,0.0012048425291736,False
full_day,476->157,3222,20,bezier_ipopt,,mse,,True
full_day,476->157,3222,20,bezier_nm,46.81624148203991,mse,0.1992052598023238,False
full_day,476->171,3222,20,bezier_pgd,0.0028392650419846,mse,0.0001931986755583,False
full_day,476->171,3222,20,bezier_ipopt,28.0605355919688,mse,0.0001502525171436,False
full_day,476->171,3222,20,bezier_nm,66.83248407801148,mse,0.0013662913135974,False
full_day,476->201,3222,20,bezier_pgd,0.0060357530019246,mse,0.0014892346082465,False
full_day,476->201,3222,20,bezier_ipopt,,mse,,True
full_day,476->201,3222,20,bezier_nm,44.96116730500944,mse,0.0345236046389939,False
full_day,476->310,3222,20,bezier_pgd,0.0043796650134027,mse,0.0311842439788087,False
full_day,476->310,3222,20,bezier_ipopt,521.0855099750333,mse,0.0021439295062241,False
full_day,476->310,3222,20,bezier_nm,40.58592410600977,mse,0.3092180442228832,False
full_day,477->483,3222,20,bezier_pgd,0.0043402800220064,mse,0.0171012877705782,False
full_day,477->483,3222,20,bezier_ipopt,,mse,,True
full_day,477->483,3222,20,bezier_nm,43.50241753400769,mse,0.3316835334030399,False
full_day,477->525,3222,20,bezier_pgd,0.005366588011384,mse,0.0103953095601962,False
full_day,477->525,3222,20,bezier_ipopt,,mse,,True
full_day,477->525,3222,20,bezier_nm,42.32131470902823,mse,0.2791023341841501,False
full_day,477->527,3222,20,bezier_pgd,0.0042456649825908,mse,0.0100231714312692,False
full_day,477->527,3222,20,bezier_ipopt,,mse,,True
full_day,477->527,3222,20,bezier_nm,44.63376019796124,mse,0.2766248395345945,False
full_day,477->534,3222,20,bezier_pgd,0.0043824519962072,mse,0.004640563774029,False
full_day,477->534,3222,20,bezier_ipopt,16.582486579020042,mse,0.000274776275815,False
full_day,477->534,3222,20,bezier_nm,43.20918523200089,mse,0.2319478339543292,False
full_day,478->247,3222,20,bezier_pgd,0.0049284459673799,mse,0.0101714957115854,False
full_day,478->247,3222,20,bezier_ipopt,20.36343220697017,mse,0.0001598754231128,False
full_day,478->247,3222,20,bezier_nm,42.55109098600224,mse,0.2679430393100576,False
full_day,478->316,3222,20,bezier_pgd,0.0046508990344591,mse,0.0102562725630985,False
full_day,478->316,3222,20,bezier_ipopt,15.410333435982466,mse,0.0002793184508421,False
full_day,478->316,3222,20,bezier_nm,42.109224384010304,mse,0.2667635761467938,False
full_day,478->391,3222,20,bezier_pgd,0.0048953809891827,mse,0.0057482631088758,False
full_day,478->391,3222,20,bezier_ipopt,,mse,,True
full_day,478->391,3222,20,bezier_nm,44.36425785499159,mse,0.2079092187676549,False
full_day,478->77,3222,20,bezier_pgd,0.0055591270211152,mse,0.0068065473090683,False
full_day,478->77,3222,20,bezier_ipopt,,mse,,True
full_day,478->77,3222,20,bezier_nm,43.50575085298624,mse,0.2714232829183333,False
full_day,479->133,3222,20,bezier_pgd,0.0043036580318585,mse,0.0188032565000497,False
full_day,479->133,3222,20,bezier_ipopt,,mse,,True
full_day,479->133,3222,20,bezier_nm,44.45768639497692,mse,0.2507337557562385,False
full_day,479->135,3222,20,bezier_pgd,0.0049821350257843,mse,0.0017079318595208,False
full_day,479->135,3222,20,bezier_ipopt,,mse,,True
full_day,479->135,3222,20,bezier_nm,45.36809827701654,mse,0.2078810031551814,False
full_day,479->218,3222,20,bezier_pgd,0.0056668950128369,mse,0.0164778809283509,False
full_day,479->218,3222,20,bezier_ipopt,,mse,,True
full_day,479->218,3222,20,bezier_nm,43.32782963803038,mse,0.2969156282812737,False
full_day,479->513,3222,20,bezier_pgd,0.0044547570287249,mse,0.0027266562380918,False
full_day,479->513,3222,20,bezier_ipopt,67.48054870701162,mse,0.0005016036338768,False
full_day,479->513,3222,20,bezier_nm,43.88692664098926,mse,0.1780712699344401,False
full_day,48->47,3222,20,bezier_pgd,0.0028865920030511,mse,1.057909634616625e-05,False
full_day,48->47,3222,20,bezier_ipopt,12.138128691993188,mse,2.451509415280281e-06,False
full_day,48->47,3222,20,bezier_nm,61.01998576603364,mse,0.0003251606213041,False
full_day,48->49,3222,20,bezier_pgd,0.0027306419797241,mse,8.694423665855479e-06,False
full_day,48->49,3222,20,bezier_ipopt,12.333983720978722,mse,2.431231554170849e-06,False
full_day,48->49,3222,20,bezier_nm,63.474804489989765,mse,0.0002731985979186,False
full_day,480->155,3222,20,bezier_pgd,0.0054829029832035,mse,0.0107715796787656,False
full_day,480->155,3222,20,bezier_ipopt,,mse,,True
full_day,480->155,3222,20,bezier_nm,44.51135754596908,mse,0.2828027382168852,False
full_day,480->359,3222,20,bezier_pgd,0.0050297669949941,mse,0.0045160242389883,False
full_day,480->359,3222,20,bezier_ipopt,21.31248136603972,mse,0.0001250814666284,False
full_day,480->359,3222,20,bezier_nm,41.867890445981175,mse,0.2630861953509759,False
full_day,480->43,3222,20,bezier_pgd,0.0038086479762569,mse,9.866743654018656e-05,False
full_day,480->43,3222,20,bezier_ipopt,23.468457740033045,mse,3.097894096442209e-05,False
full_day,480->43,3222,20,bezier_nm,69.19678935804404,mse,0.0010848948486256,False
full_day,480->44,3222,20,bezier_pgd,0.0028766979812644,mse,1.1369342983340638e-05,False
full_day,480->44,3222,20,bezier_ipopt,14.53384506801376,mse,3.946253504567555e-06,False
full_day,480->44,3222,20,bezier_nm,61.05450208199909,mse,0.0002675106348761,False
full_day,481->350,3222,20,bezier_pgd,0.0049717920483089,mse,0.0088732453505197,False
full_day,481->350,3222,20,bezier_ipopt,18.94455748301698,mse,0.000155467295794,False
full_day,481->350,3222,20,bezier_nm,43.34184083895525,mse,0.2683737577405199,False
full_day,481->444,3222,20,bezier_pgd,0.004215643974021,mse,0.0009268532013611,False
full_day,481->444,3222,20,bezier_ipopt,,mse,,True
full_day,481->444,3222,20,bezier_nm,43.27235667902278,mse,0.1880639088679592,False
full_day,481->457,3222,20,bezier_pgd,0.0055054849945008,mse,0.019906895335623,False
full_day,481->457,3222,20,bezier_ipopt,19.03465782600688,mse,0.0002090366510833,False
full_day,481->457,3222,20,bezier_nm,42.62269170797663,mse,0.2816316529673162,False
full_day,481->524,3222,20,bezier_pgd,0.0048720999620854,mse,0.0077107072796762,False
full_day,481->524,3222,20,bezier_ipopt,,mse,,True
full_day,481->524,3222,20,bezier_nm,41.64222423901083,mse,0.2543243971461334,False
full_day,482->496,3222,20,bezier_pgd,0.0048630880191922,mse,0.0054014170679033,False
full_day,482->496,3222,20,bezier_ipopt,24.23536430101376,mse,0.0001659272981798,False
full_day,482->496,3222,20,bezier_nm,42.13741156295873,mse,0.2491122322661205,False
full_day,482->502,3222,20,bezier_pgd,0.0040954249561764,mse,0.0069721306795109,False
full_day,482->502,3222,20,bezier_ipopt,25.99710717605194,mse,0.0001888095490829,False
full_day,482->502,3222,20,bezier_nm,42.65149780805223,mse,0.2380946309766871,False
full_day,482->511,3222,20,bezier_pgd,0.0043119150213897,mse,0.0051569246828966,False
full_day,482->511,3222,20,bezier_ipopt,,mse,,True
full_day,482->511,3222,20,bezier_nm,42.84469882398844,mse,0.2403976850074863,False
full_day,482->520,3222,20,bezier_pgd,0.0059504420496523,mse,0.0109969216073472,False
full_day,482->520,3222,20,bezier_ipopt,18.11807387403678,mse,0.0002694354984743,False
full_day,482->520,3222,20,bezier_nm,42.00797075795708,mse,0.2518199720724593,False
full_day,483->477,3222,20,bezier_pgd,0.0059333099634386,mse,0.0058852549191525,False
full_day,483->477,3222,20,bezier_ipopt,16.908360338013154,mse,5.070604490965832e-05,False
full_day,483->477,3222,20,bezier_nm,44.38731151097454,mse,0.2901031588408794,False
full_day,483->519,3222,20,bezier_pgd,0.0031897309818305,mse,0.0416255376602572,False
full_day,483->519,3222,20,bezier_ipopt,122.92759165598544,mse,0.0118902326957979,False
full_day,483->519,3222,20,bezier_nm,44.35535162402084,mse,0.5164151417368105,False
full_day,483->526,3222,20,bezier_pgd,0.0046286559663712,mse,0.0025426989016032,False
full_day,483->526,3222,20,bezier_ipopt,44.93887285399251,mse,0.0002355143470559,False
full_day,483->526,3222,20,bezier_nm,43.782097900053486,mse,0.216869143318184,False
full_day,483->531,3222,20,bezier_pgd,0.004442311997991,mse,0.0066678300116474,False
full_day,483->531,3222,20,bezier_ipopt,47.32381529797567,mse,0.0001452912131855,False
full_day,483->531,3222,20,bezier_nm,42.92968193703564,mse,0.2335949834373917,False
full_day,484->117,3222,20,bezier_pgd,0.0040726070292294,mse,0.0011418078586987,False
full_day,484->117,3222,20,bezier_ipopt,,mse,,True
full_day,484->117,3222,20,bezier_nm,42.50101047503995,mse,0.1840751491740982,False
full_day,484->176,3222,20,bezier_pgd,0.0044105210108682,mse,0.0093887821549728,False
full_day,484->176,3222,20,bezier_ipopt,19.75629161699908,mse,0.000193088716036,False
full_day,484->176,3222,20,bezier_nm,41.48185982101131,mse,0.2591751399215732,False
full_day,484->195,3222,20,bezier_pgd,0.0049844629829749,mse,0.0136800053724891,False
full_day,484->195,3222,20,bezier_ipopt,,mse,,True
full_day,484->195,3222,20,bezier_nm,44.46392545598792,mse,0.282539488033796,False
full_day,484->254,3222,20,bezier_pgd,0.0046023090253584,mse,0.0164970988512738,False
full_day,484->254,3222,20,bezier_ipopt,17.70904118200997,mse,0.0002226929182849,False
full_day,484->254,3222,20,bezier_nm,42.65360509802122,mse,0.268728677076187,False
full_day,485->184,3222,20,bezier_pgd,0.0029530859901569,mse,0.0002382588450641,False
full_day,485->184,3222,20,bezier_ipopt,19.71554541704245,mse,0.0001624349446437,False
full_day,485->184,3222,20,bezier_nm,69.9457875849912,mse,0.0020813345495554,False
full_day,485->188,3222,20,bezier_pgd,0.0045329520362429,mse,0.003004932441964,False
full_day,485->188,3222,20,bezier_ipopt,,mse,,True
full_day,485->188,3222,20,bezier_nm,44.43486988899531,mse,0.1675722164815514,False
full_day,485->227,3222,20,bezier_pgd,0.005050181003753,mse,0.0121520036180654,False
full_day,485->227,3222,20,bezier_ipopt,18.230649309,mse,0.0001544276725024,False
full_day,485->227,3222,20,bezier_nm,42.36959531600587,mse,0.2870046070442465,False
full_day,485->489,3222,20,bezier_pgd,0.0043278759694658,mse,0.0038217628183355,False
full_day,485->489,3222,20,bezier_ipopt,18.72863112395862,mse,0.0002155915877895,False
full_day,485->489,3222,20,bezier_nm,41.51613700401504,mse,0.2308933099088759,False
full_day,486->123,3222,20,bezier_pgd,0.005114440980833,mse,0.0102195559608367,False
full_day,486->123,3222,20,bezier_ipopt,16.94551254599355,mse,0.0001972558385766,False
full_day,486->123,3222,20,bezier_nm,42.548544190009125,mse,0.2681817986166281,False
full_day,486->194,3222,20,bezier_pgd,0.0051357930060476,mse,0.0107115479751112,False
full_day,486->194,3222,20,bezier_ipopt,20.505770945979748,mse,0.0001720648202673,False
full_day,486->194,3222,20,bezier_nm,43.656468709988985,mse,0.2723074267125186,False
full_day,486->363,3222,20,bezier_pgd,0.0052547510131262,mse,0.0204933223895742,False
full_day,486->363,3222,20,bezier_ipopt,24.70068382204045,mse,0.0002017113941727,False
full_day,486->363,3222,20,bezier_nm,42.57586967101088,mse,0.2945948172761377,False
full_day,486->403,3222,20,bezier_pgd,0.0044236680259928,mse,0.0162105125447982,False
full_day,486->403,3222,20,bezier_ipopt,21.96515168400947,mse,0.0002140169929992,False
full_day,486->403,3222,20,bezier_nm,42.0138200239744,mse,0.27603857441501,False
full_day,487->201,3222,20,bezier_pgd,0.0048738520126789,mse,0.009497821569729,False
full_day,487->201,3222,20,bezier_ipopt,,mse,,True
full_day,487->201,3222,20,bezier_nm,47.14594755298458,mse,0.1139187974091226,False
full_day,487->293,3222,20,bezier_pgd,0.0050166809814982,mse,0.0021663265118634,False
full_day,487->293,3222,20,bezier_ipopt,16.323815969983116,mse,0.0001148363566975,False
full_day,487->293,3222,20,bezier_nm,44.36195316299563,mse,0.2246669882023485,False
full_day,487->302,3222,20,bezier_pgd,0.005081656971015,mse,0.0105632819537746,False
full_day,487->302,3222,20,bezier_ipopt,17.397623369004577,mse,9.751970055418609e-05,False
full_day,487->302,3222,20,bezier_nm,42.59172901901184,mse,0.2795108812363235,False
full_day,487->317,3222,20,bezier_pgd,0.0053089390275999,mse,0.0107444365753923,False
full_day,487->317,3222,20,bezier_ipopt,14.845137474010698,mse,0.0001442090884088,False
full_day,487->317,3222,20,bezier_nm,44.97134803200606,mse,0.2760916764927017,False
full_day,488->21,3222,20,bezier_pgd,0.0042867470183409,mse,0.0069710845142675,False
full_day,488->21,3222,20,bezier_ipopt,,mse,,True
full_day,488->21,3222,20,bezier_nm,43.720600451983046,mse,0.2445110884673127,False
full_day,488->212,3222,20,bezier_pgd,0.0047064860118553,mse,0.0004895708986699,False
full_day,488->212,3222,20,bezier_ipopt,,mse,,True
full_day,488->212,3222,20,bezier_nm,46.168892846035305,mse,0.0690868665532994,False
full_day,488->505,3222,20,bezier_pgd,0.0064957970171235,mse,0.000203255329404,False
full_day,488->505,3222,20,bezier_ipopt,,mse,,True
full_day,488->505,3222,20,bezier_nm,44.96712965401821,mse,0.0669466067613251,False
full_day,488->531,3222,20,bezier_pgd,0.0043720820103771,mse,0.0002849066577922,False
full_day,488->531,3222,20,bezier_ipopt,33.56218608102063,mse,0.0001619629263674,False
full_day,488->531,3222,20,bezier_nm,42.52155432902509,mse,0.1513406734378491,False
full_day,489->218,3222,20,bezier_pgd,0.0055002340232022,mse,0.0133722663452831,False
full_day,489->218,3222,20,bezier_ipopt,17.091992839996237,mse,0.0001636100060425,False
full_day,489->218,3222,20,bezier_nm,41.09587531699799,mse,0.2847143619065517,False
full_day,489->311,3222,20,bezier_pgd,0.0051060719997622,mse,0.0076587041601337,False
full_day,489->311,3222,20,bezier_ipopt,68.81624987197574,mse,0.0001529156363871,False
full_day,489->311,3222,20,bezier_nm,42.302942888985854,mse,0.2601790118256847,False
full_day,489->338,3222,20,bezier_pgd,0.0043020850280299,mse,0.0021896765323284,False
full_day,489->338,3222,20,bezier_ipopt,20.38666108902544,mse,0.0001741611076229,False
full_day,489->338,3222,20,bezier_nm,44.56811610597652,mse,0.1806136902177009,False
full_day,489->485,3222,20,bezier_pgd,0.0048207050422206,mse,0.0096969891786586,False
full_day,489->485,3222,20,bezier_ipopt,18.104403249977626,mse,0.0002306884252175,False
full_day,489->485,3222,20,bezier_nm,41.81424258701736,mse,0.2689178825385056,False
full_day,49->449,3222,20,bezier_pgd,0.0027527500060386,mse,1.2414692810248708e-05,False
full_day,49->449,3222,20,bezier_ipopt,10.835005928995088,mse,4.212009625860952e-06,False
full_day,49->449,3222,20,bezier_nm,64.29821980500128,mse,0.000362131501349,False
full_day,49->48,3222,20,bezier_pgd,0.0027602529735304,mse,1.008322175686512e-05,False
full_day,49->48,3222,20,bezier_ipopt,24.12848261097679,mse,2.83632922166865e-06,False
full_day,49->48,3222,20,bezier_nm,63.8275289410376,mse,0.0002756670507631,False
full_day,490->120,3222,20,bezier_pgd,0.0047377069713547,mse,0.009229086379067,False
full_day,490->120,3222,20,bezier_ipopt,,mse,,True
full_day,490->120,3222,20,bezier_nm,43.41489199496573,mse,0.2662795426725651,False
full_day,490->207,3222,20,bezier_pgd,0.0057949519832618,mse,0.0060445056324185,False
full_day,490->207,3222,20,bezier_ipopt,17.493114360026084,mse,0.0001141229133022,False
full_day,490->207,3222,20,bezier_nm,42.76855556701776,mse,0.2678935687970175,False
full_day,490->286,3222,20,bezier_pgd,0.0043962729978375,mse,0.0109317922500844,False
full_day,490->286,3222,20,bezier_ipopt,26.449514668958727,mse,0.0001076899287586,False
full_day,490->286,3222,20,bezier_nm,41.79426329198759,mse,0.2841155985312354,False
full_day,490->366,3222,20,bezier_pgd,0.0053771960083395,mse,0.0053920419292457,False
full_day,490->366,3222,20,bezier_ipopt,,mse,,True
full_day,490->366,3222,20,bezier_nm,43.38529915700201,mse,0.2833432670815148,False
full_day,491->219,3222,20,bezier_pgd,0.0048402270185761,mse,0.0154244201458013,False
full_day,491->219,3222,20,bezier_ipopt,16.83835270802956,mse,0.0002604830335979,False
full_day,491->219,3222,20,bezier_nm,44.29093605803792,mse,0.2767093212049995,False
full_day,491->492,3222,20,bezier_pgd,0.0040688259759917,mse,0.0185156355267332,False
full_day,491->492,3222,20,bezier_ipopt,25.730716946010944,mse,0.0002071375618957,False
full_day,491->492,3222,20,bezier_nm,41.41888162103714,mse,0.3046708822406221,False
full_day,491->501,3222,20,bezier_pgd,0.0045748319826088,mse,0.0346768717493543,False
full_day,491->501,3222,20,bezier_ipopt,,mse,,True
full_day,491->501,3222,20,bezier_nm,42.70515946700471,mse,0.3546534817801114,False
full_day,491->503,3222,20,bezier_pgd,0.0046540419571101,mse,0.0003811336300524,False
full_day,491->503,3222,20,bezier_ipopt,16.876689506985713,mse,8.258204000230194e-05,False
full_day,491->503,3222,20,bezier_nm,42.58805079601007,mse,0.1182395649688722,False
full_day,492->17,3222,20,bezier_pgd,0.0042295819730497,mse,0.0037929696343347,False
full_day,492->17,3222,20,bezier_ipopt,,mse,,True
full_day,492->17,3222,20,bezier_nm,43.50059853697894,mse,0.2243758661488531,False
full_day,492->491,3222,20,bezier_pgd,0.0035339479800313,mse,0.0003503487137123,False
full_day,492->491,3222,20,bezier_ipopt,,mse,,True
full_day,492->491,3222,20,bezier_nm,67.83202285401057,mse,0.0030639082737684,False
full_day,492->501,3222,20,bezier_pgd,0.0049518109881319,mse,0.0114323395251025,False
full_day,492->501,3222,20,bezier_ipopt,23.06188268295955,mse,0.0001926159927814,False
full_day,492->501,3222,20,bezier_nm,42.05144331394695,mse,0.287148296530464,False
full_day,493->132,3222,20,bezier_pgd,0.0049517769948579,mse,0.0180886422533176,False
full_day,493->132,3222,20,bezier_ipopt,20.505331530992407,mse,0.0002157894540661,False
full_day,493->132,3222,20,bezier_nm,42.24295292398892,mse,0.2882862629888221,False
full_day,493->394,3222,20,bezier_pgd,0.0041484870016574,mse,0.0102289531141264,False
full_day,493->394,3222,20,bezier_ipopt,22.650857798988,mse,0.0003578223631841,False
full_day,493->394,3222,20,bezier_nm,42.139584474032745,mse,0.2983770763986772,False
full_day,493->413,3222,20,bezier_pgd,0.0041545869898982,mse,0.0293297528365018,False
full_day,493->413,3222,20,bezier_ipopt,28.37565825798083,mse,0.0012084955917925,False
full_day,493->413,3222,20,bezier_nm,40.78795101697324,mse,0.3078411738379246,False
full_day,494->220,3222,20,bezier_pgd,0.0052327190060168,mse,0.0125860537442294,False
full_day,494->220,3222,20,bezier_ipopt,,mse,,True
full_day,494->220,3222,20,bezier_nm,41.75206058402546,mse,0.2760378176276171,False
full_day,494->257,3222,20,bezier_pgd,0.005029842024669,mse,0.0136827818148161,False
full_day,494->257,3222,20,bezier_ipopt,20.300611364014912,mse,0.0002279364706861,False
full_day,494->257,3222,20,bezier_nm,43.30667878803797,mse,0.2774508642547823,False
full_day,494->268,3222,20,bezier_pgd,0.0030434689833782,mse,0.0001631292548433,False
full_day,494->268,3222,20,bezier_ipopt,23.389201276993845,mse,0.0001279181496822,False
full_day,494->268,3222,20,bezier_nm,67.99038801901042,mse,0.0024642892854773,False
full_day,494->371,3222,20,bezier_pgd,0.0054003260447643,mse,0.0067283536059302,False
full_day,494->371,3222,20,bezier_ipopt,26.356013589014765,mse,0.0001577106632759,False
full_day,494->371,3222,20,bezier_nm,41.59423734695884,mse,0.2827125337274744,False
full_day,495->190,3222,20,bezier_pgd,0.0052985970396548,mse,0.0189295355865923,False
full_day,495->190,3222,20,bezier_ipopt,16.486953454033937,mse,0.0003333132983322,False
full_day,495->190,3222,20,bezier_nm,43.90159042098094,mse,0.2776591664940078,False
full_day,495->226,3222,20,bezier_pgd,0.00534857501043,mse,0.0129947807499207,False
full_day,495->226,3222,20,bezier_ipopt,17.118600109999534,mse,0.0003645609862095,False
full_day,495->226,3222,20,bezier_nm,41.30517770501319,mse,0.2591180191046321,False
full_day,495->237,3222,20,bezier_pgd,0.0052437009871937,mse,0.0091799574590966,False
full_day,495->237,3222,20,bezier_ipopt,20.525632017001044,mse,0.0002135873211342,False
full_day,495->237,3222,20,bezier_nm,42.56460243999027,mse,0.2888082595426853,False
full_day,495->282,3222,20,bezier_pgd,0.0060794960008934,mse,0.0015947949489587,False
full_day,495->282,3222,20,bezier_ipopt,,mse,,True
full_day,495->282,3222,20,bezier_nm,45.37978177896002,mse,0.1713314894383624,False
full_day,496->431,3222,20,bezier_pgd,0.0044426300446502,mse,0.0075929558660246,False
full_day,496->431,3222,20,bezier_ipopt,,mse,,True
full_day,496->431,3222,20,bezier_nm,42.59963097295258,mse,0.2483562571403132,False
full_day,496->455,3222,20,bezier_pgd,0.0046315470244735,mse,0.010145915031569,False
full_day,496->455,3222,20,bezier_ipopt,21.8643823179882,mse,0.00020704563896,False
full_day,496->455,3222,20,bezier_nm,42.88604624004802,mse,0.261323249413254,False
full_day,496->482,3222,20,bezier_pgd,0.0050790919922292,mse,0.0012104877637546,False
full_day,496->482,3222,20,bezier_ipopt,17.451853610982653,mse,0.0001210604926963,False
full_day,496->482,3222,20,bezier_nm,42.81430626602378,mse,0.2327483580299754,False
full_day,496->511,3222,20,bezier_pgd,0.0046796450042165,mse,0.0160094610848952,False
full_day,496->511,3222,20,bezier_ipopt,17.313403381034732,mse,0.0002511625969712,False
full_day,496->511,3222,20,bezier_nm,43.53339769499144,mse,0.282547372414414,False
full_day,497->263,3222,20,bezier_pgd,0.0046451449743472,mse,0.0058052698713428,False
full_day,497->263,3222,20,bezier_ipopt,21.78591396601405,mse,0.0001798727835965,False
full_day,497->263,3222,20,bezier_nm,43.568689420004375,mse,0.2581208027899567,False
full_day,497->287,3222,20,bezier_pgd,0.0074272920028306,mse,0.0008510474327569,False
full_day,497->287,3222,20,bezier_ipopt,17.97559905902017,mse,0.0002604857019773,False
full_day,497->287,3222,20,bezier_nm,44.28776687802747,mse,0.1578616256212645,False
full_day,497->431,3222,20,bezier_pgd,0.0047445939853787,mse,0.0010276703966514,False
full_day,497->431,3222,20,bezier_ipopt,21.556473492004443,mse,9.991638709543354e-05,False
full_day,497->431,3222,20,bezier_nm,42.448985246010125,mse,0.238054785563462,False
full_day,497->535,3222,20,bezier_pgd,0.0051625670166686,mse,0.0092454371560546,False
full_day,497->535,3222,20,bezier_ipopt,26.32742475997657,mse,0.0001531342415774,False
full_day,497->535,3222,20,bezier_nm,44.89035291201435,mse,0.2768461486726811,False
full_day,498->148,3222,20,bezier_pgd,0.0040881030145101,mse,0.000431071899095,False
full_day,498->148,3222,20,bezier_ipopt,,mse,,True
full_day,498->148,3222,20,bezier_nm,45.56302732496988,mse,0.1017156229467903,False
full_day,498->236,3222,20,bezier_pgd,0.0043889810331165,mse,0.000669095982353,False
full_day,498->236,3222,20,bezier_ipopt,,mse,,True
full_day,498->236,3222,20,bezier_nm,45.026272663031705,mse,0.1817329926007872,False
full_day,498->257,3222,20,bezier_pgd,0.0053810009849257,mse,0.0184370142125659,False
full_day,498->257,3222,20,bezier_ipopt,20.55064069997752,mse,0.0002304407172683,False
full_day,498->257,3222,20,bezier_nm,42.37836904497817,mse,0.2877292415356595,False
full_day,498->369,3222,20,bezier_pgd,0.0040510520339012,mse,0.0005602924088933,False
full_day,498->369,3222,20,bezier_ipopt,,mse,,True
full_day,498->369,3222,20,bezier_nm,47.55439003300853,mse,0.1254709746236323,False
full_day,499->303,3222,20,bezier_pgd,0.0055286709684878,mse,0.007841121975751,False
full_day,499->303,3222,20,bezier_ipopt,,mse,,True
full_day,499->303,3222,20,bezier_nm,44.44990275101736,mse,0.2872709405789517,False
full_day,499->360,3222,20,bezier_pgd,0.004346125992015,mse,0.0006350171118788,False
full_day,499->360,3222,20,bezier_ipopt,,mse,,True
full_day,499->360,3222,20,bezier_nm,44.57724775496172,mse,0.1581633464092494,False
full_day,499->362,3222,20,bezier_pgd,0.0059645879664458,mse,0.0057829028893418,False
full_day,499->362,3222,20,bezier_ipopt,,mse,,True
full_day,499->362,3222,20,bezier_nm,42.8896007220028,mse,0.2712854084688233,False
full_day,499->9,3222,20,bezier_pgd,0.0042240269831381,mse,0.0031985613814793,False
full_day,499->9,3222,20,bezier_ipopt,20.28291211195756,mse,0.0001649671267613,False
full_day,499->9,3222,20,bezier_nm,42.79578553698957,mse,0.2004443070133051,False
full_day,5->106,3222,20,bezier_pgd,0.0028059320175088,mse,9.921118678713028e-06,False
full_day,5->106,3222,20,bezier_ipopt,13.08986211300362,mse,3.162144422996983e-06,False
full_day,5->106,3222,20,bezier_nm,63.12089616700541,mse,0.0003132917144778,False
full_day,50->51,3222,20,bezier_pgd,0.0026593889924697,mse,1.0725034331417403e-05,False
full_day,50->51,3222,20,bezier_ipopt,10.951953119016252,mse,3.0235651215736714e-06,False
full_day,50->51,3222,20,bezier_nm,65.57438128301874,mse,0.0003525114752978,False
full_day,50->55,3222,20,bezier_pgd,0.0029851470026187,mse,1.0937668417202916e-05,False
full_day,50->55,3222,20,bezier_ipopt,12.19254739297321,mse,3.9249451033250575e-06,False
full_day,50->55,3222,20,bezier_nm,63.97402827203041,mse,0.0003117416584351,False
full_day,500->253,3222,20,bezier_pgd,0.0045824399567209,mse,0.0089491396083916,False
full_day,500->253,3222,20,bezier_ipopt,16.46710422297474,mse,0.0002211552308382,False
full_day,500->253,3222,20,bezier_nm,42.625291077943984,mse,0.2461736172013411,False
full_day,500->304,3222,20,bezier_pgd,0.0046237060450948,mse,0.0096924043917291,False
full_day,500->304,3222,20,bezier_ipopt,,mse,,True
full_day,500->304,3222,20,bezier_nm,44.18912965798518,mse,0.291819331516122,False
full_day,500->309,3222,20,bezier_pgd,0.0042917489772662,mse,0.0045469701841742,False
full_day,500->309,3222,20,bezier_ipopt,22.467670478043143,mse,0.0001951374511032,False
full_day,500->309,3222,20,bezier_nm,42.84475739102345,mse,0.2483448274885245,False
full_day,500->406,3222,20,bezier_pgd,0.0045231279800646,mse,0.0076502046703907,False
full_day,500->406,3222,20,bezier_ipopt,17.626208552042954,mse,0.0002423604262403,False
full_day,500->406,3222,20,bezier_nm,43.917015211016405,mse,0.2381724090153445,False
full_day,501->256,3222,20,bezier_pgd,0.0044948639697395,mse,0.0005879555462273,False
full_day,501->256,3222,20,bezier_ipopt,17.11064589198213,mse,0.0001689914412592,False
full_day,501->256,3222,20,bezier_nm,44.18850179098081,mse,0.1677232540124346,False
full_day,501->382,3222,20,bezier_pgd,0.005260085046757,mse,0.0171896146207304,False
full_day,501->382,3222,20,bezier_ipopt,17.449192257015966,mse,0.0002092089447897,False
full_day,501->382,3222,20,bezier_nm,42.65246925596148,mse,0.2694974957896399,False
full_day,501->491,3222,20,bezier_pgd,0.0048557120026089,mse,0.0079193468776858,False
full_day,501->491,3222,20,bezier_ipopt,22.4963541799807,mse,0.0001364850685057,False
full_day,501->491,3222,20,bezier_nm,43.68039742595283,mse,0.2460466792296781,False
full_day,501->492,3222,20,bezier_pgd,0.0040722420089878,mse,0.0004189342055327,False
full_day,501->492,3222,20,bezier_ipopt,,mse,,True
full_day,501->492,3222,20,bezier_nm,46.50342761300272,mse,0.1307695369940992,False
full_day,502->367,3222,20,bezier_pgd,0.0054514480289071,mse,0.0110340219479594,False
full_day,502->367,3222,20,bezier_ipopt,21.359927507990506,mse,0.000225365038216,False
full_day,502->367,3222,20,bezier_nm,41.64342403796036,mse,0.2590874155206417,False
full_day,502->379,3222,20,bezier_pgd,0.0047203329741023,mse,0.005546068126616,False
full_day,502->379,3222,20,bezier_ipopt,19.067336980020627,mse,0.0001585816121085,False
full_day,502->379,3222,20,bezier_nm,42.52662386704469,mse,0.2614542900915673,False
full_day,502->482,3222,20,bezier_pgd,0.0052796090021729,mse,0.0005004371905719,False
full_day,502->482,3222,20,bezier_ipopt,20.10739390697563,mse,0.0001061876967175,False
full_day,502->482,3222,20,bezier_nm,42.94136745901778,mse,0.2275370649562705,False
full_day,502->520,3222,20,bezier_pgd,0.0047162499977275,mse,0.0009544977854906,False
full_day,502->520,3222,20,bezier_ipopt,20.168260841979645,mse,0.0001129246495024,False
full_day,502->520,3222,20,bezier_nm,44.745422773004975,mse,0.2141339898392719,False
full_day,503->296,3222,20,bezier_pgd,0.0049953099805861,mse,0.006803853227518,False
full_day,503->296,3222,20,bezier_ipopt,,mse,,True
full_day,503->296,3222,20,bezier_nm,43.29740507400129,mse,0.2808896030605373,False
full_day,503->395,3222,20,bezier_pgd,0.004304239002522,mse,0.0174579473978285,False
full_day,503->395,3222,20,bezier_ipopt,,mse,,True
full_day,503->395,3222,20,bezier_nm,43.21924467099598,mse,0.3086614895960679,False
full_day,503->491,3222,20,bezier_pgd,0.0058241150109097,mse,0.0059189908591595,False
full_day,503->491,3222,20,bezier_ipopt,22.23990492499433,mse,0.0001462591065409,False
full_day,503->491,3222,20,bezier_nm,43.55046428903006,mse,0.2765299266956319,False
full_day,503->512,3222,20,bezier_pgd,0.004616727004759,mse,0.0014800934343152,False
full_day,503->512,3222,20,bezier_ipopt,,mse,,True
full_day,503->512,3222,20,bezier_nm,50.126828262000345,mse,0.1664079405509049,False
full_day,504->206,3222,20,bezier_pgd,0.0048929440090432,mse,0.000954266563601,False
full_day,504->206,3222,20,bezier_ipopt,21.902481560013257,mse,0.0001590638171631,False
full_day,504->206,3222,20,bezier_nm,50.906899532012176,mse,0.1969248190951496,False
full_day,504->207,3222,20,bezier_pgd,0.0063949800096452,mse,0.0041005393995214,False
full_day,504->207,3222,20,bezier_ipopt,,mse,,True
full_day,504->207,3222,20,bezier_nm,53.745720179984346,mse,0.1532962565934771,False
full_day,504->343,3222,20,bezier_pgd,0.0042373720207251,mse,0.0027045065663539,False
full_day,504->343,3222,20,bezier_ipopt,,mse,,True
full_day,504->343,3222,20,bezier_nm,46.667431081004906,mse,0.1720545045592768,False
full_day,504->424,3222,20,bezier_pgd,0.0042166610364802,mse,0.0081743404694775,False
full_day,504->424,3222,20,bezier_ipopt,15.471885943959933,mse,0.0002124402423495,False
full_day,504->424,3222,20,bezier_nm,43.18597952101845,mse,0.2441436923083961,False
full_day,505->263,3222,20,bezier_pgd,0.004271209007129,mse,0.0031408904321894,False
full_day,505->263,3222,20,bezier_ipopt,27.73072756902548,mse,0.0002729435331215,False
full_day,505->263,3222,20,bezier_nm,49.85787022602744,mse,0.1884745968306914,False
full_day,505->407,3222,20,bezier_pgd,0.0053531239973381,mse,0.0006736948192258,False
full_day,505->407,3222,20,bezier_ipopt,55.31326435302617,mse,0.0001084811639502,False
full_day,505->407,3222,20,bezier_nm,43.72159862099216,mse,0.2329584033559082,False
full_day,505->488,3222,20,bezier_pgd,0.0042527940240688,mse,0.0083671545190315,False
full_day,505->488,3222,20,bezier_ipopt,,mse,,True
full_day,505->488,3222,20,bezier_nm,43.80118605704047,mse,0.2579631209764523,False
full_day,505->532,3222,20,bezier_pgd,0.0057628639624454,mse,0.0013570222734399,False
full_day,505->532,3222,20,bezier_ipopt,21.21612004202325,mse,0.0001301564558692,False
full_day,505->532,3222,20,bezier_nm,44.03680164401885,mse,0.2163652648243122,False
full_day,506->19,3222,20,bezier_pgd,0.0043950310209766,mse,0.0112609686980349,False
full_day,506->19,3222,20,bezier_ipopt,,mse,,True
full_day,506->19,3222,20,bezier_nm,43.46538295701612,mse,0.2992526969472526,False
full_day,506->296,3222,20,bezier_pgd,0.0053368170047178,mse,0.0004640755931946,False
full_day,506->296,3222,20,bezier_ipopt,20.409784957009837,mse,0.0001373118088331,False
full_day,506->296,3222,20,bezier_nm,43.73098818497965,mse,0.1526812898790219,False
full_day,506->304,3222,20,bezier_pgd,0.004061791987624,mse,0.0003593812654501,False
full_day,506->304,3222,20,bezier_ipopt,20.143786850967444,mse,0.0001904102351987,False
full_day,506->304,3222,20,bezier_nm,45.59618708898779,mse,0.1428852590550882,False
full_day,506->458,3222,20,bezier_pgd,0.0049818899715319,mse,0.0197729957692846,False
full_day,506->458,3222,20,bezier_ipopt,,mse,,True
full_day,506->458,3222,20,bezier_nm,43.7439886899665,mse,0.3100013887486461,False
full_day,507->150,3222,20,bezier_pgd,0.0040638459613546,mse,0.0018329484325909,False
full_day,507->150,3222,20,bezier_ipopt,22.11018892901484,mse,0.0001200843078679,False
full_day,507->150,3222,20,bezier_nm,44.5179066240089,mse,0.1956074712370037,False
full_day,507->302,3222,20,bezier_pgd,0.0042832030449062,mse,0.0018328693334823,False
full_day,507->302,3222,20,bezier_ipopt,20.9453614790109,mse,0.0001603158134922,False
full_day,507->302,3222,20,bezier_nm,44.35220793902408,mse,0.1881177545198867,False
full_day,507->404,3222,20,bezier_pgd,0.0042716620373539,mse,0.0015847846912258,False
full_day,507->404,3222,20,bezier_ipopt,,mse,,True
full_day,507->404,3222,20,bezier_nm,46.39403151301667,mse,0.1807999119331601,False
full_day,507->424,3222,20,bezier_pgd,0.0038877319893799,mse,0.0056466039588818,False
full_day,507->424,3222,20,bezier_ipopt,26.40131692198338,mse,0.0001656674127058,False
full_day,507->424,3222,20,bezier_nm,43.654098138038535,mse,0.2124663020235484,False
full_day,508->230,3222,20,bezier_pgd,0.004440663033165,mse,0.0790164746028469,False
full_day,508->230,3222,20,bezier_ipopt,,mse,,True
full_day,508->230,3222,20,bezier_nm,42.23636169900419,mse,0.3293005425419046,False
full_day,508->428,3222,20,bezier_pgd,0.0029061129898764,mse,0.0425846480527967,False
full_day,508->428,3222,20,bezier_ipopt,,mse,,True
full_day,508->428,3222,20,bezier_nm,44.03775344399037,mse,0.5649723182380185,False
full_day,508->442,3222,20,bezier_pgd,0.0042652459815144,mse,0.0102181200118972,False
full_day,508->442,3222,20,bezier_ipopt,,mse,,True
full_day,508->442,3222,20,bezier_nm,41.99273062299471,mse,0.299292109317495,False
full_day,508->446,3222,20,bezier_pgd,0.0042140669538639,mse,0.0057291370392977,False
full_day,508->446,3222,20,bezier_ipopt,16.839558153995313,mse,0.0001724967061188,False
full_day,508->446,3222,20,bezier_nm,44.0202678720234,mse,0.2452740408837039,False
full_day,509->145,3222,20,bezier_pgd,0.0043567270040512,mse,0.0187961025369849,False
full_day,509->145,3222,20,bezier_ipopt,16.533820968994405,mse,0.0001856017107174,False
full_day,509->145,3222,20,bezier_nm,43.38574600598077,mse,0.3099747953507115,False
full_day,509->290,3222,20,bezier_pgd,0.004708553024102,mse,0.0092264820966823,False
full_day,509->290,3222,20,bezier_ipopt,,mse,,True
full_day,509->290,3222,20,bezier_nm,42.81236384698423,mse,0.2863453817203823,False
full_day,509->315,3222,20,bezier_pgd,0.0048475809744559,mse,0.0043037013429255,False
full_day,509->315,3222,20,bezier_ipopt,18.180918518977705,mse,0.0001475511508832,False
full_day,509->315,3222,20,bezier_nm,42.751357097993605,mse,0.2282962182468115,False
full_day,509->470,3222,20,bezier_pgd,0.0043201600201427,mse,0.0071506714952319,False
full_day,509->470,3222,20,bezier_ipopt,,mse,,True
full_day,509->470,3222,20,bezier_nm,43.37760483199963,mse,0.2916159409113264,False
full_day,51->241,3222,20,bezier_pgd,0.0035625520395115,mse,0.3347027107362694,False
full_day,51->241,3222,20,bezier_ipopt,14.006532929022796,mse,3.863316973187423e-06,False
full_day,51->241,3222,20,bezier_nm,43.50740830996074,mse,0.785137559745166,False
full_day,51->50,3222,20,bezier_pgd,0.0031249680323526,mse,9.060677516659035e-06,False
full_day,51->50,3222,20,bezier_ipopt,14.976954960031437,mse,2.4330368587749038e-06,False
full_day,51->50,3222,20,bezier_nm,65.31756015698193,mse,0.0003299687319424,False
full_day,510->108,3222,20,bezier_pgd,0.0029067329596728,mse,0.0002367376824318,False
full_day,510->108,3222,20,bezier_ipopt,28.52829078398645,mse,0.000153497881563,False
full_day,510->108,3222,20,bezier_nm,67.04649171599885,mse,0.0012359239519701,False
full_day,510->141,3222,20,bezier_pgd,0.004212140047457,mse,0.0081214563317509,False
full_day,510->141,3222,20,bezier_ipopt,15.93006396200508,mse,0.0001633278900433,False
full_day,510->141,3222,20,bezier_nm,44.68127844203264,mse,0.1959626283613844,False
full_day,510->84,3222,20,bezier_pgd,0.006307641044259,mse,0.0132670780560161,False
full_day,510->84,3222,20,bezier_ipopt,,mse,,True
full_day,510->84,3222,20,bezier_nm,43.440519454015885,mse,0.3289728478337029,False
full_day,511->129,3222,20,bezier_pgd,0.005340855976101,mse,0.0136755954599771,False
full_day,511->129,3222,20,bezier_ipopt,20.948595035995822,mse,0.0002171319056867,False
full_day,511->129,3222,20,bezier_nm,42.9228911770042,mse,0.2936960229416769,False
full_day,511->407,3222,20,bezier_pgd,0.0072890380397439,mse,0.0144836840496142,False
full_day,511->407,3222,20,bezier_ipopt,19.61771545303054,mse,0.0001724563014098,False
full_day,511->407,3222,20,bezier_nm,42.34063684998546,mse,0.2718233252129901,False
full_day,511->482,3222,20,bezier_pgd,0.0041561690159142,mse,0.0051679827728395,False
full_day,511->482,3222,20,bezier_ipopt,17.214908288035076,mse,0.0002018282760553,False
full_day,511->482,3222,20,bezier_nm,42.27024592098314,mse,0.2331755244110109,False
full_day,511->496,3222,20,bezier_pgd,0.0046491220127791,mse,0.000839986285952,False
full_day,511->496,3222,20,bezier_ipopt,,mse,,True
full_day,511->496,3222,20,bezier_nm,45.166455067985225,mse,0.125244224904945,False
full_day,512->363,3222,20,bezier_pgd,0.0042003270355053,mse,0.0046606370886195,False
full_day,512->363,3222,20,bezier_ipopt,98.65302579500712,mse,0.2512699499998979,False
full_day,512->363,3222,20,bezier_nm,44.682594793033786,mse,0.2149016065074478,False
full_day,512->382,3222,20,bezier_pgd,0.0047140259994193,mse,0.0082172717897509,False
full_day,512->382,3222,20,bezier_ipopt,15.481374380993657,mse,0.0001226507286898,False
full_day,512->382,3222,20,bezier_nm,43.3897923649638,mse,0.2743549291612462,False
full_day,512->406,3222,20,bezier_pgd,0.0055154940346255,mse,0.0064255539297559,False
full_day,512->406,3222,20,bezier_ipopt,,mse,,True
full_day,512->406,3222,20,bezier_nm,44.194416195037775,mse,0.2675963403431348,False
full_day,512->503,3222,20,bezier_pgd,0.0041397769819013,mse,0.013550772133141,False
full_day,512->503,3222,20,bezier_ipopt,21.546534084016457,mse,0.0001164467660006,False
full_day,512->503,3222,20,bezier_nm,41.58078913902864,mse,0.3031865277055843,False
full_day,513->179,3222,20,bezier_pgd,0.0041835659649223,mse,0.0007925817493305,False
full_day,513->179,3222,20,bezier_ipopt,,mse,,True
full_day,513->179,3222,20,bezier_nm,45.70247599197319,mse,0.1633956013160105,False
full_day,513->188,3222,20,bezier_pgd,0.0047170160105451,mse,0.0149977324727536,False
full_day,513->188,3222,20,bezier_ipopt,,mse,,True
full_day,513->188,3222,20,bezier_nm,43.66651239100611,mse,0.3018552287903199,False
full_day,513->365,3222,20,bezier_pgd,0.0045120749855414,mse,0.0060160727769878,False
full_day,513->365,3222,20,bezier_ipopt,,mse,,True
full_day,513->365,3222,20,bezier_nm,43.58545742300339,mse,0.2728775540543289,False
full_day,513->479,3222,20,bezier_pgd,0.0047105579869821,mse,0.0036366695928922,False
full_day,513->479,3222,20,bezier_ipopt,,mse,,True
full_day,513->479,3222,20,bezier_nm,45.899464905960485,mse,0.2020297539993085,False
full_day,514->187,3222,20,bezier_pgd,0.0039610380190424,mse,0.0048135863262539,False
full_day,514->187,3222,20,bezier_ipopt,21.965514182986222,mse,0.0002644703256711,False
full_day,514->187,3222,20,bezier_nm,43.83468945196364,mse,0.1880255013312028,False
full_day,514->303,3222,20,bezier_pgd,0.0044253070373088,mse,0.0077612161460309,False
full_day,514->303,3222,20,bezier_ipopt,,mse,,True
full_day,514->303,3222,20,bezier_nm,42.37369954603491,mse,0.2639168033221683,False
full_day,514->342,3222,20,bezier_pgd,0.0044065910042263,mse,0.0050646928226379,False
full_day,514->342,3222,20,bezier_ipopt,25.66429311601678,mse,0.0002593451257734,False
full_day,514->342,3222,20,bezier_nm,45.63108054699842,mse,0.2126028431889963,False
full_day,514->366,3222,20,bezier_pgd,0.0048289179685525,mse,0.003954088062191,False
full_day,514->366,3222,20,bezier_ipopt,64.86981442698743,mse,0.000144444077466,False
full_day,514->366,3222,20,bezier_nm,42.24198897299357,mse,0.2542468972780305,False
full_day,515->372,3222,20,bezier_pgd,0.0029975679935887,mse,1.1337326758010484e-05,False
full_day,515->372,3222,20,bezier_ipopt,13.534800339024514,mse,2.938575858817647e-06,False
full_day,515->372,3222,20,bezier_nm,68.94120724598179,mse,0.0001690088331112,False
full_day,515->445,3222,20,bezier_pgd,0.0048097560065798,mse,0.0107913642218315,False
full_day,515->445,3222,20,bezier_ipopt,19.909100323042367,mse,0.000153769698926,False
full_day,515->445,3222,20,bezier_nm,44.85386453499086,mse,0.2785885565495204,False
full_day,515->528,3222,20,bezier_pgd,0.0042375610210001,mse,0.0136736285500695,False
full_day,515->528,3222,20,bezier_ipopt,,mse,,True
full_day,515->528,3222,20,bezier_nm,42.351395406003576,mse,0.2765816896579967,False
full_day,515->6,3222,20,bezier_pgd,0.0045702239731326,mse,0.0051968985472642,False
full_day,515->6,3222,20,bezier_ipopt,17.826797162997536,mse,0.000110204931242,False
full_day,515->6,3222,20,bezier_nm,44.50461096200161,mse,0.1745710747375887,False
full_day,516->15,3222,20,bezier_pgd,0.0040281420224346,mse,0.0685495719125861,False
full_day,516->15,3222,20,bezier_ipopt,,mse,,True
full_day,516->15,3222,20,bezier_nm,42.75501524901483,mse,0.3611539818028529,False
full_day,516->22,3222,20,bezier_pgd,0.0044835779699496,mse,0.1269079560170783,False
full_day,516->22,3222,20,bezier_ipopt,14.846788774011657,mse,4.00078512336395e-05,False
full_day,516->22,3222,20,bezier_nm,41.886652900022455,mse,0.410587741800708,False
full_day,516->536,6444,20,bezier_pgd,0.0072192799998447,mse,0.0385716806859069,False
full_day,516->536,6444,20,bezier_ipopt,,mse,,True
full_day,516->536,6444,20,bezier_nm,88.21314720698865,mse,0.4134580753163504,False
full_day,517->11,3222,20,bezier_pgd,0.0046419290010817,mse,0.0003960172652539,False
full_day,517->11,3222,20,bezier_ipopt,22.500108780979645,mse,0.0001585405067266,False
full_day,517->11,3222,20,bezier_nm,44.834019865025766,mse,0.1440454769815098,False
full_day,517->136,3222,20,bezier_pgd,0.0056572100147604,mse,0.0148238820208566,False
full_day,517->136,3222,20,bezier_ipopt,,mse,,True
full_day,517->136,3222,20,bezier_nm,44.185085124045145,mse,0.2745454945543575,False
full_day,517->164,3222,20,bezier_pgd,0.0048005540156736,mse,0.0070121053224957,False
full_day,517->164,3222,20,bezier_ipopt,16.749507547996473,mse,0.000177129637009,False
full_day,517->164,3222,20,bezier_nm,41.9424739999813,mse,0.2571188720139228,False
full_day,517->175,3222,20,bezier_pgd,0.0052891509840264,mse,0.0126160961854854,False
full_day,517->175,3222,20,bezier_ipopt,,mse,,True
full_day,517->175,3222,20,bezier_nm,43.60870697902283,mse,0.2727684554177035,False
full_day,517->305,3222,20,bezier_pgd,0.0041935840272344,mse,0.0008313445916574,False
full_day,517->305,3222,20,bezier_ipopt,24.35978818498552,mse,0.0002574499149922,False
full_day,517->305,3222,20,bezier_nm,44.74764292303007,mse,0.1293229849112704,False
full_day,517->350,3222,20,bezier_pgd,0.00501229200745,mse,0.0164106137144241,False
full_day,517->350,3222,20,bezier_ipopt,17.793793145974632,mse,0.0002878096963396,False
full_day,517->350,3222,20,bezier_nm,44.66002149198903,mse,0.2741055660574141,False
full_day,518->525,3222,20,bezier_pgd,0.0043938410235568,mse,0.0058636320965231,False
full_day,518->525,3222,20,bezier_ipopt,17.78028040600475,mse,4.204376190831635e-05,False
full_day,518->525,3222,20,bezier_nm,42.77847883902723,mse,0.2328320696326621,False
full_day,518->527,6444,20,bezier_pgd,0.0078472670284099,mse,0.0038899653796036,False
full_day,518->527,6444,20,bezier_ipopt,,mse,,True
full_day,518->527,6444,20,bezier_nm,86.14462571195327,mse,0.2490913407849514,False
full_day,518->6,3222,20,bezier_pgd,0.0041856869938783,mse,0.011599034912191,False
full_day,518->6,3222,20,bezier_ipopt,16.465654317988083,mse,5.9190214157766994e-05,False
full_day,518->6,3222,20,bezier_nm,42.17775256099412,mse,0.2604652206025115,False
full_day,519->483,3222,20,bezier_pgd,0.0036211140104569,mse,0.0506548988561565,False
full_day,519->483,3222,20,bezier_ipopt,,mse,,True
full_day,519->483,3222,20,bezier_nm,43.55744749301812,mse,0.466419335899233,False
full_day,519->523,3222,20,bezier_pgd,0.0050313139799982,mse,0.0046505695871554,False
full_day,519->523,3222,20,bezier_ipopt,,mse,,True
full_day,519->523,3222,20,bezier_nm,44.10177295602625,mse,0.1950629647502879,False
full_day,519->530,3222,20,bezier_pgd,0.0037568560219369,mse,0.0240946587634161,False
full_day,519->530,3222,20,bezier_ipopt,16.197359389043413,mse,1.0394598047108042e-05,False
full_day,519->530,3222,20,bezier_nm,42.94697232596809,mse,0.4094905417899734,False
full_day,52->53,3222,20,bezier_pgd,0.0028420659946277,mse,1.0167223298949046e-05,False
full_day,52->53,3222,20,bezier_ipopt,10.324047835019885,mse,3.506782484620473e-06,False
full_day,52->53,3222,20,bezier_nm,65.58141499600606,mse,0.0003072519208937,False
full_day,52->54,3222,20,bezier_pgd,0.0027324700495228,mse,1.3276521124059556e-05,False
full_day,52->54,3222,20,bezier_ipopt,17.775480826967396,mse,3.168904655253664e-06,False
full_day,52->54,3222,20,bezier_nm,65.03277297096793,mse,0.0003810612153657,False
full_day,520->214,3222,20,bezier_pgd,0.0047132709878496,mse,0.0042899621557347,False
full_day,520->214,3222,20,bezier_ipopt,44.48901567101712,mse,0.000180676746354,False
full_day,520->214,3222,20,bezier_nm,42.21866238198709,mse,0.243833875218228,False
full_day,520->250,3222,20,bezier_pgd,0.0045143120223656,mse,0.0177172440637438,False
full_day,520->250,3222,20,bezier_ipopt,,mse,,True
full_day,520->250,3222,20,bezier_nm,42.7331160850008,mse,0.3067244197118123,False
full_day,520->482,3222,20,bezier_pgd,0.0044057539780624,mse,0.0098512794607176,False
full_day,520->482,3222,20,bezier_ipopt,21.57743775704876,mse,0.0002551093457976,False
full_day,520->482,3222,20,bezier_nm,42.68766556901392,mse,0.2489707396638462,False
full_day,520->502,3222,20,bezier_pgd,0.0051073929644189,mse,0.0157881835423819,False
full_day,520->502,3222,20,bezier_ipopt,22.378878904040903,mse,0.0002456910010996,False
full_day,520->502,3222,20,bezier_nm,43.80162664101226,mse,0.284388206747872,False
full_day,521->175,3222,20,bezier_pgd,0.0057237810106016,mse,0.0135782491507443,False
full_day,521->175,3222,20,bezier_ipopt,20.62598775903461,mse,0.0001981880755935,False
full_day,521->175,3222,20,bezier_nm,43.4238577230135,mse,0.2783836566581762,False
full_day,521->246,3222,20,bezier_pgd,0.0052237990312278,mse,0.0124112556605104,False
full_day,521->246,3222,20,bezier_ipopt,13.587658722011838,mse,0.0001743687181343,False
full_day,521->246,3222,20,bezier_nm,42.947586869006045,mse,0.2733746103002901,False
full_day,521->400,3222,20,bezier_pgd,0.004272046033293,mse,0.0003263448600303,False
full_day,521->400,3222,20,bezier_ipopt,16.44901481200941,mse,6.12604424899887e-05,False
full_day,521->400,3222,20,bezier_nm,45.36318614101037,mse,0.0958110459322406,False
full_day,522->210,3222,20,bezier_pgd,0.0044269069912843,mse,0.0183444249448996,False
full_day,522->210,3222,20,bezier_ipopt,,mse,,True
full_day,522->210,3222,20,bezier_nm,42.76379133597948,mse,0.2997906548739492,False
full_day,522->266,3222,20,bezier_pgd,0.0037483620108105,mse,0.0004914093695629,False
full_day,522->266,3222,20,bezier_ipopt,18.347180229029615,mse,0.0001950590182284,False
full_day,522->266,3222,20,bezier_nm,43.10994245304028,mse,0.0658995973059903,False
full_day,522->344,3222,20,bezier_pgd,0.0056501160142943,mse,0.0108438999854291,False
full_day,522->344,3222,20,bezier_ipopt,21.101509170024656,mse,0.000166522592114,False
full_day,522->344,3222,20,bezier_nm,42.4528216960025,mse,0.2792638000401986,False
full_day,522->354,3222,20,bezier_pgd,0.0049607240362092,mse,0.0135448037230458,False
full_day,522->354,3222,20,bezier_ipopt,16.29944918997353,mse,0.0002084667032968,False
full_day,522->354,3222,20,bezier_nm,45.24215994699625,mse,0.2658518406017974,False
full_day,523->461,3222,20,bezier_pgd,0.0058263409882783,mse,0.0135992417914426,False
full_day,523->461,3222,20,bezier_ipopt,,mse,,True
full_day,523->461,3222,20,bezier_nm,42.99735778197646,mse,0.2932189660769649,False
full_day,523->519,3222,20,bezier_pgd,0.0034578900085762,mse,0.0396267204156592,False
full_day,523->519,3222,20,bezier_ipopt,,mse,,True
full_day,523->519,3222,20,bezier_nm,45.92119911505142,mse,0.4818358136284784,False
full_day,523->526,3222,20,bezier_pgd,0.0042003999697044,mse,0.0133383165794755,False
full_day,523->526,3222,20,bezier_ipopt,17.890711348038167,mse,2.4904624163682376e-05,False
full_day,523->526,3222,20,bezier_nm,43.29158707597526,mse,0.2604002859555528,False
full_day,523->530,3222,20,bezier_pgd,0.0043094209977425,mse,0.0144272542084362,False
full_day,523->530,3222,20,bezier_ipopt,,mse,,True
full_day,523->530,3222,20,bezier_nm,43.19462274201214,mse,0.2899617457904718,False
full_day,524->100,3222,20,bezier_pgd,0.0030137650319375,mse,1.2319279814843024e-05,False
full_day,524->100,3222,20,bezier_ipopt,18.30723953299457,mse,2.7610583393459277e-06,False
full_day,524->100,3222,20,bezier_nm,65.14643918297952,mse,0.0004206594551943,False
full_day,524->189,3222,20,bezier_pgd,0.0050127729773521,mse,0.0177631881658653,False
full_day,524->189,3222,20,bezier_ipopt,19.23471603897633,mse,0.0002508005511199,False
full_day,524->189,3222,20,bezier_nm,45.03383140999358,mse,0.268630880535388,False
full_day,524->457,3222,20,bezier_pgd,0.0028039389871992,mse,1.1567927527342617e-05,False
full_day,524->457,3222,20,bezier_ipopt,13.851576863962691,mse,2.671279321061915e-06,False
full_day,524->457,3222,20,bezier_nm,64.12220077001257,mse,0.000481093056611,False
full_day,524->481,3222,20,bezier_pgd,0.0045263320207595,mse,0.0039343741573388,False
full_day,524->481,3222,20,bezier_ipopt,16.20990418299334,mse,0.0001786544775651,False
full_day,524->481,3222,20,bezier_nm,41.870793127978686,mse,0.245948676682832,False
full_day,525->437,3222,20,bezier_pgd,0.0049795929808169,mse,0.0048683793281602,False
full_day,525->437,3222,20,bezier_ipopt,,mse,,True
full_day,525->437,3222,20,bezier_nm,45.46249522198923,mse,0.2380843379312944,False
full_day,525->477,3222,20,bezier_pgd,0.0042308730189688,mse,0.008610608771428,False
full_day,525->477,3222,20,bezier_ipopt,24.75566698698094,mse,0.0002726441514535,False
full_day,525->477,3222,20,bezier_nm,43.29079836799065,mse,0.2513525769069751,False
full_day,525->518,3222,20,bezier_pgd,0.0042509699705988,mse,0.0092141250180407,False
full_day,525->518,3222,20,bezier_ipopt,19.210065863037016,mse,6.88633490427444e-05,False
full_day,525->518,3222,20,bezier_nm,42.48333498399006,mse,0.248126675174568,False
full_day,525->537,3222,20,bezier_pgd,0.0042712860158644,mse,0.0058636320965231,False
full_day,525->537,3222,20,bezier_ipopt,19.02765762596391,mse,4.204375178085273e-05,False
full_day,525->537,3222,20,bezier_nm,42.69773531897226,mse,0.2331010603972025,False
full_day,526->20,3222,20,bezier_pgd,0.0045722439535893,mse,0.0025426989016033,False
full_day,526->20,3222,20,bezier_ipopt,26.097419051046018,mse,0.0002355148415797,False
full_day,526->20,3222,20,bezier_nm,43.5397015879862,mse,0.2172084366016506,False
full_day,526->483,3222,20,bezier_pgd,0.0045376470079645,mse,0.0035537759683762,False
full_day,526->483,3222,20,bezier_ipopt,,mse,,True
full_day,526->483,3222,20,bezier_nm,43.16638527199393,mse,0.2108072030483156,False
full_day,526->523,6444,20,bezier_pgd,0.0081604300066828,mse,0.0038899653796036,False
full_day,526->523,6444,20,bezier_ipopt,41.53678212797968,mse,0.0001968326548112,False
full_day,526->523,6444,20,bezier_nm,86.79354779596906,mse,0.250744525705901,False
full_day,526->527,3222,20,bezier_pgd,0.0041727609932422,mse,0.0133383165794755,False
full_day,526->527,3222,20,bezier_ipopt,17.408712866948918,mse,2.49046262185198e-05,False
full_day,526->527,3222,20,bezier_nm,42.61654340400128,mse,0.2604002859555531,False
full_day,527->25,3222,20,bezier_pgd,0.004421358986292,mse,0.0100231714312692,False
full_day,527->25,3222,20,bezier_ipopt,19.92166624701349,mse,8.894841581778232e-05,False
full_day,527->25,3222,20,bezier_nm,42.39746192604071,mse,0.2776342046334847,False
full_day,527->477,3222,20,bezier_pgd,0.0048916510422714,mse,0.0015702493821139,False
full_day,527->477,3222,20,bezier_ipopt,,mse,,True
full_day,527->477,3222,20,bezier_nm,45.40076810802566,mse,0.209598122687502,False
full_day,527->518,3222,20,bezier_pgd,0.0041432810248807,mse,0.0133383165794755,False
full_day,527->518,3222,20,bezier_ipopt,17.391837190953083,mse,2.490460566938788e-05,False
full_day,527->518,3222,20,bezier_nm,43.149766465998255,mse,0.2624970330540922,False
full_day,527->526,6444,20,bezier_pgd,0.0074057320016436,mse,0.0038899653796036,False
full_day,527->526,6444,20,bezier_ipopt,38.71900847699726,mse,0.000196832708395,False
full_day,527->526,6444,20,bezier_nm,87.03465073899133,mse,0.2507445257059014,False
full_day,528->24,3222,20,bezier_pgd,0.0102032919530756,mse,0.0031216857878538,False
full_day,528->24,3222,20,bezier_ipopt,,mse,,True
full_day,528->24,3222,20,bezier_nm,43.4944116200204,mse,0.2683570696545375,False
full_day,528->25,3222,20,bezier_pgd,0.0061101620085537,mse,0.0015702493821139,False
full_day,528->25,3222,20,bezier_ipopt,,mse,,True
full_day,528->25,3222,20,bezier_nm,45.95346618600888,mse,0.209383772791225,False
full_day,528->438,3222,20,bezier_pgd,0.0028229810413904,mse,8.790336781413332e-06,False
full_day,528->438,3222,20,bezier_ipopt,12.54456307500368,mse,2.002212185350664e-06,False
full_day,528->438,3222,20,bezier_nm,68.82336972403573,mse,9.80575544589378e-05,False
full_day,528->445,3222,20,bezier_pgd,0.0043476659920997,mse,0.0025082829106269,False
full_day,528->445,3222,20,bezier_ipopt,15.5124095689971,mse,0.0002306952927149,False
full_day,528->445,3222,20,bezier_nm,43.80126325599849,mse,0.2294206928696443,False
full_day,528->515,3222,20,bezier_pgd,0.007704980962444,mse,0.0151489667289406,False
full_day,528->515,3222,20,bezier_ipopt,,mse,,True
full_day,528->515,3222,20,bezier_nm,44.98682900797576,mse,0.3438357161879226,False
full_day,529->160,3222,20,bezier_pgd,0.0053739039576612,mse,0.0090838666237087,False
full_day,529->160,3222,20,bezier_ipopt,21.72764650598401,mse,0.0001602301653042,False
full_day,529->160,3222,20,bezier_nm,43.46670686302241,mse,0.2714905775861368,False
full_day,529->403,3222,20,bezier_pgd,0.0050654830411076,mse,0.0172518389784429,False
full_day,529->403,3222,20,bezier_ipopt,15.76181557396194,mse,0.0001804244844828,False
full_day,529->403,3222,20,bezier_nm,44.48251790797804,mse,0.2907912253157625,False
full_day,529->412,3222,20,bezier_pgd,0.0043529029935598,mse,0.0035858031282566,False
full_day,529->412,3222,20,bezier_ipopt,,mse,,True
full_day,529->412,3222,20,bezier_nm,44.73368969699368,mse,0.2314093778574034,False
full_day,529->419,3222,20,bezier_pgd,0.0046969149843789,mse,0.0083446818927681,False
full_day,529->419,3222,20,bezier_ipopt,17.49351304100128,mse,0.0001819492336195,False
full_day,529->419,3222,20,bezier_nm,43.81408558099065,mse,0.0774535680560051,False
full_day,529->44,3222,20,bezier_pgd,0.0042981239967048,mse,0.0011724567126672,False
full_day,529->44,3222,20,bezier_ipopt,24.150356654950883,mse,0.0004830192978741,False
full_day,529->44,3222,20,bezier_nm,43.75300253700698,mse,0.0327944813938569,False
full_day,53->52,3222,20,bezier_pgd,0.0027834030333906,mse,1.2617384075625158e-05,False
full_day,53->52,3222,20,bezier_ipopt,13.100990539009215,mse,4.4576086986693546e-06,False
full_day,53->52,3222,20,bezier_nm,64.65239418396959,mse,0.0003615298597859,False
full_day,53->56,3222,20,bezier_pgd,0.0026578789693303,mse,1.125908366252454e-05,False
full_day,53->56,3222,20,bezier_ipopt,12.723036337993108,mse,5.13216994338079e-06,False
full_day,53->56,3222,20,bezier_nm,67.93495256802998,mse,0.0002577720231363,False
full_day,530->443,3222,20,bezier_pgd,0.0036576850106939,mse,0.0187584729486331,False
full_day,530->443,3222,20,bezier_ipopt,,mse,,True
full_day,530->443,3222,20,bezier_nm,41.52214773604646,mse,0.0419249937799572,False
full_day,530->523,3222,20,bezier_pgd,0.0043648200226016,mse,0.0011175324948075,False
full_day,530->523,3222,20,bezier_ipopt,16.965302256983705,mse,0.0001157139922773,False
full_day,530->523,3222,20,bezier_nm,45.197481092007365,mse,0.1998133011518433,False
full_day,530->533,6444,20,bezier_pgd,0.0108365039923228,mse,0.0037589114620056,False
full_day,530->533,6444,20,bezier_ipopt,40.731855320045725,mse,8.869836668179209e-05,False
full_day,530->533,6444,20,bezier_nm,84.84283794200746,mse,0.2744492894004995,False
full_day,531->113,3222,20,bezier_pgd,0.0032274750410579,mse,8.628734815346782e-06,False
full_day,531->113,3222,20,bezier_ipopt,11.789303330006078,mse,3.197707945070669e-06,False
full_day,531->113,3222,20,bezier_nm,67.11250576196471,mse,7.517338027889863e-05,False
full_day,531->483,3222,20,bezier_pgd,0.0050700060091912,mse,0.0010257472124381,False
full_day,531->483,3222,20,bezier_ipopt,18.4427681590314,mse,0.0002183376012942,False
full_day,531->483,3222,20,bezier_nm,42.83469641499687,mse,0.2162860085385682,False
full_day,531->488,3222,20,bezier_pgd,0.004447779036127,mse,0.0008798892695906,False
full_day,531->488,3222,20,bezier_ipopt,,mse,,True
full_day,531->488,3222,20,bezier_nm,45.5507295409916,mse,0.1519801428987062,False
full_day,531->534,6444,20,bezier_pgd,0.007528763031587,mse,0.0156001125040052,False
full_day,531->534,6444,20,bezier_ipopt,,mse,,True
full_day,531->534,6444,20,bezier_nm,89.76525455398951,mse,0.257050042408745,False
full_day,532->113,3222,20,bezier_pgd,0.0029301819740794,mse,1.2128531098227232e-05,False
full_day,532->113,3222,20,bezier_ipopt,11.899991936981678,mse,3.830329964118423e-06,False
full_day,532->113,3222,20,bezier_nm,63.97937302698847,mse,0.0004574796932732,False
full_day,532->13,3222,20,bezier_pgd,0.0056143780238926,mse,0.014525900668829,False
full_day,532->13,3222,20,bezier_ipopt,,mse,,True
full_day,532->13,3222,20,bezier_nm,43.51877753000008,mse,0.2757829283000109,False
full_day,532->407,3222,20,bezier_pgd,0.0057640899904072,mse,0.0008298425513794,False
full_day,532->407,3222,20,bezier_ipopt,21.808556252042763,mse,0.0003437394627366,False
full_day,532->407,3222,20,bezier_nm,44.34762351302197,mse,0.1497966186924295,False
full_day,532->505,3222,20,bezier_pgd,0.0044714329997077,mse,0.0060486026843665,False
full_day,532->505,3222,20,bezier_ipopt,22.144459035014734,mse,0.0002465127984632,False
full_day,532->505,3222,20,bezier_nm,43.9409704169957,mse,0.2403804874790561,False
full_day,532->533,3222,20,bezier_pgd,0.0042516590328887,mse,0.0017142779079479,False
full_day,532->533,3222,20,bezier_ipopt,17.74182539602043,mse,0.0002545569211598,False
full_day,532->533,3222,20,bezier_nm,45.10745242598932,mse,0.2040911002167454,False
full_day,533->387,3222,20,bezier_pgd,0.0039480130071751,mse,0.0094752816094218,False
full_day,533->387,3222,20,bezier_ipopt,20.247821535973344,mse,0.0003207285842839,False
full_day,533->387,3222,20,bezier_nm,43.38262699905317,mse,0.2534236289932733,False
full_day,533->412,6444,20,bezier_pgd,0.0078779309988021,mse,0.001016710666326,False
full_day,533->412,6444,20,bezier_ipopt,39.310297274030745,mse,0.0001537246896934,False
full_day,533->412,6444,20,bezier_nm,88.65860487299506,mse,0.1960092406722345,False
full_day,533->530,6444,20,bezier_pgd,0.006478753988631,mse,0.0246580813675198,False
full_day,533->530,6444,20,bezier_ipopt,,mse,,True
full_day,533->530,6444,20,bezier_nm,87.98969511600444,mse,0.3420987952993526,False
full_day,533->532,3222,20,bezier_pgd,0.0043596109608188,mse,0.0008671249685167,False
full_day,533->532,3222,20,bezier_ipopt,21.79235308698844,mse,0.0001758562802741,False
full_day,533->532,3222,20,bezier_nm,42.61489831603831,mse,0.1554915560028081,False
full_day,534->21,3222,20,bezier_pgd,0.0042717279866337,mse,0.004640563774029,False
full_day,534->21,3222,20,bezier_ipopt,14.5532744419761,mse,0.000274775994271,False
full_day,534->21,3222,20,bezier_nm,42.67594489996554,mse,0.2316746939195561,False
full_day,534->477,3222,20,bezier_pgd,0.0042586660129018,mse,0.0005779660670616,False
full_day,534->477,3222,20,bezier_ipopt,22.81417071900796,mse,0.0001457792964647,False
full_day,534->477,3222,20,bezier_nm,43.19192001404008,mse,0.1903346129207235,False
full_day,534->531,6444,20,bezier_pgd,0.0079341529635712,mse,0.0035090799419508,False
full_day,534->531,6444,20,bezier_ipopt,36.9388772000093,mse,0.0001736682913044,False
full_day,534->531,6444,20,bezier_nm,86.16581498499727,mse,0.2107545450101935,False
full_day,534->537,6444,20,bezier_pgd,0.008644899004139,mse,0.0035207453111785,False
full_day,534->537,6444,20,bezier_ipopt,45.22575212997617,mse,0.0001821763868038,False
full_day,534->537,6444,20,bezier_nm,84.77401143999305,mse,0.2117856194784496,False
full_day,535->212,3222,20,bezier_pgd,0.0051370270084589,mse,0.0174475104191781,False
full_day,535->212,3222,20,bezier_ipopt,20.689640505996067,mse,0.0002598150714999,False
full_day,535->212,3222,20,bezier_nm,42.434704568993766,mse,0.2677407798738128,False
full_day,535->441,3222,20,bezier_pgd,0.0035613540094345,mse,0.0171439210378967,False
full_day,535->441,3222,20,bezier_ipopt,39.07101099402644,mse,0.0001539636487256,False
full_day,535->441,3222,20,bezier_nm,45.9697816830012,mse,0.3392273824502122,False
full_day,535->497,3222,20,bezier_pgd,0.0052798549877479,mse,0.0084354234585219,False
full_day,535->497,3222,20,bezier_ipopt,20.56794786499813,mse,0.0001774721779073,False
full_day,535->497,3222,20,bezier_nm,42.118394971999805,mse,0.276814318248456,False
full_day,536->23,3222,20,bezier_pgd,0.0039939180132932,mse,0.0063670294045689,False
full_day,536->23,3222,20,bezier_ipopt,20.180244365008548,mse,0.0002682539947577,False
full_day,536->23,3222,20,bezier_nm,42.80362015898572,mse,0.2511832844302568,False
full_day,536->437,3222,20,bezier_pgd,0.0038514190237037,mse,0.0005766681571348,False
full_day,536->437,3222,20,bezier_ipopt,28.98160875198664,mse,0.0001576756072656,False
full_day,536->437,3222,20,bezier_nm,45.20733405801002,mse,0.0961116177393282,False
full_day,536->516,6444,20,bezier_pgd,0.0062401790055446,mse,0.0119713350468033,False
full_day,536->516,6444,20,bezier_ipopt,,mse,,True
full_day,536->516,6444,20,bezier_nm,93.62632616597692,mse,0.1918943265242894,False
full_day,536->537,6444,20,bezier_pgd,0.0076850490295328,mse,0.0030277321452757,False
full_day,536->537,6444,20,bezier_ipopt,48.57823953597108,mse,0.000176741255679,False
full_day,536->537,6444,20,bezier_nm,85.1846528989845,mse,0.2025690011744454,False
full_day,537->435,3222,20,bezier_pgd,0.0041613020002841,mse,0.005682780985777,False
full_day,537->435,3222,20,bezier_ipopt,17.81437915598508,mse,0.0001623359337653,False
full_day,537->435,3222,20,bezier_nm,42.67436795996037,mse,0.2300834301395013,False
full_day,537->525,3222,20,bezier_pgd,0.0043877590214833,mse,0.0092141250180407,False
full_day,537->525,3222,20,bezier_ipopt,18.54544028401142,mse,6.893978423914065e-05,False
full_day,537->525,3222,20,bezier_nm,42.71276376303285,mse,0.2466792467403954,False
full_day,537->534,6444,20,bezier_pgd,0.0084516509668901,mse,0.0015211141260676,False
full_day,537->534,6444,20,bezier_ipopt,38.98843900102656,mse,0.0002311303585107,False
full_day,537->534,6444,20,bezier_nm,86.94195399200544,mse,0.2073693747335037,False
full_day,537->536,6444,20,bezier_pgd,0.0078833060106262,mse,0.0021644117747372,False
full_day,537->536,6444,20,bezier_ipopt,45.88079931499669,mse,0.0002011183341331,False
full_day,537->536,6444,20,bezier_nm,84.39754737104522,mse,0.2273411453713942,False
full_day,54->52,3222,20,bezier_pgd,0.0027100349543616,mse,7.379546275216948e-06,False
full_day,54->52,3222,20,bezier_ipopt,10.440768364991529,mse,4.869646392894834e-06,False
full_day,54->52,3222,20,bezier_nm,64.64258753601462,mse,0.0002351370761638,False
full_day,54->55,3222,20,bezier_pgd,0.0028004509513266,mse,1.5850221689418812e-05,False
full_day,54->55,3222,20,bezier_ipopt,12.999542702978944,mse,4.160556304654256e-06,False
full_day,54->55,3222,20,bezier_nm,66.90743363898946,mse,0.000411695151634,False
full_day,55->50,3222,20,bezier_pgd,0.0027486159815452,mse,7.262990834034656e-06,False
full_day,55->50,3222,20,bezier_ipopt,13.39383098698454,mse,2.765660739634595e-06,False
full_day,55->50,3222,20,bezier_nm,63.2388043240062,mse,0.0003095243974889,False
full_day,55->54,3222,20,bezier_pgd,0.0027151019894517,mse,9.399039120701908e-06,False
full_day,55->54,3222,20,bezier_ipopt,10.26849189598579,mse,3.358185500241701e-06,False
full_day,55->54,3222,20,bezier_nm,64.10465757001657,mse,0.0003145089806817,False
full_day,56->53,3222,20,bezier_pgd,0.0029054179904051,mse,7.912195315793678e-06,False
full_day,56->53,3222,20,bezier_ipopt,12.071973028010689,mse,4.265417330677497e-06,False
full_day,56->53,3222,20,bezier_nm,67.28773186600301,mse,0.0002628188238672,False
full_day,56->57,3222,20,bezier_pgd,0.002740767027717,mse,5.541498680468431e-06,False
full_day,56->57,3222,20,bezier_ipopt,14.153387935017236,mse,2.2946404637003264e-06,False
full_day,56->57,3222,20,bezier_nm,63.61977903504157,mse,0.0002128991974259,False
full_day,57->449,3222,20,bezier_pgd,0.0026505640125833,mse,9.791912866008016e-06,False
full_day,57->449,3222,20,bezier_ipopt,11.933597896015272,mse,2.8608159611412643e-06,False
full_day,57->449,3222,20,bezier_nm,65.77872307196958,mse,0.000248423012949,False
full_day,57->56,3222,20,bezier_pgd,0.0027268439880572,mse,1.2725991375348497e-05,False
full_day,57->56,3222,20,bezier_ipopt,15.793016619980335,mse,2.177395201721068e-06,False
full_day,57->56,3222,20,bezier_nm,63.4832174910116,mse,0.0003370851421856,False
full_day,58->59,3222,20,bezier_pgd,0.0026721589965745,mse,8.971587902561803e-06,False
full_day,58->59,3222,20,bezier_ipopt,12.140424468030687,mse,2.754939733008381e-06,False
full_day,58->59,3222,20,bezier_nm,61.5702657129732,mse,0.0003699135015108,False
full_day,58->80,3222,20,bezier_pgd,0.0027986550121568,mse,1.318273393054608e-05,False
full_day,58->80,3222,20,bezier_ipopt,11.206199674983509,mse,2.717859166447095e-06,False
full_day,58->80,3222,20,bezier_nm,65.92023128201254,mse,0.0003760769132693,False
full_day,59->58,3222,20,bezier_pgd,0.0031229529995471,mse,2.000770302907787e-05,False
full_day,59->58,3222,20,bezier_ipopt,12.181920486036688,mse,2.888643702516059e-06,False
full_day,59->58,3222,20,bezier_nm,65.65798162098508,mse,0.0006140817940264,False
full_day,59->86,3222,20,bezier_pgd,0.0030483260052278,mse,1.1487633433652295e-05,False
full_day,59->86,3222,20,bezier_ipopt,11.551319769001566,mse,2.3699499904831872e-06,False
full_day,59->86,3222,20,bezier_nm,62.83815972402226,mse,0.0004260169131517,False
full_day,6->515,3222,20,bezier_pgd,0.0044973500189371,mse,0.0115990349121909,False
full_day,6->515,3222,20,bezier_ipopt,20.58960344101069,mse,5.9189886212775085e-05,False
full_day,6->515,3222,20,bezier_nm,43.84084267902654,mse,0.2599500276113661,False
full_day,6->518,3222,20,bezier_pgd,0.004611061012838,mse,0.0051968985472641,False
full_day,6->518,3222,20,bezier_ipopt,17.624209903995506,mse,0.0001102063760129,False
full_day,6->518,3222,20,bezier_nm,44.23423844098579,mse,0.1746030402878667,False
full_day,60->2,3222,20,bezier_pgd,0.0027368699666112,mse,1.0248021638094912e-05,False
full_day,60->2,3222,20,bezier_ipopt,14.188417800993191,mse,1.9016390707324705e-06,False
full_day,60->2,3222,20,bezier_nm,61.91837408102583,mse,0.0002804637518076,False
full_day,60->450,3222,20,bezier_pgd,0.0028981200302951,mse,8.273720634783968e-06,False
full_day,60->450,3222,20,bezier_ipopt,10.504191998043098,mse,3.110296241379496e-06,False
full_day,60->450,3222,20,bezier_nm,64.09619230095996,mse,0.0002855387616384,False
full_day,61->45,3222,20,bezier_pgd,0.0029537660302594,mse,1.0413214893745715e-05,False
full_day,61->45,3222,20,bezier_ipopt,10.232390001008753,mse,2.573172596665139e-06,False
full_day,61->45,3222,20,bezier_nm,64.57149575196672,mse,0.0003627938009602,False
full_day,61->75,3222,20,bezier_pgd,0.0033027949975803,mse,1.4284932351858306e-05,False
full_day,61->75,3222,20,bezier_ipopt,14.796098040998912,mse,1.632489805563126e-06,False
full_day,61->75,3222,20,bezier_nm,64.09410400001798,mse,0.0003232883843428,False
full_day,62->63,3222,20,bezier_pgd,0.0027510630316101,mse,7.757586776536863e-06,False
full_day,62->63,3222,20,bezier_ipopt,20.25530131196137,mse,2.059787054305023e-06,False
full_day,62->63,3222,20,bezier_nm,63.72558486601338,mse,0.000278589786136,False
full_day,62->75,3222,20,bezier_pgd,0.002940890030004,mse,8.1091340083266e-06,False
full_day,62->75,3222,20,bezier_ipopt,11.869299806014167,mse,2.843757807534713e-06,False
full_day,62->75,3222,20,bezier_nm,63.37912894098554,mse,0.0002491472267276,False
full_day,63->62,3222,20,bezier_pgd,0.0027749309665523,mse,7.520176201101781e-06,False
full_day,63->62,3222,20,bezier_ipopt,25.60052545601502,mse,2.878577828156209e-06,False
full_day,63->62,3222,20,bezier_nm,64.64780414797133,mse,0.0003202793042789,False
full_day,63->64,3222,20,bezier_pgd,0.0028819019789807,mse,1.1775445896223553e-05,False
full_day,63->64,3222,20,bezier_ipopt,11.574104597966652,mse,3.649483603011424e-06,False
full_day,63->64,3222,20,bezier_nm,62.81674135202775,mse,0.0003451674960393,False
full_day,64->63,3222,20,bezier_pgd,0.0029477450298145,mse,1.2107540327855732e-05,False
full_day,64->63,3222,20,bezier_ipopt,12.623208931996489,mse,3.5828979655297384e-06,False
full_day,64->63,3222,20,bezier_nm,60.71282248903299,mse,0.0002975381868946,False
full_day,64->65,3222,20,bezier_pgd,0.0026107659796252,mse,6.4421958468348334e-06,False
full_day,64->65,3222,20,bezier_ipopt,10.0454800670268,mse,3.646304797783876e-06,False
full_day,64->65,3222,20,bezier_nm,60.32483273302205,mse,0.0002965948381413,False
full_day,65->130,3222,20,bezier_pgd,0.0030614070128649,mse,6.569255051920522e-05,False
full_day,65->130,3222,20,bezier_ipopt,18.677361982990988,mse,3.314963316016508e-05,False
full_day,65->130,3222,20,bezier_nm,71.10583585698623,mse,0.0012492260418959,False
full_day,65->64,3222,20,bezier_pgd,0.0027309209690429,mse,1.581675964895801e-05,False
full_day,65->64,3222,20,bezier_ipopt,13.921764178026931,mse,2.5453394535131773e-06,False
full_day,65->64,3222,20,bezier_nm,64.18768808600726,mse,0.0004391581682772,False
full_day,66->450,3222,20,bezier_pgd,0.0027941510197706,mse,9.643760915716e-06,False
full_day,66->450,3222,20,bezier_ipopt,10.934528505953494,mse,4.050858073866473e-06,False
full_day,66->450,3222,20,bezier_nm,66.5037849630462,mse,0.0001223113220709,False
full_day,66->67,3222,20,bezier_pgd,0.0028545759851112,mse,8.790974111068645e-06,False
full_day,66->67,3222,20,bezier_ipopt,11.979975345020648,mse,2.947046770246432e-06,False
full_day,66->67,3222,20,bezier_nm,66.5958525990136,mse,8.514546889523098e-05,False
full_day,67->66,3222,20,bezier_pgd,0.0031219740048982,mse,2.3922193573881488e-05,False
full_day,67->66,3222,20,bezier_ipopt,12.968822010967417,mse,3.2872666249010824e-06,False
full_day,67->66,3222,20,bezier_nm,68.06209043500712,mse,0.0003504908409291,False
full_day,67->68,3222,20,bezier_pgd,0.0029049389995634,mse,8.568295574686153e-06,False
full_day,67->68,3222,20,bezier_ipopt,13.798880890011787,mse,1.7995355080248085e-06,False
full_day,67->68,3222,20,bezier_nm,63.211432074953336,mse,0.0004125630547658,False
full_day,68->67,3222,20,bezier_pgd,0.0027308469871059,mse,9.380431634441702e-06,False
full_day,68->67,3222,20,bezier_ipopt,12.945442832016852,mse,3.6504117446843824e-06,False
full_day,68->67,3222,20,bezier_nm,60.60017704998609,mse,0.0003072065260055,False
full_day,68->69,3222,20,bezier_pgd,0.0030172819970175,mse,1.29069006111166e-05,False
full_day,68->69,3222,20,bezier_ipopt,11.89898755098693,mse,2.82894715626073e-06,False
full_day,68->69,3222,20,bezier_nm,64.07451836002292,mse,0.0003490975098778,False
full_day,69->68,3222,20,bezier_pgd,0.0026975430082529,mse,8.01523586446888e-06,False
full_day,69->68,3222,20,bezier_ipopt,14.168085770041216,mse,2.8196216566252885e-06,False
full_day,69->68,3222,20,bezier_nm,63.16595478402451,mse,0.0003108514334993,False
full_day,69->70,3222,20,bezier_pgd,0.0028320760466158,mse,1.1894814326635466e-05,False
full_day,69->70,3222,20,bezier_ipopt,11.725776962994132,mse,4.347966029984854e-06,False
full_day,69->70,3222,20,bezier_nm,68.14068321004743,mse,0.0001101234190819,False
full_day,7->107,3222,20,bezier_pgd,0.0051811630255542,mse,0.0223880239590691,False
full_day,7->107,3222,20,bezier_ipopt,,mse,,True
full_day,7->107,3222,20,bezier_nm,43.444430183037184,mse,0.2651610961168346,False
full_day,7->108,3222,20,bezier_pgd,0.0031248989980667,mse,1.4649866365297652e-05,False
full_day,7->108,3222,20,bezier_ipopt,44.192707471956965,mse,3.267609267305156e-06,False
full_day,7->108,3222,20,bezier_nm,68.34435031894827,mse,0.0002376712311866,False
full_day,7->225,3222,20,bezier_pgd,0.0058906479971483,mse,0.0019117907085926,False
full_day,7->225,3222,20,bezier_ipopt,16.981070245965384,mse,0.0001215805633828,False
full_day,7->225,3222,20,bezier_nm,42.98193371697562,mse,0.2199010362598941,False
full_day,70->69,3222,20,bezier_pgd,0.0028498609899543,mse,8.426422084785922e-06,False
full_day,70->69,3222,20,bezier_ipopt,10.643884506018368,mse,2.0800035535182068e-06,False
full_day,70->69,3222,20,bezier_nm,65.98407066997606,mse,0.0001262165679875,False
full_day,70->71,3222,20,bezier_pgd,0.0029583610012196,mse,1.0217457772494816e-05,False
full_day,70->71,3222,20,bezier_ipopt,13.120411903015338,mse,3.241493090427849e-06,False
full_day,70->71,3222,20,bezier_nm,68.5059475179878,mse,0.0001545773773337,False
full_day,71->70,3222,20,bezier_pgd,0.0027610030374489,mse,1.757749057710156e-05,False
full_day,71->70,3222,20,bezier_ipopt,14.627714072004892,mse,3.1600287530030517e-06,False
full_day,71->70,3222,20,bezier_nm,67.97252289298922,mse,0.0001917349338888,False
full_day,71->72,3222,20,bezier_pgd,0.0026495019556023,mse,1.2859440644533475e-05,False
full_day,71->72,3222,20,bezier_ipopt,9.560312577988952,mse,3.6901244164059423e-06,False
full_day,71->72,3222,20,bezier_nm,65.63445596199017,mse,0.0003485240644772,False
full_day,72->202,3222,20,bezier_pgd,0.003008804982528,mse,9.518762736927264e-06,False
full_day,72->202,3222,20,bezier_ipopt,14.533827799954452,mse,2.6438767767480832e-06,False
full_day,72->202,3222,20,bezier_nm,64.74045962898526,mse,0.0004698004327066,False
full_day,72->71,3222,20,bezier_pgd,0.0028406089986674,mse,9.971334886782311e-06,False
full_day,72->71,3222,20,bezier_ipopt,10.727736683038527,mse,3.013997518975734e-06,False
full_day,72->71,3222,20,bezier_nm,64.83179550402565,mse,0.0003047512093523,False
full_day,73->74,3222,20,bezier_pgd,0.0028610090375877,mse,1.115576088486375e-05,False
full_day,73->74,3222,20,bezier_ipopt,10.68226978299208,mse,5.977154926016504e-06,False
full_day,73->74,3222,20,bezier_nm,63.464590968971606,mse,0.0002482236216965,False
full_day,73->80,3222,20,bezier_pgd,0.0030237910104915,mse,1.2162149060188808e-05,False
full_day,73->80,3222,20,bezier_ipopt,14.191371497989168,mse,2.3276961128353325e-06,False
full_day,73->80,3222,20,bezier_nm,62.67996148497332,mse,0.0004036794283354,False
full_day,74->143,3222,20,bezier_pgd,0.0044955549528822,mse,0.0024184363920453,False
full_day,74->143,3222,20,bezier_ipopt,16.084665395028424,mse,0.0002167711182009,False
full_day,74->143,3222,20,bezier_nm,44.12196063599549,mse,0.1973772355321018,False
full_day,74->73,3222,20,bezier_pgd,0.0027001480339094,mse,1.089753285068159e-05,False
full_day,74->73,3222,20,bezier_ipopt,11.891835775983054,mse,6.699913299893283e-06,False
full_day,74->73,3222,20,bezier_nm,63.671595749037806,mse,0.0001648839383489,False
full_day,75->46,3222,20,bezier_pgd,0.0028941520140506,mse,1.129544175190576e-05,False
full_day,75->46,3222,20,bezier_ipopt,18.037320473988075,mse,3.2337789597421985e-06,False
full_day,75->46,3222,20,bezier_nm,65.10861520498293,mse,0.0003410183347282,False
full_day,75->61,3222,20,bezier_pgd,0.0026707850047387,mse,9.552939498535435e-06,False
full_day,75->61,3222,20,bezier_ipopt,10.935597752977628,mse,1.8041290564562504e-06,False
full_day,75->61,3222,20,bezier_nm,63.37319966801442,mse,0.0003062528568604,False
full_day,75->62,3222,20,bezier_pgd,0.0027872240170836,mse,1.616874218752637e-05,False
full_day,75->62,3222,20,bezier_ipopt,12.996832803008148,mse,3.3627512529877776e-06,False
full_day,75->62,3222,20,bezier_nm,66.078617916035,mse,0.0004081486613478,False
full_day,76->14,3222,20,bezier_pgd,0.0029424149543046,mse,1.2572424051947186e-05,False
full_day,76->14,3222,20,bezier_ipopt,13.739712652983144,mse,4.61865667221523e-06,False
full_day,76->14,3222,20,bezier_nm,67.61801107198698,mse,0.0001172089025916,False
full_day,76->276,3222,20,bezier_pgd,0.0052285169949755,mse,0.0111577361853772,False
full_day,76->276,3222,20,bezier_ipopt,,mse,,True
full_day,76->276,3222,20,bezier_nm,44.57904101000168,mse,0.2722035782044484,False
full_day,76->428,3222,20,bezier_pgd,0.0050988169969059,mse,0.0199155359730731,False
full_day,76->428,3222,20,bezier_ipopt,,mse,,True
full_day,76->428,3222,20,bezier_nm,46.469571513996925,mse,0.3005206119477085,False
full_day,77->430,3222,20,bezier_pgd,0.0027090319781564,mse,1.1208910439021494e-05,False
full_day,77->430,3222,20,bezier_ipopt,11.560858951997943,mse,2.7002665910923387e-06,False
full_day,77->430,3222,20,bezier_nm,65.47284180601127,mse,0.0001003432090784,False
full_day,77->478,3222,20,bezier_pgd,0.0046023690374568,mse,0.0004006845222101,False
full_day,77->478,3222,20,bezier_ipopt,,mse,,True
full_day,77->478,3222,20,bezier_nm,44.72074371698545,mse,0.1434245423230963,False
full_day,78->109,3222,20,bezier_pgd,0.0026715499698184,mse,9.062290660647974e-06,False
full_day,78->109,3222,20,bezier_ipopt,11.978135417040903,mse,5.161220950929093e-06,False
full_day,78->109,3222,20,bezier_nm,63.5847328529926,mse,0.0002625247313523,False
full_day,78->79,3222,20,bezier_pgd,0.0026913399924524,mse,7.8573573567837e-06,False
full_day,78->79,3222,20,bezier_ipopt,12.695972081972286,mse,2.3655775842996666e-06,False
full_day,78->79,3222,20,bezier_nm,61.416735518025234,mse,0.000287895148183,False
full_day,79->110,3222,20,bezier_pgd,0.0028095009620301,mse,1.1065254574493068e-05,False
full_day,79->110,3222,20,bezier_ipopt,12.23095196398208,mse,3.8150691319146965e-06,False
full_day,79->110,3222,20,bezier_nm,62.2831745739677,mse,0.0002767306126852,False
full_day,79->78,3222,20,bezier_pgd,0.0032704019686207,mse,1.106192157724086e-05,False
full_day,79->78,3222,20,bezier_ipopt,10.01850662997458,mse,5.29278306712378e-06,False
full_day,79->78,3222,20,bezier_nm,62.31070948200068,mse,0.0004001545097957,False
full_day,8->96,3222,20,bezier_pgd,0.0097712670103646,mse,0.0070553455400571,False
full_day,8->96,3222,20,bezier_ipopt,,mse,,True
full_day,8->96,3222,20,bezier_nm,40.73205804399913,mse,0.0978069892246238,False
full_day,80->202,3222,20,bezier_pgd,0.0026427099946886,mse,7.927824509374025e-06,False
full_day,80->202,3222,20,bezier_ipopt,11.547634499962442,mse,4.298732048252486e-06,False
full_day,80->202,3222,20,bezier_nm,64.11125660600374,mse,0.0002716405683172,False
full_day,80->58,3222,20,bezier_pgd,0.0029549159808084,mse,1.3436664277486816e-05,False
full_day,80->58,3222,20,bezier_ipopt,13.87089925503824,mse,3.830517659418917e-06,False
full_day,80->58,3222,20,bezier_nm,65.65519268700154,mse,0.0004644512794753,False
full_day,80->73,3222,20,bezier_pgd,0.0027430700138211,mse,7.01484438117564e-06,False
full_day,80->73,3222,20,bezier_ipopt,9.641004723031074,mse,3.5275660016242948e-06,False
full_day,80->73,3222,20,bezier_nm,60.41524668503553,mse,0.000310960163291,False
full_day,81->453,3222,20,bezier_pgd,0.0027118409634567,mse,9.684436006833538e-06,False
full_day,81->453,3222,20,bezier_ipopt,13.589809874014463,mse,3.327954848972389e-06,False
full_day,81->453,3222,20,bezier_nm,60.41477514302824,mse,0.0002644834033331,False
full_day,81->82,3222,20,bezier_pgd,0.0062950400169938,mse,0.0023839394581928,False
full_day,81->82,3222,20,bezier_ipopt,21.269942604994867,mse,0.0001839951629146,False
full_day,81->82,3222,20,bezier_nm,43.35950150201097,mse,0.2521077395008638,False
full_day,82->81,3222,20,bezier_pgd,0.0028820380102843,mse,1.1825136233352808e-05,False
full_day,82->81,3222,20,bezier_ipopt,12.741456952993758,mse,3.2292478367897077e-06,False
full_day,82->81,3222,20,bezier_nm,61.91583643795457,mse,0.000355015946814,False
full_day,82->83,3222,20,bezier_pgd,0.0027825869619846,mse,1.3714432149920743e-05,False
full_day,82->83,3222,20,bezier_ipopt,15.01581036800053,mse,2.2981179762418013e-06,False
full_day,82->83,3222,20,bezier_nm,61.3627729860018,mse,0.0003053467000291,False
full_day,83->82,3222,20,bezier_pgd,0.0028459780151024,mse,9.119312396259411e-06,False
full_day,83->82,3222,20,bezier_ipopt,15.46262065396877,mse,4.08076034140029e-06,False
full_day,83->82,3222,20,bezier_nm,63.55413884902373,mse,0.0003007476124866,False
full_day,83->85,3222,20,bezier_pgd,0.0054530359921045,mse,0.007176863162689,False
full_day,83->85,3222,20,bezier_ipopt,17.989675752003677,mse,0.0001220770552639,False
full_day,83->85,3222,20,bezier_nm,42.84046302101342,mse,0.2607770895305735,False
full_day,84->510,3222,20,bezier_pgd,0.0054273990099318,mse,0.0024508075309393,False
full_day,84->510,3222,20,bezier_ipopt,,mse,,True
full_day,84->510,3222,20,bezier_nm,42.94376752304379,mse,0.2491721944584704,False
full_day,84->85,3222,20,bezier_pgd,0.0027531560044735,mse,8.091933439151584e-06,False
full_day,84->85,3222,20,bezier_ipopt,13.053401454992128,mse,2.5664629267115944e-06,False
full_day,84->85,3222,20,bezier_nm,68.20768271497218,mse,7.358384322499893e-05,False
full_day,85->83,3222,20,bezier_pgd,0.0044192540226504,mse,0.0010458080990735,False
full_day,85->83,3222,20,bezier_ipopt,,mse,,True
full_day,85->83,3222,20,bezier_nm,44.9904265240184,mse,0.1546583241597579,False
full_day,85->84,3222,20,bezier_pgd,0.0047057219780981,mse,0.0118506391049885,False
full_day,85->84,3222,20,bezier_ipopt,,mse,,True
full_day,85->84,3222,20,bezier_nm,42.13730395800667,mse,0.2505044458168621,False
full_day,86->142,3222,20,bezier_pgd,0.0043223550310358,mse,0.0087446124565529,False
full_day,86->142,3222,20,bezier_ipopt,,mse,,True
full_day,86->142,3222,20,bezier_nm,42.05964384699473,mse,0.2883304936074313,False
full_day,86->59,3222,20,bezier_pgd,0.0028825949993915,mse,0.0388650370741188,False
full_day,86->59,3222,20,bezier_ipopt,17.23195043997839,mse,5.193203432589414e-06,False
full_day,86->59,3222,20,bezier_nm,43.00771934300428,mse,0.6525830894538673,False
full_day,87->88,3222,20,bezier_pgd,0.003728401963599,mse,8.48395414314706e-06,False
full_day,87->88,3222,20,bezier_ipopt,18.88180623902008,mse,2.837572297120965e-06,False
full_day,87->88,3222,20,bezier_nm,68.5503454550053,mse,0.0002134199729999,False
full_day,87->97,3222,20,bezier_pgd,0.0027291890000924,mse,7.627630160413517e-06,False
full_day,87->97,3222,20,bezier_ipopt,11.34309401398059,mse,3.404223646738826e-06,False
full_day,87->97,3222,20,bezier_nm,60.729617433971725,mse,0.0003309290919189,False
full_day,88->16,3222,20,bezier_pgd,0.0029177620308473,mse,1.684302501629474e-05,False
full_day,88->16,3222,20,bezier_ipopt,14.603113373043016,mse,3.5910179092419872e-06,False
full_day,88->16,3222,20,bezier_nm,68.1735161569668,mse,0.0003366519811232,False
full_day,88->87,3222,20,bezier_pgd,0.0028378400020301,mse,7.364276155429257e-06,False
full_day,88->87,3222,20,bezier_ipopt,13.503891669970471,mse,1.786657476395248e-06,False
full_day,88->87,3222,20,bezier_nm,68.74980081000831,mse,8.333374964640616e-05,False
full_day,89->297,3222,20,bezier_pgd,0.0027377549558877,mse,1.6771952650803047e-05,False
full_day,89->297,3222,20,bezier_ipopt,12.690795806003734,mse,5.585863128919425e-06,False
full_day,89->297,3222,20,bezier_nm,60.473882414982654,mse,0.0003736182315207,False
full_day,89->90,3222,20,bezier_pgd,0.0028715739608742,mse,1.2784751791917683e-05,False
full_day,89->90,3222,20,bezier_ipopt,15.01582218403928,mse,2.504661561120972e-06,False
full_day,89->90,3222,20,bezier_nm,63.6927325570141,mse,0.0004772838822312,False
full_day,9->499,3222,20,bezier_pgd,0.0046621699584648,mse,0.0151129032037198,False
full_day,9->499,3222,20,bezier_ipopt,23.20264281798154,mse,0.0001981871317421,False
full_day,9->499,3222,20,bezier_nm,42.81708999100374,mse,0.279229373876277,False
full_day,90->216,3222,20,bezier_pgd,0.0035144340363331,mse,1.652992810098128e-05,False
full_day,90->216,3222,20,bezier_ipopt,,mse,,True
full_day,90->216,3222,20,bezier_nm,68.87775782000972,mse,0.000529299096826,False
full_day,90->89,3222,20,bezier_pgd,0.0027974870172329,mse,9.579515163594642e-06,False
full_day,90->89,3222,20,bezier_ipopt,13.243402702035382,mse,2.5287502668551908e-06,False
full_day,90->89,3222,20,bezier_nm,60.26566369802458,mse,0.0002690188525101,False
full_day,91->408,3222,20,bezier_pgd,0.0052069569937884,mse,0.0992761973052752,False
full_day,91->408,3222,20,bezier_ipopt,28.064262382977176,mse,0.003870798391126,False
full_day,91->408,3222,20,bezier_nm,40.12191753200023,mse,0.315492675508487,False
full_day,91->92,3222,20,bezier_pgd,0.0028316070092841,mse,1.2036179703998548e-05,False
full_day,91->92,3222,20,bezier_ipopt,9.823024614015594,mse,3.575246060393048e-06,False
full_day,91->92,3222,20,bezier_nm,65.71290933998534,mse,0.0003481677900765,False
full_day,92->259,3222,20,bezier_pgd,0.0043234719778411,mse,0.0077454111622467,False
full_day,92->259,3222,20,bezier_ipopt,,mse,,True
full_day,92->259,3222,20,bezier_nm,46.56938057800289,mse,0.3444989715525572,False
full_day,92->91,3222,20,bezier_pgd,0.0050642249989323,mse,0.1002423030739297,False
full_day,92->91,3222,20,bezier_ipopt,,mse,,True
full_day,92->91,3222,20,bezier_nm,41.09439581999322,mse,0.3157456889085121,False
full_day,93->425,3222,20,bezier_pgd,0.002843793015927,mse,1.078188770350174e-05,False
full_day,93->425,3222,20,bezier_ipopt,11.311452611000275,mse,4.762027584694139e-06,False
full_day,93->425,3222,20,bezier_nm,62.363725397968665,mse,0.0003437868236405,False
full_day,93->448,3222,20,bezier_pgd,0.003036992973648,mse,1.1369076156049007e-05,False
full_day,93->448,3222,20,bezier_ipopt,12.836063141003253,mse,3.2119985415832864e-06,False
full_day,93->448,3222,20,bezier_nm,63.6018958259956,mse,0.0004014037153443,False
full_day,94->209,3222,20,bezier_pgd,0.0042082709842361,mse,0.0198227811574444,False
full_day,94->209,3222,20,bezier_ipopt,25.282823999004904,mse,0.0001746682041017,False
full_day,94->209,3222,20,bezier_nm,43.79593087401008,mse,0.2955136468575517,False
full_day,94->95,3222,20,bezier_pgd,0.0026980729890055,mse,1.1724050597907754e-05,False
full_day,94->95,3222,20,bezier_ipopt,12.780411362997256,mse,3.159992810078916e-06,False
full_day,94->95,3222,20,bezier_nm,60.18306327401661,mse,0.0003214763557204,False
full_day,95->94,3222,20,bezier_pgd,0.0068149819853715,mse,1.209987909772064e-05,False
full_day,95->94,3222,20,bezier_ipopt,16.72758127003908,mse,2.6171868988406457e-06,False
full_day,95->94,3222,20,bezier_nm,62.79728744196473,mse,0.0004422626325156,False
full_day,95->96,3222,20,bezier_pgd,0.0029898610082454,mse,7.812182718933524e-06,False
full_day,95->96,3222,20,bezier_ipopt,10.175134193035774,mse,3.0879817612464698e-06,False
full_day,95->96,3222,20,bezier_nm,62.61714701598976,mse,0.0003143381808021,False
full_day,96->8,3222,20,bezier_pgd,0.0047202549758367,mse,0.009708646883823,False
full_day,96->8,3222,20,bezier_ipopt,27.22292436595308,mse,1.365124848301575e-05,False
full_day,96->8,3222,20,bezier_nm,45.437500628991984,mse,0.3372619390218917,False
full_day,96->95,3222,20,bezier_pgd,0.0027368020382709,mse,1.1574031521005928e-05,False
full_day,96->95,3222,20,bezier_ipopt,14.084542372031136,mse,3.100411383398597e-06,False
full_day,96->95,3222,20,bezier_nm,63.65561938600149,mse,0.0002575097011136,False
full_day,97->17,3222,20,bezier_pgd,0.0026420120266266,mse,1.2459647623689062e-05,False
full_day,97->17,3222,20,bezier_ipopt,16.885138478013687,mse,2.616065830589521e-06,False
full_day,97->17,3222,20,bezier_nm,63.07237658300437,mse,0.0003517722635073,False
full_day,97->87,3222,20,bezier_pgd,0.0028706259909085,mse,1.2262965214342904e-05,False
full_day,97->87,3222,20,bezier_ipopt,15.495046705007551,mse,2.9110210515602127e-06,False
full_day,97->87,3222,20,bezier_nm,62.19448148005176,mse,0.0003351752822287,False
full_day,98->455,3222,20,bezier_pgd,0.0027822770061902,mse,9.790457404692462e-06,False
full_day,98->455,3222,20,bezier_ipopt,14.33928629104048,mse,4.50937978343068e-06,False
full_day,98->455,3222,20,bezier_nm,62.25602740200702,mse,0.0002512600952424,False
full_day,98->456,3222,20,bezier_pgd,0.0026457590283825,mse,1.0040542985011372e-05,False
full_day,98->456,3222,20,bezier_ipopt,11.865066415979529,mse,4.691115422375649e-06,False
full_day,98->456,3222,20,bezier_nm,61.84953171794768,mse,0.0002800908027698,False
full_day,99->100,3222,20,bezier_pgd,0.0027506769984029,mse,7.923494295974491e-06,False
full_day,99->100,3222,20,bezier_ipopt,12.266372391022742,mse,3.7046790525371113e-06,False
full_day,99->100,3222,20,bezier_nm,60.43980496498989,mse,0.0002456619398174,False
full_day,99->456,3222,20,bezier_pgd,0.0041532829636707,mse,6.802680251097146e-06,False
full_day,99->456,3222,20,bezier_ipopt,11.47988996800268,mse,2.406243493923192e-06,False
full_day,99->456,3222,20,bezier_nm,62.28970400698017,mse,0.0003263982886087,False
