regime,arc,n_samples,n_bezier,method,time_s,metric_name,metric,failed
daytime,1->31,1626,15,bezier_pgd,0.004336046986281872,mse,1.486052724806872e-05,False
daytime,1->31,1626,15,bezier_ipopt,8.202482033986598,mse,3.947972587246971e-06,False
daytime,1->31,1626,15,bezier_nm,40.878316636022646,mse,0.0005995075960429204,False
daytime,10->435,1626,15,bezier_pgd,0.0024370739702135324,mse,0.004414572792518484,False
daytime,10->435,1626,15,bezier_ipopt,5.710220961947925,mse,0.00011478460828388139,False
daytime,10->435,1626,15,bezier_nm,26.04916834901087,mse,0.06551978512817802,False
daytime,100->524,1626,15,bezier_pgd,0.0017605360480956733,mse,1.8778250683766645e-05,False
daytime,100->524,1626,15,bezier_ipopt,5.200381702976301,mse,4.114943856905279e-06,False
daytime,100->524,1626,15,bezier_nm,33.68745738401776,mse,0.0006822328372655134,False
daytime,100->99,1626,15,bezier_pgd,0.0016633819905109704,mse,1.6450424034029904e-05,False
daytime,100->99,1626,15,bezier_ipopt,5.098111657018308,mse,5.141285671545398e-06,False
daytime,100->99,1626,15,bezier_nm,31.744850027025677,mse,0.000459062815266812,False
daytime,101->102,1626,15,bezier_pgd,0.002263867005240172,mse,1.422161934512259e-05,False
daytime,101->102,1626,15,bezier_ipopt,4.850780897017103,mse,4.313199811680625e-06,False
daytime,101->102,1626,15,bezier_nm,31.76857835694682,mse,0.00031441063130409406,False
daytime,101->457,1626,15,bezier_pgd,0.0020260890014469624,mse,2.575248178122816e-05,False
daytime,101->457,1626,15,bezier_ipopt,4.472929878043942,mse,6.9926476993204665e-06,False
daytime,101->457,1626,15,bezier_nm,34.028327620006166,mse,0.0008706291540676359,False
daytime,102->101,1626,15,bezier_pgd,0.0017067540320567787,mse,1.2735788028565412e-05,False
daytime,102->101,1626,15,bezier_ipopt,5.14055875397753,mse,6.173601847209711e-06,False
daytime,102->101,1626,15,bezier_nm,33.70163170498563,mse,0.0005034084794698811,False
daytime,102->103,1626,15,bezier_pgd,0.0016548520070500672,mse,1.570104268957628e-05,False
daytime,102->103,1626,15,bezier_ipopt,5.456271288043354,mse,5.302047115300605e-06,False
daytime,102->103,1626,15,bezier_nm,30.523043774999678,mse,0.0003218803285857942,False
daytime,103->102,1626,15,bezier_pgd,0.0020500370301306248,mse,1.1616816959973675e-05,False
daytime,103->102,1626,15,bezier_ipopt,3.742469489981886,mse,4.810955453811534e-06,False
daytime,103->102,1626,15,bezier_nm,32.98711007100064,mse,0.0005769805419547655,False
daytime,103->104,1626,15,bezier_pgd,0.0017770400154404342,mse,1.5017666409327866e-05,False
daytime,103->104,1626,15,bezier_ipopt,5.068571655021515,mse,4.4886721739054e-06,False
daytime,103->104,1626,15,bezier_nm,32.09243748703739,mse,0.0006336335276693367,False
daytime,104->103,1626,15,bezier_pgd,0.0016653210041113198,mse,1.637135297972765e-05,False
daytime,104->103,1626,15,bezier_ipopt,5.042178310046438,mse,6.649948343347947e-06,False
daytime,104->103,1626,15,bezier_nm,31.62970229401253,mse,0.00036420500690405284,False
daytime,104->105,1626,15,bezier_pgd,0.0019076899625360966,mse,3.0300439705783138e-05,False
daytime,104->105,1626,15,bezier_ipopt,6.870894162973855,mse,3.9310520950094104e-06,False
daytime,104->105,1626,15,bezier_nm,33.922499921987765,mse,0.0003264774215173657,False
daytime,105->104,1626,15,bezier_pgd,0.0017647439963184297,mse,2.2615485987101835e-05,False
daytime,105->104,1626,15,bezier_ipopt,4.856326495006215,mse,5.588927755095352e-06,False
daytime,105->104,1626,15,bezier_nm,32.264638148015365,mse,0.0002554570456570171,False
daytime,105->18,1626,15,bezier_pgd,0.0017597220139577985,mse,2.061369892231077e-05,False
daytime,105->18,1626,15,bezier_ipopt,4.794226165977307,mse,4.820484981818596e-06,False
daytime,105->18,1626,15,bezier_nm,37.65008802799275,mse,0.00014579920617123642,False
daytime,106->216,1626,15,bezier_pgd,0.0076023180154152215,mse,0.824574217484644,False
daytime,106->216,1626,15,bezier_ipopt,62.523415376024786,mse,0.8533794223559361,False
daytime,106->216,1626,15,bezier_nm,21.2818525780458,mse,0.8410146463694649,False
daytime,106->5,1626,15,bezier_pgd,0.0017422820092178881,mse,1.6493389064524083e-05,False
daytime,106->5,1626,15,bezier_ipopt,5.042740724980831,mse,5.762898562078298e-06,False
daytime,106->5,1626,15,bezier_nm,33.82238518598024,mse,0.0005115751809376567,False
daytime,107->111,1626,15,bezier_pgd,0.0017494370113126934,mse,2.774783551769473e-05,False
daytime,107->111,1626,15,bezier_ipopt,5.0496102619799785,mse,9.895689078048154e-06,False
daytime,107->111,1626,15,bezier_nm,32.18772057100432,mse,0.0004968971897531594,False
daytime,107->7,1626,15,bezier_pgd,0.0021964229526929557,mse,1.8638340084501677e-05,False
daytime,107->7,1626,15,bezier_ipopt,5.879306658986025,mse,8.79281399827895e-06,False
daytime,107->7,1626,15,bezier_nm,36.98453713499475,mse,0.00018099825965768338,False
daytime,108->510,1626,15,bezier_pgd,0.002103246981278062,mse,0.00036081802784677935,False
daytime,108->510,1626,15,bezier_ipopt,7.856510526034981,mse,0.00026125827814109354,False
daytime,108->510,1626,15,bezier_nm,37.36816306802211,mse,0.004370574958584505,False
daytime,108->7,1626,15,bezier_pgd,0.0033485080348327756,mse,0.010832605522553027,False
daytime,108->7,1626,15,bezier_ipopt,,mse,,True
daytime,108->7,1626,15,bezier_nm,26.332368099014275,mse,0.20805835657194988,False
daytime,109->341,1626,15,bezier_pgd,0.0035457659978419542,mse,0.001909535999709241,False
daytime,109->341,1626,15,bezier_ipopt,7.409889016998932,mse,0.0002351697428770457,False
daytime,109->341,1626,15,bezier_nm,29.91066834301455,mse,0.19989906727963466,False
daytime,109->78,1626,15,bezier_pgd,0.002095294010359794,mse,1.5097615818210737e-05,False
daytime,109->78,1626,15,bezier_ipopt,6.355906834010966,mse,5.820522027605376e-06,False
daytime,109->78,1626,15,bezier_nm,34.4671178360004,mse,0.0006969691739122607,False
daytime,11->517,1626,15,bezier_pgd,0.003229650028515607,mse,0.00397759448388402,False
daytime,11->517,1626,15,bezier_ipopt,6.355426293972414,mse,0.00014317056731262805,False
daytime,11->517,1626,15,bezier_nm,24.857122984016314,mse,0.2293615455549659,False
daytime,110->345,1626,15,bezier_pgd,0.0028256549849174917,mse,3.123911130058534e-05,False
daytime,110->345,1626,15,bezier_ipopt,7.570354988973122,mse,1.2452320694790021e-05,False
daytime,110->345,1626,15,bezier_nm,32.195296331017744,mse,0.0005165721971348495,False
daytime,110->79,1626,15,bezier_pgd,0.0016446569934487343,mse,1.9064964612331047e-05,False
daytime,110->79,1626,15,bezier_ipopt,7.734350204991642,mse,6.9636355904285735e-06,False
daytime,110->79,1626,15,bezier_nm,35.79886689898558,mse,0.00010368217567634467,False
daytime,111->107,1626,15,bezier_pgd,0.0025105649838224053,mse,0.17128410147700113,False
daytime,111->107,1626,15,bezier_ipopt,,mse,,True
daytime,111->107,1626,15,bezier_nm,23.588570632971823,mse,0.6334748193687557,False
daytime,111->239,1626,15,bezier_pgd,0.001968005031812936,mse,0.02742317738057351,False
daytime,111->239,1626,15,bezier_ipopt,5.831839160993695,mse,8.407718205423242e-05,False
daytime,111->239,1626,15,bezier_nm,25.85475104994839,mse,0.3099101758914011,False
daytime,112->42,1626,15,bezier_pgd,0.0023061250103637576,mse,6.45593747925469e-05,False
daytime,112->42,1626,15,bezier_ipopt,7.0265199660207145,mse,6.120566520808497e-06,False
daytime,112->42,1626,15,bezier_nm,34.77842777397018,mse,0.0003838123524038853,False
daytime,113->531,1626,15,bezier_pgd,0.0017833960009738803,mse,0.03032063216883241,False
daytime,113->531,1626,15,bezier_ipopt,,mse,,True
daytime,113->531,1626,15,bezier_nm,24.121864123968408,mse,0.39355646083703555,False
daytime,113->532,1626,15,bezier_pgd,0.0023820269852876663,mse,1.9606068779092242e-05,False
daytime,113->532,1626,15,bezier_ipopt,5.979515524988528,mse,6.437599777547981e-06,False
daytime,113->532,1626,15,bezier_nm,33.98763334500836,mse,0.00020430807513995773,False
daytime,114->280,1626,15,bezier_pgd,0.002168464008718729,mse,0.039464919689845786,False
daytime,114->280,1626,15,bezier_ipopt,,mse,,True
daytime,114->280,1626,15,bezier_nm,27.036191650957335,mse,0.3357090419644727,False
daytime,114->297,1626,15,bezier_pgd,0.0015646310057491064,mse,1.7082408205425872e-05,False
daytime,114->297,1626,15,bezier_ipopt,5.7374447580077685,mse,5.9272644053018e-06,False
daytime,114->297,1626,15,bezier_nm,33.94071142101893,mse,0.00013838870130875185,False
daytime,115->353,1626,15,bezier_pgd,0.0021712470334023237,mse,0.016921165228046778,False
daytime,115->353,1626,15,bezier_ipopt,6.392829149961472,mse,0.0001570640375927241,False
daytime,115->353,1626,15,bezier_nm,23.917961916013155,mse,0.28235307165628687,False
daytime,115->459,1626,15,bezier_pgd,0.002183832984883338,mse,0.013680976111979284,False
daytime,115->459,1626,15,bezier_ipopt,15.672209165990353,mse,9.787028510901865e-05,False
daytime,115->459,1626,15,bezier_nm,28.53554873203393,mse,0.22744919364165528,False
daytime,116->177,1626,15,bezier_pgd,0.0021742770331911743,mse,0.006589332578902174,False
daytime,116->177,1626,15,bezier_ipopt,7.46450730599463,mse,0.0002636215585649813,False
daytime,116->177,1626,15,bezier_nm,23.916708796983585,mse,0.1666686484329039,False
daytime,116->423,1626,15,bezier_pgd,0.0022732079960405827,mse,0.02089535360988085,False
daytime,116->423,1626,15,bezier_ipopt,5.601073699013796,mse,0.00022717605663640284,False
daytime,116->423,1626,15,bezier_nm,23.458807073999196,mse,0.2830578539724887,False
daytime,117->460,1626,15,bezier_pgd,0.003508778987452388,mse,0.00443707280538385,False
daytime,117->460,1626,15,bezier_ipopt,6.524767423979938,mse,0.00020093243487675824,False
daytime,117->460,1626,15,bezier_nm,22.74306185595924,mse,0.19158122088988266,False
daytime,117->484,1626,15,bezier_pgd,0.002486483019310981,mse,0.02101921223188852,False
daytime,117->484,1626,15,bezier_ipopt,5.536433826026041,mse,0.00040602504138683354,False
daytime,117->484,1626,15,bezier_nm,21.781951500975993,mse,0.24581171608281216,False
daytime,118->119,1626,15,bezier_pgd,0.0017417630297131836,mse,0.0002011594184997051,False
daytime,118->119,1626,15,bezier_ipopt,44.32559370598756,mse,0.0001326394796514275,False
daytime,118->119,1626,15,bezier_nm,33.281154179014266,mse,0.0012970314551162276,False
daytime,118->137,1626,15,bezier_pgd,0.001939747016876936,mse,0.0002384750701502038,False
daytime,118->137,1626,15,bezier_ipopt,5.8063162679900415,mse,0.0001329694571313456,False
daytime,118->137,1626,15,bezier_nm,30.45076778199291,mse,0.0014163504879134128,False
daytime,119->118,1626,15,bezier_pgd,0.0018063850002363324,mse,0.0002941440515784477,False
daytime,119->118,1626,15,bezier_ipopt,6.854940365010407,mse,0.0001885392097832712,False
daytime,119->118,1626,15,bezier_nm,34.893436570011545,mse,0.0037284534837807516,False
daytime,119->311,1626,15,bezier_pgd,0.0024101529852487147,mse,0.001340523843110892,False
daytime,119->311,1626,15,bezier_ipopt,5.935421672009397,mse,0.0001410452548776101,False
daytime,119->311,1626,15,bezier_nm,25.267676630988717,mse,0.13125851827828983,False
daytime,12->443,1626,15,bezier_pgd,0.0023342950153164566,mse,0.012758087346109014,False
daytime,12->443,1626,15,bezier_ipopt,,mse,,True
daytime,12->443,1626,15,bezier_nm,24.660072637023404,mse,0.2325223962982291,False
daytime,12->533,1626,15,bezier_pgd,0.0023232849780470133,mse,0.012574742655394298,False
daytime,12->533,1626,15,bezier_ipopt,7.658544289995916,mse,0.00020842693609489233,False
daytime,12->533,1626,15,bezier_nm,23.521826073003467,mse,0.22760017565520313,False
daytime,120->462,1626,15,bezier_pgd,0.0037319519906304777,mse,0.0011219804937071102,False
daytime,120->462,1626,15,bezier_ipopt,5.579703308001626,mse,0.0002458475245675807,False
daytime,120->462,1626,15,bezier_nm,26.200970661011524,mse,0.08798786496284006,False
daytime,120->490,1626,15,bezier_pgd,0.002503428957425058,mse,0.01661591421274196,False
daytime,120->490,1626,15,bezier_ipopt,5.24824093101779,mse,0.0002856265795006448,False
daytime,120->490,1626,15,bezier_nm,22.866467288986314,mse,0.23931844239190456,False
daytime,121->299,1626,15,bezier_pgd,0.0017160039860755205,mse,0.003134976030743055,False
daytime,121->299,1626,15,bezier_ipopt,6.664508372021373,mse,0.00033051436142736494,False
daytime,121->299,1626,15,bezier_nm,24.55576537695015,mse,0.06987838071262498,False
daytime,121->423,1626,15,bezier_pgd,0.002161145966965705,mse,0.02685262009300926,False
daytime,121->423,1626,15,bezier_ipopt,6.011871929978952,mse,0.00015955508781741965,False
daytime,121->423,1626,15,bezier_nm,23.021640767983627,mse,0.28778520753787035,False
daytime,122->348,1626,15,bezier_pgd,0.002433657005894929,mse,0.001619282952297729,False
daytime,122->348,1626,15,bezier_ipopt,7.2609246440115385,mse,0.00010229616583130272,False
daytime,122->348,1626,15,bezier_nm,26.935064425983,mse,0.17182972601682245,False
daytime,122->415,1626,15,bezier_pgd,0.002129072032403201,mse,0.016631930175061007,False
daytime,122->415,1626,15,bezier_ipopt,5.710923921957146,mse,0.0001313216477326271,False
daytime,122->415,1626,15,bezier_nm,21.996994243992958,mse,0.2742027674159814,False
daytime,123->463,1626,15,bezier_pgd,0.0019286260358057916,mse,0.010198637926301223,False
daytime,123->463,1626,15,bezier_ipopt,,mse,,True
daytime,123->463,1626,15,bezier_nm,23.508806525962427,mse,0.333881149613003,False
daytime,123->486,1626,15,bezier_pgd,0.0026146149612031877,mse,0.0017256458759716256,False
daytime,123->486,1626,15,bezier_ipopt,7.552925509982742,mse,0.00010992459358089379,False
daytime,123->486,1626,15,bezier_nm,22.097485946957022,mse,0.1584584580409633,False
daytime,124->125,1626,15,bezier_pgd,0.0043832900119014084,mse,0.0197368064390017,False
daytime,124->125,1626,15,bezier_ipopt,5.56566623703111,mse,0.00019426836395399296,False
daytime,124->125,1626,15,bezier_nm,22.67948334699031,mse,0.2759055048424099,False
daytime,124->453,1626,15,bezier_pgd,0.0044669549679383636,mse,0.0002475499967587407,False
daytime,124->453,1626,15,bezier_ipopt,6.011302304978017,mse,0.00010656123251422035,False
daytime,124->453,1626,15,bezier_nm,25.079887977044564,mse,0.08657148900632815,False
daytime,125->124,1626,15,bezier_pgd,0.004580299952067435,mse,0.018068021268045548,False
daytime,125->124,1626,15,bezier_ipopt,7.659038146957755,mse,0.0001857694367688117,False
daytime,125->124,1626,15,bezier_nm,24.079685005010106,mse,0.2587959999471354,False
daytime,125->429,1626,15,bezier_pgd,0.002440773998387158,mse,0.02081168411591117,False
daytime,125->429,1626,15,bezier_ipopt,12.607763818989042,mse,0.0003229256820760935,False
daytime,125->429,1626,15,bezier_nm,22.881778450973798,mse,0.24375885429659083,False
daytime,126->343,1626,15,bezier_pgd,0.002819232002366334,mse,0.02430471109980304,False
daytime,126->343,1626,15,bezier_ipopt,6.331230572017375,mse,0.00017284138055206213,False
daytime,126->343,1626,15,bezier_nm,23.312277276010718,mse,0.2743761692570076,False
daytime,126->464,1626,15,bezier_pgd,0.0024137470172718167,mse,0.0018737607729341318,False
daytime,126->464,1626,15,bezier_ipopt,7.117474803992081,mse,0.0001006232461876902,False
daytime,126->464,1626,15,bezier_nm,25.983704278012738,mse,0.10354527131807556,False
daytime,127->17,1626,15,bezier_pgd,0.002882532018702477,mse,0.0069018933765616726,False
daytime,127->17,1626,15,bezier_ipopt,5.451405890053138,mse,0.0001008232050886128,False
daytime,127->17,1626,15,bezier_nm,24.760757757001556,mse,0.22535620302843212,False
daytime,127->471,1626,15,bezier_pgd,0.002259308996144682,mse,0.0050491932080925185,False
daytime,127->471,1626,15,bezier_ipopt,6.045013836002909,mse,0.00016095653939874078,False
daytime,127->471,1626,15,bezier_nm,21.45718626701273,mse,0.2069986915334598,False
daytime,128->357,1626,15,bezier_pgd,0.005258407036308199,mse,0.011150084714748227,False
daytime,128->357,1626,15,bezier_ipopt,,mse,,True
daytime,128->357,1626,15,bezier_nm,25.942171007976867,mse,0.23262012187646006,False
daytime,128->465,1626,15,bezier_pgd,0.0029113099444657564,mse,0.0033718744891663073,False
daytime,128->465,1626,15,bezier_ipopt,8.38691713497974,mse,0.00019751179773484862,False
daytime,128->465,1626,15,bezier_nm,24.28333492099773,mse,0.1838284383900787,False
daytime,129->160,1626,15,bezier_pgd,0.0024998359731398523,mse,0.011873693536837295,False
daytime,129->160,1626,15,bezier_ipopt,5.201224798976909,mse,0.00018529217707029505,False
daytime,129->160,1626,15,bezier_nm,22.31729424902005,mse,0.24213029368136452,False
daytime,129->511,1626,15,bezier_pgd,0.002716886985581368,mse,0.011166956417482892,False
daytime,129->511,1626,15,bezier_ipopt,5.850324160011951,mse,0.00011714838608642811,False
daytime,129->511,1626,15,bezier_nm,22.53790709702298,mse,0.2405930362203243,False
daytime,13->530,1626,15,bezier_pgd,0.004110369016416371,mse,0.009947485020428777,False
daytime,13->530,1626,15,bezier_ipopt,5.28681262396276,mse,0.00024845156465432423,False
daytime,13->530,1626,15,bezier_nm,21.66744531498989,mse,0.2370439128748667,False
daytime,13->532,1626,15,bezier_pgd,0.0044452399597503245,mse,0.0019224628565843466,False
daytime,13->532,1626,15,bezier_ipopt,6.096226066001691,mse,0.0009608027125955563,False
daytime,13->532,1626,15,bezier_nm,24.993550032027997,mse,0.13075911260868373,False
daytime,130->450,1626,15,bezier_pgd,0.0017832489684224129,mse,0.00016347368740046942,False
daytime,130->450,1626,15,bezier_ipopt,6.308864981983788,mse,0.00011761100180499048,False
daytime,130->450,1626,15,bezier_nm,34.886452045000624,mse,0.003737676513734432,False
daytime,130->65,1626,15,bezier_pgd,0.002474126056768,mse,0.0005476164443345141,False
daytime,130->65,1626,15,bezier_ipopt,24.19796784297796,mse,0.00029426844409133183,False
daytime,130->65,1626,15,bezier_nm,30.746618564997334,mse,0.004662284348729698,False
daytime,131->221,1626,15,bezier_pgd,0.0022966559627093375,mse,0.0026380001777144917,False
daytime,131->221,1626,15,bezier_ipopt,,mse,,True
daytime,131->221,1626,15,bezier_nm,23.74955825600773,mse,0.15072128061357545,False
daytime,131->457,1626,15,bezier_pgd,0.0020762979984283447,mse,0.00043940701905486636,False
daytime,131->457,1626,15,bezier_ipopt,6.4399244919768535,mse,0.00013907928699168453,False
daytime,131->457,1626,15,bezier_nm,24.42056518100435,mse,0.08675270041867245,False
daytime,132->133,1626,15,bezier_pgd,0.0023424659739248455,mse,0.023683361546585027,False
daytime,132->133,1626,15,bezier_ipopt,6.27202141698217,mse,0.00028488182783337245,False
daytime,132->133,1626,15,bezier_nm,21.83722479600692,mse,0.27593154436917666,False
daytime,132->493,1626,15,bezier_pgd,0.0022490479750558734,mse,0.030575615899160018,False
daytime,132->493,1626,15,bezier_ipopt,,mse,,True
daytime,132->493,1626,15,bezier_nm,21.768963576992974,mse,0.2852544786375042,False
daytime,133->132,1626,15,bezier_pgd,0.0024503659806214273,mse,0.030575615899160028,False
daytime,133->132,1626,15,bezier_ipopt,16.560034424008336,mse,0.0001847623381429855,False
daytime,133->132,1626,15,bezier_nm,23.628588950028643,mse,0.2852544867224578,False
daytime,133->479,1626,15,bezier_pgd,0.0028075400041416287,mse,0.005844926124558734,False
daytime,133->479,1626,15,bezier_ipopt,62.52819116599858,mse,0.00023826189425795634,False
daytime,133->479,1626,15,bezier_nm,24.774398874957114,mse,0.20828919393679915,False
daytime,134->135,1626,15,bezier_pgd,0.0022727850009687245,mse,0.06368385777152911,False
daytime,134->135,1626,15,bezier_ipopt,5.89102629898116,mse,0.00014487292817083684,False
daytime,134->135,1626,15,bezier_nm,22.649218071019277,mse,0.30753949285756066,False
daytime,134->320,1626,15,bezier_pgd,0.0022079109912738204,mse,0.022576934586465643,False
daytime,134->320,1626,15,bezier_ipopt,,mse,,True
daytime,134->320,1626,15,bezier_nm,22.49514789902605,mse,0.27925017028018956,False
daytime,135->134,1626,15,bezier_pgd,0.002188720041885972,mse,0.022471551347818204,False
daytime,135->134,1626,15,bezier_ipopt,6.395361295028124,mse,0.00012724252352375282,False
daytime,135->134,1626,15,bezier_nm,22.321513004018925,mse,0.27366389177590467,False
daytime,135->479,1626,15,bezier_pgd,0.0036280120257288218,mse,0.07592815414043765,False
daytime,135->479,1626,15,bezier_ipopt,6.619886552041862,mse,6.015195862160406e-05,False
daytime,135->479,1626,15,bezier_nm,22.419412777002435,mse,0.2907621558430756,False
daytime,136->444,1626,15,bezier_pgd,0.0026654390385374427,mse,0.014486806407335922,False
daytime,136->444,1626,15,bezier_ipopt,5.242996215005405,mse,0.00027596491559702047,False
daytime,136->444,1626,15,bezier_nm,22.602034998999443,mse,0.2480639510698151,False
daytime,136->517,1626,15,bezier_pgd,0.0026133150095120072,mse,0.01296248924954609,False
daytime,136->517,1626,15,bezier_ipopt,6.121762503986247,mse,0.0002477837851088544,False
daytime,136->517,1626,15,bezier_nm,22.46435158001259,mse,0.26260904472000546,False
daytime,137->118,1626,15,bezier_pgd,0.0020668350043706596,mse,0.00035733233002675297,False
daytime,137->118,1626,15,bezier_ipopt,5.674896372016519,mse,0.00021455687148835912,False
daytime,137->118,1626,15,bezier_nm,24.646601565007586,mse,0.06010672920737498,False
daytime,137->466,1626,15,bezier_pgd,0.001689655997324735,mse,0.00011719984360207674,False
daytime,137->466,1626,15,bezier_ipopt,,mse,,True
daytime,137->466,1626,15,bezier_nm,33.84222603094531,mse,0.00240169118576924,False
daytime,138->422,1626,15,bezier_pgd,0.0029173530056141317,mse,0.0038198430193268963,False
daytime,138->422,1626,15,bezier_ipopt,6.472778579045553,mse,0.0001342233546729188,False
daytime,138->422,1626,15,bezier_nm,23.20935332699446,mse,0.24447531776006165,False
daytime,138->467,1626,15,bezier_pgd,0.002807621960528195,mse,0.003913480069228852,False
daytime,138->467,1626,15,bezier_ipopt,6.5544166949694045,mse,0.00012511883116958207,False
daytime,138->467,1626,15,bezier_nm,24.67266998201376,mse,0.21498310759257044,False
daytime,139->374,1626,15,bezier_pgd,0.0034914810094051063,mse,0.0011668128310165968,False
daytime,139->374,1626,15,bezier_ipopt,6.621685132966377,mse,2.4692254787737285e-05,False
daytime,139->374,1626,15,bezier_nm,21.921115033968817,mse,0.062297631322197886,False
daytime,139->468,1626,15,bezier_pgd,0.002189824008382857,mse,0.0160729299734903,False
daytime,139->468,1626,15,bezier_ipopt,5.438088226947002,mse,0.00016214068638498947,False
daytime,139->468,1626,15,bezier_nm,21.950711465033237,mse,0.27650559446419265,False
daytime,14->392,1626,15,bezier_pgd,0.0016418040031567216,mse,1.808089320593093e-05,False
daytime,14->392,1626,15,bezier_ipopt,5.687929500010796,mse,5.1915855514138435e-06,False
daytime,14->392,1626,15,bezier_nm,34.19755763903959,mse,8.602243604358302e-05,False
daytime,14->76,1626,15,bezier_pgd,0.0018024939927272499,mse,2.55709795695442e-05,False
daytime,14->76,1626,15,bezier_ipopt,5.175208351982292,mse,5.518866931687303e-06,False
daytime,14->76,1626,15,bezier_nm,35.27811966702575,mse,0.00015551309155921472,False
daytime,140->152,1626,15,bezier_pgd,0.002918209007475525,mse,0.0012286203838027627,False
daytime,140->152,1626,15,bezier_ipopt,7.98254941101186,mse,0.00014976544275078861,False
daytime,140->152,1626,15,bezier_nm,27.054315268993378,mse,0.16032234659096717,False
daytime,140->469,1626,15,bezier_pgd,0.0020760810002684593,mse,0.0003065743133344054,False
daytime,140->469,1626,15,bezier_ipopt,6.086704996007029,mse,7.698521850995714e-05,False
daytime,140->469,1626,15,bezier_nm,26.41822777100606,mse,0.07408595088526679,False
daytime,141->399,1626,15,bezier_pgd,0.0027513070381246507,mse,0.0035963046881612496,False
daytime,141->399,1626,15,bezier_ipopt,6.155849559989292,mse,0.0002619992596830861,False
daytime,141->399,1626,15,bezier_nm,24.732359960034955,mse,0.17385359456808283,False
daytime,141->510,1626,15,bezier_pgd,0.0035825130180455744,mse,0.002207730483772742,False
daytime,141->510,1626,15,bezier_ipopt,,mse,,True
daytime,141->510,1626,15,bezier_nm,25.8918137709843,mse,0.09015930630594875,False
daytime,142->470,1626,15,bezier_pgd,0.003171870019286871,mse,0.007144774104958644,False
daytime,142->470,1626,15,bezier_ipopt,8.199153930996545,mse,0.00010925659372973333,False
daytime,142->470,1626,15,bezier_nm,23.78156004997436,mse,0.23693354274283812,False
daytime,142->86,1626,15,bezier_pgd,0.001736034988425672,mse,0.00035590499897231143,False
daytime,142->86,1626,15,bezier_ipopt,,mse,,True
daytime,142->86,1626,15,bezier_nm,31.293827823014,mse,0.002741914965757137,False
daytime,143->415,1626,15,bezier_pgd,0.004530309000983834,mse,0.012486789775472984,False
daytime,143->415,1626,15,bezier_ipopt,5.753595884947572,mse,0.00014913838442612943,False
daytime,143->415,1626,15,bezier_nm,23.72115862101782,mse,0.25271221403590177,False
daytime,143->74,1626,15,bezier_pgd,0.002879153995309025,mse,0.005551081827631237,False
daytime,143->74,1626,15,bezier_ipopt,6.529791258042678,mse,0.00012442620855312,False
daytime,143->74,1626,15,bezier_nm,22.164291099004913,mse,0.23102593256505127,False
daytime,144->145,1626,15,bezier_pgd,0.003252328955568373,mse,0.0028904908513762238,False
daytime,144->145,1626,15,bezier_ipopt,,mse,,True
daytime,144->145,1626,15,bezier_nm,25.334724970976822,mse,0.2087414111136594,False
daytime,144->383,1626,15,bezier_pgd,0.00608897500205785,mse,0.0010479405342914314,False
daytime,144->383,1626,15,bezier_ipopt,5.58621249900898,mse,0.0001375250721827497,False
daytime,144->383,1626,15,bezier_nm,27.041742961970158,mse,0.09744305137144742,False
daytime,145->144,1626,15,bezier_pgd,0.0025507070240564644,mse,0.002437067950638362,False
daytime,145->144,1626,15,bezier_ipopt,42.9378503219923,mse,0.00012853333055768088,False
daytime,145->144,1626,15,bezier_nm,25.849757492018398,mse,0.18306854991483215,False
daytime,145->509,1626,15,bezier_pgd,0.002680482983123511,mse,0.01748447528196988,False
daytime,145->509,1626,15,bezier_ipopt,7.916426656011026,mse,0.00011233272911711516,False
daytime,145->509,1626,15,bezier_nm,23.15680815000087,mse,0.26979873619555367,False
daytime,146->147,1626,15,bezier_pgd,0.003146789036691189,mse,0.003259880450015443,False
daytime,146->147,1626,15,bezier_ipopt,,mse,,True
daytime,146->147,1626,15,bezier_nm,23.504794284992386,mse,0.24223303568340773,False
daytime,146->415,1626,15,bezier_pgd,0.0028833940159529448,mse,0.01083574072942955,False
daytime,146->415,1626,15,bezier_ipopt,5.839813920028973,mse,0.00020403575339138645,False
daytime,146->415,1626,15,bezier_nm,24.17310135497246,mse,0.25429092771024886,False
daytime,147->146,1626,15,bezier_pgd,0.002820270019583404,mse,0.018283602695017828,False
daytime,147->146,1626,15,bezier_ipopt,7.238272066053469,mse,0.0002614545707705022,False
daytime,147->146,1626,15,bezier_nm,23.07621420797659,mse,0.24626166957084122,False
daytime,147->198,1626,15,bezier_pgd,0.0031542539945803583,mse,0.0008279056886428642,False
daytime,147->198,1626,15,bezier_ipopt,6.458737579989247,mse,0.00031991543864293967,False
daytime,147->198,1626,15,bezier_nm,24.368729093985166,mse,0.07459226621450929,False
daytime,148->472,1626,15,bezier_pgd,0.0025384329492226243,mse,0.0006309822942195889,False
daytime,148->472,1626,15,bezier_ipopt,11.166561975958757,mse,9.761886728912765e-05,False
daytime,148->472,1626,15,bezier_nm,25.416757921979297,mse,0.11156620765967847,False
daytime,148->498,1626,15,bezier_pgd,0.0020701089524663985,mse,0.0003110496531586617,False
daytime,148->498,1626,15,bezier_ipopt,5.748252316028811,mse,0.00016020592907495254,False
daytime,148->498,1626,15,bezier_nm,23.870790697983466,mse,0.0477157522021093,False
daytime,149->150,1626,15,bezier_pgd,0.0021647369721904397,mse,0.003651725178033449,False
daytime,149->150,1626,15,bezier_ipopt,5.5980393050122075,mse,0.00023161444598265843,False
daytime,149->150,1626,15,bezier_nm,24.75212349195499,mse,0.16767275686620112,False
daytime,149->215,1626,15,bezier_pgd,0.002401478006504476,mse,0.00040146839887857935,False
daytime,149->215,1626,15,bezier_ipopt,6.659782460948918,mse,0.00013416258431203157,False
daytime,149->215,1626,15,bezier_nm,21.976560852956027,mse,0.10803138377317202,False
daytime,15->23,1626,15,bezier_pgd,0.0020017119823023677,mse,1.2270379664317256e-05,False
daytime,15->23,1626,15,bezier_ipopt,5.259517202037387,mse,6.954101737048681e-06,False
daytime,15->23,1626,15,bezier_nm,34.40373813104816,mse,4.728261391400338e-05,False
daytime,15->234,1626,15,bezier_pgd,0.002320287050679326,mse,0.0788184609061826,False
daytime,15->234,1626,15,bezier_ipopt,,mse,,True
daytime,15->234,1626,15,bezier_nm,21.733307368995156,mse,0.3253312734038801,False
daytime,15->516,1626,15,bezier_pgd,0.0028789639472961426,mse,0.004473561106137903,False
daytime,15->516,1626,15,bezier_ipopt,,mse,,True
daytime,15->516,1626,15,bezier_nm,26.87071989197284,mse,0.1902181013045408,False
daytime,150->149,1626,15,bezier_pgd,0.002185716002713889,mse,0.0025992868477228816,False
daytime,150->149,1626,15,bezier_ipopt,6.607916188018862,mse,0.00015924507275415494,False
daytime,150->149,1626,15,bezier_nm,23.840254037000705,mse,0.1646749683861135,False
daytime,150->507,1626,15,bezier_pgd,0.0021916739642620087,mse,0.00028361534489833204,False
daytime,150->507,1626,15,bezier_ipopt,13.651281255006324,mse,0.00011334009868990317,False
daytime,150->507,1626,15,bezier_nm,22.423645592993125,mse,0.06865241071081947,False
daytime,151->290,1626,15,bezier_pgd,0.0036866150330752134,mse,0.009122411162337652,False
daytime,151->290,1626,15,bezier_ipopt,5.849373186996672,mse,6.802434734161231e-05,False
daytime,151->290,1626,15,bezier_nm,21.914786428038497,mse,0.2584486749170495,False
daytime,151->473,1626,15,bezier_pgd,0.002876270969863981,mse,0.00600566905179457,False
daytime,151->473,1626,15,bezier_ipopt,5.330491336004343,mse,8.38079830125074e-05,False
daytime,151->473,1626,15,bezier_nm,22.96797846496338,mse,0.24939457156296022,False
daytime,152->140,1626,15,bezier_pgd,0.003607666993048042,mse,0.002087166816269938,False
daytime,152->140,1626,15,bezier_ipopt,6.293272703012917,mse,0.0001523848894462866,False
daytime,152->140,1626,15,bezier_nm,23.75832334998995,mse,0.18261371557594128,False
daytime,152->220,1626,15,bezier_pgd,0.0028166300035081804,mse,0.004581034001245241,False
daytime,152->220,1626,15,bezier_ipopt,7.1712433499633335,mse,0.00015560275185928855,False
daytime,152->220,1626,15,bezier_nm,23.760612137033604,mse,0.21368644475555487,False
daytime,153->447,1626,15,bezier_pgd,0.0021969120134599507,mse,0.01327718252600576,False
daytime,153->447,1626,15,bezier_ipopt,4.996118885057513,mse,0.00020181195326020974,False
daytime,153->447,1626,15,bezier_nm,24.515959699987434,mse,0.23525083535761382,False
daytime,153->474,1626,15,bezier_pgd,0.0023703189799562097,mse,0.00031138632335624215,False
daytime,153->474,1626,15,bezier_ipopt,7.2804687449825,mse,0.0001459600655185369,False
daytime,153->474,1626,15,bezier_nm,25.234171958989464,mse,0.10054902469037184,False
daytime,154->434,1626,15,bezier_pgd,0.002490617975126952,mse,0.01814722154494826,False
daytime,154->434,1626,15,bezier_ipopt,5.848925680969842,mse,0.0003149867036450111,False
daytime,154->434,1626,15,bezier_nm,23.13977650902234,mse,0.2484669542076308,False
daytime,154->470,1626,15,bezier_pgd,0.0029000670183449984,mse,0.0007496931017627417,False
daytime,154->470,1626,15,bezier_ipopt,6.025432187016122,mse,0.0001378821232251473,False
daytime,154->470,1626,15,bezier_nm,27.28209453402087,mse,0.10679831307861706,False
daytime,155->398,1626,15,bezier_pgd,0.0030779759981669486,mse,0.0024745623244896834,False
daytime,155->398,1626,15,bezier_ipopt,8.355250919004902,mse,9.757514932045109e-05,False
daytime,155->398,1626,15,bezier_nm,23.110807402001228,mse,0.2000030500202366,False
daytime,155->480,1626,15,bezier_pgd,0.0019979039789177477,mse,0.00033772638859861374,False
daytime,155->480,1626,15,bezier_ipopt,6.426767110999208,mse,0.00016613887250232812,False
daytime,155->480,1626,15,bezier_nm,25.31349113903707,mse,0.08206452382450564,False
daytime,156->391,1626,15,bezier_pgd,0.0022361869923770428,mse,0.030815226679819008,False
daytime,156->391,1626,15,bezier_ipopt,,mse,,True
daytime,156->391,1626,15,bezier_nm,23.02912679698784,mse,0.29941032235458986,False
daytime,156->469,1626,15,bezier_pgd,0.0024371870094910264,mse,0.0014026257166304674,False
daytime,156->469,1626,15,bezier_ipopt,,mse,,True
daytime,156->469,1626,15,bezier_nm,25.942983168002684,mse,0.13841485805954476,False
daytime,157->390,1626,15,bezier_pgd,0.0023135190131142735,mse,0.009044531132954689,False
daytime,157->390,1626,15,bezier_ipopt,7.023695584037341,mse,0.0001238393203987856,False
daytime,157->390,1626,15,bezier_nm,24.40547305601649,mse,0.26511863040696765,False
daytime,157->476,1626,15,bezier_pgd,0.0033880769624374807,mse,0.23088080088925536,False
daytime,157->476,1626,15,bezier_ipopt,,mse,,True
daytime,157->476,1626,15,bezier_nm,20.83172974700574,mse,0.3742772058561375,False
daytime,158->159,1626,15,bezier_pgd,0.00302704400382936,mse,0.0009520844845085354,False
daytime,158->159,1626,15,bezier_ipopt,6.884449456993025,mse,0.00015474241112964322,False
daytime,158->159,1626,15,bezier_nm,23.805025149020366,mse,0.0591308940061413,False
daytime,158->244,1626,15,bezier_pgd,0.0029870650032535195,mse,0.006932987059301521,False
daytime,158->244,1626,15,bezier_ipopt,,mse,,True
daytime,158->244,1626,15,bezier_nm,23.987737106974237,mse,0.18253807386030996,False
daytime,159->158,1626,15,bezier_pgd,0.0030081060249358416,mse,0.012039747065302165,False
daytime,159->158,1626,15,bezier_ipopt,6.283522334008012,mse,0.00018893322010779453,False
daytime,159->158,1626,15,bezier_nm,23.404189892986324,mse,0.24362206540509426,False
daytime,159->253,1626,15,bezier_pgd,0.0025130680296570063,mse,0.008941238013833229,False
daytime,159->253,1626,15,bezier_ipopt,5.703982833016198,mse,0.0002133186308048396,False
daytime,159->253,1626,15,bezier_nm,22.66723533096956,mse,0.23124953501086398,False
daytime,16->228,1626,15,bezier_pgd,0.0019579660147428513,mse,0.00020274713694572337,False
daytime,16->228,1626,15,bezier_ipopt,5.2708780450047925,mse,0.00010554122248789677,False
daytime,16->228,1626,15,bezier_nm,34.454788036993705,mse,0.0021502273168923173,False
daytime,16->451,1626,15,bezier_pgd,0.0016748280031606555,mse,4.320814173238911e-05,False
daytime,16->451,1626,15,bezier_ipopt,4.9716948790010065,mse,1.1803265234670826e-05,False
daytime,16->451,1626,15,bezier_nm,35.901263064995874,mse,0.00019822277249471288,False
daytime,16->88,1626,15,bezier_pgd,0.002642122039105743,mse,1.3550288012625292e-05,False
daytime,16->88,1626,15,bezier_ipopt,4.611588152998593,mse,4.314270587292915e-06,False
daytime,16->88,1626,15,bezier_nm,34.05326816800516,mse,7.929941712530595e-05,False
daytime,160->129,1626,15,bezier_pgd,0.0027135220007039607,mse,0.010168780959435854,False
daytime,160->129,1626,15,bezier_ipopt,6.253040358016733,mse,0.0002038005784030608,False
daytime,160->129,1626,15,bezier_nm,21.374565250996966,mse,0.24315463266593806,False
daytime,160->529,1626,15,bezier_pgd,0.002165436977520585,mse,0.0010953463626602034,False
daytime,160->529,1626,15,bezier_ipopt,6.457092945987824,mse,0.00013640996559763732,False
daytime,160->529,1626,15,bezier_nm,25.000365031999536,mse,0.09053447861741425,False
daytime,161->162,1626,15,bezier_pgd,0.002500641974620521,mse,0.02210237655215132,False
daytime,161->162,1626,15,bezier_ipopt,6.07393921201583,mse,0.0004108512563917321,False
daytime,161->162,1626,15,bezier_nm,23.071262856014073,mse,0.2579693958216659,False
daytime,161->405,1626,15,bezier_pgd,0.002715178008656949,mse,0.01314034774524971,False
daytime,161->405,1626,15,bezier_ipopt,5.0075812169816345,mse,0.0002989891181063406,False
daytime,161->405,1626,15,bezier_nm,22.9968305809889,mse,0.2582388785051282,False
daytime,162->161,1626,15,bezier_pgd,0.0042667840025387704,mse,0.02320314035006669,False
daytime,162->161,1626,15,bezier_ipopt,6.03432688099565,mse,0.00023124518166928458,False
daytime,162->161,1626,15,bezier_nm,22.675128624017816,mse,0.273638130541512,False
daytime,162->464,1626,15,bezier_pgd,0.002414483984466642,mse,0.008119525720679989,False
daytime,162->464,1626,15,bezier_ipopt,6.005075637018308,mse,9.103755436270485e-05,False
daytime,162->464,1626,15,bezier_nm,25.581574593030382,mse,0.19323453233434013,False
daytime,163->164,1626,15,bezier_pgd,0.0021925739711150527,mse,0.0028866044899948976,False
daytime,163->164,1626,15,bezier_ipopt,6.253757024998777,mse,0.0001490837053767908,False
daytime,163->164,1626,15,bezier_nm,23.569752478972077,mse,0.17967793524082862,False
daytime,163->166,1626,15,bezier_pgd,0.0028769049677066505,mse,0.011162098931232862,False
daytime,163->166,1626,15,bezier_ipopt,5.607117045961786,mse,0.00015565640625117785,False
daytime,163->166,1626,15,bezier_nm,23.178096449002624,mse,0.26128132040024254,False
daytime,164->163,1626,15,bezier_pgd,0.0029488200088962913,mse,0.008697942943051058,False
daytime,164->163,1626,15,bezier_ipopt,5.627769415033981,mse,0.00014551588136483605,False
daytime,164->163,1626,15,bezier_nm,24.60523262398783,mse,0.2507005019161992,False
daytime,164->517,1626,15,bezier_pgd,0.004806023032870144,mse,0.0013668130031158406,False
daytime,164->517,1626,15,bezier_ipopt,5.807857023028191,mse,0.00011148637344542788,False
daytime,164->517,1626,15,bezier_nm,24.026517594000325,mse,0.17949823816070032,False
daytime,165->240,1626,15,bezier_pgd,0.0019719289848580956,mse,0.00012761768475357584,False
daytime,165->240,1626,15,bezier_ipopt,6.2977101700380445,mse,7.116058955247702e-05,False
daytime,165->240,1626,15,bezier_nm,32.00898159999633,mse,0.0006882005428344081,False
daytime,165->427,1626,15,bezier_pgd,0.0020204909960739315,mse,0.00022309389320990356,False
daytime,165->427,1626,15,bezier_ipopt,4.81936417898396,mse,9.701225192838978e-05,False
daytime,165->427,1626,15,bezier_nm,33.74068177299341,mse,0.0033192399946583334,False
daytime,166->163,1626,15,bezier_pgd,0.0024123809998854995,mse,0.00030739745045707653,False
daytime,166->163,1626,15,bezier_ipopt,5.149243048974313,mse,0.00015283406158144336,False
daytime,166->163,1626,15,bezier_nm,24.794135506032035,mse,0.10374035593204828,False
daytime,166->307,1626,15,bezier_pgd,0.0023945540306158364,mse,0.00026320097821717854,False
daytime,166->307,1626,15,bezier_ipopt,5.212964267004281,mse,0.00013278278063358812,False
daytime,166->307,1626,15,bezier_nm,35.39215268898988,mse,0.0027854534141209418,False
daytime,167->168,1626,15,bezier_pgd,0.0017100530094467103,mse,0.023867238784917172,False
daytime,167->168,1626,15,bezier_ipopt,124.37248393398477,mse,0.01617992381834115,False
daytime,167->168,1626,15,bezier_nm,22.55254848097684,mse,0.41410598211392335,False
daytime,167->397,1626,15,bezier_pgd,0.0016063550137914717,mse,2.197949868806764e-05,False
daytime,167->397,1626,15,bezier_ipopt,4.937885605031624,mse,6.180716199628857e-06,False
daytime,167->397,1626,15,bezier_nm,34.911000280000735,mse,0.0001800980585477031,False
daytime,168->167,1626,15,bezier_pgd,0.001522103964816779,mse,1.6494857237522624e-05,False
daytime,168->167,1626,15,bezier_ipopt,7.029092180018779,mse,7.54701148943748e-06,False
daytime,168->167,1626,15,bezier_nm,33.78871818695916,mse,6.32090935759542e-05,False
daytime,168->285,1626,15,bezier_pgd,0.0028394570108503103,mse,0.009535769976219018,False
daytime,168->285,1626,15,bezier_ipopt,5.454154248989653,mse,0.0001261650420524327,False
daytime,168->285,1626,15,bezier_nm,24.99199424503604,mse,0.22090856543032744,False
daytime,169->170,1626,15,bezier_pgd,0.004742476041428745,mse,0.015002711407415235,False
daytime,169->170,1626,15,bezier_ipopt,6.387194335984532,mse,0.0001492614322771751,False
daytime,169->170,1626,15,bezier_nm,23.887082662025932,mse,0.24034796075507522,False
daytime,169->279,1626,15,bezier_pgd,0.0019506430253386497,mse,0.0002549808615081516,False
daytime,169->279,1626,15,bezier_ipopt,5.908214948954992,mse,0.00014318337191792375,False
daytime,169->279,1626,15,bezier_nm,24.621091631997842,mse,0.06078681816718703,False
daytime,17->127,1626,15,bezier_pgd,0.0023457170464098454,mse,0.006890121653770618,False
daytime,17->127,1626,15,bezier_ipopt,5.6183612599852495,mse,0.00012930394034855062,False
daytime,17->127,1626,15,bezier_nm,22.573784430976957,mse,0.20800722094125343,False
daytime,17->492,1626,15,bezier_pgd,0.0027541049639694393,mse,0.006901893376561664,False
daytime,17->492,1626,15,bezier_ipopt,6.1685155520099215,mse,0.00010082328699127957,False
daytime,17->492,1626,15,bezier_nm,23.3788654889795,mse,0.22550358583405214,False
daytime,17->97,1626,15,bezier_pgd,0.0016112730372697115,mse,1.6285395638717603e-05,False
daytime,17->97,1626,15,bezier_ipopt,4.432604178960901,mse,6.948194968768802e-06,False
daytime,17->97,1626,15,bezier_nm,33.09949475695612,mse,0.000143262695268742,False
daytime,170->169,1626,15,bezier_pgd,0.0025690619950182736,mse,0.012873789923115683,False
daytime,170->169,1626,15,bezier_ipopt,5.641294995031785,mse,0.00015290975405604944,False
daytime,170->169,1626,15,bezier_nm,23.423013792023994,mse,0.24586860552933337,False
daytime,170->348,1626,15,bezier_pgd,0.002564330992754549,mse,0.0004953187423729905,False
daytime,170->348,1626,15,bezier_ipopt,,mse,,True
daytime,170->348,1626,15,bezier_nm,27.937853220966645,mse,0.0887164450616886,False
daytime,171->231,1626,15,bezier_pgd,0.002529799996409565,mse,0.0003387273934504851,False
daytime,171->231,1626,15,bezier_ipopt,6.648283633985557,mse,0.00011099548105857668,False
daytime,171->231,1626,15,bezier_nm,34.89579047705047,mse,0.003559211710273571,False
daytime,171->476,1626,15,bezier_pgd,0.0030880830017849803,mse,0.0034319860771628136,False
daytime,171->476,1626,15,bezier_ipopt,5.2157475230051205,mse,0.0002292714122619099,False
daytime,171->476,1626,15,bezier_nm,23.537191955954768,mse,0.22624403440855714,False
daytime,172->438,1626,15,bezier_pgd,0.001829818997066468,mse,0.02787781901925361,False
daytime,172->438,1626,15,bezier_ipopt,,mse,,True
daytime,172->438,1626,15,bezier_nm,22.189316160976887,mse,0.35690939496576646,False
daytime,172->452,1626,15,bezier_pgd,0.002438648953102529,mse,0.0008460098065538813,False
daytime,172->452,1626,15,bezier_ipopt,5.6220877369632944,mse,0.000137692468975932,False
daytime,172->452,1626,15,bezier_nm,25.6069286740385,mse,0.0791879387454946,False
daytime,173->174,1626,15,bezier_pgd,0.002017094986513257,mse,0.0015529408055660761,False
daytime,173->174,1626,15,bezier_ipopt,5.544502882985398,mse,0.0001281098494632457,False
daytime,173->174,1626,15,bezier_nm,23.792453437985387,mse,0.11445304466674638,False
daytime,173->275,1626,15,bezier_pgd,0.002251471974886954,mse,0.011628720449487592,False
daytime,173->275,1626,15,bezier_ipopt,6.119705663004424,mse,0.00032457655394798495,False
daytime,173->275,1626,15,bezier_nm,22.382739256019704,mse,0.17224213825974485,False
daytime,174->173,1626,15,bezier_pgd,0.0024239629856310785,mse,0.007947325357653072,False
daytime,174->173,1626,15,bezier_ipopt,5.750877629965544,mse,0.00016376923342228969,False
daytime,174->173,1626,15,bezier_nm,23.61404119100189,mse,0.20860071809776207,False
daytime,174->284,1626,15,bezier_pgd,0.0026760289911180735,mse,0.0011859481317669342,False
daytime,174->284,1626,15,bezier_ipopt,6.737866991956253,mse,7.884796447585866e-05,False
daytime,174->284,1626,15,bezier_nm,25.26236572599737,mse,0.14007995628040631,False
daytime,175->517,1626,15,bezier_pgd,0.002627452020533383,mse,0.006450763361959244,False
daytime,175->517,1626,15,bezier_ipopt,6.250313040975016,mse,0.0001116414027352593,False
daytime,175->517,1626,15,bezier_nm,23.088030663027894,mse,0.22772257094505302,False
daytime,175->521,1626,15,bezier_pgd,0.0017523799906484783,mse,0.00024668662106284625,False
daytime,175->521,1626,15,bezier_ipopt,6.530837728991173,mse,0.00017799474057371837,False
daytime,175->521,1626,15,bezier_nm,34.687977728957776,mse,0.0018521270158060464,False
daytime,176->333,1626,15,bezier_pgd,0.00259845401160419,mse,0.014120462257035421,False
daytime,176->333,1626,15,bezier_ipopt,5.157852058997378,mse,0.00020399997719143282,False
daytime,176->333,1626,15,bezier_nm,22.951299892971292,mse,0.23606902540947058,False
daytime,176->484,1626,15,bezier_pgd,0.0033679569605737925,mse,0.00025348892581624865,False
daytime,176->484,1626,15,bezier_ipopt,6.630877966003027,mse,0.00015568658283800777,False
daytime,176->484,1626,15,bezier_nm,24.24864022101974,mse,0.050799131365511195,False
daytime,177->116,1626,15,bezier_pgd,0.0036393480258993804,mse,0.0020514966865575125,False
daytime,177->116,1626,15,bezier_ipopt,6.256001394009218,mse,0.00020607098999501648,False
daytime,177->116,1626,15,bezier_nm,24.811948831018526,mse,0.14210253101871384,False
daytime,177->178,1626,15,bezier_pgd,0.002319182036444545,mse,0.000310719158855124,False
daytime,177->178,1626,15,bezier_ipopt,5.820472060004249,mse,0.0001813235097965492,False
daytime,177->178,1626,15,bezier_nm,26.81348741502734,mse,0.10541006797067357,False
daytime,178->177,1626,15,bezier_pgd,0.0027887789765372872,mse,0.009806350510209725,False
daytime,178->177,1626,15,bezier_ipopt,6.886734988016542,mse,0.0001922484707320409,False
daytime,178->177,1626,15,bezier_nm,22.3335632540402,mse,0.2644760555874636,False
daytime,178->385,1626,15,bezier_pgd,0.002304005029145628,mse,0.0018182016260161816,False
daytime,178->385,1626,15,bezier_ipopt,5.800414114957675,mse,0.00017802361934304872,False
daytime,178->385,1626,15,bezier_nm,24.303455300978385,mse,0.13825124485481283,False
daytime,179->394,1626,15,bezier_pgd,0.002519030007533729,mse,0.0002833540644037557,False
daytime,179->394,1626,15,bezier_ipopt,,mse,,True
daytime,179->394,1626,15,bezier_nm,30.46710924099898,mse,0.0011665808225230967,False
daytime,179->513,1626,15,bezier_pgd,0.0030920240096747875,mse,0.0036779554946635555,False
daytime,179->513,1626,15,bezier_ipopt,12.697519474022556,mse,0.0027658174067976327,False
daytime,179->513,1626,15,bezier_nm,23.77577381802257,mse,0.1398281089210369,False
daytime,18->105,1626,15,bezier_pgd,0.0015784340212121606,mse,2.014313897039248e-05,False
daytime,18->105,1626,15,bezier_ipopt,5.775257617002353,mse,8.96829943112223e-06,False
daytime,18->105,1626,15,bezier_nm,37.07805324002402,mse,0.00011650386713053587,False
daytime,18->291,1626,15,bezier_pgd,0.0020229530055075884,mse,0.08670887256945614,False
daytime,18->291,1626,15,bezier_ipopt,,mse,,True
daytime,18->291,1626,15,bezier_nm,21.939672113978304,mse,0.38491554757825247,False
daytime,18->326,1626,15,bezier_pgd,0.002070609014481306,mse,0.12633141729086456,False
daytime,18->326,1626,15,bezier_ipopt,,mse,,True
daytime,18->326,1626,15,bezier_nm,22.081388660997618,mse,0.4126580549945124,False
daytime,180->181,1626,15,bezier_pgd,0.002765982993878424,mse,0.011506715152252172,False
daytime,180->181,1626,15,bezier_ipopt,6.826568643038627,mse,0.00023974869531882123,False
daytime,180->181,1626,15,bezier_nm,23.523386170971207,mse,0.26642125280875467,False
daytime,180->373,1626,15,bezier_pgd,0.002251985017210245,mse,0.006057181044101028,False
daytime,180->373,1626,15,bezier_ipopt,5.796526299032848,mse,0.00028063681120452273,False
daytime,180->373,1626,15,bezier_nm,24.60552184394328,mse,0.17593333152891763,False
daytime,181->180,1626,15,bezier_pgd,0.0022470150142908096,mse,0.004428409491608425,False
daytime,181->180,1626,15,bezier_ipopt,6.313432652968913,mse,0.00021891124300649697,False
daytime,181->180,1626,15,bezier_nm,25.15239203098463,mse,0.17044489604934215,False
daytime,181->429,1626,15,bezier_pgd,0.0024438060354441404,mse,0.010849149736290312,False
daytime,181->429,1626,15,bezier_ipopt,4.936555097985547,mse,0.0002068668744787029,False
daytime,181->429,1626,15,bezier_nm,23.0201473319903,mse,0.2352185918769305,False
daytime,182->390,1626,15,bezier_pgd,0.002275118022225797,mse,0.009665979440528067,False
daytime,182->390,1626,15,bezier_ipopt,6.5362890810356475,mse,0.00015074832405801792,False
daytime,182->390,1626,15,bezier_nm,22.056739719002508,mse,0.2701813465153092,False
daytime,182->433,1626,15,bezier_pgd,0.0022253140341490507,mse,0.008153425762782699,False
daytime,182->433,1626,15,bezier_ipopt,,mse,,True
daytime,182->433,1626,15,bezier_nm,23.470461191958748,mse,0.2704091108046684,False
daytime,183->184,1626,15,bezier_pgd,0.002699207980185747,mse,0.00023039774275317152,False
daytime,183->184,1626,15,bezier_ipopt,8.297109563020058,mse,0.00014742639126115326,False
daytime,183->184,1626,15,bezier_nm,34.21405670401873,mse,0.0030403136688431803,False
daytime,183->267,1626,15,bezier_pgd,0.002615243021864444,mse,0.00038571294174903934,False
daytime,183->267,1626,15,bezier_ipopt,29.145640505012125,mse,0.00013490581438576826,False
daytime,183->267,1626,15,bezier_nm,23.705190080974717,mse,0.132132585299166,False
daytime,184->183,1626,15,bezier_pgd,0.004402149002999067,mse,0.00047998215046742465,False
daytime,184->183,1626,15,bezier_ipopt,8.638705459947232,mse,0.00012346345697654998,False
daytime,184->183,1626,15,bezier_nm,24.173617885040585,mse,0.13895088038524822,False
daytime,184->485,1626,15,bezier_pgd,0.0027916569961234927,mse,0.00821680455416679,False
daytime,184->485,1626,15,bezier_ipopt,5.841022708977107,mse,0.00013601222591970053,False
daytime,184->485,1626,15,bezier_nm,22.17532434302848,mse,0.2437238047269248,False
daytime,185->186,1626,15,bezier_pgd,0.0026614670059643686,mse,0.008138425368308323,False
daytime,185->186,1626,15,bezier_ipopt,4.95538524602307,mse,0.00014003020590550104,False
daytime,185->186,1626,15,bezier_nm,24.786429150030017,mse,0.24489716355738406,False
daytime,185->227,1626,15,bezier_pgd,0.002658218960277736,mse,0.006677518579498052,False
daytime,185->227,1626,15,bezier_ipopt,8.01386614999501,mse,0.00011162708976940337,False
daytime,185->227,1626,15,bezier_nm,22.948289346997626,mse,0.24705149194557388,False
daytime,186->185,1626,15,bezier_pgd,0.0028818140272051096,mse,0.0013492277278174356,False
daytime,186->185,1626,15,bezier_ipopt,,mse,,True
daytime,186->185,1626,15,bezier_nm,24.48315739602549,mse,0.17583142692946843,False
daytime,186->19,1626,15,bezier_pgd,0.002373094961512834,mse,0.01621099727118966,False
daytime,186->19,1626,15,bezier_ipopt,10.085520908003673,mse,0.00020283298182067732,False
daytime,186->19,1626,15,bezier_nm,22.836525680031627,mse,0.27157631249439834,False
daytime,187->454,1626,15,bezier_pgd,0.003309627005364746,mse,0.01625313703407287,False
daytime,187->454,1626,15,bezier_ipopt,5.109432682977058,mse,0.00021613571226732927,False
daytime,187->454,1626,15,bezier_nm,23.094520610000473,mse,0.24771425210773004,False
daytime,187->514,1626,15,bezier_pgd,0.004459891002625227,mse,0.013312701791765042,False
daytime,187->514,1626,15,bezier_ipopt,12.040410540997982,mse,0.00015832020390069477,False
daytime,187->514,1626,15,bezier_nm,23.973566524975467,mse,0.24679510276341626,False
daytime,188->485,1626,15,bezier_pgd,0.004092691000550985,mse,0.0019006872680620175,False
daytime,188->485,1626,15,bezier_ipopt,,mse,,True
daytime,188->485,1626,15,bezier_nm,25.637729731970467,mse,0.12648979253430276,False
daytime,188->513,1626,15,bezier_pgd,0.0025664110435172915,mse,0.025762690269955042,False
daytime,188->513,1626,15,bezier_ipopt,,mse,,True
daytime,188->513,1626,15,bezier_nm,22.8156956610037,mse,0.2738821180429809,False
daytime,189->190,1626,15,bezier_pgd,0.004285374016035348,mse,0.020577357730095565,False
daytime,189->190,1626,15,bezier_ipopt,5.975350485998206,mse,0.000356633461789631,False
daytime,189->190,1626,15,bezier_nm,22.99695751396939,mse,0.25308939295017713,False
daytime,189->524,1626,15,bezier_pgd,0.002954670984763652,mse,0.013511472192554152,False
daytime,189->524,1626,15,bezier_ipopt,6.213845076970756,mse,0.00023388900010396277,False
daytime,189->524,1626,15,bezier_nm,23.564157358021475,mse,0.2581087050857153,False
daytime,19->186,1626,15,bezier_pgd,0.002292865014169365,mse,0.018163520279357522,False
daytime,19->186,1626,15,bezier_ipopt,8.86365948303137,mse,0.00021840443234524433,False
daytime,19->186,1626,15,bezier_nm,24.742898066004273,mse,0.28132311811147387,False
daytime,19->458,1626,15,bezier_pgd,0.002108276996295899,mse,3.959251865004157e-05,False
daytime,19->458,1626,15,bezier_ipopt,10.114471932989545,mse,5.762476892354712e-06,False
daytime,19->458,1626,15,bezier_nm,36.252628646965604,mse,0.0005179912288307152,False
daytime,19->506,1626,15,bezier_pgd,0.0025670260074548423,mse,0.01621099727118966,False
daytime,19->506,1626,15,bezier_ipopt,9.090626829012763,mse,0.00020278677451999544,False
daytime,19->506,1626,15,bezier_nm,23.60562555398792,mse,0.2715734663472309,False
daytime,190->189,1626,15,bezier_pgd,0.0024844129802659154,mse,0.01618276678857671,False
daytime,190->189,1626,15,bezier_ipopt,5.242027541040443,mse,0.00025020645561697643,False
daytime,190->189,1626,15,bezier_nm,23.007545289001428,mse,0.2460246185286918,False
daytime,190->495,1626,15,bezier_pgd,0.0026165840099565685,mse,0.008799918962933478,False
daytime,190->495,1626,15,bezier_ipopt,5.386662791017443,mse,0.00015680347678638035,False
daytime,190->495,1626,15,bezier_nm,23.582100767001975,mse,0.22699832370760875,False
daytime,191->269,1626,15,bezier_pgd,0.00269049103371799,mse,0.006422788323091401,False
daytime,191->269,1626,15,bezier_ipopt,5.577505627006758,mse,0.00017522917816730662,False
daytime,191->269,1626,15,bezier_nm,21.93630771699827,mse,0.2572544917443021,False
daytime,191->472,1626,15,bezier_pgd,0.002253228973131627,mse,0.01875218299301043,False
daytime,191->472,1626,15,bezier_ipopt,7.419051544973627,mse,0.00019939759683073032,False
daytime,191->472,1626,15,bezier_nm,23.61289085703902,mse,0.2870875558585435,False
daytime,192->193,1626,15,bezier_pgd,0.0036270770360715687,mse,0.017612348282573492,False
daytime,192->193,1626,15,bezier_ipopt,5.948005855025258,mse,0.00022796770826894876,False
daytime,192->193,1626,15,bezier_nm,24.548903465969488,mse,0.27694673352787874,False
daytime,192->420,1626,15,bezier_pgd,0.002381863014306873,mse,0.001601016110990838,False
daytime,192->420,1626,15,bezier_ipopt,5.59571278601652,mse,0.00014163210940162504,False
daytime,192->420,1626,15,bezier_nm,25.947464395023417,mse,0.1254154305675028,False
daytime,193->192,1626,15,bezier_pgd,0.0031721870182082057,mse,0.014030540943824615,False
daytime,193->192,1626,15,bezier_ipopt,5.8063258859911,mse,0.00020296690886668046,False
daytime,193->192,1626,15,bezier_nm,23.052331215993036,mse,0.25773877747536755,False
daytime,193->300,1626,15,bezier_pgd,0.002630511997267604,mse,0.009139208898524515,False
daytime,193->300,1626,15,bezier_ipopt,,mse,,True
daytime,193->300,1626,15,bezier_nm,23.84723848901922,mse,0.2329182397780058,False
daytime,194->475,1626,15,bezier_pgd,0.002529767982196063,mse,0.005770681611352466,False
daytime,194->475,1626,15,bezier_ipopt,6.047769521013834,mse,0.00014517582272990424,False
daytime,194->475,1626,15,bezier_nm,23.272760569001548,mse,0.21802249093470735,False
daytime,194->486,1626,15,bezier_pgd,0.0023838839842937887,mse,0.0009301500211319606,False
daytime,194->486,1626,15,bezier_ipopt,6.786136743030511,mse,9.64831521341145e-05,False
daytime,194->486,1626,15,bezier_nm,25.26090347697027,mse,0.09471646564346052,False
daytime,195->196,1626,15,bezier_pgd,0.002582422981504351,mse,0.0020549253156280484,False
daytime,195->196,1626,15,bezier_ipopt,4.71947050903691,mse,0.00020920407285345677,False
daytime,195->196,1626,15,bezier_nm,24.4724978239974,mse,0.17011364821945185,False
daytime,195->484,1626,15,bezier_pgd,0.004374818003270775,mse,0.009621644061281466,False
daytime,195->484,1626,15,bezier_ipopt,4.543560697988141,mse,0.0001974576130312227,False
daytime,195->484,1626,15,bezier_nm,22.172607043001335,mse,0.23684807658791482,False
daytime,196->195,1626,15,bezier_pgd,0.0022590039880014956,mse,0.009356713152396107,False
daytime,196->195,1626,15,bezier_ipopt,5.625843741989229,mse,0.00020271120978880043,False
daytime,196->195,1626,15,bezier_nm,24.56170372699853,mse,0.22198388945704098,False
daytime,196->328,1626,15,bezier_pgd,0.0025248529855161905,mse,0.010889857835953152,False
daytime,196->328,1626,15,bezier_ipopt,5.908971462980844,mse,0.00019483449212702957,False
daytime,196->328,1626,15,bezier_nm,23.48878599499585,mse,0.23431577337137618,False
daytime,197->340,1626,15,bezier_pgd,0.0023053789627738297,mse,0.004240064580643579,False
daytime,197->340,1626,15,bezier_ipopt,5.204553936026059,mse,0.00024079510272212123,False
daytime,197->340,1626,15,bezier_nm,23.762732646020595,mse,0.16807137387571114,False
daytime,197->389,1626,15,bezier_pgd,0.004020426014903933,mse,0.0004639858928077134,False
daytime,197->389,1626,15,bezier_ipopt,6.6344302099896595,mse,0.00010094864161360263,False
daytime,197->389,1626,15,bezier_nm,24.15545692498563,mse,0.13388441879366897,False
daytime,198->147,1626,15,bezier_pgd,0.0029445760301314294,mse,0.005290342778432543,False
daytime,198->147,1626,15,bezier_ipopt,6.4804520679754205,mse,0.0001639893436594403,False
daytime,198->147,1626,15,bezier_nm,22.951686372980475,mse,0.22783851747311015,False
daytime,198->410,1626,15,bezier_pgd,0.002275111968629062,mse,0.006893120923015822,False
daytime,198->410,1626,15,bezier_ipopt,6.785963026981335,mse,0.00027822641973172444,False
daytime,198->410,1626,15,bezier_nm,25.51638330798596,mse,0.20400441129663463,False
daytime,199->200,1626,15,bezier_pgd,0.0024104270269162953,mse,0.01499606221747284,False
daytime,199->200,1626,15,bezier_ipopt,7.234803019033279,mse,0.00022434924381018755,False
daytime,199->200,1626,15,bezier_nm,21.35764964396367,mse,0.2717055690402111,False
daytime,199->420,1626,15,bezier_pgd,0.0026143129798583686,mse,0.0006141367763450115,False
daytime,199->420,1626,15,bezier_ipopt,6.34882331994595,mse,0.00013959870521493143,False
daytime,199->420,1626,15,bezier_nm,24.80420737096574,mse,0.10321481562929466,False
daytime,2->60,1626,15,bezier_pgd,0.0016793570248410106,mse,1.510094493050177e-05,False
daytime,2->60,1626,15,bezier_ipopt,4.89714695798466,mse,6.882756706742238e-06,False
daytime,2->60,1626,15,bezier_nm,31.681840817036573,mse,0.00027824145656215997,False
daytime,20->25,1626,15,bezier_pgd,0.0018559989985078573,mse,0.0007823114218147011,False
daytime,20->25,1626,15,bezier_ipopt,6.140226582007017,mse,8.792664050203986e-05,False
daytime,20->25,1626,15,bezier_nm,25.45586852298584,mse,0.07069499804693725,False
daytime,20->526,1626,15,bezier_pgd,0.0022498469916172326,mse,0.005372287252925,False
daytime,20->526,1626,15,bezier_ipopt,8.32599050400313,mse,0.0002620785848025935,False
daytime,20->526,1626,15,bezier_nm,23.592502689978573,mse,0.19875915476990497,False
daytime,200->199,1626,15,bezier_pgd,0.0033376020146533847,mse,0.00263013721129571,False
daytime,200->199,1626,15,bezier_ipopt,6.270141583983786,mse,0.00023286865528450787,False
daytime,200->199,1626,15,bezier_nm,25.634199500025716,mse,0.11711357231392801,False
daytime,200->384,1626,15,bezier_pgd,0.002160491014365107,mse,0.025748627639607682,False
daytime,200->384,1626,15,bezier_ipopt,,mse,,True
daytime,200->384,1626,15,bezier_nm,27.930386491003446,mse,0.2098276744130879,False
daytime,201->476,1626,15,bezier_pgd,0.0020975330262444913,mse,0.0006342128611897306,False
daytime,201->476,1626,15,bezier_ipopt,,mse,,True
daytime,201->476,1626,15,bezier_nm,23.611122474016156,mse,0.011800294294036921,False
daytime,201->487,1626,15,bezier_pgd,0.0021955869742669165,mse,0.1286613907401102,False
daytime,201->487,1626,15,bezier_ipopt,8.20719749800628,mse,5.255503081680981e-05,False
daytime,201->487,1626,15,bezier_nm,23.793059371993877,mse,0.4539871048872648,False
daytime,202->203,1626,15,bezier_pgd,0.0028334889793768525,mse,0.011726748803327863,False
daytime,202->203,1626,15,bezier_ipopt,5.1590941500035115,mse,0.0001894390209869865,False
daytime,202->203,1626,15,bezier_nm,22.709043539012782,mse,0.26477027739360814,False
daytime,202->72,1626,15,bezier_pgd,0.002057776029687375,mse,1.3622224257435697e-05,False
daytime,202->72,1626,15,bezier_ipopt,6.557409158034716,mse,5.199738320531492e-06,False
daytime,202->72,1626,15,bezier_nm,31.832898594031576,mse,7.485467425479381e-05,False
daytime,202->80,1626,15,bezier_pgd,0.0015906919725239277,mse,2.6041358108067082e-05,False
daytime,202->80,1626,15,bezier_ipopt,5.259829306975007,mse,1.2053980030414988e-05,False
daytime,202->80,1626,15,bezier_nm,33.160779335012194,mse,0.0007455207955788048,False
daytime,203->202,1626,15,bezier_pgd,0.0033763180254027247,mse,0.016724425284534175,False
daytime,203->202,1626,15,bezier_ipopt,6.070309063012246,mse,0.0002453345040942321,False
daytime,203->202,1626,15,bezier_nm,22.262635285034776,mse,0.2697640934131703,False
daytime,203->315,1626,15,bezier_pgd,0.0025615060003474355,mse,0.00040033868482953686,False
daytime,203->315,1626,15,bezier_ipopt,5.990986198012251,mse,0.0001829245139323209,False
daytime,203->315,1626,15,bezier_nm,24.2251296750037,mse,0.07841602068731729,False
daytime,204->288,1626,15,bezier_pgd,0.0028562109800986946,mse,0.0015580076493123274,False
daytime,204->288,1626,15,bezier_ipopt,6.485054816992488,mse,0.0001431243409693327,False
daytime,204->288,1626,15,bezier_nm,24.137040661997162,mse,0.14517668983656587,False
daytime,204->472,1626,15,bezier_pgd,0.0027808070299215615,mse,0.014761554713284422,False
daytime,204->472,1626,15,bezier_ipopt,5.332868412020616,mse,0.00020062266264294162,False
daytime,204->472,1626,15,bezier_nm,23.998468019010033,mse,0.2518293075989106,False
daytime,205->206,1626,15,bezier_pgd,0.002249795012176037,mse,0.017103967310921744,False
daytime,205->206,1626,15,bezier_ipopt,6.970497913949657,mse,0.00027706024329321406,False
daytime,205->206,1626,15,bezier_nm,21.977567597990856,mse,0.2759329128352879,False
daytime,205->294,1626,15,bezier_pgd,0.0031453209812752903,mse,0.018192349883673575,False
daytime,205->294,1626,15,bezier_ipopt,5.355866722005885,mse,0.00023604891199529145,False
daytime,205->294,1626,15,bezier_nm,24.428296728001442,mse,0.25693901091691834,False
daytime,206->205,1626,15,bezier_pgd,0.003855046001262963,mse,0.0033095657786045055,False
daytime,206->205,1626,15,bezier_ipopt,6.05994498601649,mse,0.00015752493176126082,False
daytime,206->205,1626,15,bezier_nm,25.067335330997594,mse,0.17988483152026927,False
daytime,206->504,1626,15,bezier_pgd,0.0026576639502309263,mse,0.000937338015419725,False
daytime,206->504,1626,15,bezier_ipopt,6.176310393027961,mse,0.00017344911260910498,False
daytime,206->504,1626,15,bezier_nm,22.7979564339621,mse,0.16478020842177563,False
daytime,207->490,1626,15,bezier_pgd,0.0023857749765738845,mse,0.0008654187275059349,False
daytime,207->490,1626,15,bezier_ipopt,7.6631910459836945,mse,0.0002137764740519675,False
daytime,207->490,1626,15,bezier_nm,25.09920105600031,mse,0.058051651153224304,False
daytime,207->504,1626,15,bezier_pgd,0.0028981079813092947,mse,0.0004970016842019016,False
daytime,207->504,1626,15,bezier_ipopt,6.446585403988138,mse,7.21534259216709e-05,False
daytime,207->504,1626,15,bezier_nm,21.52205759397475,mse,0.16415510048944518,False
daytime,208->358,1626,15,bezier_pgd,0.004592821002006531,mse,0.013266886078630136,False
daytime,208->358,1626,15,bezier_ipopt,,mse,,True
daytime,208->358,1626,15,bezier_nm,23.604673706984613,mse,0.09868428794368113,False
daytime,208->390,1626,15,bezier_pgd,0.0023067989968694746,mse,0.0032620481465132985,False
daytime,208->390,1626,15,bezier_ipopt,,mse,,True
daytime,208->390,1626,15,bezier_nm,23.813575058011338,mse,0.09704556901299659,False
daytime,209->210,1626,15,bezier_pgd,0.0038569080061279237,mse,0.002325602553784268,False
daytime,209->210,1626,15,bezier_ipopt,,mse,,True
daytime,209->210,1626,15,bezier_nm,30.19186228601029,mse,0.22025946720918102,False
daytime,209->94,1626,15,bezier_pgd,0.003950514015741646,mse,0.05781206007951735,False
daytime,209->94,1626,15,bezier_ipopt,6.5990642190445215,mse,0.00013953990088789143,False
daytime,209->94,1626,15,bezier_nm,23.124478743993677,mse,0.29861743061454193,False
daytime,21->435,1626,15,bezier_pgd,0.003772223019041121,mse,0.016035197869568227,False
daytime,21->435,1626,15,bezier_ipopt,5.603029936959501,mse,0.000147219798274321,False
daytime,21->435,1626,15,bezier_nm,22.661432962981053,mse,0.22891421126722375,False
daytime,21->488,1626,15,bezier_pgd,0.0021078140125609934,mse,0.00264650968580863,False
daytime,21->488,1626,15,bezier_ipopt,6.0036574469995685,mse,0.0003045059180321179,False
daytime,21->488,1626,15,bezier_nm,24.667576768028084,mse,0.14285763027961199,False
daytime,21->534,1626,15,bezier_pgd,0.004144923994317651,mse,0.0020413065217618335,False
daytime,21->534,1626,15,bezier_ipopt,9.141656377993058,mse,8.802502837576366e-05,False
daytime,21->534,1626,15,bezier_nm,23.35044123599073,mse,0.17124929785986714,False
daytime,210->209,1626,15,bezier_pgd,0.0026359600014984608,mse,0.07851588078044669,False
daytime,210->209,1626,15,bezier_ipopt,,mse,,True
daytime,210->209,1626,15,bezier_nm,23.04397258302197,mse,0.31187177936267924,False
daytime,210->522,1626,15,bezier_pgd,0.002246407966595143,mse,0.02115880502855875,False
daytime,210->522,1626,15,bezier_ipopt,7.70305065298453,mse,0.00015148278912812494,False
daytime,210->522,1626,15,bezier_nm,22.870942372013815,mse,0.2902365594053947,False
daytime,211->219,1626,15,bezier_pgd,0.0024940179428085685,mse,0.025483747802821383,False
daytime,211->219,1626,15,bezier_ipopt,6.47858446103055,mse,0.00022770573501842352,False
daytime,211->219,1626,15,bezier_nm,23.015999039984308,mse,0.26053294211383954,False
daytime,211->469,1626,15,bezier_pgd,0.0027433859650045633,mse,0.002117088556155573,False
daytime,211->469,1626,15,bezier_ipopt,6.5566561840241775,mse,0.00020926688225683502,False
daytime,211->469,1626,15,bezier_nm,26.059799348993693,mse,0.16195619276213177,False
daytime,212->488,1626,15,bezier_pgd,0.0022574280155822635,mse,0.0002441686918602812,False
daytime,212->488,1626,15,bezier_ipopt,5.030704497010447,mse,0.00012684460313642262,False
daytime,212->488,1626,15,bezier_nm,26.055423603975214,mse,0.028571765749589945,False
daytime,212->535,1626,15,bezier_pgd,0.0030190630350261927,mse,0.0054104370784687945,False
daytime,212->535,1626,15,bezier_ipopt,9.175164412998129,mse,0.0002063070168128533,False
daytime,212->535,1626,15,bezier_nm,23.492217350983992,mse,0.24239670464896867,False
daytime,213->214,1626,15,bezier_pgd,0.0026202070293948054,mse,0.008043937424138916,False
daytime,213->214,1626,15,bezier_ipopt,5.777225719008129,mse,0.00011952240097698093,False
daytime,213->214,1626,15,bezier_nm,22.073071814957075,mse,0.25944209727946294,False
daytime,213->270,1626,15,bezier_pgd,0.0026210910291410983,mse,0.012884033347737954,False
daytime,213->270,1626,15,bezier_ipopt,4.594013485009782,mse,0.00037410858342037376,False
daytime,213->270,1626,15,bezier_nm,23.812455845996737,mse,0.2418846398003333,False
daytime,214->213,1626,15,bezier_pgd,0.002880059997551143,mse,0.009743104576786342,False
daytime,214->213,1626,15,bezier_ipopt,6.7066237550461665,mse,0.0001498219913196355,False
daytime,214->213,1626,15,bezier_nm,24.6695044930093,mse,0.24844645928633824,False
daytime,214->520,1626,15,bezier_pgd,0.0025459510507062078,mse,0.010251083353916914,False
daytime,214->520,1626,15,bezier_ipopt,5.893646237032954,mse,0.00021105450792656757,False
daytime,214->520,1626,15,bezier_nm,22.021905742003582,mse,0.2282931374294999,False
daytime,215->149,1626,15,bezier_pgd,0.002469238010235131,mse,0.007961210822334542,False
daytime,215->149,1626,15,bezier_ipopt,8.639267218008172,mse,0.00014046542590948066,False
daytime,215->149,1626,15,bezier_nm,25.853529001004063,mse,0.2208504381033307,False
daytime,215->236,1626,15,bezier_pgd,0.002766507037449628,mse,0.0009856527913322556,False
daytime,215->236,1626,15,bezier_ipopt,62.89655067800777,mse,0.00011118414632550764,False
daytime,215->236,1626,15,bezier_nm,23.940445565036498,mse,0.07739171904074485,False
daytime,216->106,1626,15,bezier_pgd,0.002252570993732661,mse,0.000318909091812488,False
daytime,216->106,1626,15,bezier_ipopt,6.389711087045725,mse,0.00019034809450772677,False
daytime,216->106,1626,15,bezier_nm,25.798816110996995,mse,0.0744168253756592,False
daytime,216->90,1626,15,bezier_pgd,0.001976373023353517,mse,0.06487278778846346,False
daytime,216->90,1626,15,bezier_ipopt,,mse,,True
daytime,216->90,1626,15,bezier_nm,23.65754469303647,mse,0.38359532298932875,False
daytime,217->239,1626,15,bezier_pgd,0.0019014350255019963,mse,0.28218202854041813,False
daytime,217->239,1626,15,bezier_ipopt,,mse,,True
daytime,217->239,1626,15,bezier_nm,29.521831493999343,mse,0.672766550941768,False
daytime,217->426,1626,15,bezier_pgd,0.0019967019907198846,mse,0.1971933540309553,False
daytime,217->426,1626,15,bezier_ipopt,5.1737149129621685,mse,2.9359397592318513e-05,False
daytime,217->426,1626,15,bezier_nm,23.92313336499501,mse,0.49918452165521804,False
daytime,218->479,1626,15,bezier_pgd,0.0026736250147223473,mse,0.007680055662934592,False
daytime,218->479,1626,15,bezier_ipopt,5.975857926998287,mse,0.00017646875591073496,False
daytime,218->479,1626,15,bezier_nm,23.289139347034506,mse,0.2510462179080834,False
daytime,218->489,1626,15,bezier_pgd,0.0028376419795677066,mse,0.015147925179965075,False
daytime,218->489,1626,15,bezier_ipopt,5.670486158982385,mse,0.00028871541114771027,False
daytime,218->489,1626,15,bezier_nm,24.687475557031576,mse,0.23760177934059473,False
daytime,219->211,1626,15,bezier_pgd,0.0026674590189941227,mse,0.015680245001826028,False
daytime,219->211,1626,15,bezier_ipopt,5.498384610051289,mse,0.00021197534750258285,False
daytime,219->211,1626,15,bezier_nm,23.539233896008227,mse,0.25538621565099545,False
daytime,219->491,1626,15,bezier_pgd,0.0034429480438120663,mse,0.005820719191182777,False
daytime,219->491,1626,15,bezier_ipopt,12.089902192994487,mse,0.00015453791694588015,False
daytime,219->491,1626,15,bezier_nm,25.264929585973732,mse,0.1584758410943001,False
daytime,22->364,1626,15,bezier_pgd,0.0025359250139445066,mse,0.00408811720553817,False
daytime,22->364,1626,15,bezier_ipopt,,mse,,True
daytime,22->364,1626,15,bezier_nm,26.729356686002575,mse,0.22630254315670054,False
daytime,22->437,1626,15,bezier_pgd,0.002395841001998633,mse,0.016041092971428292,False
daytime,22->437,1626,15,bezier_ipopt,,mse,,True
daytime,22->437,1626,15,bezier_nm,25.25125079904683,mse,0.25808347192944253,False
daytime,22->516,1626,15,bezier_pgd,0.003578485979232937,mse,0.13048136543604172,False
daytime,22->516,1626,15,bezier_ipopt,,mse,,True
daytime,22->516,1626,15,bezier_nm,20.95915056701051,mse,0.3882782050336195,False
daytime,220->152,1626,15,bezier_pgd,0.002800746005959809,mse,0.009445186413395468,False
daytime,220->152,1626,15,bezier_ipopt,7.94401105196448,mse,0.00014914284202211675,False
daytime,220->152,1626,15,bezier_nm,22.494295576005243,mse,0.2412222733847678,False
daytime,220->494,1626,15,bezier_pgd,0.002791106002405286,mse,0.0007263146779400056,False
daytime,220->494,1626,15,bezier_ipopt,5.573772857955191,mse,0.0001932810047193819,False
daytime,220->494,1626,15,bezier_nm,25.050952699035406,mse,0.16708862601188113,False
daytime,221->131,1626,15,bezier_pgd,0.004041147010866553,mse,0.0006611366698972376,False
daytime,221->131,1626,15,bezier_ipopt,5.749003312957939,mse,0.00015850670670380083,False
daytime,221->131,1626,15,bezier_nm,24.38904687197646,mse,0.09467065773690035,False
daytime,221->376,1626,15,bezier_pgd,0.004256149986758828,mse,0.0006497176139349813,False
daytime,221->376,1626,15,bezier_ipopt,6.4600838150363415,mse,0.00018471824987942553,False
daytime,221->376,1626,15,bezier_nm,25.64749712496996,mse,0.15008950851820457,False
daytime,222->223,1626,15,bezier_pgd,0.004433005989994854,mse,0.013441356217407953,False
daytime,222->223,1626,15,bezier_ipopt,5.2361760619678535,mse,0.00023504147319616198,False
daytime,222->223,1626,15,bezier_nm,23.234509631991386,mse,0.25114433752146414,False
daytime,222->344,1626,15,bezier_pgd,0.0017214680556207895,mse,0.00018462948579792357,False
daytime,222->344,1626,15,bezier_ipopt,6.2900863570393994,mse,0.00012039460254862377,False
daytime,222->344,1626,15,bezier_nm,33.44503501901636,mse,0.00197775181219237,False
daytime,223->222,1626,15,bezier_pgd,0.0034627150162123144,mse,0.00038050663918537484,False
daytime,223->222,1626,15,bezier_ipopt,5.6533936340129,mse,0.0001537436133911838,False
daytime,223->222,1626,15,bezier_nm,25.451708141015843,mse,0.09850163945475895,False
daytime,223->329,1626,15,bezier_pgd,0.002319185994565487,mse,0.007189252819900183,False
daytime,223->329,1626,15,bezier_ipopt,5.112016152008437,mse,0.00017250153832453513,False
daytime,223->329,1626,15,bezier_nm,24.045044632977806,mse,0.21534199873058588,False
daytime,224->252,1626,15,bezier_pgd,0.0032587439636699855,mse,0.001626125729750816,False
daytime,224->252,1626,15,bezier_ipopt,6.377111408975907,mse,0.00013961191035285307,False
daytime,224->252,1626,15,bezier_nm,23.951723859005142,mse,0.05129868801135093,False
daytime,224->451,1626,15,bezier_pgd,0.002290172968059778,mse,0.003034123754222545,False
daytime,224->451,1626,15,bezier_ipopt,7.292828076984733,mse,0.0002153949953151899,False
daytime,224->451,1626,15,bezier_nm,24.71296055498533,mse,0.16365226029016647,False
daytime,225->251,1626,15,bezier_pgd,0.0030327460262924433,mse,0.001933675576967646,False
daytime,225->251,1626,15,bezier_ipopt,6.368655879981816,mse,0.0001497194832376652,False
daytime,225->251,1626,15,bezier_nm,24.50193156802561,mse,0.11745720445141754,False
daytime,225->7,1626,15,bezier_pgd,0.002850454009603709,mse,0.007832494294814215,False
daytime,225->7,1626,15,bezier_ipopt,5.841830983001273,mse,7.505613943426652e-05,False
daytime,225->7,1626,15,bezier_nm,23.843388109002262,mse,0.2548556978210928,False
daytime,226->453,1626,15,bezier_pgd,0.004130428016651422,mse,0.010695847489648434,False
daytime,226->453,1626,15,bezier_ipopt,5.236663969990332,mse,0.0001563654413919375,False
daytime,226->453,1626,15,bezier_nm,24.4268511570408,mse,0.22973286551777033,False
daytime,226->495,1626,15,bezier_pgd,0.0027868340257555246,mse,0.00030667336495735794,False
daytime,226->495,1626,15,bezier_ipopt,7.039723026973661,mse,0.00017299792631562727,False
daytime,226->495,1626,15,bezier_nm,26.283119409985375,mse,0.0447753306245194,False
daytime,227->185,1626,15,bezier_pgd,0.002680287987459451,mse,0.0011746274136154743,False
daytime,227->185,1626,15,bezier_ipopt,6.121047241031192,mse,0.00015135863265430108,False
daytime,227->185,1626,15,bezier_nm,26.300297157955356,mse,0.12892205794037226,False
daytime,227->485,1626,15,bezier_pgd,0.002270359022077173,mse,0.0006254326539503663,False
daytime,227->485,1626,15,bezier_ipopt,6.775895508006215,mse,0.00011783146730154496,False
daytime,227->485,1626,15,bezier_nm,24.995502156962175,mse,0.09153918644506369,False
daytime,228->16,1626,15,bezier_pgd,0.0023007760173641145,mse,0.00028252247147608946,False
daytime,228->16,1626,15,bezier_ipopt,5.7892753219930455,mse,0.0001611015367384555,False
daytime,228->16,1626,15,bezier_nm,24.0004576020292,mse,0.04255589567279976,False
daytime,228->471,1626,15,bezier_pgd,0.002872771001420915,mse,0.014897719762999462,False
daytime,228->471,1626,15,bezier_ipopt,,mse,,True
daytime,228->471,1626,15,bezier_nm,23.02879255200969,mse,0.2527708676112075,False
daytime,229->230,1626,15,bezier_pgd,0.0027984679909422994,mse,0.15899163970491312,False
daytime,229->230,1626,15,bezier_ipopt,7.47333313402487,mse,6.618718927097431e-05,False
daytime,229->230,1626,15,bezier_nm,23.915772999986075,mse,0.3389295539390604,False
daytime,229->417,1626,15,bezier_pgd,0.003353009989950806,mse,0.3696659232400137,False
daytime,229->417,1626,15,bezier_ipopt,,mse,,True
daytime,229->417,1626,15,bezier_nm,29.281352017016616,mse,0.5014218912673994,False
daytime,23->15,1626,15,bezier_pgd,0.0023944469867274165,mse,0.01003487011696842,False
daytime,23->15,1626,15,bezier_ipopt,6.598110037972219,mse,8.487609710018051e-05,False
daytime,23->15,1626,15,bezier_nm,23.785974911006633,mse,0.21711610867661785,False
daytime,23->435,1626,15,bezier_pgd,0.0016873450367711484,mse,2.6011185616943093e-05,False
daytime,23->435,1626,15,bezier_ipopt,5.1545140580274165,mse,4.691753023698789e-06,False
daytime,23->435,1626,15,bezier_nm,34.48630356299691,mse,0.00028840115855017926,False
daytime,23->536,1626,15,bezier_pgd,0.0038275999831967056,mse,0.0037421558194845996,False
daytime,23->536,1626,15,bezier_ipopt,7.673145602981094,mse,9.307976399259675e-05,False
daytime,23->536,1626,15,bezier_nm,22.52526092698099,mse,0.19619451629396745,False
daytime,230->229,1626,15,bezier_pgd,0.0033344519906677306,mse,0.0009992487145931864,False
daytime,230->229,1626,15,bezier_ipopt,5.436922714987304,mse,9.865781952524416e-05,False
daytime,230->229,1626,15,bezier_nm,29.717725029971916,mse,0.22260951099537707,False
daytime,230->508,1626,15,bezier_pgd,0.00405093003064394,mse,0.009238283458159482,False
daytime,230->508,1626,15,bezier_ipopt,,mse,,True
daytime,230->508,1626,15,bezier_nm,26.955502171011176,mse,0.25205579720965465,False
daytime,231->171,1626,15,bezier_pgd,0.004806851036846638,mse,0.0051548263054174825,False
daytime,231->171,1626,15,bezier_ipopt,6.159010939998552,mse,0.00015346263911413224,False
daytime,231->171,1626,15,bezier_nm,24.808418117987458,mse,0.2145702844816773,False
daytime,231->349,1626,15,bezier_pgd,0.0025465600192546844,mse,0.0022289934959286353,False
daytime,231->349,1626,15,bezier_ipopt,6.044489160005469,mse,0.00010822149447184146,False
daytime,231->349,1626,15,bezier_nm,25.495201660960447,mse,0.17654556571608512,False
daytime,232->233,1626,15,bezier_pgd,0.00403941300464794,mse,0.01083002799520586,False
daytime,232->233,1626,15,bezier_ipopt,5.3860988799715415,mse,0.00023438288453379576,False
daytime,232->233,1626,15,bezier_nm,24.8342220520135,mse,0.2150479587367158,False
daytime,232->340,1626,15,bezier_pgd,0.0021208610269241035,mse,0.006502109261903324,False
daytime,232->340,1626,15,bezier_ipopt,5.271114170958754,mse,0.0003265892534302495,False
daytime,232->340,1626,15,bezier_nm,24.85634930100059,mse,0.1607056780267947,False
daytime,233->232,1626,15,bezier_pgd,0.002693146001547575,mse,0.010131399938535643,False
daytime,233->232,1626,15,bezier_ipopt,5.250090248999186,mse,0.0001588701310683877,False
daytime,233->232,1626,15,bezier_nm,23.99943034799071,mse,0.24565597941082307,False
daytime,233->378,1626,15,bezier_pgd,0.0025217889924533665,mse,0.00034959964417639617,False
daytime,233->378,1626,15,bezier_ipopt,4.793477369006723,mse,0.00015997617723198857,False
daytime,233->378,1626,15,bezier_nm,33.29513198003406,mse,0.003509037572242937,False
daytime,234->15,1626,15,bezier_pgd,0.0026595660019665956,mse,0.004473561106137903,False
daytime,234->15,1626,15,bezier_ipopt,,mse,,True
daytime,234->15,1626,15,bezier_nm,24.656220893957652,mse,0.1916963750690466,False
daytime,234->332,1626,15,bezier_pgd,0.00161179801216349,mse,0.06435888865016662,False
daytime,234->332,1626,15,bezier_ipopt,,mse,,True
daytime,234->332,1626,15,bezier_nm,27.168029425025452,mse,0.504484744308935,False
daytime,235->470,1626,15,bezier_pgd,0.0030861739651300013,mse,0.004151710397949705,False
daytime,235->470,1626,15,bezier_ipopt,,mse,,True
daytime,235->470,1626,15,bezier_nm,24.782307996007148,mse,0.20780188362239382,False
daytime,235->474,1626,15,bezier_pgd,0.0021250349818728864,mse,0.0005398730333201842,False
daytime,235->474,1626,15,bezier_ipopt,7.4818353580194525,mse,0.0001413283566859724,False
daytime,235->474,1626,15,bezier_nm,24.808259012992494,mse,0.044827159927267886,False
daytime,236->215,1626,15,bezier_pgd,0.00228218303527683,mse,0.012627693671654849,False
daytime,236->215,1626,15,bezier_ipopt,6.225319382036105,mse,0.00016288471552319969,False
daytime,236->215,1626,15,bezier_nm,23.388977379945572,mse,0.27934418032212177,False
daytime,236->498,1626,15,bezier_pgd,0.0017363529768772423,mse,0.00016546225593453692,False
daytime,236->498,1626,15,bezier_ipopt,78.08430170896463,mse,0.00010711889240878435,False
daytime,236->498,1626,15,bezier_nm,32.778187568008434,mse,0.0019093195915389713,False
daytime,237->238,1626,15,bezier_pgd,0.002485895005520433,mse,0.0023691990993602165,False
daytime,237->238,1626,15,bezier_ipopt,6.105472038965672,mse,0.0001017800001207081,False
daytime,237->238,1626,15,bezier_nm,24.66631874901941,mse,0.16122549699164,False
daytime,237->495,1626,15,bezier_pgd,0.0021459360141307116,mse,0.021013659995247482,False
daytime,237->495,1626,15,bezier_ipopt,5.535868222010322,mse,0.00020649869939555024,False
daytime,237->495,1626,15,bezier_nm,22.579202715016436,mse,0.2878169612114402,False
daytime,238->237,1626,15,bezier_pgd,0.001735363039188087,mse,0.000130684566263325,False
daytime,238->237,1626,15,bezier_ipopt,6.968604365014471,mse,7.901926791192716e-05,False
daytime,238->237,1626,15,bezier_nm,35.087789356999565,mse,0.0004995427981171999,False
daytime,238->456,1626,15,bezier_pgd,0.003212946990970522,mse,0.007658046375654082,False
daytime,238->456,1626,15,bezier_ipopt,,mse,,True
daytime,238->456,1626,15,bezier_nm,23.841403477010317,mse,0.23874129722707085,False
daytime,239->111,1626,15,bezier_pgd,0.0016704279696568847,mse,0.06416577705227683,False
daytime,239->111,1626,15,bezier_ipopt,,mse,,True
daytime,239->111,1626,15,bezier_nm,28.09123511100188,mse,0.4698317242208376,False
daytime,239->217,1626,15,bezier_pgd,0.002343280997592956,mse,0.2705292536891409,False
daytime,239->217,1626,15,bezier_ipopt,5.5611865280079655,mse,2.038272133049269e-05,False
daytime,239->217,1626,15,bezier_nm,20.547600844991393,mse,0.527035644410875,False
daytime,24->432,1626,15,bezier_pgd,0.002238075016066432,mse,0.018421871132022486,False
daytime,24->432,1626,15,bezier_ipopt,4.835275732970331,mse,8.643284471799816e-05,False
daytime,24->432,1626,15,bezier_nm,21.096165732014924,mse,0.23703556075600873,False
daytime,24->446,1626,15,bezier_pgd,0.0019021760090254247,mse,0.0030104614802944243,False
daytime,24->446,1626,15,bezier_ipopt,7.738532529969234,mse,8.00803167354502e-05,False
daytime,24->446,1626,15,bezier_nm,23.49751139502041,mse,0.1299387761338568,False
daytime,24->528,1626,15,bezier_pgd,0.0033787470310926437,mse,0.004362618824925118,False
daytime,24->528,1626,15,bezier_ipopt,5.655956508999225,mse,0.00021482218576332945,False
daytime,24->528,1626,15,bezier_nm,23.348067307961173,mse,0.186778371821957,False
daytime,240->165,1626,15,bezier_pgd,0.00237989699235186,mse,0.008689073578683875,False
daytime,240->165,1626,15,bezier_ipopt,6.945073875016533,mse,0.00010019967572965468,False
daytime,240->165,1626,15,bezier_nm,20.958383532997686,mse,0.2699863520940284,False
daytime,240->281,1626,15,bezier_pgd,0.002271396981086582,mse,0.006264652388362034,False
daytime,240->281,1626,15,bezier_ipopt,5.481674835958984,mse,9.384471794456565e-05,False
daytime,240->281,1626,15,bezier_nm,20.50763729895698,mse,0.20073895614356457,False
daytime,241->242,1626,15,bezier_pgd,0.002412869012914598,mse,0.19821925633615248,False
daytime,241->242,1626,15,bezier_ipopt,4.724448280991055,mse,1.3230552878610507e-05,False
daytime,241->242,1626,15,bezier_nm,19.860366479028016,mse,0.5949926513784113,False
daytime,241->51,1626,15,bezier_pgd,0.002113530004862696,mse,0.005677408934990896,False
daytime,241->51,1626,15,bezier_ipopt,6.085796769999433,mse,0.000187499298219558,False
daytime,241->51,1626,15,bezier_nm,19.78773489804007,mse,0.27164546933241096,False
daytime,242->241,1626,15,bezier_pgd,0.0021138900192454457,mse,0.04327688344594976,False
daytime,242->241,1626,15,bezier_ipopt,,mse,,True
daytime,242->241,1626,15,bezier_nm,24.608723518031184,mse,0.5146672134045311,False
daytime,242->345,1626,15,bezier_pgd,0.0027272969600744545,mse,0.004238060172029492,False
daytime,242->345,1626,15,bezier_ipopt,,mse,,True
daytime,242->345,1626,15,bezier_nm,21.5218875699793,mse,0.25503184004162993,False
daytime,243->308,1626,15,bezier_pgd,0.003302105003967881,mse,0.004980438323009424,False
daytime,243->308,1626,15,bezier_ipopt,6.551173099956941,mse,4.6435835935925764e-05,False
daytime,243->308,1626,15,bezier_nm,21.385135608026758,mse,0.09796095255430116,False
daytime,243->472,1626,15,bezier_pgd,0.0024255450116470456,mse,0.002538363093294645,False
daytime,243->472,1626,15,bezier_ipopt,,mse,,True
daytime,243->472,1626,15,bezier_nm,21.871250185999088,mse,0.23939762967904457,False
daytime,244->158,1626,15,bezier_pgd,0.00585844402667135,mse,0.0044767143587215955,False
daytime,244->158,1626,15,bezier_ipopt,,mse,,True
daytime,244->158,1626,15,bezier_nm,20.540485940000508,mse,0.23700094349875186,False
daytime,244->473,1626,15,bezier_pgd,0.002695039031095803,mse,0.0072359874849920874,False
daytime,244->473,1626,15,bezier_ipopt,10.020745160989463,mse,0.0001172918262847633,False
daytime,244->473,1626,15,bezier_nm,20.417514771979768,mse,0.2285395018235129,False
daytime,245->246,1626,15,bezier_pgd,0.002176712965592742,mse,0.007475954478074051,False
daytime,245->246,1626,15,bezier_ipopt,6.082495235023089,mse,8.111500492857301e-05,False
daytime,245->246,1626,15,bezier_nm,20.554533400048967,mse,0.2645957315550968,False
daytime,245->326,1626,15,bezier_pgd,0.002181593037676066,mse,0.047064515649885286,False
daytime,245->326,1626,15,bezier_ipopt,,mse,,True
daytime,245->326,1626,15,bezier_nm,24.896209239028394,mse,0.4653674977933019,False
daytime,246->245,1626,15,bezier_pgd,0.0023352010175585747,mse,0.0008987577811559761,False
daytime,246->245,1626,15,bezier_ipopt,4.559385114000179,mse,0.00011586703299781125,False
daytime,246->245,1626,15,bezier_nm,23.025008095952217,mse,0.11277124273779747,False
daytime,246->521,1626,15,bezier_pgd,0.0022199340164661407,mse,0.005225805557447586,False
daytime,246->521,1626,15,bezier_ipopt,6.1861429050331935,mse,0.0001709230351251341,False
daytime,246->521,1626,15,bezier_nm,22.013434331980534,mse,0.15674802819378475,False
daytime,247->451,1626,15,bezier_pgd,0.0025771569926291704,mse,0.023312997038594446,False
daytime,247->451,1626,15,bezier_ipopt,5.932254710991401,mse,0.00016679745644007467,False
daytime,247->451,1626,15,bezier_nm,20.472557136963587,mse,0.2653989211860443,False
daytime,247->478,1626,15,bezier_pgd,0.002844583010300994,mse,0.00031656150803146686,False
daytime,247->478,1626,15,bezier_ipopt,5.628592260007281,mse,0.00017207479530112816,False
daytime,247->478,1626,15,bezier_nm,31.268172471027356,mse,0.004305876988956503,False
daytime,248->249,1626,15,bezier_pgd,0.0025225330027751625,mse,0.015506732531085055,False
daytime,248->249,1626,15,bezier_ipopt,,mse,,True
daytime,248->249,1626,15,bezier_nm,20.656006277014967,mse,0.25220642169699936,False
daytime,248->460,1626,15,bezier_pgd,0.0026861539809033275,mse,0.008777240539464753,False
daytime,248->460,1626,15,bezier_ipopt,6.082270450948272,mse,9.041454139061693e-05,False
daytime,248->460,1626,15,bezier_nm,20.29002636903897,mse,0.24733563941307668,False
daytime,249->248,1626,15,bezier_pgd,0.0021301819942891598,mse,0.014550033906772617,False
daytime,249->248,1626,15,bezier_ipopt,5.661361129023135,mse,0.0001387243750064385,False
daytime,249->248,1626,15,bezier_nm,20.34947368595749,mse,0.2768198424691859,False
daytime,249->262,1626,15,bezier_pgd,0.002357587043661624,mse,0.00038277708170611057,False
daytime,249->262,1626,15,bezier_ipopt,11.735479024995584,mse,0.0001655837567965011,False
daytime,249->262,1626,15,bezier_nm,23.62798703700537,mse,0.08826856506155134,False
daytime,25->527,1626,15,bezier_pgd,0.002272907004225999,mse,0.004444879056868333,False
daytime,25->527,1626,15,bezier_ipopt,6.501772221992724,mse,7.99315114031275e-05,False
daytime,25->527,1626,15,bezier_nm,20.495872938015964,mse,0.2003601056389088,False
daytime,25->528,1626,15,bezier_pgd,0.0017923290142789483,mse,0.00871436678599522,False
daytime,25->528,1626,15,bezier_ipopt,7.534486110031139,mse,1.4107395773666136e-05,False
daytime,25->528,1626,15,bezier_nm,21.62542030401528,mse,0.10551469843436706,False
daytime,25->6,1626,15,bezier_pgd,0.0019413389964029193,mse,0.0007823114218146929,False
daytime,25->6,1626,15,bezier_ipopt,6.753609119041357,mse,8.797633092106147e-05,False
daytime,25->6,1626,15,bezier_nm,22.196573957975488,mse,0.07132609755097416,False
daytime,250->347,1626,15,bezier_pgd,0.0024699500063434243,mse,0.010363875281591403,False
daytime,250->347,1626,15,bezier_ipopt,,mse,,True
daytime,250->347,1626,15,bezier_nm,20.82556419901084,mse,0.24169570926495312,False
daytime,250->520,1626,15,bezier_pgd,0.0027637819875963032,mse,0.0010512143541493428,False
daytime,250->520,1626,15,bezier_ipopt,5.658889904036187,mse,0.00011267091043784778,False
daytime,250->520,1626,15,bezier_nm,23.089429398998618,mse,0.1502111294977863,False
daytime,251->225,1626,15,bezier_pgd,0.0024957949644885957,mse,0.0007597956252940769,False
daytime,251->225,1626,15,bezier_ipopt,7.427044313051738,mse,0.0001178542588292417,False
daytime,251->225,1626,15,bezier_nm,26.01199741999153,mse,0.0765403449638867,False
daytime,251->30,1626,15,bezier_pgd,0.002820128051098436,mse,0.00022818684839395777,False
daytime,251->30,1626,15,bezier_ipopt,7.956739295041189,mse,0.00010773172510334327,False
daytime,251->30,1626,15,bezier_nm,33.667380991973914,mse,0.0013228096853954957,False
daytime,252->224,1626,15,bezier_pgd,0.002566229028161615,mse,0.012271673135770557,False
daytime,252->224,1626,15,bezier_ipopt,11.69058215804398,mse,0.00020371636037033825,False
daytime,252->224,1626,15,bezier_nm,22.450483850960154,mse,0.2764986717388098,False
daytime,252->439,1626,15,bezier_pgd,0.0027209959807805717,mse,0.009990285596036052,False
daytime,252->439,1626,15,bezier_ipopt,5.65544773300644,mse,0.00017573726887351048,False
daytime,252->439,1626,15,bezier_nm,23.655196673003957,mse,0.2396720856685953,False
daytime,253->159,1626,15,bezier_pgd,0.00266180100152269,mse,0.006031396727417094,False
daytime,253->159,1626,15,bezier_ipopt,5.797296324977651,mse,0.00021831056105739834,False
daytime,253->159,1626,15,bezier_nm,20.619527236034628,mse,0.2105380949499779,False
daytime,253->500,1626,15,bezier_pgd,0.00243914604652673,mse,0.000516051747083791,False
daytime,253->500,1626,15,bezier_ipopt,5.290566008945461,mse,0.00016778791966770844,False
daytime,253->500,1626,15,bezier_nm,23.12087279499974,mse,0.11245246646878468,False
daytime,254->255,1626,15,bezier_pgd,0.002089520974550396,mse,0.0002972569265807532,False
daytime,254->255,1626,15,bezier_ipopt,7.1794931319891475,mse,0.00017296535779611836,False
daytime,254->255,1626,15,bezier_nm,23.096016489027534,mse,0.051690301766300004,False
daytime,254->484,1626,15,bezier_pgd,0.00211554003180936,mse,0.00041763847534060484,False
daytime,254->484,1626,15,bezier_ipopt,4.87122322601499,mse,0.00022925029260169663,False
daytime,254->484,1626,15,bezier_nm,22.033202540013008,mse,0.05901253028688096,False
daytime,255->254,1626,15,bezier_pgd,0.0023148999898694456,mse,0.003855154671763079,False
daytime,255->254,1626,15,bezier_ipopt,5.187501422013156,mse,0.0001511126444652349,False
daytime,255->254,1626,15,bezier_nm,20.419551961007528,mse,0.20433287038884937,False
daytime,255->352,1626,15,bezier_pgd,0.0025827609933912754,mse,0.015735408800888737,False
daytime,255->352,1626,15,bezier_ipopt,5.885521352000069,mse,0.00020092676589321718,False
daytime,255->352,1626,15,bezier_nm,21.194803298043553,mse,0.24450627629658248,False
daytime,256->475,1626,15,bezier_pgd,0.0037542100180871785,mse,0.013717306285548792,False
daytime,256->475,1626,15,bezier_ipopt,4.654768375970889,mse,0.0002254730812012348,False
daytime,256->475,1626,15,bezier_nm,19.794342648005113,mse,0.22825966461801034,False
daytime,256->501,1626,15,bezier_pgd,0.001927447970956564,mse,0.0014229357209704536,False
daytime,256->501,1626,15,bezier_ipopt,5.073578037961852,mse,0.0003151182349164823,False
daytime,256->501,1626,15,bezier_nm,22.781741551007144,mse,0.11420984604770726,False
daytime,257->494,1626,15,bezier_pgd,0.001846632978413254,mse,0.00024409363311968512,False
daytime,257->494,1626,15,bezier_ipopt,4.646409464010503,mse,0.00019071567170738166,False
daytime,257->494,1626,15,bezier_nm,21.550667130970396,mse,0.016273151748762652,False
daytime,257->498,1626,15,bezier_pgd,0.0021735819755122066,mse,0.00035750322328761714,False
daytime,257->498,1626,15,bezier_ipopt,5.535368543991353,mse,0.00014736174678104874,False
daytime,257->498,1626,15,bezier_nm,22.44802874600282,mse,0.054530225145494764,False
daytime,258->473,1626,15,bezier_pgd,0.0026104419957846403,mse,0.0005225620222287032,False
daytime,258->473,1626,15,bezier_ipopt,5.119124282966368,mse,0.00015677295172298475,False
daytime,258->473,1626,15,bezier_nm,21.545064285979606,mse,0.12429995337625932,False
daytime,258->474,1626,15,bezier_pgd,0.001987903960980475,mse,0.00036439420033180874,False
daytime,258->474,1626,15,bezier_ipopt,6.5422315009636804,mse,0.0001422819266541635,False
daytime,258->474,1626,15,bezier_nm,21.685973896994255,mse,0.040945174209733044,False
daytime,259->384,1626,15,bezier_pgd,0.0029461660305969417,mse,0.0006646914574719759,False
daytime,259->384,1626,15,bezier_ipopt,15.425801264995243,mse,0.000271304791307247,False
daytime,259->384,1626,15,bezier_nm,20.264092516968958,mse,0.13266380999185645,False
daytime,259->92,1626,15,bezier_pgd,0.0037251539761200547,mse,0.26948022887074946,False
daytime,259->92,1626,15,bezier_ipopt,,mse,,True
daytime,259->92,1626,15,bezier_nm,22.907627618988045,mse,0.39420313925341316,False
daytime,26->27,1626,15,bezier_pgd,0.0017651920206844807,mse,2.184188282534427e-05,False
daytime,26->27,1626,15,bezier_ipopt,4.721788346010726,mse,1.3667826560874913e-05,False
daytime,26->27,1626,15,bezier_nm,29.649431895988528,mse,0.00016293953281203613,False
daytime,26->39,1626,15,bezier_pgd,0.0018865549936890602,mse,0.00015129084708552284,False
daytime,26->39,1626,15,bezier_ipopt,6.768429615010973,mse,0.00012714064243403848,False
daytime,26->39,1626,15,bezier_nm,30.40369914897019,mse,0.0024646739984946022,False
daytime,260->261,1626,15,bezier_pgd,0.0028307850006967783,mse,0.0002900380487305252,False
daytime,260->261,1626,15,bezier_ipopt,6.13476778997574,mse,0.00013722220707136642,False
daytime,260->261,1626,15,bezier_nm,30.550750828988384,mse,0.0018454153065473576,False
daytime,260->473,1626,15,bezier_pgd,0.0023859249777160585,mse,0.009384039428578593,False
daytime,260->473,1626,15,bezier_ipopt,4.854467243014369,mse,0.00018598093268936767,False
daytime,260->473,1626,15,bezier_nm,20.394480585004203,mse,0.22380474836269212,False
daytime,261->260,1626,15,bezier_pgd,0.0022793429670855403,mse,0.00040865578713069467,False
daytime,261->260,1626,15,bezier_ipopt,5.098280726000667,mse,0.00014661775945099166,False
daytime,261->260,1626,15,bezier_nm,21.644855502003338,mse,0.12098269958483486,False
daytime,261->267,1626,15,bezier_pgd,0.002246513031423092,mse,0.01208639954792036,False
daytime,261->267,1626,15,bezier_ipopt,8.236816321033984,mse,0.00010845665374862592,False
daytime,261->267,1626,15,bezier_nm,19.833716855966486,mse,0.26430961226558275,False
daytime,262->249,1626,15,bezier_pgd,0.0026848590350709856,mse,0.0005186483731201737,False
daytime,262->249,1626,15,bezier_ipopt,6.421175233961549,mse,0.00012553912148113765,False
daytime,262->249,1626,15,bezier_nm,21.968161925964523,mse,0.13974956043977224,False
daytime,262->434,1626,15,bezier_pgd,0.0025476369773969054,mse,0.015530201817743746,False
daytime,262->434,1626,15,bezier_ipopt,5.214980001968797,mse,0.00036999794488513753,False
daytime,262->434,1626,15,bezier_nm,20.94810585101368,mse,0.2432191795704295,False
daytime,263->497,1626,15,bezier_pgd,0.0024805199936963618,mse,0.012379557754929217,False
daytime,263->497,1626,15,bezier_ipopt,5.142222401977051,mse,0.00022761478036651152,False
daytime,263->497,1626,15,bezier_nm,20.235503170988522,mse,0.23681581642979574,False
daytime,263->505,1626,15,bezier_pgd,0.0022146300179883838,mse,0.010439066653026212,False
daytime,263->505,1626,15,bezier_ipopt,6.914014526002575,mse,0.000145467521532674,False
daytime,263->505,1626,15,bezier_nm,22.040690340974834,mse,0.1905938778266398,False
daytime,264->421,1626,15,bezier_pgd,0.0030899489647708833,mse,0.001545041472946405,False
daytime,264->421,1626,15,bezier_ipopt,6.271406906016637,mse,0.00020838527395456924,False
daytime,264->421,1626,15,bezier_nm,22.76793185598217,mse,0.15468941815715917,False
daytime,264->468,1626,15,bezier_pgd,0.0022644309792667627,mse,0.0006418820707302633,False
daytime,264->468,1626,15,bezier_ipopt,6.87236491497606,mse,0.00019434639804673384,False
daytime,264->468,1626,15,bezier_nm,22.993776599003468,mse,0.10950611389934341,False
daytime,265->266,1626,15,bezier_pgd,0.0037494360003620386,mse,0.0009670618081256578,False
daytime,265->266,1626,15,bezier_ipopt,4.860827788012102,mse,0.00011680849281422438,False
daytime,265->266,1626,15,bezier_nm,22.09135994396638,mse,0.10874937111463291,False
daytime,265->440,1626,15,bezier_pgd,0.002109731954988092,mse,0.018710308534479376,False
daytime,265->440,1626,15,bezier_ipopt,6.450314340007026,mse,0.0002079899886120977,False
daytime,265->440,1626,15,bezier_nm,20.5589568259893,mse,0.27298006449723444,False
daytime,266->265,1626,15,bezier_pgd,0.002233690000139177,mse,0.0008406093784901615,False
daytime,266->265,1626,15,bezier_ipopt,6.258744104008656,mse,0.00019057895454127814,False
daytime,266->265,1626,15,bezier_nm,22.299293956020847,mse,0.10392284978080193,False
daytime,266->522,1626,15,bezier_pgd,0.0026493140030652285,mse,0.00981244294767262,False
daytime,266->522,1626,15,bezier_ipopt,4.223639948992059,mse,0.00013475979158938286,False
daytime,266->522,1626,15,bezier_nm,19.876593638036866,mse,0.2407958988921233,False
daytime,267->183,1626,15,bezier_pgd,0.001975794031750411,mse,0.02697278760425855,False
daytime,267->183,1626,15,bezier_ipopt,5.632296159979887,mse,0.00014173321199407364,False
daytime,267->183,1626,15,bezier_nm,21.91976236202754,mse,0.28870879342877814,False
daytime,267->261,1626,15,bezier_pgd,0.0022787259658798575,mse,0.0001525688334692014,False
daytime,267->261,1626,15,bezier_ipopt,,mse,,True
daytime,267->261,1626,15,bezier_nm,34.473491196054965,mse,0.0045120939804201,False
daytime,268->388,1626,15,bezier_pgd,0.0036281070206314325,mse,0.00572116988972135,False
daytime,268->388,1626,15,bezier_ipopt,6.992426113982219,mse,9.626172702530887e-05,False
daytime,268->388,1626,15,bezier_nm,22.09020270500332,mse,0.23671948411855734,False
daytime,268->494,1626,15,bezier_pgd,0.0019997149938717484,mse,0.00020575754315786552,False
daytime,268->494,1626,15,bezier_ipopt,9.548429980990477,mse,9.899798102468499e-05,False
daytime,268->494,1626,15,bezier_nm,39.245354635000695,mse,0.0017292370436010492,False
daytime,269->191,1626,15,bezier_pgd,0.002803410985507071,mse,0.00028263967762724414,False
daytime,269->191,1626,15,bezier_ipopt,7.584784407983534,mse,0.00012158430019701259,False
daytime,269->191,1626,15,bezier_nm,23.385197774972767,mse,0.05859430966950317,False
daytime,269->321,1626,15,bezier_pgd,0.0028709020116366446,mse,0.008615197954397304,False
daytime,269->321,1626,15,bezier_ipopt,4.707435289979912,mse,0.0001479769797957503,False
daytime,269->321,1626,15,bezier_nm,21.31132397300098,mse,0.25810378465694855,False
daytime,27->26,1626,15,bezier_pgd,0.0016367959906347096,mse,1.73780805865618e-05,False
daytime,27->26,1626,15,bezier_ipopt,5.03184335998958,mse,5.831154717481595e-06,False
daytime,27->26,1626,15,bezier_nm,29.39827702002367,mse,0.00017322916414590347,False
daytime,27->28,1626,15,bezier_pgd,0.0027069049538113177,mse,0.0032553103855436243,False
daytime,27->28,1626,15,bezier_ipopt,5.596761538006831,mse,9.664749408202983e-05,False
daytime,27->28,1626,15,bezier_nm,21.66085284901783,mse,0.2350425650415597,False
daytime,270->213,1626,15,bezier_pgd,0.002484650001861155,mse,0.0203977279481523,False
daytime,270->213,1626,15,bezier_ipopt,6.991169203014579,mse,0.00020468928174120342,False
daytime,270->213,1626,15,bezier_nm,21.01152160798665,mse,0.24659333247080165,False
daytime,270->444,1626,15,bezier_pgd,0.002755269000772387,mse,0.004693594165835418,False
daytime,270->444,1626,15,bezier_ipopt,5.205016210034955,mse,0.0002811442085177043,False
daytime,270->444,1626,15,bezier_nm,24.715093464998063,mse,0.17955270555072947,False
daytime,271->272,1626,15,bezier_pgd,0.0024903080193325877,mse,0.10254323290580457,False
daytime,271->272,1626,15,bezier_ipopt,4.610494018008467,mse,0.0002089276537753635,False
daytime,271->272,1626,15,bezier_nm,22.082607861957513,mse,0.33189754279247685,False
daytime,271->375,1626,15,bezier_pgd,0.002445531019475311,mse,0.4252345072311821,False
daytime,271->375,1626,15,bezier_ipopt,,mse,,True
daytime,271->375,1626,15,bezier_nm,20.288201938034035,mse,0.6589892900372786,False
daytime,272->271,1626,15,bezier_pgd,0.0023579300031997263,mse,0.038262717281263965,False
daytime,272->271,1626,15,bezier_ipopt,,mse,,True
daytime,272->271,1626,15,bezier_nm,24.191319465986453,mse,0.29374267276710825,False
daytime,272->274,1626,15,bezier_pgd,0.002874680038075894,mse,0.016613515708229106,False
daytime,272->274,1626,15,bezier_ipopt,,mse,,True
daytime,272->274,1626,15,bezier_nm,23.768647792050615,mse,0.2503992668572973,False
daytime,273->351,1626,15,bezier_pgd,0.0017557070241309702,mse,0.00021750852512030959,False
daytime,273->351,1626,15,bezier_ipopt,6.257154877996072,mse,0.0001352668513910345,False
daytime,273->351,1626,15,bezier_nm,30.11875904002227,mse,0.001518606685041687,False
daytime,273->465,1626,15,bezier_pgd,0.002156850998289883,mse,0.03945957858100795,False
daytime,273->465,1626,15,bezier_ipopt,7.399349971034098,mse,0.0001929975817153086,False
daytime,273->465,1626,15,bezier_nm,20.510790052008815,mse,0.2843784449494723,False
daytime,274->272,1626,15,bezier_pgd,0.002317503036465496,mse,0.08010412228903584,False
daytime,274->272,1626,15,bezier_ipopt,,mse,,True
daytime,274->272,1626,15,bezier_nm,21.85082972602686,mse,0.32248880753395914,False
daytime,274->441,1626,15,bezier_pgd,0.004125965991988778,mse,0.13892707061920345,False
daytime,274->441,1626,15,bezier_ipopt,6.289586736995261,mse,5.198347287907158e-05,False
daytime,274->441,1626,15,bezier_nm,20.751306628983002,mse,0.31927704432342663,False
daytime,275->173,1626,15,bezier_pgd,0.0037888349615968764,mse,0.012144962097128183,False
daytime,275->173,1626,15,bezier_ipopt,5.67961724702036,mse,3.741073072471797e-05,False
daytime,275->173,1626,15,bezier_nm,21.567493795009796,mse,0.13719639684796178,False
daytime,275->312,1626,15,bezier_pgd,0.0016179559752345085,mse,0.14341908435890696,False
daytime,275->312,1626,15,bezier_ipopt,,mse,,True
daytime,275->312,1626,15,bezier_nm,22.464829723001458,mse,0.6949974769818912,False
daytime,276->364,1626,15,bezier_pgd,0.002845866954885423,mse,0.23198442019036045,False
daytime,276->364,1626,15,bezier_ipopt,,mse,,True
daytime,276->364,1626,15,bezier_nm,19.97457169101108,mse,0.4069294287074758,False
daytime,276->76,1626,15,bezier_pgd,0.0030099480063654482,mse,0.017530647486635284,False
daytime,276->76,1626,15,bezier_ipopt,,mse,,True
daytime,276->76,1626,15,bezier_nm,22.479006831999868,mse,0.25588019254475924,False
daytime,277->278,1626,15,bezier_pgd,0.002479383023455739,mse,0.018230400023791886,False
daytime,277->278,1626,15,bezier_ipopt,6.980575204011984,mse,0.00011511612861965942,False
daytime,277->278,1626,15,bezier_nm,21.08340252400376,mse,0.24676195793942834,False
daytime,277->453,1626,15,bezier_pgd,0.0023843689705245197,mse,0.002076526919107379,False
daytime,277->453,1626,15,bezier_ipopt,7.508858670014888,mse,0.00021910015316143147,False
daytime,277->453,1626,15,bezier_nm,23.822698960022535,mse,0.1604342048661657,False
daytime,278->277,1626,15,bezier_pgd,0.002302870969288051,mse,0.0021355651076662577,False
daytime,278->277,1626,15,bezier_ipopt,6.985662317019887,mse,0.00016951445947769643,False
daytime,278->277,1626,15,bezier_nm,23.966473860957194,mse,0.14265037996034008,False
daytime,278->323,1626,15,bezier_pgd,0.0032088709995150566,mse,0.0009867257208655302,False
daytime,278->323,1626,15,bezier_ipopt,5.095887372968718,mse,0.0001727302639283412,False
daytime,278->323,1626,15,bezier_nm,25.351174854964484,mse,0.10896088993480833,False
daytime,279->169,1626,15,bezier_pgd,0.0024004210135899484,mse,0.0035432528972253515,False
daytime,279->169,1626,15,bezier_ipopt,4.7165234190179035,mse,0.00021690939095856835,False
daytime,279->169,1626,15,bezier_nm,21.51192177599296,mse,0.16642708305905837,False
daytime,279->460,1626,15,bezier_pgd,0.0026321960031054914,mse,0.009432758910266513,False
daytime,279->460,1626,15,bezier_ipopt,5.626529916014988,mse,0.0001864439162310044,False
daytime,279->460,1626,15,bezier_nm,21.245507057989016,mse,0.2512029747700629,False
daytime,28->27,1626,15,bezier_pgd,0.0015869999770075083,mse,1.4008219638294074e-05,False
daytime,28->27,1626,15,bezier_ipopt,4.400421256024856,mse,8.424434391433259e-06,False
daytime,28->27,1626,15,bezier_nm,31.72564394096844,mse,8.173808634370018e-05,False
daytime,28->29,1626,15,bezier_pgd,0.0015895050019025803,mse,1.8264640772732227e-05,False
daytime,28->29,1626,15,bezier_ipopt,8.59075605001999,mse,4.069976828062636e-06,False
daytime,28->29,1626,15,bezier_nm,31.77465369302081,mse,6.137448641481111e-05,False
daytime,280->114,1626,15,bezier_pgd,0.0023406660184264183,mse,0.011727881485703463,False
daytime,280->114,1626,15,bezier_ipopt,6.0993088250397705,mse,0.00016102205390842837,False
daytime,280->114,1626,15,bezier_nm,22.683917590009514,mse,0.23798236460604133,False
daytime,280->341,1626,15,bezier_pgd,0.0021179700270295143,mse,0.02467875091629191,False
daytime,280->341,1626,15,bezier_ipopt,5.395271643996239,mse,0.0001670355248157679,False
daytime,280->341,1626,15,bezier_nm,21.270861131022684,mse,0.2893011417752385,False
daytime,281->240,1626,15,bezier_pgd,0.002387596992775798,mse,0.00046445498768773276,False
daytime,281->240,1626,15,bezier_ipopt,6.087529777025338,mse,9.761709214493934e-05,False
daytime,281->240,1626,15,bezier_nm,25.46499008202227,mse,0.09351331239905696,False
daytime,281->282,1626,15,bezier_pgd,0.0031905699870549142,mse,0.00029428963159720736,False
daytime,281->282,1626,15,bezier_ipopt,5.3894814439699985,mse,6.028935466579465e-05,False
daytime,281->282,1626,15,bezier_nm,22.479549250972923,mse,0.045603039766328866,False
daytime,282->281,1626,15,bezier_pgd,0.0037883969489485025,mse,0.005734221852696867,False
daytime,282->281,1626,15,bezier_ipopt,5.503967418975662,mse,6.802939566157167e-05,False
daytime,282->281,1626,15,bezier_nm,22.82905042701168,mse,0.21184348545553333,False
daytime,282->495,1626,15,bezier_pgd,0.002480202994775027,mse,0.00042295795865108143,False
daytime,282->495,1626,15,bezier_ipopt,6.603622578026261,mse,0.0002478437985058381,False
daytime,282->495,1626,15,bezier_nm,23.64746617799392,mse,0.15330915719268892,False
daytime,283->381,1626,15,bezier_pgd,0.0022832960239611566,mse,0.0009383196851232077,False
daytime,283->381,1626,15,bezier_ipopt,6.7001531409914605,mse,0.0001125394214580977,False
daytime,283->381,1626,15,bezier_nm,24.927606426994316,mse,0.10666199894074192,False
daytime,283->440,1626,15,bezier_pgd,0.0029853020096197724,mse,0.008779514012853432,False
daytime,283->440,1626,15,bezier_ipopt,,mse,,True
daytime,283->440,1626,15,bezier_nm,24.363825559965335,mse,0.23671182694334916,False
daytime,284->174,1626,15,bezier_pgd,0.0023717639851383865,mse,0.0004062715800853062,False
daytime,284->174,1626,15,bezier_ipopt,6.73687445896212,mse,0.00012246546195669242,False
daytime,284->174,1626,15,bezier_nm,25.01852079096716,mse,0.055928343113277344,False
daytime,284->335,1626,15,bezier_pgd,0.0019881720072589815,mse,0.00046299991943691464,False
daytime,284->335,1626,15,bezier_ipopt,6.082295530010015,mse,0.0001892510784837341,False
daytime,284->335,1626,15,bezier_nm,23.811810122977477,mse,0.08458612308967448,False
daytime,285->168,1626,15,bezier_pgd,0.0020079530077055097,mse,0.020430305899612845,False
daytime,285->168,1626,15,bezier_ipopt,,mse,,True
daytime,285->168,1626,15,bezier_nm,21.046056938008405,mse,0.049895685266426036,False
daytime,285->440,1626,15,bezier_pgd,0.0025871960096992552,mse,0.0002917569003023535,False
daytime,285->440,1626,15,bezier_ipopt,,mse,,True
daytime,285->440,1626,15,bezier_nm,31.827828363049775,mse,0.004334878935430899,False
daytime,286->468,1626,15,bezier_pgd,0.00347222201526165,mse,0.014525598229328146,False
daytime,286->468,1626,15,bezier_ipopt,7.051294506993145,mse,0.00016707153702432147,False
daytime,286->468,1626,15,bezier_nm,21.142322444007732,mse,0.2681006920333442,False
daytime,286->490,1626,15,bezier_pgd,0.002125195984262973,mse,0.013637729452139535,False
daytime,286->490,1626,15,bezier_ipopt,7.037257262971252,mse,0.0001660258062724452,False
daytime,286->490,1626,15,bezier_nm,19.70433677895926,mse,0.2693318539082257,False
daytime,287->356,1626,15,bezier_pgd,0.002211434009950608,mse,0.0022010223625105064,False
daytime,287->356,1626,15,bezier_ipopt,6.405780597007833,mse,0.00032148379964072225,False
daytime,287->356,1626,15,bezier_nm,22.00130987598095,mse,0.13899586070159864,False
daytime,287->497,1626,15,bezier_pgd,0.002420194970909506,mse,0.004617284918542289,False
daytime,287->497,1626,15,bezier_ipopt,5.999766943976283,mse,0.00023154020823746785,False
daytime,287->497,1626,15,bezier_nm,22.168530823022593,mse,0.20044862419642617,False
daytime,288->204,1626,15,bezier_pgd,0.003948112018406391,mse,0.001291319384866802,False
daytime,288->204,1626,15,bezier_ipopt,39.6877447089646,mse,0.00013476066250751363,False
daytime,288->204,1626,15,bezier_nm,22.882732193975244,mse,0.1305389582556496,False
daytime,288->338,1626,15,bezier_pgd,0.002283592999447137,mse,0.0006566434985603045,False
daytime,288->338,1626,15,bezier_ipopt,6.310308900021482,mse,0.00010191924058481582,False
daytime,288->338,1626,15,bezier_nm,20.892880215018522,mse,0.13049190209379644,False
daytime,289->320,1626,15,bezier_pgd,0.0029440950020216405,mse,0.002243527593672226,False
daytime,289->320,1626,15,bezier_ipopt,,mse,,True
daytime,289->320,1626,15,bezier_nm,26.77218144800281,mse,0.17798189164961103,False
daytime,289->425,1626,15,bezier_pgd,0.002104401995893568,mse,0.01847111047138461,False
daytime,289->425,1626,15,bezier_ipopt,5.0190452670212835,mse,0.00010861112367622941,False
daytime,289->425,1626,15,bezier_nm,20.664514089003205,mse,0.2840801307402953,False
daytime,29->28,1626,15,bezier_pgd,0.001712782948743552,mse,1.423242212774028e-05,False
daytime,29->28,1626,15,bezier_ipopt,4.34258472698275,mse,4.065435796873531e-06,False
daytime,29->28,1626,15,bezier_nm,30.806099848006852,mse,0.00012846493147908232,False
daytime,29->30,1626,15,bezier_pgd,0.00148553098551929,mse,1.561896594558963e-05,False
daytime,29->30,1626,15,bezier_ipopt,5.300782807986252,mse,7.594388912578161e-06,False
daytime,29->30,1626,15,bezier_nm,29.726838764967397,mse,0.0002688246782653745,False
daytime,290->151,1626,15,bezier_pgd,0.002202028001192957,mse,0.04021185697795576,False
daytime,290->151,1626,15,bezier_ipopt,,mse,,True
daytime,290->151,1626,15,bezier_nm,21.365224833018146,mse,0.30233189183793147,False
daytime,290->509,1626,15,bezier_pgd,0.002705178048927337,mse,0.005788488652674858,False
daytime,290->509,1626,15,bezier_ipopt,7.91352470300626,mse,8.697761466489413e-05,False
daytime,290->509,1626,15,bezier_nm,21.029727261979133,mse,0.2470120696084111,False
daytime,291->18,1626,15,bezier_pgd,0.002155695983674377,mse,0.12633141729086456,False
daytime,291->18,1626,15,bezier_ipopt,,mse,,True
daytime,291->18,1626,15,bezier_nm,21.203973247029353,mse,0.414322809097044,False
daytime,291->292,1626,15,bezier_pgd,0.0018240920035168529,mse,0.05179004729504525,False
daytime,291->292,1626,15,bezier_ipopt,5.369404951983597,mse,3.122311981384724e-05,False
daytime,291->292,1626,15,bezier_nm,24.729063918988686,mse,0.42568510064565873,False
daytime,292->291,1626,15,bezier_pgd,0.002560803957749158,mse,0.006584426350905819,False
daytime,292->291,1626,15,bezier_ipopt,5.292480678006541,mse,0.00013743070610010397,False
daytime,292->291,1626,15,bezier_nm,21.38227119098883,mse,0.21728163160018785,False
daytime,292->397,1626,15,bezier_pgd,0.0014521909761242568,mse,1.307209930250223e-05,False
daytime,292->397,1626,15,bezier_ipopt,4.818471293023322,mse,5.5178629764066144e-06,False
daytime,292->397,1626,15,bezier_nm,33.38943992002169,mse,0.00010467222942264422,False
daytime,292->408,1626,15,bezier_pgd,0.0015528039657510817,mse,2.031311645028334e-05,False
daytime,292->408,1626,15,bezier_ipopt,3.7472702359664254,mse,1.207424810582583e-05,False
daytime,292->408,1626,15,bezier_nm,29.030585905944463,mse,0.0003268195771868139,False
daytime,293->322,1626,15,bezier_pgd,0.0020389779820106924,mse,0.023198554255678665,False
daytime,293->322,1626,15,bezier_ipopt,,mse,,True
daytime,293->322,1626,15,bezier_nm,20.892083164013457,mse,0.2887374913464385,False
daytime,293->487,1626,15,bezier_pgd,0.0024366590077988803,mse,0.004151405744099467,False
daytime,293->487,1626,15,bezier_ipopt,6.294484416022897,mse,0.00014657870602577836,False
daytime,293->487,1626,15,bezier_nm,21.887547216028906,mse,0.15670331778131652,False
daytime,294->205,1626,15,bezier_pgd,0.002847909985575825,mse,0.01332605686349695,False
daytime,294->205,1626,15,bezier_ipopt,6.381572320009582,mse,0.0002581768724298334,False
daytime,294->205,1626,15,bezier_nm,20.837369466025848,mse,0.2574392342142762,False
daytime,294->370,1626,15,bezier_pgd,0.002163139986805618,mse,0.0046058175553575975,False
daytime,294->370,1626,15,bezier_ipopt,5.009361352946144,mse,0.00018887490624002867,False
daytime,294->370,1626,15,bezier_nm,21.452684546005912,mse,0.1960423634567517,False
daytime,295->458,1626,15,bezier_pgd,0.002146932005416602,mse,0.0033456475511685173,False
daytime,295->458,1626,15,bezier_ipopt,5.968464231991675,mse,0.0002130634957067015,False
daytime,295->458,1626,15,bezier_nm,22.39910704898648,mse,0.12197510674329763,False
daytime,295->459,1626,15,bezier_pgd,0.0027099509607069194,mse,0.0006726776811666066,False
daytime,295->459,1626,15,bezier_ipopt,,mse,,True
daytime,295->459,1626,15,bezier_nm,25.107853877008893,mse,0.14590594317105546,False
daytime,296->503,1626,15,bezier_pgd,0.0022615600028075278,mse,0.008920484301628222,False
daytime,296->503,1626,15,bezier_ipopt,6.768865265999921,mse,0.000137385839324977,False
daytime,296->503,1626,15,bezier_nm,20.6379204869736,mse,0.2660783732144143,False
daytime,296->506,1626,15,bezier_pgd,0.002075613010674715,mse,0.003271833137531947,False
daytime,296->506,1626,15,bezier_ipopt,,mse,,True
daytime,296->506,1626,15,bezier_nm,24.55544781696517,mse,0.11147183943753511,False
daytime,297->114,1626,15,bezier_pgd,0.0016038970206864178,mse,1.4924000217689932e-05,False
daytime,297->114,1626,15,bezier_ipopt,3.93385529902298,mse,4.44184271159637e-06,False
daytime,297->114,1626,15,bezier_nm,29.72150324197719,mse,8.455138617474614e-05,False
daytime,297->298,1626,15,bezier_pgd,0.003459347994066775,mse,0.0012993342629615994,False
daytime,297->298,1626,15,bezier_ipopt,7.648963323037606,mse,0.00061279508271076,False
daytime,297->298,1626,15,bezier_nm,27.195745881996118,mse,0.18189857637286874,False
daytime,297->89,1626,15,bezier_pgd,0.0023309739772230387,mse,2.4433749884141363e-05,False
daytime,297->89,1626,15,bezier_ipopt,4.827260255988222,mse,5.892743349554307e-06,False
daytime,297->89,1626,15,bezier_nm,30.14819030999206,mse,0.00048302666976931364,False
daytime,298->297,1626,15,bezier_pgd,0.002259915985632688,mse,0.020081716211097753,False
daytime,298->297,1626,15,bezier_ipopt,6.4906403020140715,mse,9.288562648305712e-05,False
daytime,298->297,1626,15,bezier_nm,21.661741518008057,mse,0.2648940795390954,False
daytime,298->465,1626,15,bezier_pgd,0.0018045500037260354,mse,0.00015016300958158737,False
daytime,298->465,1626,15,bezier_ipopt,6.037475341989193,mse,8.799349095072338e-05,False
daytime,298->465,1626,15,bezier_nm,32.08707694901386,mse,0.0014543352482829395,False
daytime,299->121,1626,15,bezier_pgd,0.0032016740296967328,mse,0.025024639141108144,False
daytime,299->121,1626,15,bezier_ipopt,5.553418760013301,mse,0.00031490662747622495,False
daytime,299->121,1626,15,bezier_nm,23.013892700953875,mse,0.2735752991729925,False
daytime,299->319,1626,15,bezier_pgd,0.0025940329651348293,mse,0.000296931750832319,False
daytime,299->319,1626,15,bezier_ipopt,5.80891395395156,mse,0.00016262326922837728,False
daytime,299->319,1626,15,bezier_nm,22.481675318966154,mse,0.11357721611395305,False
daytime,30->251,1626,15,bezier_pgd,0.0019049820257350802,mse,0.0001989370566537358,False
daytime,30->251,1626,15,bezier_ipopt,5.482889100967441,mse,8.771549974670869e-05,False
daytime,30->251,1626,15,bezier_nm,30.884087125014048,mse,0.0005918192260678619,False
daytime,30->29,1626,15,bezier_pgd,0.0014935650397092104,mse,1.5941625133820694e-05,False
daytime,30->29,1626,15,bezier_ipopt,5.353816239978187,mse,5.311339653430513e-06,False
daytime,30->29,1626,15,bezier_nm,29.77734018798219,mse,0.000237079827683956,False
daytime,300->193,1626,15,bezier_pgd,0.002163659955840558,mse,0.00033575182762783846,False
daytime,300->193,1626,15,bezier_ipopt,5.343309322022833,mse,0.00022560006022402394,False
daytime,300->193,1626,15,bezier_nm,30.80175954598235,mse,0.0030458558753431613,False
daytime,300->427,1626,15,bezier_pgd,0.0021161609911359847,mse,0.0025169910006640223,False
daytime,300->427,1626,15,bezier_ipopt,6.601686175039504,mse,0.0002670880650360332,False
daytime,300->427,1626,15,bezier_nm,22.287290914042387,mse,0.15623067038829375,False
daytime,301->386,1626,15,bezier_pgd,0.0028191989986225963,mse,0.0058868742207729575,False
daytime,301->386,1626,15,bezier_ipopt,,mse,,True
daytime,301->386,1626,15,bezier_nm,23.88875671697315,mse,0.22689407511070417,False
daytime,301->405,1626,15,bezier_pgd,0.0020094839856028557,mse,0.0001430375566348895,False
daytime,301->405,1626,15,bezier_ipopt,8.030630748951808,mse,0.00010564023192243242,False
daytime,301->405,1626,15,bezier_nm,32.26240151101956,mse,0.0008589282668083495,False
daytime,302->487,1626,15,bezier_pgd,0.0037130499840714037,mse,0.0008688310935633387,False
daytime,302->487,1626,15,bezier_ipopt,7.715831918991171,mse,0.0001155525756457657,False
daytime,302->487,1626,15,bezier_nm,25.42843136296142,mse,0.08354741015851161,False
daytime,302->507,1626,15,bezier_pgd,0.002422326011583209,mse,0.003306297595046049,False
daytime,302->507,1626,15,bezier_ipopt,5.7856834920239635,mse,6.556945773093899e-05,False
daytime,302->507,1626,15,bezier_nm,23.599805780046154,mse,0.09311355833726757,False
daytime,303->499,1626,15,bezier_pgd,0.003735714009962976,mse,0.00023764789042614532,False
daytime,303->499,1626,15,bezier_ipopt,7.412429984018672,mse,9.87828438915841e-05,False
daytime,303->499,1626,15,bezier_nm,23.717408390017226,mse,0.12319715687347856,False
daytime,303->514,1626,15,bezier_pgd,0.0021633459837175906,mse,0.0007404490873565645,False
daytime,303->514,1626,15,bezier_ipopt,4.549109790998045,mse,0.00019058957185495064,False
daytime,303->514,1626,15,bezier_nm,22.540150695014745,mse,0.08191272455239997,False
daytime,304->500,1626,15,bezier_pgd,0.0021519159781746566,mse,0.015915421929558606,False
daytime,304->500,1626,15,bezier_ipopt,6.0642398099880666,mse,0.00011119612705124483,False
daytime,304->500,1626,15,bezier_nm,20.945618123048916,mse,0.2848546285345108,False
daytime,304->506,1626,15,bezier_pgd,0.0023433740134350955,mse,0.002335741333530025,False
daytime,304->506,1626,15,bezier_ipopt,6.637130159011576,mse,0.00016092376615298154,False
daytime,304->506,1626,15,bezier_nm,23.99505470803706,mse,0.1645858443903725,False
daytime,305->329,1626,15,bezier_pgd,0.0042721719946712255,mse,0.008567928844472682,False
daytime,305->329,1626,15,bezier_ipopt,5.209189757995773,mse,0.00013540327601914697,False
daytime,305->329,1626,15,bezier_nm,21.611037043039687,mse,0.22338291960592804,False
daytime,305->517,1626,15,bezier_pgd,0.0022926070378161967,mse,0.005989907876155297,False
daytime,305->517,1626,15,bezier_ipopt,4.818748875986785,mse,0.00011936397359212905,False
daytime,305->517,1626,15,bezier_nm,22.13540574698709,mse,0.2288735298366574,False
daytime,306->307,1626,15,bezier_pgd,0.0024250230053439736,mse,0.0013237360181037544,False
daytime,306->307,1626,15,bezier_ipopt,5.4769559289561585,mse,0.00017100445224789461,False
daytime,306->307,1626,15,bezier_nm,21.42926995299058,mse,0.16422374168990075,False
daytime,306->460,1626,15,bezier_pgd,0.0023107799934223294,mse,0.0010152098784323412,False
daytime,306->460,1626,15,bezier_ipopt,8.273063846048899,mse,0.00013148764919903354,False
daytime,306->460,1626,15,bezier_nm,23.32525180099765,mse,0.16182284217801524,False
daytime,307->166,1626,15,bezier_pgd,0.002793415973428637,mse,0.0068061985194990855,False
daytime,307->166,1626,15,bezier_ipopt,5.62446474400349,mse,0.00012928608960920604,False
daytime,307->166,1626,15,bezier_nm,20.69124572497094,mse,0.22747343141585158,False
daytime,307->306,1626,15,bezier_pgd,0.0024930869694799185,mse,0.0005896461742595381,False
daytime,307->306,1626,15,bezier_ipopt,4.962120469019283,mse,0.00013656196298106424,False
daytime,307->306,1626,15,bezier_nm,21.926358753989916,mse,0.1547801048556842,False
daytime,308->243,1626,15,bezier_pgd,0.0019382910104468465,mse,0.0027467977582608222,False
daytime,308->243,1626,15,bezier_ipopt,6.164250400033779,mse,8.414732928595459e-05,False
daytime,308->243,1626,15,bezier_nm,24.177097480976954,mse,0.04706080671753823,False
daytime,308->314,1626,15,bezier_pgd,0.002505532989744097,mse,0.001022960840436617,False
daytime,308->314,1626,15,bezier_ipopt,,mse,,True
daytime,308->314,1626,15,bezier_nm,23.615578628028743,mse,0.11419423956412872,False
daytime,309->463,1626,15,bezier_pgd,0.0027103560278192163,mse,0.007429474482361839,False
daytime,309->463,1626,15,bezier_ipopt,5.473618272983003,mse,0.00010009208230351148,False
daytime,309->463,1626,15,bezier_nm,21.58550915098749,mse,0.21205942531178573,False
daytime,309->500,1626,15,bezier_pgd,0.0027288070414215326,mse,0.0002871600267638539,False
daytime,309->500,1626,15,bezier_ipopt,6.813930288015399,mse,0.00011189418989934179,False
daytime,309->500,1626,15,bezier_nm,23.96021876396844,mse,0.06208718112390334,False
daytime,31->1,1626,15,bezier_pgd,0.001659958972595632,mse,2.7673247309481502e-05,False
daytime,31->1,1626,15,bezier_ipopt,10.506341145955957,mse,5.938253242440469e-06,False
daytime,31->1,1626,15,bezier_nm,29.04469767701812,mse,0.0006791171339228161,False
daytime,31->32,1626,15,bezier_pgd,0.0018174680299125612,mse,1.2210211502068212e-05,False
daytime,31->32,1626,15,bezier_ipopt,4.788501904986333,mse,3.681319335558565e-06,False
daytime,31->32,1626,15,bezier_nm,28.66893925500335,mse,0.0005113505703375725,False
daytime,310->462,1626,15,bezier_pgd,0.0026469029835425317,mse,0.0016236838781136225,False
daytime,310->462,1626,15,bezier_ipopt,7.0973599620047025,mse,0.00010485250168732476,False
daytime,310->462,1626,15,bezier_nm,22.008201549004298,mse,0.19300107714191544,False
daytime,310->476,1626,15,bezier_pgd,0.0023323839996010065,mse,0.06508529621529253,False
daytime,310->476,1626,15,bezier_ipopt,8.010399757011328,mse,0.00012738844788320322,False
daytime,310->476,1626,15,bezier_nm,22.47507865499938,mse,0.31545736212552955,False
daytime,311->119,1626,15,bezier_pgd,0.003912174026481807,mse,0.000568099108104713,False
daytime,311->119,1626,15,bezier_ipopt,9.79345752298832,mse,0.00012810788029684497,False
daytime,311->119,1626,15,bezier_nm,22.79796030104626,mse,0.1349725308054601,False
daytime,311->489,1626,15,bezier_pgd,0.0021586650400422513,mse,0.0002815554127767111,False
daytime,311->489,1626,15,bezier_ipopt,13.466440973978024,mse,0.0001704980245469645,False
daytime,311->489,1626,15,bezier_nm,23.087570359988604,mse,0.08144142410860575,False
daytime,312->275,1626,15,bezier_pgd,0.003042107040528208,mse,0.017234441805431253,False
daytime,312->275,1626,15,bezier_ipopt,,mse,,True
daytime,312->275,1626,15,bezier_nm,21.772236677992623,mse,0.36248720265056605,False
daytime,312->313,1626,15,bezier_pgd,0.0033613659907132387,mse,0.30078422154254547,False
daytime,312->313,1626,15,bezier_ipopt,5.437035385984927,mse,5.811572544676336e-05,False
daytime,312->313,1626,15,bezier_nm,22.534514439001214,mse,0.5388136866328217,False
daytime,313->312,1626,15,bezier_pgd,0.0018232209840789437,mse,0.12357680490191185,False
daytime,313->312,1626,15,bezier_ipopt,6.142006809008308,mse,2.8576231428257508e-05,False
daytime,313->312,1626,15,bezier_nm,25.18961191899143,mse,0.43011484001747446,False
daytime,313->409,1626,15,bezier_pgd,0.0021817449596710503,mse,0.11234401239615353,False
daytime,313->409,1626,15,bezier_ipopt,,mse,,True
daytime,313->409,1626,15,bezier_nm,24.46203927596798,mse,0.3863072423891407,False
daytime,314->308,1626,15,bezier_pgd,0.002787653007544577,mse,0.005758649644438073,False
daytime,314->308,1626,15,bezier_ipopt,6.395871904969681,mse,0.00011548217621273732,False
daytime,314->308,1626,15,bezier_nm,20.953490939049516,mse,0.2551540318775022,False
daytime,314->458,1626,15,bezier_pgd,0.0026901380042545497,mse,0.0007160801504563315,False
daytime,314->458,1626,15,bezier_ipopt,5.782527273986489,mse,0.00011336276695534121,False
daytime,314->458,1626,15,bezier_nm,22.078850558027625,mse,0.16841418513339138,False
daytime,315->203,1626,15,bezier_pgd,0.0023143309517763555,mse,0.0023853466221606277,False
daytime,315->203,1626,15,bezier_ipopt,6.475460268964525,mse,0.00012883397886252475,False
daytime,315->203,1626,15,bezier_nm,22.15871403098572,mse,0.1754074598831365,False
daytime,315->509,1626,15,bezier_pgd,0.002548110031057149,mse,0.00865048946778084,False
daytime,315->509,1626,15,bezier_ipopt,5.072382592014037,mse,0.00013844599660131504,False
daytime,315->509,1626,15,bezier_nm,21.73917627200717,mse,0.24678569193417899,False
daytime,316->411,1626,15,bezier_pgd,0.003052309970371425,mse,0.0004878944846923964,False
daytime,316->411,1626,15,bezier_ipopt,5.294333297002595,mse,0.00021974098371638098,False
daytime,316->411,1626,15,bezier_nm,22.327142800029833,mse,0.08395256283394673,False
daytime,316->478,1626,15,bezier_pgd,0.0023011559969745576,mse,0.028460051984402223,False
daytime,316->478,1626,15,bezier_ipopt,5.959302231029142,mse,0.00023030722929738172,False
daytime,316->478,1626,15,bezier_nm,21.979267198999878,mse,0.26414742707101463,False
daytime,317->318,1626,15,bezier_pgd,0.0017004820401780307,mse,0.00017431738063518814,False
daytime,317->318,1626,15,bezier_ipopt,,mse,,True
daytime,317->318,1626,15,bezier_nm,30.207332046004012,mse,0.003510124097648003,False
daytime,317->487,1626,15,bezier_pgd,0.002076270990073681,mse,0.0031233180718879964,False
daytime,317->487,1626,15,bezier_ipopt,6.850147639052011,mse,0.0002500718471367023,False
daytime,317->487,1626,15,bezier_nm,22.863615681009833,mse,0.1491589392033746,False
daytime,318->317,1626,15,bezier_pgd,0.001846747996751219,mse,0.00018865016252126438,False
daytime,318->317,1626,15,bezier_ipopt,4.5094004410202615,mse,0.00011044925764452374,False
daytime,318->317,1626,15,bezier_nm,31.4188510949607,mse,0.003035525837517063,False
daytime,318->336,1626,15,bezier_pgd,0.001725716982036829,mse,0.00026386243717260456,False
daytime,318->336,1626,15,bezier_ipopt,4.24246557202423,mse,0.00012336151667692949,False
daytime,318->336,1626,15,bezier_nm,31.125029883987736,mse,0.004300076078640306,False
daytime,319->299,1626,15,bezier_pgd,0.0027458510012365878,mse,0.00034720724819407373,False
daytime,319->299,1626,15,bezier_ipopt,5.447307919035666,mse,0.00015706692630295505,False
daytime,319->299,1626,15,bezier_nm,25.27306325500831,mse,0.14809124504380713,False
daytime,319->355,1626,15,bezier_pgd,0.004032169992569834,mse,0.0003015414738928432,False
daytime,319->355,1626,15,bezier_ipopt,5.207556930021383,mse,0.00010997062139418855,False
daytime,319->355,1626,15,bezier_nm,22.928635917021893,mse,0.12417511386232061,False
daytime,32->31,1626,15,bezier_pgd,0.0018269710126332939,mse,3.3344902060868864e-05,False
daytime,32->31,1626,15,bezier_ipopt,6.037487816007342,mse,1.1517683739133344e-05,False
daytime,32->31,1626,15,bezier_nm,31.44021624996094,mse,0.0007696928656330961,False
daytime,32->33,1626,15,bezier_pgd,0.0017789839766919613,mse,2.24455819956283e-05,False
daytime,32->33,1626,15,bezier_ipopt,5.066409068997018,mse,5.730579232122089e-06,False
daytime,32->33,1626,15,bezier_nm,28.400495553039946,mse,0.0004421665537144675,False
daytime,320->134,1626,15,bezier_pgd,0.0030353509937413037,mse,0.001992496416250114,False
daytime,320->134,1626,15,bezier_ipopt,34.74966238194611,mse,9.802164993151867e-05,False
daytime,320->134,1626,15,bezier_nm,23.876344877993688,mse,0.17909910223255757,False
daytime,320->289,1626,15,bezier_pgd,0.0026537799858488142,mse,0.034697080633887475,False
daytime,320->289,1626,15,bezier_ipopt,7.992485981958453,mse,0.00018952118252664444,False
daytime,320->289,1626,15,bezier_nm,23.05170754296705,mse,0.28474524098674187,False
daytime,321->269,1626,15,bezier_pgd,0.0023414669558405876,mse,0.0006525561409533731,False
daytime,321->269,1626,15,bezier_ipopt,,mse,,True
daytime,321->269,1626,15,bezier_nm,26.69592517404817,mse,0.15167984251567218,False
daytime,321->322,1626,15,bezier_pgd,0.0030705840326845646,mse,0.011807280029901711,False
daytime,321->322,1626,15,bezier_ipopt,6.582475784001872,mse,9.081767095502585e-05,False
daytime,321->322,1626,15,bezier_nm,22.205931815027725,mse,0.2620805839762345,False
daytime,322->293,1626,15,bezier_pgd,0.0025407730136066675,mse,0.008296812713608832,False
daytime,322->293,1626,15,bezier_ipopt,7.754408043983858,mse,0.00014972432650163574,False
daytime,322->293,1626,15,bezier_nm,28.063427015033085,mse,0.18500188267527623,False
daytime,322->321,1626,15,bezier_pgd,0.0022161909728311002,mse,0.00031913458461551317,False
daytime,322->321,1626,15,bezier_ipopt,6.83730801101774,mse,0.0001276276144238518,False
daytime,322->321,1626,15,bezier_nm,24.41400521196192,mse,0.027583174537055676,False
daytime,323->278,1626,15,bezier_pgd,0.0027020449633710086,mse,0.01604877770379671,False
daytime,323->278,1626,15,bezier_ipopt,7.033957351988647,mse,0.00016850864665597483,False
daytime,323->278,1626,15,bezier_nm,22.16976242000237,mse,0.25359715170735736,False
daytime,323->324,1626,15,bezier_pgd,0.0026882250094786286,mse,0.00419918342247085,False
daytime,323->324,1626,15,bezier_ipopt,5.644868225965183,mse,0.00021425871828481283,False
daytime,323->324,1626,15,bezier_nm,23.514297496993095,mse,0.19109778492605645,False
daytime,324->323,1626,15,bezier_pgd,0.002970262023154646,mse,0.02046953955177886,False
daytime,324->323,1626,15,bezier_ipopt,5.274321498000063,mse,0.00024295920242071873,False
daytime,324->323,1626,15,bezier_nm,23.079877927026246,mse,0.27080240311969994,False
daytime,324->455,1626,15,bezier_pgd,0.0029101769905537367,mse,0.011629606904496307,False
daytime,324->455,1626,15,bezier_ipopt,8.101255666057114,mse,0.00016148303443263692,False
daytime,324->455,1626,15,bezier_nm,22.65538414695766,mse,0.25269633630203886,False
daytime,325->377,1626,15,bezier_pgd,0.0026462950045242906,mse,0.011747837734288512,False
daytime,325->377,1626,15,bezier_ipopt,5.727640545053873,mse,0.00017864002002210446,False
daytime,325->377,1626,15,bezier_nm,22.42036911001196,mse,0.23994045637198685,False
daytime,325->385,1626,15,bezier_pgd,0.00541258801240474,mse,0.001407634100668919,False
daytime,325->385,1626,15,bezier_ipopt,,mse,,True
daytime,325->385,1626,15,bezier_nm,25.43473423999967,mse,0.1072958690970876,False
daytime,326->18,1626,15,bezier_pgd,0.002459963026922196,mse,0.08670887256945614,False
daytime,326->18,1626,15,bezier_ipopt,,mse,,True
daytime,326->18,1626,15,bezier_nm,23.78716844500741,mse,0.3839272444120266,False
daytime,326->245,1626,15,bezier_pgd,0.0027029510238207877,mse,0.016825414133916507,False
daytime,326->245,1626,15,bezier_ipopt,6.620931930025108,mse,2.491606525456744e-07,False
daytime,326->245,1626,15,bezier_nm,23.041675968037453,mse,0.33629945130946703,False
daytime,327->328,1626,15,bezier_pgd,0.00251712097087875,mse,0.0008138694386207167,False
daytime,327->328,1626,15,bezier_ipopt,5.457671539974399,mse,9.348376114415889e-05,False
daytime,327->328,1626,15,bezier_nm,23.64540992700495,mse,0.13875067290634197,False
daytime,327->447,1626,15,bezier_pgd,0.0026938950177282095,mse,0.0004171857329799809,False
daytime,327->447,1626,15,bezier_ipopt,4.474366309994366,mse,0.0001346144844369534,False
daytime,327->447,1626,15,bezier_nm,24.061960074992385,mse,0.11055339320739083,False
daytime,328->196,1626,15,bezier_pgd,0.002245465002488345,mse,0.00027128219345385837,False
daytime,328->196,1626,15,bezier_ipopt,5.949575147009455,mse,0.00012871048391441712,False
daytime,328->196,1626,15,bezier_nm,23.03841416403884,mse,0.05021256575455115,False
daytime,328->327,1626,15,bezier_pgd,0.0020344649674370885,mse,0.00569942123059821,False
daytime,328->327,1626,15,bezier_ipopt,5.116562987968791,mse,0.00011143982259285845,False
daytime,328->327,1626,15,bezier_nm,22.28007976996014,mse,0.19343307957349257,False
daytime,329->223,1626,15,bezier_pgd,0.0024838789831846952,mse,0.012299822004886614,False
daytime,329->223,1626,15,bezier_ipopt,6.597997903008945,mse,0.00026747188855516746,False
daytime,329->223,1626,15,bezier_nm,23.271532454993576,mse,0.22680936872239527,False
daytime,329->305,1626,15,bezier_pgd,0.0026933070039376616,mse,0.013219507156167305,False
daytime,329->305,1626,15,bezier_ipopt,5.573206920991652,mse,0.00021003228081811068,False
daytime,329->305,1626,15,bezier_nm,22.339016684971284,mse,0.2504362800282153,False
daytime,33->32,1626,15,bezier_pgd,0.0015976710128597915,mse,2.9481377044935334e-05,False
daytime,33->32,1626,15,bezier_ipopt,6.175372805970255,mse,8.40583991986464e-06,False
daytime,33->32,1626,15,bezier_nm,28.17388908099383,mse,0.00041509309362953615,False
daytime,33->34,1626,15,bezier_pgd,0.0014956900267861784,mse,2.5639061744790392e-05,False
daytime,33->34,1626,15,bezier_ipopt,4.535847141989507,mse,6.9168725599515355e-06,False
daytime,33->34,1626,15,bezier_nm,29.598203197994735,mse,0.0006595675179717062,False
daytime,330->358,1626,15,bezier_pgd,0.0024380849790759385,mse,0.0004487905261269689,False
daytime,330->358,1626,15,bezier_ipopt,12.56746991199907,mse,0.0002931512080375934,False
daytime,330->358,1626,15,bezier_nm,21.718239175970666,mse,0.047734628475547644,False
daytime,330->423,1626,15,bezier_pgd,0.0018879150156863034,mse,0.008643842078811205,False
daytime,330->423,1626,15,bezier_ipopt,,mse,,True
daytime,330->423,1626,15,bezier_nm,22.748134268971626,mse,0.07405438955826799,False
daytime,331->425,1626,15,bezier_pgd,0.002149824984371662,mse,0.025231192625122176,False
daytime,331->425,1626,15,bezier_ipopt,5.421979712962639,mse,0.00011360592402128861,False
daytime,331->425,1626,15,bezier_nm,20.97412189102033,mse,0.2829695655161866,False
daytime,331->466,1626,15,bezier_pgd,0.0022464959765784442,mse,0.00046309794216142493,False
daytime,331->466,1626,15,bezier_ipopt,5.297911825007759,mse,0.00015233061666351525,False
daytime,331->466,1626,15,bezier_nm,22.700137957988773,mse,0.09859116043382515,False
daytime,332->234,1626,15,bezier_pgd,0.002547484007664025,mse,0.010731580985413332,False
daytime,332->234,1626,15,bezier_ipopt,,mse,,True
daytime,332->234,1626,15,bezier_nm,22.98934939102037,mse,0.22807904114117375,False
daytime,332->441,1626,15,bezier_pgd,0.0024609760148450732,mse,0.22547818516808849,False
daytime,332->441,1626,15,bezier_ipopt,,mse,,True
daytime,332->441,1626,15,bezier_nm,22.120544956007507,mse,0.44212916168275346,False
daytime,333->176,1626,15,bezier_pgd,0.002116242016199976,mse,0.004677931936707542,False
daytime,333->176,1626,15,bezier_ipopt,4.540292538993526,mse,0.00030283264092901397,False
daytime,333->176,1626,15,bezier_nm,21.34069051599363,mse,0.14683277068407108,False
daytime,333->367,1626,15,bezier_pgd,0.0035655879764817655,mse,0.0009888893599262183,False
daytime,333->367,1626,15,bezier_ipopt,5.738259463047143,mse,0.00026579538171451057,False
daytime,333->367,1626,15,bezier_nm,23.706348434032407,mse,0.08807789608800196,False
daytime,334->385,1626,15,bezier_pgd,0.002239016001112759,mse,0.010633092615664254,False
daytime,334->385,1626,15,bezier_ipopt,5.578438104013912,mse,0.00022029671919784346,False
daytime,334->385,1626,15,bezier_nm,21.081115244014654,mse,0.2688734106630703,False
daytime,334->421,1626,15,bezier_pgd,0.002199881011620164,mse,0.000597050160732911,False
daytime,334->421,1626,15,bezier_ipopt,5.172966021986213,mse,0.0001648125281553392,False
daytime,334->421,1626,15,bezier_nm,23.829843770014122,mse,0.08409533994836785,False
daytime,335->284,1626,15,bezier_pgd,0.002136285009328276,mse,0.0007545239591375623,False
daytime,335->284,1626,15,bezier_ipopt,6.2319289480219595,mse,0.0001803289240652721,False
daytime,335->284,1626,15,bezier_nm,23.337559350009542,mse,0.06751616505728786,False
daytime,335->386,1626,15,bezier_pgd,0.0027560609742067754,mse,0.005768047594857697,False
daytime,335->386,1626,15,bezier_ipopt,5.609290185966529,mse,0.00018130419339003508,False
daytime,335->386,1626,15,bezier_nm,20.344698353030253,mse,0.23353289172261832,False
daytime,336->318,1626,15,bezier_pgd,0.0024997699656523764,mse,0.0003051680083259279,False
daytime,336->318,1626,15,bezier_ipopt,,mse,,True
daytime,336->318,1626,15,bezier_nm,23.826148241991177,mse,0.0976766052279099,False
daytime,336->466,1626,15,bezier_pgd,0.003261938050854951,mse,0.0035079715736051455,False
daytime,336->466,1626,15,bezier_ipopt,6.453882813977543,mse,0.00022216269962528425,False
daytime,336->466,1626,15,bezier_nm,23.607006626960356,mse,0.14066385191412592,False
daytime,337->448,1626,15,bezier_pgd,0.0022439549793489277,mse,0.024268071398044516,False
daytime,337->448,1626,15,bezier_ipopt,6.391408554976806,mse,0.00010713093453891302,False
daytime,337->448,1626,15,bezier_nm,22.571773748961277,mse,0.27247400067306377,False
daytime,337->467,1626,15,bezier_pgd,0.0022688069730065763,mse,0.013219487162743869,False
daytime,337->467,1626,15,bezier_ipopt,,mse,,True
daytime,337->467,1626,15,bezier_nm,20.129646552959457,mse,0.2584918342628903,False
daytime,338->288,1626,15,bezier_pgd,0.003991857985965908,mse,0.00674886280366603,False
daytime,338->288,1626,15,bezier_ipopt,6.405110140971374,mse,0.00014447115912812481,False
daytime,338->288,1626,15,bezier_nm,21.568456268985756,mse,0.22746487048473055,False
daytime,338->489,1626,15,bezier_pgd,0.0023572579957544804,mse,0.007376577987825618,False
daytime,338->489,1626,15,bezier_ipopt,7.289467822003644,mse,0.0001361828144802715,False
daytime,338->489,1626,15,bezier_nm,23.925089635013137,mse,0.21070114827507966,False
daytime,339->466,1626,15,bezier_pgd,0.0022004449856467545,mse,0.0003237794344587582,False
daytime,339->466,1626,15,bezier_ipopt,6.363858156022616,mse,0.00013275362332899996,False
daytime,339->466,1626,15,bezier_nm,22.240521103027277,mse,0.07927072542618596,False
daytime,339->467,1626,15,bezier_pgd,0.002832999045494944,mse,0.00022218589477306861,False
daytime,339->467,1626,15,bezier_ipopt,6.542575963016134,mse,0.00014858734432730375,False
daytime,339->467,1626,15,bezier_nm,30.486546505999286,mse,0.0036067124715118432,False
daytime,34->33,1626,15,bezier_pgd,0.0014891040045768023,mse,1.414575251587263e-05,False
daytime,34->33,1626,15,bezier_ipopt,4.992435532039963,mse,5.519946834656613e-06,False
daytime,34->33,1626,15,bezier_nm,29.186018453037832,mse,0.000493726088939394,False
daytime,34->35,1626,15,bezier_pgd,0.0018338210065849125,mse,1.7358921846558946e-05,False
daytime,34->35,1626,15,bezier_ipopt,5.3024979790207,mse,4.74388879766394e-06,False
daytime,34->35,1626,15,bezier_nm,30.51192204502877,mse,0.0006467334818331244,False
daytime,340->197,1626,15,bezier_pgd,0.0026272579561918974,mse,0.014779492966600308,False
daytime,340->197,1626,15,bezier_ipopt,5.692480797006283,mse,0.00021048380771625762,False
daytime,340->197,1626,15,bezier_nm,21.28707432700321,mse,0.2708170467512438,False
daytime,340->232,1626,15,bezier_pgd,0.0021527520148083568,mse,0.007003792667370755,False
daytime,340->232,1626,15,bezier_ipopt,5.433825707004871,mse,0.0003241830241676055,False
daytime,340->232,1626,15,bezier_nm,21.465576243994292,mse,0.18471438126482997,False
daytime,341->109,1626,15,bezier_pgd,0.002194799017161131,mse,0.0004555226766280132,False
daytime,341->109,1626,15,bezier_ipopt,,mse,,True
daytime,341->109,1626,15,bezier_nm,28.973302704980597,mse,0.006589949606389911,False
daytime,341->280,1626,15,bezier_pgd,0.0022970529971644282,mse,0.006441410951999557,False
daytime,341->280,1626,15,bezier_ipopt,79.66530881501967,mse,0.00035739498584120985,False
daytime,341->280,1626,15,bezier_nm,20.96682873700047,mse,0.25990231583760975,False
daytime,342->464,1626,15,bezier_pgd,0.0026596650131978095,mse,0.01347182445203609,False
daytime,342->464,1626,15,bezier_ipopt,4.368231965985615,mse,0.0001535525013773147,False
daytime,342->464,1626,15,bezier_nm,21.68629666598281,mse,0.2658778229608917,False
daytime,342->514,1626,15,bezier_pgd,0.0023611129727214575,mse,0.0041733514747717216,False
daytime,342->514,1626,15,bezier_ipopt,5.326653269992676,mse,0.00020806066640737924,False
daytime,342->514,1626,15,bezier_nm,24.384763330977876,mse,0.1631284898984536,False
daytime,343->126,1626,15,bezier_pgd,0.002528976008761674,mse,0.0006824512590200669,False
daytime,343->126,1626,15,bezier_ipopt,7.576987729000393,mse,0.00014540267722140484,False
daytime,343->126,1626,15,bezier_nm,21.86046328500379,mse,0.07113976672150558,False
daytime,343->504,1626,15,bezier_pgd,0.002380441001150757,mse,0.0012862543473562912,False
daytime,343->504,1626,15,bezier_ipopt,6.509419529989827,mse,0.00015120600692384496,False
daytime,343->504,1626,15,bezier_nm,24.633367709000595,mse,0.08421252057176774,False
daytime,344->222,1626,15,bezier_pgd,0.00262285303324461,mse,0.009613194052937545,False
daytime,344->222,1626,15,bezier_ipopt,,mse,,True
daytime,344->222,1626,15,bezier_nm,21.854228080017492,mse,0.26305451677609615,False
daytime,344->522,1626,15,bezier_pgd,0.0021445680176839232,mse,0.042198286414495266,False
daytime,344->522,1626,15,bezier_ipopt,5.765145289013162,mse,0.0001554696459477907,False
daytime,344->522,1626,15,bezier_nm,20.70604091597488,mse,0.2965008784893042,False
daytime,345->110,1626,15,bezier_pgd,0.0018266860279254615,mse,1.5411751073243633e-05,False
daytime,345->110,1626,15,bezier_ipopt,5.4298719560028985,mse,5.462226282531695e-06,False
daytime,345->110,1626,15,bezier_nm,30.083894715004135,mse,0.0005475957862363495,False
daytime,345->242,1626,15,bezier_pgd,0.002440289012156427,mse,0.00026373666417931055,False
daytime,345->242,1626,15,bezier_ipopt,5.436908759991638,mse,9.523020186372887e-05,False
daytime,345->242,1626,15,bezier_nm,31.78474253398599,mse,0.002501614595726042,False
daytime,346->433,1626,15,bezier_pgd,0.002263487025629729,mse,0.006363931342444564,False
daytime,346->433,1626,15,bezier_ipopt,,mse,,True
daytime,346->433,1626,15,bezier_nm,21.139651548990514,mse,0.26388164379105244,False
daytime,346->468,1626,15,bezier_pgd,0.002040783001575619,mse,0.022620548521414503,False
daytime,346->468,1626,15,bezier_ipopt,,mse,,True
daytime,346->468,1626,15,bezier_nm,20.75907971902052,mse,0.2886056446163754,False
daytime,347->250,1626,15,bezier_pgd,0.0019822230096906424,mse,0.019248924285118187,False
daytime,347->250,1626,15,bezier_ipopt,,mse,,True
daytime,347->250,1626,15,bezier_nm,20.748746629978996,mse,0.30180007929893604,False
daytime,347->456,1626,15,bezier_pgd,0.0027646090020425618,mse,0.0003860313862366388,False
daytime,347->456,1626,15,bezier_ipopt,8.060305360995699,mse,7.44594521488396e-05,False
daytime,347->456,1626,15,bezier_nm,20.035627158998977,mse,0.16604963896558464,False
daytime,348->122,1626,15,bezier_pgd,0.0017300370382145047,mse,0.00025685499582365215,False
daytime,348->122,1626,15,bezier_ipopt,6.017057083954569,mse,0.00018644191428638008,False
daytime,348->122,1626,15,bezier_nm,30.756667289999314,mse,0.0028937577822475084,False
daytime,348->170,1626,15,bezier_pgd,0.002309862000402063,mse,0.0003135996830532033,False
daytime,348->170,1626,15,bezier_ipopt,7.91347459302051,mse,0.00015515177465086797,False
daytime,348->170,1626,15,bezier_nm,23.199692266003694,mse,0.10795869278828817,False
daytime,349->231,1626,15,bezier_pgd,0.0026262709870934486,mse,0.006075611439111289,False
daytime,349->231,1626,15,bezier_ipopt,,mse,,True
daytime,349->231,1626,15,bezier_nm,25.43735803500749,mse,0.23474357101601598,False
daytime,349->467,1626,15,bezier_pgd,0.002221518021542579,mse,0.00022694106609518673,False
daytime,349->467,1626,15,bezier_ipopt,,mse,,True
daytime,349->467,1626,15,bezier_nm,28.960895481985062,mse,0.0019094379125311782,False
daytime,35->34,1626,15,bezier_pgd,0.0017285299836657941,mse,2.4851244696495413e-05,False
daytime,35->34,1626,15,bezier_ipopt,4.638604317966383,mse,5.401264596369598e-06,False
daytime,35->34,1626,15,bezier_nm,30.949510928010568,mse,0.0008816953414141984,False
daytime,35->397,1626,15,bezier_pgd,0.0015173130086623132,mse,1.0300265738455774e-05,False
daytime,35->397,1626,15,bezier_ipopt,4.129399920988362,mse,4.9729954934986366e-06,False
daytime,35->397,1626,15,bezier_nm,32.07482980802888,mse,7.136000707568663e-05,False
daytime,350->481,1626,15,bezier_pgd,0.002517426968552172,mse,0.001120356740831284,False
daytime,350->481,1626,15,bezier_ipopt,4.738465183007065,mse,0.00010435308146364924,False
daytime,350->481,1626,15,bezier_nm,21.560592297988478,mse,0.17054975692742677,False
daytime,350->517,1626,15,bezier_pgd,0.0018290079897269607,mse,0.00022200101657499473,False
daytime,350->517,1626,15,bezier_ipopt,7.747440362989437,mse,0.00011964860804292964,False
daytime,350->517,1626,15,bezier_nm,33.28816304996144,mse,0.002142388417108917,False
daytime,351->273,1626,15,bezier_pgd,0.006637163984123617,mse,0.008420272646158567,False
daytime,351->273,1626,15,bezier_ipopt,4.262423522013705,mse,0.0002366409095673485,False
daytime,351->273,1626,15,bezier_nm,20.556986511975992,mse,0.24810426712650344,False
daytime,351->377,1626,15,bezier_pgd,0.001774782023858279,mse,0.0001969538832400755,False
daytime,351->377,1626,15,bezier_ipopt,6.981927682994865,mse,0.00013244831174787414,False
daytime,351->377,1626,15,bezier_nm,29.883838980982546,mse,0.000630236241048586,False
daytime,352->255,1626,15,bezier_pgd,0.002429782005492598,mse,0.003505755694099144,False
daytime,352->255,1626,15,bezier_ipopt,5.038143181998748,mse,0.00013315577068889194,False
daytime,352->255,1626,15,bezier_nm,22.105452204996254,mse,0.16187216419098205,False
daytime,352->444,1626,15,bezier_pgd,0.0023051640018820763,mse,0.013934479704463036,False
daytime,352->444,1626,15,bezier_ipopt,5.206141445960384,mse,0.00022525592764458473,False
daytime,352->444,1626,15,bezier_nm,21.024142829992343,mse,0.23008534554635532,False
daytime,353->115,1626,15,bezier_pgd,0.0026227349881082773,mse,0.0005397723103057449,False
daytime,353->115,1626,15,bezier_ipopt,,mse,,True
daytime,353->115,1626,15,bezier_nm,26.478690143034328,mse,0.13167972494355043,False
daytime,353->369,1626,15,bezier_pgd,0.00247845402918756,mse,0.00045696611365926565,False
daytime,353->369,1626,15,bezier_ipopt,5.485787311044987,mse,0.00012423665236908714,False
daytime,353->369,1626,15,bezier_nm,21.774845768988598,mse,0.1513984176791108,False
daytime,354->410,1626,15,bezier_pgd,0.0030973569955676794,mse,0.003936654817438827,False
daytime,354->410,1626,15,bezier_ipopt,5.586017306020949,mse,0.00012613352688834733,False
daytime,354->410,1626,15,bezier_nm,22.622936850995757,mse,0.223188832176642,False
daytime,354->522,1626,15,bezier_pgd,0.0027024400187656283,mse,0.0021204488970441747,False
daytime,354->522,1626,15,bezier_ipopt,5.28620261704782,mse,0.0001719577328978611,False
daytime,354->522,1626,15,bezier_nm,20.464016091951635,mse,0.22371913480217137,False
daytime,355->319,1626,15,bezier_pgd,0.0025989419664256275,mse,0.0006246867094872559,False
daytime,355->319,1626,15,bezier_ipopt,8.19009481696412,mse,0.000114335886770916,False
daytime,355->319,1626,15,bezier_nm,23.075040220981464,mse,0.1511321346411006,False
daytime,355->396,1626,15,bezier_pgd,0.003540484991390258,mse,0.01744685821998563,False
daytime,355->396,1626,15,bezier_ipopt,6.738528429006692,mse,0.00011201280283240869,False
daytime,355->396,1626,15,bezier_nm,19.59064672299428,mse,0.27713158156416007,False
daytime,356->287,1626,15,bezier_pgd,0.002201789990067482,mse,0.0077985208196856524,False
daytime,356->287,1626,15,bezier_ipopt,7.178489195997827,mse,0.00028074123137837527,False
daytime,356->287,1626,15,bezier_nm,24.14445634902222,mse,0.17758941405353157,False
daytime,356->373,1626,15,bezier_pgd,0.002290975011419505,mse,0.007724735997685139,False
daytime,356->373,1626,15,bezier_ipopt,6.91001846495783,mse,0.00019613217499314466,False
daytime,356->373,1626,15,bezier_nm,21.69866042904323,mse,0.20875304469168454,False
daytime,357->128,1626,15,bezier_pgd,0.003708908974658698,mse,0.0106643342911106,False
daytime,357->128,1626,15,bezier_ipopt,5.613376239023637,mse,4.096016027998886e-05,False
daytime,357->128,1626,15,bezier_nm,22.883556421962567,mse,0.14117706590916468,False
daytime,357->454,1626,15,bezier_pgd,0.0023448730353266,mse,0.0006522516731659148,False
daytime,357->454,1626,15,bezier_ipopt,5.752505961980205,mse,6.621620403180991e-05,False
daytime,357->454,1626,15,bezier_nm,21.94718566397205,mse,0.11881674695031726,False
daytime,358->208,1626,15,bezier_pgd,0.0032378180185332894,mse,0.0012592472394852448,False
daytime,358->208,1626,15,bezier_ipopt,,mse,,True
daytime,358->208,1626,15,bezier_nm,20.974724834028166,mse,0.09792202771019834,False
daytime,358->330,1626,15,bezier_pgd,0.002036678954027593,mse,0.03817932904669785,False
daytime,358->330,1626,15,bezier_ipopt,,mse,,True
daytime,358->330,1626,15,bezier_nm,22.59239454998169,mse,0.13525552502788069,False
daytime,359->463,1626,15,bezier_pgd,0.0028017209842801094,mse,0.010442068939368093,False
daytime,359->463,1626,15,bezier_ipopt,6.82560962298885,mse,0.0001063217363567764,False
daytime,359->463,1626,15,bezier_nm,19.938954289013054,mse,0.23774173940680005,False
daytime,359->480,1626,15,bezier_pgd,0.0023663060273975134,mse,0.00027954363192757216,False
daytime,359->480,1626,15,bezier_ipopt,6.958750333986245,mse,0.0001294844886470254,False
daytime,359->480,1626,15,bezier_nm,25.301117724971846,mse,0.10519499846682005,False
daytime,36->37,1626,15,bezier_pgd,0.002357804973144084,mse,1.7683556736770905e-05,False
daytime,36->37,1626,15,bezier_ipopt,6.917328489013016,mse,6.448836796757671e-06,False
daytime,36->37,1626,15,bezier_nm,29.253759935032576,mse,0.00043069261530429096,False
daytime,36->408,1626,15,bezier_pgd,0.001474210002925247,mse,2.1430272239695237e-05,False
daytime,36->408,1626,15,bezier_ipopt,5.775689850968774,mse,7.896466244233051e-06,False
daytime,36->408,1626,15,bezier_nm,30.791763657005504,mse,0.0005153917422784214,False
daytime,360->405,1626,15,bezier_pgd,0.002047287009190768,mse,0.01087075154216651,False
daytime,360->405,1626,15,bezier_ipopt,7.128466670983471,mse,7.764614190541904e-05,False
daytime,360->405,1626,15,bezier_nm,20.19128826202359,mse,0.266798500715413,False
daytime,360->499,1626,15,bezier_pgd,0.0027576229767873883,mse,0.0012834068341408885,False
daytime,360->499,1626,15,bezier_ipopt,6.022374059015419,mse,0.00012166174899820487,False
daytime,360->499,1626,15,bezier_nm,21.798826582031325,mse,0.1795738643652669,False
daytime,361->389,1626,15,bezier_pgd,0.002407412976026535,mse,0.002018195440896803,False
daytime,361->389,1626,15,bezier_ipopt,5.52723954297835,mse,0.00016565966481164526,False
daytime,361->389,1626,15,bezier_nm,22.67853513598675,mse,0.1578166713627386,False
daytime,361->411,1626,15,bezier_pgd,0.002457902010064572,mse,0.015173903466919776,False
daytime,361->411,1626,15,bezier_ipopt,4.51757100695977,mse,0.0002067788145138842,False
daytime,361->411,1626,15,bezier_nm,21.812978747999296,mse,0.26132510057100955,False
daytime,362->465,1626,15,bezier_pgd,0.0025909229880198836,mse,0.008373221173157174,False
daytime,362->465,1626,15,bezier_ipopt,,mse,,True
daytime,362->465,1626,15,bezier_nm,20.470343334949575,mse,0.24796146260442306,False
daytime,362->499,1626,15,bezier_pgd,0.0018659490160644054,mse,0.0002266247541492506,False
daytime,362->499,1626,15,bezier_ipopt,6.204611697990913,mse,0.00010859892318647248,False
daytime,362->499,1626,15,bezier_nm,28.595080486964434,mse,0.0019094211539370015,False
daytime,363->486,1626,15,bezier_pgd,0.002413723967038095,mse,0.016945062381051746,False
daytime,363->486,1626,15,bezier_ipopt,6.210534232959617,mse,0.00017284953513193772,False
daytime,363->486,1626,15,bezier_nm,20.15585442801239,mse,0.24655700766845695,False
daytime,363->512,1626,15,bezier_pgd,0.0024451320059597492,mse,0.005604149942273836,False
daytime,363->512,1626,15,bezier_ipopt,,mse,,True
daytime,363->512,1626,15,bezier_nm,21.09324968297733,mse,0.22130370576428757,False
daytime,364->22,1626,15,bezier_pgd,0.003508187015540898,mse,0.13048136543604175,False
daytime,364->22,1626,15,bezier_ipopt,,mse,,True
daytime,364->22,1626,15,bezier_nm,19.94896074105054,mse,0.3890249229652853,False
daytime,364->276,1626,15,bezier_pgd,0.0023628119961358607,mse,0.18174955996995326,False
daytime,364->276,1626,15,bezier_ipopt,,mse,,True
daytime,364->276,1626,15,bezier_nm,20.498991817992646,mse,0.4119552436655721,False
daytime,364->392,1626,15,bezier_pgd,0.003387759963516146,mse,0.0017030939981802365,False
daytime,364->392,1626,15,bezier_ipopt,6.058614637993742,mse,0.00017714973392035432,False
daytime,364->392,1626,15,bezier_nm,23.269590470998082,mse,0.14877709078358972,False
daytime,365->383,1626,15,bezier_pgd,0.0026082959957420826,mse,0.00021769538500396605,False
daytime,365->383,1626,15,bezier_ipopt,5.463638234999962,mse,8.989431250171022e-05,False
daytime,365->383,1626,15,bezier_nm,30.61091047001537,mse,0.002228704510598585,False
daytime,365->513,1626,15,bezier_pgd,0.0040156529867090285,mse,0.011374575128771621,False
daytime,365->513,1626,15,bezier_ipopt,5.241600923996884,mse,0.00012274375413045437,False
daytime,365->513,1626,15,bezier_nm,19.907178107998334,mse,0.25271613906941887,False
daytime,366->490,1626,15,bezier_pgd,0.0018943229806609452,mse,0.0001863076648719658,False
daytime,366->490,1626,15,bezier_ipopt,4.962621132028289,mse,0.00012739195587844896,False
daytime,366->490,1626,15,bezier_nm,20.390377173025627,mse,0.050713566787951435,False
daytime,366->514,1626,15,bezier_pgd,0.0026207739720121026,mse,0.01132093457492794,False
daytime,366->514,1626,15,bezier_ipopt,7.3281165980151854,mse,0.00012563876972658831,False
daytime,366->514,1626,15,bezier_nm,19.58311062102439,mse,0.25577698635744844,False
daytime,367->333,1626,15,bezier_pgd,0.001946174947079271,mse,0.001360568822984088,False
daytime,367->333,1626,15,bezier_ipopt,5.500997832976282,mse,0.00020045603245245468,False
daytime,367->333,1626,15,bezier_nm,25.07808958197711,mse,0.11192236952432444,False
daytime,367->502,1626,15,bezier_pgd,0.002315780962817371,mse,0.018760889549163405,False
daytime,367->502,1626,15,bezier_ipopt,5.995779128046706,mse,0.0002106691482514061,False
daytime,367->502,1626,15,bezier_nm,20.235796088003553,mse,0.25169722110551296,False
daytime,368->433,1626,15,bezier_pgd,0.001958451990503818,mse,0.011919749273167437,False
daytime,368->433,1626,15,bezier_ipopt,5.018001477001235,mse,0.00014465044798161723,False
daytime,368->433,1626,15,bezier_nm,20.121573629032355,mse,0.2638996214067921,False
daytime,368->462,1626,15,bezier_pgd,0.0020661039743572474,mse,0.0009322061358490427,False
daytime,368->462,1626,15,bezier_ipopt,6.615129862970207,mse,9.321427043077618e-05,False
daytime,368->462,1626,15,bezier_nm,22.910648716962896,mse,0.13400501054537614,False
daytime,369->353,1626,15,bezier_pgd,0.0022376219858415425,mse,0.014690388207014071,False
daytime,369->353,1626,15,bezier_ipopt,5.197650104993954,mse,0.0001917026497463329,False
daytime,369->353,1626,15,bezier_nm,19.804819533019327,mse,0.2732148958582039,False
daytime,369->498,1626,15,bezier_pgd,0.002472772030159831,mse,0.00048183225944682727,False
daytime,369->498,1626,15,bezier_ipopt,5.147419489978347,mse,0.00013510025016514192,False
daytime,369->498,1626,15,bezier_nm,21.9850005240296,mse,0.13782259186635007,False
daytime,37->36,1626,15,bezier_pgd,0.0015495099942199886,mse,2.460846955635804e-05,False
daytime,37->36,1626,15,bezier_ipopt,5.22379788098624,mse,4.959197486579101e-06,False
daytime,37->36,1626,15,bezier_nm,29.99482928495854,mse,0.000568223165949907,False
daytime,37->38,1626,15,bezier_pgd,0.0019482019706629217,mse,1.2296520500704929e-05,False
daytime,37->38,1626,15,bezier_ipopt,4.847353973018471,mse,5.409421889312103e-06,False
daytime,37->38,1626,15,bezier_nm,28.389324329968076,mse,0.0005500500112307949,False
daytime,370->294,1626,15,bezier_pgd,0.00257719901856035,mse,0.016036815203644677,False
daytime,370->294,1626,15,bezier_ipopt,5.27055991999805,mse,0.0002596810277969938,False
daytime,370->294,1626,15,bezier_nm,19.795669623010326,mse,0.26788707418591573,False
daytime,370->371,1626,15,bezier_pgd,0.002236784028355032,mse,0.014019246775312298,False
daytime,370->371,1626,15,bezier_ipopt,6.166454364021774,mse,0.00018598487307454263,False
daytime,370->371,1626,15,bezier_nm,21.940377591003198,mse,0.2230811546234338,False
daytime,371->370,1626,15,bezier_pgd,0.001864234043750912,mse,0.0005701580557384874,False
daytime,371->370,1626,15,bezier_ipopt,5.544227067031898,mse,0.0002300183384999246,False
daytime,371->370,1626,15,bezier_nm,20.951767969003413,mse,0.06693170234601674,False
daytime,371->494,1626,15,bezier_pgd,0.002341885003261268,mse,0.00037625254136317915,False
daytime,371->494,1626,15,bezier_ipopt,6.513994811975863,mse,0.000151698135256996,False
daytime,371->494,1626,15,bezier_nm,22.897817294986453,mse,0.1198471645640441,False
daytime,372->14,1626,15,bezier_pgd,0.001591127016581595,mse,1.9849358411397602e-05,False
daytime,372->14,1626,15,bezier_ipopt,3.8074984700069763,mse,3.8791105710474865e-06,False
daytime,372->14,1626,15,bezier_nm,32.218943652987946,mse,0.00017594023501410244,False
daytime,372->442,1626,15,bezier_pgd,0.0020359550253488123,mse,0.011158363753805554,False
daytime,372->442,1626,15,bezier_ipopt,,mse,,True
daytime,372->442,1626,15,bezier_nm,20.494063724996522,mse,0.26022310677215893,False
daytime,372->515,1626,15,bezier_pgd,0.0015805310104042292,mse,2.3370547134474667e-05,False
daytime,372->515,1626,15,bezier_ipopt,7.565563604992349,mse,8.398156588794645e-06,False
daytime,372->515,1626,15,bezier_nm,29.731225913972594,mse,9.255795581135781e-05,False
daytime,373->180,1626,15,bezier_pgd,0.002242146001663059,mse,0.006957995517627505,False
daytime,373->180,1626,15,bezier_ipopt,5.036446851037908,mse,0.00024738732861382594,False
daytime,373->180,1626,15,bezier_nm,21.33652891899692,mse,0.21369418746430957,False
daytime,373->356,1626,15,bezier_pgd,0.002328324015252292,mse,0.002714347804392276,False
daytime,373->356,1626,15,bezier_ipopt,6.409092121000867,mse,0.00015153527220443472,False
daytime,373->356,1626,15,bezier_nm,21.25737621000735,mse,0.1798267012667132,False
daytime,374->139,1626,15,bezier_pgd,0.0021705260151065886,mse,0.01927959140413109,False
daytime,374->139,1626,15,bezier_ipopt,5.309409132984001,mse,0.0002720578418112128,False
daytime,374->139,1626,15,bezier_nm,20.42676859803032,mse,0.21543055905199004,False
daytime,374->454,1626,15,bezier_pgd,0.0018449370400048792,mse,0.02883603206127878,False
daytime,374->454,1626,15,bezier_ipopt,5.462309691996779,mse,0.00017044672214022591,False
daytime,374->454,1626,15,bezier_nm,20.38163512200117,mse,0.2955039824621776,False
daytime,375->271,1626,15,bezier_pgd,0.0015939170261844993,mse,0.03095952213722776,False
daytime,375->271,1626,15,bezier_ipopt,,mse,,True
daytime,375->271,1626,15,bezier_nm,23.764289244019892,mse,0.35219409319907646,False
daytime,375->426,1626,15,bezier_pgd,0.002697437012102455,mse,0.32851020529176533,False
daytime,375->426,1626,15,bezier_ipopt,,mse,,True
daytime,375->426,1626,15,bezier_nm,20.770680823014118,mse,0.6899290799729119,False
daytime,376->221,1626,15,bezier_pgd,0.0021116079878993332,mse,0.06129915589502553,False
daytime,376->221,1626,15,bezier_ipopt,,mse,,True
daytime,376->221,1626,15,bezier_nm,20.29409200203372,mse,0.2988115429658467,False
daytime,376->420,1626,15,bezier_pgd,0.0020241590100340545,mse,0.0004583973587797685,False
daytime,376->420,1626,15,bezier_ipopt,6.389573166030459,mse,0.00018180837725142567,False
daytime,376->420,1626,15,bezier_nm,22.437923245015554,mse,0.09647832788659079,False
daytime,377->325,1626,15,bezier_pgd,0.002161338983569294,mse,0.00038228092499314456,False
daytime,377->325,1626,15,bezier_ipopt,5.096657268994022,mse,0.00022504259970574416,False
daytime,377->325,1626,15,bezier_nm,30.99395152600482,mse,0.005113149523671126,False
daytime,377->351,1626,15,bezier_pgd,0.0037289480096660554,mse,0.0008392003646646805,False
daytime,377->351,1626,15,bezier_ipopt,6.63119706598809,mse,8.731911191703454e-05,False
daytime,377->351,1626,15,bezier_nm,20.85833268298302,mse,0.13040476363603531,False
daytime,378->233,1626,15,bezier_pgd,0.0022586900158785284,mse,0.0010260407962419497,False
daytime,378->233,1626,15,bezier_ipopt,5.513666455983184,mse,0.00011003057825575939,False
daytime,378->233,1626,15,bezier_nm,21.575533789990004,mse,0.14144558354395254,False
daytime,378->464,1626,15,bezier_pgd,0.0022991529549472034,mse,0.00022449217216826024,False
daytime,378->464,1626,15,bezier_ipopt,4.443901908991393,mse,0.00013558059188193382,False
daytime,378->464,1626,15,bezier_nm,29.709292970015667,mse,0.004220603707014977,False
daytime,379->398,1626,15,bezier_pgd,0.0024547840002924204,mse,0.011045273848029159,False
daytime,379->398,1626,15,bezier_ipopt,6.764841772033833,mse,0.00012220421559136355,False
daytime,379->398,1626,15,bezier_nm,21.145831283996813,mse,0.264422625039858,False
daytime,379->502,1626,15,bezier_pgd,0.002443552017211914,mse,0.013995641736373939,False
daytime,379->502,1626,15,bezier_ipopt,6.284943417005707,mse,0.0001593524132814202,False
daytime,379->502,1626,15,bezier_nm,20.530073201982304,mse,0.24735562663657965,False
daytime,38->37,1626,15,bezier_pgd,0.0014997170073911548,mse,2.0672674780287854e-05,False
daytime,38->37,1626,15,bezier_ipopt,4.741909286996815,mse,6.337613471721001e-06,False
daytime,38->37,1626,15,bezier_nm,28.292580097040627,mse,0.0005627693164349251,False
daytime,38->39,1626,15,bezier_pgd,0.0019142770324833691,mse,0.018606452892779013,False
daytime,38->39,1626,15,bezier_ipopt,7.276971750950906,mse,0.000132201065443347,False
daytime,38->39,1626,15,bezier_nm,22.18624984298367,mse,0.37155612843780145,False
daytime,380->381,1626,15,bezier_pgd,0.003351753985043615,mse,0.00021908170846569912,False
daytime,380->381,1626,15,bezier_ipopt,9.978527491970453,mse,0.0001264683748291478,False
daytime,380->381,1626,15,bezier_nm,29.355327506025787,mse,0.0012742877213854859,False
daytime,380->400,1626,15,bezier_pgd,0.002451477979775518,mse,0.006426736925474659,False
daytime,380->400,1626,15,bezier_ipopt,6.353881524992175,mse,0.000134988463248455,False
daytime,380->400,1626,15,bezier_nm,21.552240771998186,mse,0.212731796791252,False
daytime,381->283,1626,15,bezier_pgd,0.002388647000771016,mse,0.001503995596521023,False
daytime,381->283,1626,15,bezier_ipopt,6.716757085989229,mse,0.0002321400007660834,False
daytime,381->283,1626,15,bezier_nm,22.195464025018737,mse,0.10979679429771819,False
daytime,381->380,1626,15,bezier_pgd,0.001667359028942883,mse,0.00017792656949654448,False
daytime,381->380,1626,15,bezier_ipopt,5.724099311046302,mse,0.00010030474789514132,False
daytime,381->380,1626,15,bezier_nm,29.063558564987034,mse,0.0007966689524033256,False
daytime,382->501,1626,15,bezier_pgd,0.002092487004119903,mse,0.0007271107275857024,False
daytime,382->501,1626,15,bezier_ipopt,4.943623489991296,mse,0.0002791206495307754,False
daytime,382->501,1626,15,bezier_nm,23.13475537399063,mse,0.11190772461116229,False
daytime,382->512,1626,15,bezier_pgd,0.0023663140018470585,mse,0.005003290646272819,False
daytime,382->512,1626,15,bezier_ipopt,4.790061076986603,mse,0.00011795328659875998,False
daytime,382->512,1626,15,bezier_nm,20.969601875985973,mse,0.21951426553282258,False
daytime,383->144,1626,15,bezier_pgd,0.0022268329630605876,mse,0.009828003342489636,False
daytime,383->144,1626,15,bezier_ipopt,4.817481260979548,mse,0.00023715931496703975,False
daytime,383->144,1626,15,bezier_nm,22.42299525096314,mse,0.20608320817269882,False
daytime,383->365,1626,15,bezier_pgd,0.001553272013552487,mse,0.00015103951607801835,False
daytime,383->365,1626,15,bezier_ipopt,5.978339393972419,mse,0.00013089244679792629,False
daytime,383->365,1626,15,bezier_nm,30.533545811951626,mse,0.0014968393248895422,False
daytime,384->200,1626,15,bezier_pgd,0.0022501969942823052,mse,0.013809339474429574,False
daytime,384->200,1626,15,bezier_ipopt,,mse,,True
daytime,384->200,1626,15,bezier_nm,20.801613275019918,mse,0.3083465357611772,False
daytime,384->259,1626,15,bezier_pgd,0.0025335069512948394,mse,0.009712299897007748,False
daytime,384->259,1626,15,bezier_ipopt,5.45178197597852,mse,0.0001679046711734897,False
daytime,384->259,1626,15,bezier_nm,22.52523032098543,mse,0.2210905212285139,False
daytime,385->178,1626,15,bezier_pgd,0.0021206489764153957,mse,0.0023591609856237865,False
daytime,385->178,1626,15,bezier_ipopt,7.221063031000085,mse,0.00024197478419334592,False
daytime,385->178,1626,15,bezier_nm,22.805064316024072,mse,0.13836646035231695,False
daytime,385->325,1626,15,bezier_pgd,0.0020387079566717148,mse,0.005805556468861434,False
daytime,385->325,1626,15,bezier_ipopt,6.048682160966564,mse,0.00023932867133940233,False
daytime,385->325,1626,15,bezier_nm,22.010641771019436,mse,0.15012248866669609,False
daytime,385->334,1626,15,bezier_pgd,0.0021770260063931346,mse,0.0007808486678874078,False
daytime,385->334,1626,15,bezier_ipopt,6.4640811500139534,mse,0.0002000126952380629,False
daytime,385->334,1626,15,bezier_nm,21.886677962029353,mse,0.10748543178371046,False
daytime,386->301,1626,15,bezier_pgd,0.002410301996860653,mse,0.0006405144843478582,False
daytime,386->301,1626,15,bezier_ipopt,,mse,,True
daytime,386->301,1626,15,bezier_nm,23.465619854978286,mse,0.10146499934646488,False
daytime,386->335,1626,15,bezier_pgd,0.0024708620039746165,mse,0.0008772757801886583,False
daytime,386->335,1626,15,bezier_ipopt,6.398957278986927,mse,0.00012732575207145464,False
daytime,386->335,1626,15,bezier_nm,21.93590881396085,mse,0.15825468866556067,False
daytime,387->12,1626,15,bezier_pgd,0.0021496699773706496,mse,0.01257474265539431,False
daytime,387->12,1626,15,bezier_ipopt,6.268643127987161,mse,0.00020842671936908427,False
daytime,387->12,1626,15,bezier_nm,20.629067771951668,mse,0.22867226769034538,False
daytime,387->452,1626,15,bezier_pgd,0.00224266794975847,mse,0.007858799312617059,False
daytime,387->452,1626,15,bezier_ipopt,,mse,,True
daytime,387->452,1626,15,bezier_nm,20.026083840988576,mse,0.21329215611223912,False
daytime,387->475,1626,15,bezier_pgd,0.0038726599887013435,mse,0.004249932350032242,False
daytime,387->475,1626,15,bezier_ipopt,8.047997107030824,mse,0.00016311713287464364,False
daytime,387->475,1626,15,bezier_nm,20.829588970984332,mse,0.15611301204561406,False
daytime,388->268,1626,15,bezier_pgd,0.0026154080405831337,mse,0.004095186582883762,False
daytime,388->268,1626,15,bezier_ipopt,7.171259876980912,mse,0.00012675476892357824,False
daytime,388->268,1626,15,bezier_nm,18.987357015023008,mse,0.22566765648641623,False
daytime,388->389,1626,15,bezier_pgd,0.0020980809931643307,mse,0.0002975923736250535,False
daytime,388->389,1626,15,bezier_ipopt,6.455046959978063,mse,0.0001432733914076357,False
daytime,388->389,1626,15,bezier_nm,22.689938372001052,mse,0.06494584303059515,False
daytime,389->197,1626,15,bezier_pgd,0.002268521988298744,mse,0.00035853352929009284,False
daytime,389->197,1626,15,bezier_ipopt,8.317510434018914,mse,0.00011969935626564208,False
daytime,389->197,1626,15,bezier_nm,21.544290220015682,mse,0.07727210792085243,False
daytime,389->361,1626,15,bezier_pgd,0.0021050419891253114,mse,0.0027882768709062,False
daytime,389->361,1626,15,bezier_ipopt,4.549185641983058,mse,0.00018737740651339596,False
daytime,389->361,1626,15,bezier_nm,22.2507440019981,mse,0.15641513339452323,False
daytime,389->388,1626,15,bezier_pgd,0.002712570014409721,mse,0.0003082111388472036,False
daytime,389->388,1626,15,bezier_ipopt,4.509729913028423,mse,0.00014373705569492974,False
daytime,389->388,1626,15,bezier_nm,21.157327325025108,mse,0.037242557372824746,False
daytime,39->26,1626,15,bezier_pgd,0.0023468180443160236,mse,0.0006376869001754521,False
daytime,39->26,1626,15,bezier_ipopt,,mse,,True
daytime,39->26,1626,15,bezier_nm,21.49872548499843,mse,0.1010090194841292,False
daytime,39->38,1626,15,bezier_pgd,0.0014619280118495226,mse,1.1913640776096069e-05,False
daytime,39->38,1626,15,bezier_ipopt,5.715764252003282,mse,6.861201073201756e-06,False
daytime,39->38,1626,15,bezier_nm,25.764937449013814,mse,0.0004665198763909247,False
daytime,390->157,1626,15,bezier_pgd,0.002178385970182717,mse,0.007031269141086344,False
daytime,390->157,1626,15,bezier_ipopt,7.106847624992952,mse,0.00029620743833996295,False
daytime,390->157,1626,15,bezier_nm,22.98716088803485,mse,0.16106720003854874,False
daytime,390->182,1626,15,bezier_pgd,0.003996516985353082,mse,0.0036710725588195024,False
daytime,390->182,1626,15,bezier_ipopt,6.353147490997799,mse,0.00015968485226175861,False
daytime,390->182,1626,15,bezier_nm,19.48154477501521,mse,0.21198668593787554,False
daytime,390->208,1626,15,bezier_pgd,0.006609033967833966,mse,0.8152124072189708,False
daytime,390->208,1626,15,bezier_ipopt,,mse,,True
daytime,390->208,1626,15,bezier_nm,16.378440663975198,mse,0.8316566964613903,False
daytime,391->156,1626,15,bezier_pgd,0.002502461022231728,mse,0.002417413714370035,False
daytime,391->156,1626,15,bezier_ipopt,,mse,,True
daytime,391->156,1626,15,bezier_nm,21.850331816996913,mse,0.057021037855675805,False
daytime,391->478,1626,15,bezier_pgd,0.0026364520308561623,mse,0.005724718767632226,False
daytime,391->478,1626,15,bezier_ipopt,,mse,,True
daytime,391->478,1626,15,bezier_nm,20.589448301005177,mse,0.25005569148806944,False
daytime,392->372,1626,15,bezier_pgd,0.0014543109573423862,mse,1.631333730776209e-05,False
daytime,392->372,1626,15,bezier_ipopt,6.757856915995944,mse,5.523883697341803e-06,False
daytime,392->372,1626,15,bezier_nm,26.440560970047954,mse,0.0002406589075949055,False
daytime,392->437,1626,15,bezier_pgd,0.0018760170205496252,mse,0.00029248286939601167,False
daytime,392->437,1626,15,bezier_ipopt,7.339676856994629,mse,0.00011401424820263479,False
daytime,392->437,1626,15,bezier_nm,24.969748464005534,mse,0.06179688084983585,False
daytime,392->518,1626,15,bezier_pgd,0.0021735240006819367,mse,0.001676390229326918,False
daytime,392->518,1626,15,bezier_ipopt,7.213728742965031,mse,0.0001522549168378063,False
daytime,392->518,1626,15,bezier_nm,22.949634919990785,mse,0.15870345419571436,False
daytime,393->446,1626,15,bezier_pgd,0.0021749419975094497,mse,0.0020543702785959417,False
daytime,393->446,1626,15,bezier_ipopt,6.3858663070132025,mse,7.984300848691264e-05,False
daytime,393->446,1626,15,bezier_nm,23.860505257034674,mse,0.08460230978280193,False
daytime,393->471,1626,15,bezier_pgd,0.0027032039943151176,mse,0.027691586266780414,False
daytime,393->471,1626,15,bezier_ipopt,5.566553779994138,mse,0.00014923466537854297,False
daytime,393->471,1626,15,bezier_nm,20.906850951025262,mse,0.27176485224612273,False
daytime,394->179,1626,15,bezier_pgd,0.002115706040058285,mse,0.0042630717041629235,False
daytime,394->179,1626,15,bezier_ipopt,8.108246210031211,mse,0.0001102732625815756,False
daytime,394->179,1626,15,bezier_nm,21.69345597899519,mse,0.25829586823205375,False
daytime,394->493,1626,15,bezier_pgd,0.0025491410051472485,mse,0.0009080185961085838,False
daytime,394->493,1626,15,bezier_ipopt,,mse,,True
daytime,394->493,1626,15,bezier_nm,25.50842924398603,mse,0.11987956905680221,False
daytime,395->459,1626,15,bezier_pgd,0.002720081014558673,mse,0.0008915562431888507,False
daytime,395->459,1626,15,bezier_ipopt,6.157705622026697,mse,0.00012570629900448914,False
daytime,395->459,1626,15,bezier_nm,24.70688551000785,mse,0.1538741004156448,False
daytime,395->503,1626,15,bezier_pgd,0.0024137779837474227,mse,0.009981963241678146,False
daytime,395->503,1626,15,bezier_ipopt,6.633666993002407,mse,0.00012364758744110686,False
daytime,395->503,1626,15,bezier_nm,23.95955316402251,mse,0.22382046454643437,False
daytime,396->355,1626,15,bezier_pgd,0.0023609810159541667,mse,0.008061658693858888,False
daytime,396->355,1626,15,bezier_ipopt,29.046919130021706,mse,0.00015243386385890945,False
daytime,396->355,1626,15,bezier_nm,23.15163311699871,mse,0.26094289090446393,False
daytime,396->422,1626,15,bezier_pgd,0.002434952009934932,mse,0.004026984223362601,False
daytime,396->422,1626,15,bezier_ipopt,6.510098211991135,mse,0.0001211977301213883,False
daytime,396->422,1626,15,bezier_nm,24.297689864004496,mse,0.20408147602734047,False
daytime,397->167,1626,15,bezier_pgd,0.0008652810356579721,mse,0.018277573380958003,False
daytime,397->167,1626,15,bezier_ipopt,,mse,,True
daytime,397->167,1626,15,bezier_nm,23.793803595995996,mse,0.018274446308266475,False
daytime,397->292,1626,15,bezier_pgd,0.0017048959853127599,mse,1.567772814030946e-05,False
daytime,397->292,1626,15,bezier_ipopt,6.199802016024478,mse,6.50738034551343e-06,False
daytime,397->292,1626,15,bezier_nm,33.207249041006435,mse,0.00011648608539777507,False
daytime,397->35,1626,15,bezier_pgd,0.0014889590092934668,mse,1.1511611184521291e-05,False
daytime,397->35,1626,15,bezier_ipopt,4.354538117011543,mse,5.1135188581308935e-06,False
daytime,397->35,1626,15,bezier_nm,33.802506980951875,mse,6.022874295623e-05,False
daytime,398->155,1626,15,bezier_pgd,0.0026830550050362945,mse,0.0022404959508908013,False
daytime,398->155,1626,15,bezier_ipopt,6.336228631960694,mse,0.00012521609159090325,False
daytime,398->155,1626,15,bezier_nm,25.13011759496294,mse,0.17181558048088835,False
daytime,398->379,1626,15,bezier_pgd,0.002533525985199958,mse,0.012210244395853267,False
daytime,398->379,1626,15,bezier_ipopt,6.1578635679907165,mse,0.0001941601954644752,False
daytime,398->379,1626,15,bezier_nm,22.70361863001017,mse,0.2567111251157787,False
daytime,399->141,1626,15,bezier_pgd,0.0023672630195505917,mse,0.0009047196042510672,False
daytime,399->141,1626,15,bezier_ipopt,5.321083221992012,mse,0.0002927973410801157,False
daytime,399->141,1626,15,bezier_nm,24.411083157989196,mse,0.11004583584175093,False
daytime,399->427,1626,15,bezier_pgd,0.002638008038047701,mse,0.005949347973888106,False
daytime,399->427,1626,15,bezier_ipopt,5.769198493042495,mse,0.00019739971501811973,False
daytime,399->427,1626,15,bezier_nm,22.127344558015466,mse,0.2492665816421754,False
daytime,4->454,1626,15,bezier_pgd,0.0023395679891109467,mse,1.8896800134360373e-05,False
daytime,4->454,1626,15,bezier_ipopt,8.084736705990508,mse,8.398529017995683e-06,False
daytime,4->454,1626,15,bezier_nm,29.29074738099007,mse,0.0004793106665689055,False
daytime,40->447,3252,15,bezier_pgd,0.00359209201997146,mse,2.6471045343023384e-05,False
daytime,40->447,3252,15,bezier_ipopt,10.496844617999159,mse,5.4738532476459775e-06,False
daytime,40->447,3252,15,bezier_nm,63.12933535699267,mse,0.00016620936075015355,False
daytime,400->380,1626,15,bezier_pgd,0.0023749250103719532,mse,0.0036705711983469036,False
daytime,400->380,1626,15,bezier_ipopt,8.424344039987773,mse,0.000134904317664047,False
daytime,400->380,1626,15,bezier_nm,24.624837432987988,mse,0.11151345102457941,False
daytime,400->521,1626,15,bezier_pgd,0.0029268660000525415,mse,0.0012910334115898152,False
daytime,400->521,1626,15,bezier_ipopt,5.200936705979984,mse,7.74011848413216e-05,False
daytime,400->521,1626,15,bezier_nm,23.626190155977383,mse,0.15135361961527247,False
daytime,401->402,1626,15,bezier_pgd,0.0024643850047141314,mse,0.0007006521438278108,False
daytime,401->402,1626,15,bezier_ipopt,9.005176952981856,mse,0.00017834207819114584,False
daytime,401->402,1626,15,bezier_nm,24.227146541990805,mse,0.05297089432850842,False
daytime,401->416,1626,15,bezier_pgd,0.002088460954837501,mse,0.00036577227756046153,False
daytime,401->416,1626,15,bezier_ipopt,28.063392082054634,mse,0.00014532584934740184,False
daytime,401->416,1626,15,bezier_nm,22.791835363022983,mse,0.08194335566925481,False
daytime,402->401,1626,15,bezier_pgd,0.0022269749897532165,mse,0.006803613807262994,False
daytime,402->401,1626,15,bezier_ipopt,4.9227290819981135,mse,0.00018792008440758875,False
daytime,402->401,1626,15,bezier_nm,22.0851350640296,mse,0.21083226252431422,False
daytime,402->463,1626,15,bezier_pgd,0.002624325978104025,mse,0.0026063953562821883,False
daytime,402->463,1626,15,bezier_ipopt,,mse,,True
daytime,402->463,1626,15,bezier_nm,21.825521831051446,mse,0.19090629750843463,False
daytime,403->486,1626,15,bezier_pgd,0.0024679380003362894,mse,0.0224015563856385,False
daytime,403->486,1626,15,bezier_ipopt,6.313060279004276,mse,0.00018692755097947538,False
daytime,403->486,1626,15,bezier_nm,22.582487475010566,mse,0.25395252728021067,False
daytime,403->529,1626,15,bezier_pgd,0.0031092020217329264,mse,0.0006848008490698522,False
daytime,403->529,1626,15,bezier_ipopt,5.805514156003483,mse,0.00024086879403656524,False
daytime,403->529,1626,15,bezier_nm,24.274910781998187,mse,0.05786959854978345,False
daytime,404->462,1626,15,bezier_pgd,0.003420220979023725,mse,0.018078031841421364,False
daytime,404->462,1626,15,bezier_ipopt,6.0913283819681965,mse,0.0002618762416763592,False
daytime,404->462,1626,15,bezier_nm,23.395003781013656,mse,0.2805492112047109,False
daytime,404->507,1626,15,bezier_pgd,0.0027284910320304334,mse,0.01216766393206811,False
daytime,404->507,1626,15,bezier_ipopt,6.996792811958585,mse,0.00020994411065604368,False
daytime,404->507,1626,15,bezier_nm,22.235656164993998,mse,0.2591975843018834,False
daytime,405->161,1626,15,bezier_pgd,0.0017812899895943701,mse,0.0008280945424847076,False
daytime,405->161,1626,15,bezier_ipopt,6.294977420009673,mse,0.0003884120266289024,False
daytime,405->161,1626,15,bezier_nm,23.708500100998208,mse,0.038997709995853225,False
daytime,405->301,1626,15,bezier_pgd,0.0020306999795138836,mse,0.015285733711990736,False
daytime,405->301,1626,15,bezier_ipopt,7.319114191981498,mse,0.0001278087217791351,False
daytime,405->301,1626,15,bezier_nm,21.58097887999611,mse,0.2733989267506658,False
daytime,405->360,1626,15,bezier_pgd,0.002294133009854704,mse,0.007262614800802664,False
daytime,405->360,1626,15,bezier_ipopt,6.613324867037591,mse,0.00019548943373266057,False
daytime,405->360,1626,15,bezier_nm,25.0083554169978,mse,0.20893786523181188,False
daytime,406->500,1626,15,bezier_pgd,0.002564971975516528,mse,0.003809326482789783,False
daytime,406->500,1626,15,bezier_ipopt,6.1640417739981785,mse,0.00015374355506142504,False
daytime,406->500,1626,15,bezier_nm,21.9452244459535,mse,0.21062032424394703,False
daytime,406->512,1626,15,bezier_pgd,0.002225449017714709,mse,0.00423579781832526,False
daytime,406->512,1626,15,bezier_ipopt,6.056913660955615,mse,0.00023192251560358524,False
daytime,406->512,1626,15,bezier_nm,22.380106808035634,mse,0.20653581208835278,False
daytime,407->505,1626,15,bezier_pgd,0.0024274219758808613,mse,0.00792278331297097,False
daytime,407->505,1626,15,bezier_ipopt,6.144741803000215,mse,0.00014059058898682406,False
daytime,407->505,1626,15,bezier_nm,21.42556002101628,mse,0.2359931393506131,False
daytime,407->511,1626,15,bezier_pgd,0.002728049992583692,mse,0.008354322739036663,False
daytime,407->511,1626,15,bezier_ipopt,5.796428175002802,mse,0.00024586121493734174,False
daytime,407->511,1626,15,bezier_nm,21.76415594801074,mse,0.25619417574337977,False
daytime,407->532,1626,15,bezier_pgd,0.0024224219960160553,mse,0.011172245087605248,False
daytime,407->532,1626,15,bezier_ipopt,6.75432547199307,mse,0.00014396720514669095,False
daytime,407->532,1626,15,bezier_nm,21.975826832000166,mse,0.26740218407387695,False
daytime,408->292,1626,15,bezier_pgd,0.00156482303282246,mse,1.8335791956189467e-05,False
daytime,408->292,1626,15,bezier_ipopt,6.058671230042819,mse,7.2012924128491e-06,False
daytime,408->292,1626,15,bezier_nm,28.902219483978115,mse,0.00023230431730125918,False
daytime,408->36,1626,15,bezier_pgd,0.0023310150136239827,mse,0.005330096022783537,False
daytime,408->36,1626,15,bezier_ipopt,,mse,,True
daytime,408->36,1626,15,bezier_nm,22.529912997037172,mse,0.2497553944069656,False
daytime,408->91,1626,15,bezier_pgd,0.0016390400123782456,mse,1.770779442555027e-05,False
daytime,408->91,1626,15,bezier_ipopt,5.338622776034754,mse,6.170331220374776e-06,False
daytime,408->91,1626,15,bezier_nm,32.53971094801091,mse,0.0003101368459989655,False
daytime,409->313,1626,15,bezier_pgd,0.005707645963411778,mse,0.2501662171628054,False
daytime,409->313,1626,15,bezier_ipopt,,mse,,True
daytime,409->313,1626,15,bezier_nm,22.038018483959604,mse,0.3903775873430432,False
daytime,409->418,1626,15,bezier_pgd,0.002356602984946221,mse,0.1781369418405149,False
daytime,409->418,1626,15,bezier_ipopt,,mse,,True
daytime,409->418,1626,15,bezier_nm,26.926767457975075,mse,0.39773159852312745,False
daytime,41->112,3252,15,bezier_pgd,0.002531224978156388,mse,1.397435370115137e-05,False
daytime,41->112,3252,15,bezier_ipopt,12.69567043602001,mse,5.14790175602297e-06,False
daytime,41->112,3252,15,bezier_nm,65.23011760902591,mse,6.497860458568688e-05,False
daytime,410->198,1626,15,bezier_pgd,0.0022402909817174077,mse,0.014747733393369579,False
daytime,410->198,1626,15,bezier_ipopt,6.268410657008644,mse,0.00020314561404288436,False
daytime,410->198,1626,15,bezier_nm,22.534127834951505,mse,0.2749813682384152,False
daytime,410->354,1626,15,bezier_pgd,0.002287105016876012,mse,0.005896541025061433,False
daytime,410->354,1626,15,bezier_ipopt,9.040529542951845,mse,0.00023448459895757839,False
daytime,410->354,1626,15,bezier_nm,23.589751495979726,mse,0.1842749834227363,False
daytime,411->316,1626,15,bezier_pgd,0.0021326830028556287,mse,0.00364643342339115,False
daytime,411->316,1626,15,bezier_ipopt,6.147418531007133,mse,0.00021939170923244506,False
daytime,411->316,1626,15,bezier_nm,24.627115557028446,mse,0.1505918711824495,False
daytime,411->361,1626,15,bezier_pgd,0.0021331869647838175,mse,0.018839067239208477,False
daytime,411->361,1626,15,bezier_ipopt,4.885911252989899,mse,0.0003127789961037414,False
daytime,411->361,1626,15,bezier_nm,22.188611568009946,mse,0.28114292774932365,False
daytime,412->419,1626,15,bezier_pgd,0.003702829999383539,mse,0.0014245502907026064,False
daytime,412->419,1626,15,bezier_ipopt,,mse,,True
daytime,412->419,1626,15,bezier_nm,23.98414211400086,mse,0.07266673227345115,False
daytime,412->529,1626,15,bezier_pgd,0.0023890819866210222,mse,0.016487668269999457,False
daytime,412->529,1626,15,bezier_ipopt,7.115830003051087,mse,0.00018113549826652626,False
daytime,412->529,1626,15,bezier_nm,21.9674478470115,mse,0.2466726391395403,False
daytime,412->533,3252,15,bezier_pgd,0.0037286829901859164,mse,0.011115251496802571,False
daytime,412->533,3252,15,bezier_ipopt,14.782195198989939,mse,0.0002611117002327353,False
daytime,412->533,3252,15,bezier_nm,45.86719354701927,mse,0.22289411330106015,False
daytime,413->414,1626,15,bezier_pgd,0.002123572980053723,mse,0.020001240136780486,False
daytime,413->414,1626,15,bezier_ipopt,7.239478176983539,mse,0.0001334194182848532,False
daytime,413->414,1626,15,bezier_nm,22.91804369300371,mse,0.2820267804946195,False
daytime,413->493,3252,15,bezier_pgd,0.003091508988291025,mse,0.013358175585921563,False
daytime,413->493,3252,15,bezier_ipopt,,mse,,True
daytime,413->493,3252,15,bezier_nm,44.66168973199092,mse,0.27166112583972746,False
daytime,414->413,1626,15,bezier_pgd,0.004380586033221334,mse,0.006200498855391553,False
daytime,414->413,1626,15,bezier_ipopt,6.804175323981326,mse,0.00015432964315496972,False
daytime,414->413,1626,15,bezier_nm,23.090456639998592,mse,0.22539948107490865,False
daytime,414->450,1626,15,bezier_pgd,0.002014180994592607,mse,0.018229587819345146,False
daytime,414->450,1626,15,bezier_ipopt,7.989034595026169,mse,0.0001649934520717933,False
daytime,414->450,1626,15,bezier_nm,22.675949511001818,mse,0.27994178773659273,False
daytime,415->122,1626,15,bezier_pgd,0.002233965031336993,mse,0.0017708045992805958,False
daytime,415->122,1626,15,bezier_ipopt,7.421740039018914,mse,0.0001284060593415098,False
daytime,415->122,1626,15,bezier_nm,24.30573954200372,mse,0.13744116872636156,False
daytime,415->143,1626,15,bezier_pgd,0.0023232190287671983,mse,0.0008459182992880951,False
daytime,415->143,1626,15,bezier_ipopt,6.849326633964665,mse,0.0002015730394627296,False
daytime,415->143,1626,15,bezier_nm,24.988746229966637,mse,0.11645463230742378,False
daytime,415->146,1626,15,bezier_pgd,0.003062942996621132,mse,0.010334159254585897,False
daytime,415->146,1626,15,bezier_ipopt,,mse,,True
daytime,415->146,1626,15,bezier_nm,22.679508056025952,mse,0.21047520713172005,False
daytime,416->401,1626,15,bezier_pgd,0.002279073989484459,mse,0.017898727040322224,False
daytime,416->401,1626,15,bezier_ipopt,,mse,,True
daytime,416->401,1626,15,bezier_nm,21.70191489899298,mse,0.24546320955842765,False
daytime,416->474,1626,15,bezier_pgd,0.002224463038146496,mse,0.004231799881522246,False
daytime,416->474,1626,15,bezier_ipopt,6.486317362985574,mse,0.00022771080237712985,False
daytime,416->474,1626,15,bezier_nm,23.694296486035455,mse,0.18346461951258405,False
daytime,417->229,1626,15,bezier_pgd,0.0021726450067944825,mse,0.10308225045085533,False
daytime,417->229,1626,15,bezier_ipopt,,mse,,True
daytime,417->229,1626,15,bezier_nm,31.159382957033813,mse,0.34788262925242475,False
daytime,417->430,1626,15,bezier_pgd,0.00519785302458331,mse,0.2348572548553768,False
daytime,417->430,1626,15,bezier_ipopt,8.626351381011773,mse,3.3703914073207126e-05,False
daytime,417->430,1626,15,bezier_nm,27.364969336020295,mse,0.37799032483990286,False
daytime,417->451,1626,15,bezier_pgd,0.0015725059784017503,mse,2.6040427248607554e-05,False
daytime,417->451,1626,15,bezier_ipopt,4.373548406001646,mse,5.782614252366388e-06,False
daytime,417->451,1626,15,bezier_nm,32.88397416297812,mse,0.00019509984035787631,False
daytime,418->409,1626,15,bezier_pgd,0.0056494169984944165,mse,0.3582260337485913,False
daytime,418->409,1626,15,bezier_ipopt,,mse,,True
daytime,418->409,1626,15,bezier_nm,22.204547334986273,mse,0.494230311165757,False
daytime,418->430,1626,15,bezier_pgd,0.0020067309960722923,mse,0.21785630227985,False
daytime,418->430,1626,15,bezier_ipopt,,mse,,True
daytime,418->430,1626,15,bezier_nm,29.04042507399572,mse,0.48345748283781087,False
daytime,419->412,1626,15,bezier_pgd,0.004201415984425694,mse,0.0010179081950324495,False
daytime,419->412,1626,15,bezier_ipopt,8.565611611993518,mse,0.00010914290516326626,False
daytime,419->412,1626,15,bezier_nm,25.6405314419535,mse,0.10605560525656305,False
daytime,419->529,1626,15,bezier_pgd,0.013480908994097263,mse,0.6716693323359106,False
daytime,419->529,1626,15,bezier_ipopt,64.1003162759589,mse,0.6407667274357377,False
daytime,419->529,1626,15,bezier_nm,19.159241529996507,mse,0.7329901540466366,False
daytime,42->112,1626,15,bezier_pgd,0.0024278450291603804,mse,1.577372002420995e-05,False
daytime,42->112,1626,15,bezier_ipopt,4.790586900024209,mse,8.589346311395727e-06,False
daytime,42->112,1626,15,bezier_nm,33.336057666980196,mse,9.26154040280709e-05,False
daytime,42->43,1626,15,bezier_pgd,0.001664601033553481,mse,2.541516325844256e-05,False
daytime,42->43,1626,15,bezier_ipopt,6.221419409033842,mse,6.132650258732908e-06,False
daytime,42->43,1626,15,bezier_nm,31.678301947016735,mse,0.00016688505783275147,False
daytime,420->192,1626,15,bezier_pgd,0.002647079003509134,mse,0.0020418058729517025,False
daytime,420->192,1626,15,bezier_ipopt,,mse,,True
daytime,420->192,1626,15,bezier_nm,28.081443256989587,mse,0.1679520223871707,False
daytime,420->199,1626,15,bezier_pgd,0.0022235980140976608,mse,0.0005054910397991042,False
daytime,420->199,1626,15,bezier_ipopt,7.833889811998233,mse,0.00015106335651367863,False
daytime,420->199,1626,15,bezier_nm,24.047220533015206,mse,0.09041699623675903,False
daytime,420->376,1626,15,bezier_pgd,0.0021330959862098098,mse,0.029228285296389888,False
daytime,420->376,1626,15,bezier_ipopt,8.180304619017988,mse,0.00021008573487758773,False
daytime,420->376,1626,15,bezier_nm,21.990671229956206,mse,0.30155950222906985,False
daytime,421->264,1626,15,bezier_pgd,0.0024317250354215503,mse,0.016532120737636595,False
daytime,421->264,1626,15,bezier_ipopt,5.479611179966014,mse,0.0002881468228767392,False
daytime,421->264,1626,15,bezier_nm,22.285152564989403,mse,0.2762564666776773,False
daytime,421->334,1626,15,bezier_pgd,0.0023117969976738095,mse,0.000465094488271962,False
daytime,421->334,1626,15,bezier_ipopt,6.905142428993713,mse,0.00014743231099218832,False
daytime,421->334,1626,15,bezier_nm,23.80369301600149,mse,0.08115360704844495,False
daytime,422->138,1626,15,bezier_pgd,0.002464079996570945,mse,0.00024275657257099176,False
daytime,422->138,1626,15,bezier_ipopt,,mse,,True
daytime,422->138,1626,15,bezier_nm,24.46736804599641,mse,0.11736525260279769,False
daytime,422->396,1626,15,bezier_pgd,0.0023849509889259934,mse,0.00030959281218315566,False
daytime,422->396,1626,15,bezier_ipopt,6.441523768007755,mse,0.00015179473869246545,False
daytime,422->396,1626,15,bezier_nm,35.11304230999667,mse,0.0058157037539877275,False
daytime,422->449,1626,15,bezier_pgd,0.0018168340320698917,mse,2.9642234152263173e-05,False
daytime,422->449,1626,15,bezier_ipopt,6.222692585957702,mse,7.42449320712048e-06,False
daytime,422->449,1626,15,bezier_nm,31.965435222024098,mse,0.0005950364299590675,False
daytime,423->116,1626,15,bezier_pgd,0.003264687955379486,mse,0.017631957798013118,False
daytime,423->116,1626,15,bezier_ipopt,5.254449046973605,mse,0.0002545697353868524,False
daytime,423->116,1626,15,bezier_nm,23.44846421800321,mse,0.27274173642992605,False
daytime,423->121,1626,15,bezier_pgd,0.001988195988815278,mse,0.028685715638671103,False
daytime,423->121,1626,15,bezier_ipopt,5.221550943038892,mse,0.0002189926989947805,False
daytime,423->121,1626,15,bezier_nm,22.170613469963428,mse,0.29056058649064687,False
daytime,423->330,1626,15,bezier_pgd,0.0022459070314653218,mse,0.0003384629639015141,False
daytime,423->330,1626,15,bezier_ipopt,6.903541637992021,mse,0.00018513885114720502,False
daytime,423->330,1626,15,bezier_nm,36.04685135203181,mse,0.0025008487584775915,False
daytime,424->504,1626,15,bezier_pgd,0.0018210660200566053,mse,0.0005258752621034681,False
daytime,424->504,1626,15,bezier_ipopt,5.42722233798122,mse,0.00010228465230458009,False
daytime,424->504,1626,15,bezier_nm,23.770473802054767,mse,0.02991477971464418,False
daytime,424->507,1626,15,bezier_pgd,0.0024084090255200863,mse,0.027790911752086336,False
daytime,424->507,1626,15,bezier_ipopt,6.364471064996906,mse,7.504309961057351e-05,False
daytime,424->507,1626,15,bezier_nm,24.174426390964072,mse,0.2600835916005369,False
daytime,425->289,1626,15,bezier_pgd,0.004481169977225363,mse,0.000965829023035258,False
daytime,425->289,1626,15,bezier_ipopt,5.5022222740226425,mse,0.00015543060378856257,False
daytime,425->289,1626,15,bezier_nm,24.552620520989876,mse,0.09852706848477608,False
daytime,425->331,1626,15,bezier_pgd,0.0039200030150823295,mse,0.010471788533599221,False
daytime,425->331,1626,15,bezier_ipopt,5.806169406976551,mse,0.00011327750334254915,False
daytime,425->331,1626,15,bezier_nm,23.827996261999942,mse,0.23597526990020165,False
daytime,425->93,1626,15,bezier_pgd,0.001719488005619496,mse,1.7321175789691643e-05,False
daytime,425->93,1626,15,bezier_ipopt,4.1480634300387464,mse,5.981896192289706e-06,False
daytime,425->93,1626,15,bezier_nm,31.722962333995383,mse,7.190067293332226e-05,False
daytime,426->217,1626,15,bezier_pgd,0.002399386023171246,mse,0.1697099247031928,False
daytime,426->217,1626,15,bezier_ipopt,5.090213059971575,mse,3.951838468424669e-06,False
daytime,426->217,1626,15,bezier_nm,28.110030278970953,mse,0.6714814165908748,False
daytime,426->375,1626,15,bezier_pgd,0.002578168991021812,mse,0.10312718601446504,False
daytime,426->375,1626,15,bezier_ipopt,,mse,,True
daytime,426->375,1626,15,bezier_nm,21.689506347000133,mse,0.32073597569881823,False
daytime,426->429,1626,15,bezier_pgd,0.0028683350537903607,mse,0.008869457864512384,False
daytime,426->429,1626,15,bezier_ipopt,,mse,,True
daytime,426->429,1626,15,bezier_nm,23.22490925702732,mse,0.2060693204464344,False
daytime,427->165,1626,15,bezier_pgd,0.002281240012962371,mse,0.0003019045952971497,False
daytime,427->165,1626,15,bezier_ipopt,5.555431355023757,mse,8.752903385231664e-05,False
daytime,427->165,1626,15,bezier_nm,24.514024696021806,mse,0.061561907693256104,False
daytime,427->300,1626,15,bezier_pgd,0.0028407060308381915,mse,0.014913233468297244,False
daytime,427->300,1626,15,bezier_ipopt,5.086014254018664,mse,0.0001910638157148761,False
daytime,427->300,1626,15,bezier_nm,23.09536339197075,mse,0.25611139356433293,False
daytime,427->399,1626,15,bezier_pgd,0.0023972050403244793,mse,0.0012596032063997785,False
daytime,427->399,1626,15,bezier_ipopt,6.158613461011555,mse,0.00017293900892643296,False
daytime,427->399,1626,15,bezier_nm,24.32967152900528,mse,0.10407610207765834,False
daytime,428->442,1626,15,bezier_pgd,0.0029582089628092945,mse,0.008293527375291087,False
daytime,428->442,1626,15,bezier_ipopt,5.626696390972938,mse,0.00010328093461023363,False
daytime,428->442,1626,15,bezier_nm,23.193172466009855,mse,0.25341939362957305,False
daytime,428->508,1626,15,bezier_pgd,0.0020860640215687454,mse,1.8284019737488065e-05,False
daytime,428->508,1626,15,bezier_ipopt,6.758543912961613,mse,4.899146090438676e-06,False
daytime,428->508,1626,15,bezier_nm,31.73374330700608,mse,0.00012623877889075724,False
daytime,428->76,1626,15,bezier_pgd,0.0035392660065554082,mse,0.0038301831358335267,False
daytime,428->76,1626,15,bezier_ipopt,,mse,,True
daytime,428->76,1626,15,bezier_nm,22.70497525803512,mse,0.21424143074299093,False
daytime,429->125,1626,15,bezier_pgd,0.002398020005784929,mse,0.016632200364379877,False
daytime,429->125,1626,15,bezier_ipopt,6.682389292982407,mse,0.00014022326598925092,False
daytime,429->125,1626,15,bezier_nm,23.404763900965918,mse,0.27639202508475413,False
daytime,429->181,1626,15,bezier_pgd,0.001585979014635086,mse,1.96617907839835e-05,False
daytime,429->181,1626,15,bezier_ipopt,7.334334599028807,mse,4.08160861456921e-06,False
daytime,429->181,1626,15,bezier_nm,31.614948861999437,mse,0.00010873247867596422,False
daytime,429->426,1626,15,bezier_pgd,0.0024074279936030507,mse,0.004129693447633697,False
daytime,429->426,1626,15,bezier_ipopt,5.183439974032808,mse,0.0001430400506038535,False
daytime,429->426,1626,15,bezier_nm,22.379091707000043,mse,0.2090766714723703,False
daytime,43->42,1626,15,bezier_pgd,0.004924478998873383,mse,0.0008451577012744723,False
daytime,43->42,1626,15,bezier_ipopt,,mse,,True
daytime,43->42,1626,15,bezier_nm,25.416424327006098,mse,0.10838777264782389,False
daytime,43->480,1626,15,bezier_pgd,0.001726397022139281,mse,1.6632434915293804e-05,False
daytime,43->480,1626,15,bezier_ipopt,4.902222451986745,mse,7.36441193874569e-06,False
daytime,43->480,1626,15,bezier_nm,32.80317529098829,mse,0.0002783146578083017,False
daytime,430->417,1626,15,bezier_pgd,0.002783716015983373,mse,0.18835634928940514,False
daytime,430->417,1626,15,bezier_ipopt,6.63739174901275,mse,3.4394420671638355e-05,False
daytime,430->417,1626,15,bezier_nm,25.786912107025273,mse,0.358424556831989,False
daytime,430->418,1626,15,bezier_pgd,0.0022012749686837196,mse,0.23061526582828487,False
daytime,430->418,1626,15,bezier_ipopt,,mse,,True
daytime,430->418,1626,15,bezier_nm,29.813441273989156,mse,0.5121585848276069,False
daytime,430->77,1626,15,bezier_pgd,0.0015145849902182817,mse,1.7149808503267643e-05,False
daytime,430->77,1626,15,bezier_ipopt,4.195931248017587,mse,6.6380375984352505e-06,False
daytime,430->77,1626,15,bezier_nm,32.77749282401055,mse,0.00016256306768397505,False
daytime,431->455,1626,15,bezier_pgd,0.0018965789931826293,mse,0.20940214691494566,False
daytime,431->455,1626,15,bezier_ipopt,,mse,,True
daytime,431->455,1626,15,bezier_nm,22.729021693987306,mse,0.5493754393760322,False
daytime,431->496,1626,15,bezier_pgd,0.0024484259774908423,mse,0.01417337618668291,False
daytime,431->496,1626,15,bezier_ipopt,5.764239858021028,mse,0.00020041523671480632,False
daytime,431->496,1626,15,bezier_nm,21.90738548099762,mse,0.24940929740845708,False
daytime,431->497,1626,15,bezier_pgd,0.0025885049835778773,mse,0.0010771170248429955,False
daytime,431->497,1626,15,bezier_ipopt,5.664446315029636,mse,0.00013115118127428736,False
daytime,431->497,1626,15,bezier_nm,21.232537181000225,mse,0.17952643139016972,False
daytime,432->24,1626,15,bezier_pgd,0.0019318260019645095,mse,0.0030104614802944326,False
daytime,432->24,1626,15,bezier_ipopt,6.472720345016569,mse,8.076320131279949e-05,False
daytime,432->24,1626,15,bezier_nm,23.41511380497832,mse,0.13003213243134626,False
daytime,432->436,1626,15,bezier_pgd,0.0025961229694075882,mse,0.004972209371567221,False
daytime,432->436,1626,15,bezier_ipopt,6.163166793005075,mse,9.141085885168588e-05,False
daytime,432->436,1626,15,bezier_nm,22.664073410036508,mse,0.22226159459884462,False
daytime,432->438,1626,15,bezier_pgd,0.004559078020974994,mse,0.0052682654088970415,False
daytime,432->438,1626,15,bezier_ipopt,7.89525609096745,mse,0.0001309728865599854,False
daytime,432->438,1626,15,bezier_nm,22.838357131986413,mse,0.24502023582208624,False
daytime,433->182,1626,15,bezier_pgd,0.0015639979974366724,mse,0.0001367890089650737,False
daytime,433->182,1626,15,bezier_ipopt,5.967376587970648,mse,0.00010432336480616589,False
daytime,433->182,1626,15,bezier_nm,29.127292730030604,mse,0.0007440969517861602,False
daytime,433->346,1626,15,bezier_pgd,0.0021706799743697047,mse,0.017998562963307825,False
daytime,433->346,1626,15,bezier_ipopt,6.172644132981077,mse,0.000196735164055312,False
daytime,433->346,1626,15,bezier_nm,20.999841516953893,mse,0.27736010610620326,False
daytime,433->368,1626,15,bezier_pgd,0.0017042059917002916,mse,0.0001386595352876339,False
daytime,433->368,1626,15,bezier_ipopt,5.916178982995916,mse,0.00010580792564234721,False
daytime,433->368,1626,15,bezier_nm,32.22225261997664,mse,0.00221252680881844,False
daytime,434->154,1626,15,bezier_pgd,0.0022153620375320315,mse,0.007863116113815021,False
daytime,434->154,1626,15,bezier_ipopt,5.565468090993818,mse,0.00039205138131428655,False
daytime,434->154,1626,15,bezier_nm,22.63045748299919,mse,0.18369118832294767,False
daytime,434->262,1626,15,bezier_pgd,0.0025359709979966283,mse,0.015650949101332766,False
daytime,434->262,1626,15,bezier_ipopt,,mse,,True
daytime,434->262,1626,15,bezier_nm,22.428585712972563,mse,0.2605968959334512,False
daytime,434->40,3252,15,bezier_pgd,0.0025155289913527668,mse,2.755092171117234e-05,False
daytime,434->40,3252,15,bezier_ipopt,12.718338806997053,mse,4.619831850026491e-06,False
daytime,434->40,3252,15,bezier_nm,62.84190243599005,mse,0.00020246434958400431,False
daytime,435->10,1626,15,bezier_pgd,0.002331236028112471,mse,0.0014795372634267595,False
daytime,435->10,1626,15,bezier_ipopt,5.903618603013456,mse,7.263117063049643e-05,False
daytime,435->10,1626,15,bezier_nm,24.636393625987694,mse,0.055209913615441364,False
daytime,435->21,1626,15,bezier_pgd,0.0019846410141326487,mse,0.002646509685808629,False
daytime,435->21,1626,15,bezier_ipopt,5.988098977017216,mse,0.00030450585188154594,False
daytime,435->21,1626,15,bezier_nm,24.080626945011318,mse,0.1386590724876976,False
daytime,435->23,1626,15,bezier_pgd,0.0023379119811579585,mse,0.010034870116968438,False
daytime,435->23,1626,15,bezier_ipopt,6.076938009005971,mse,8.487622477586943e-05,False
daytime,435->23,1626,15,bezier_nm,21.76409849000629,mse,0.21845966515991924,False
daytime,435->537,1626,15,bezier_pgd,0.002158457995392382,mse,0.004414572792518459,False
daytime,435->537,1626,15,bezier_ipopt,5.829449772019871,mse,0.00011478478960344424,False
daytime,435->537,1626,15,bezier_nm,23.245372399047483,mse,0.06245755972887808,False
daytime,436->432,1626,15,bezier_pgd,0.0019806959899142385,mse,0.00012126710992318587,False
daytime,436->432,1626,15,bezier_ipopt,6.010630065982696,mse,8.254343313327016e-05,False
daytime,436->432,1626,15,bezier_nm,33.159556764003355,mse,0.0018487335348508918,False
daytime,436->452,1626,15,bezier_pgd,0.002278126950841397,mse,4.399075884215664e-05,False
daytime,436->452,1626,15,bezier_ipopt,8.731382536992896,mse,5.811348538018016e-06,False
daytime,436->452,1626,15,bezier_nm,32.94831077597337,mse,0.0003606828890561387,False
daytime,436->475,1626,15,bezier_pgd,0.0023454829934053123,mse,0.0014967621448521255,False
daytime,436->475,1626,15,bezier_ipopt,5.397818459023256,mse,0.00011088148246668552,False
daytime,436->475,1626,15,bezier_nm,22.308571222005412,mse,0.19399867787152342,False
daytime,437->22,1626,15,bezier_pgd,0.0030693369917571545,mse,0.004890207513355765,False
daytime,437->22,1626,15,bezier_ipopt,,mse,,True
daytime,437->22,1626,15,bezier_nm,24.689201487984974,mse,0.2211396261016529,False
daytime,437->392,1626,15,bezier_pgd,0.0018982409965246916,mse,0.0003010848367244122,False
daytime,437->392,1626,15,bezier_ipopt,5.502092938986607,mse,7.396917284291803e-05,False
daytime,437->392,1626,15,bezier_nm,25.304760239028838,mse,0.06619706956469208,False
daytime,437->525,1626,15,bezier_pgd,0.002302462002262473,mse,0.016041092971428292,False
daytime,437->525,1626,15,bezier_ipopt,,mse,,True
daytime,437->525,1626,15,bezier_nm,23.113757354964036,mse,0.25844242690285596,False
daytime,437->536,1626,15,bezier_pgd,0.0019085470121353865,mse,0.00029248286939601617,False
daytime,437->536,1626,15,bezier_ipopt,6.400894456019159,mse,0.00011333963622259473,False
daytime,437->536,1626,15,bezier_nm,23.50745984102832,mse,0.05637741708210252,False
daytime,438->172,1626,15,bezier_pgd,0.003112205013167113,mse,0.006836735693564012,False
daytime,438->172,1626,15,bezier_ipopt,,mse,,True
daytime,438->172,1626,15,bezier_nm,23.08926287002396,mse,0.2190238022368308,False
daytime,438->432,1626,15,bezier_pgd,0.0025002380134537816,mse,0.008879060080053425,False
daytime,438->432,1626,15,bezier_ipopt,7.464737829985097,mse,0.0001261093197636611,False
daytime,438->432,1626,15,bezier_nm,21.81668409204576,mse,0.23368866498833246,False
daytime,438->528,3252,15,bezier_pgd,0.002565857023000717,mse,0.050586012858965766,False
daytime,438->528,3252,15,bezier_ipopt,,mse,,True
daytime,438->528,3252,15,bezier_nm,44.51502021297347,mse,0.4163530304115152,False
daytime,439->252,1626,15,bezier_pgd,0.002776067005470395,mse,0.004110015110242975,False
daytime,439->252,1626,15,bezier_ipopt,6.477351857000031,mse,0.00013968409887465456,False
daytime,439->252,1626,15,bezier_nm,21.086553064989857,mse,0.2324516866167589,False
daytime,439->471,1626,15,bezier_pgd,0.002466557954903692,mse,0.010695773773067857,False
daytime,439->471,1626,15,bezier_ipopt,7.5900973759707995,mse,0.00010697153352110813,False
daytime,439->471,1626,15,bezier_nm,22.22022369300248,mse,0.2445972249249638,False
daytime,44->480,1626,15,bezier_pgd,0.0015243110246956348,mse,1.2913120487853317e-05,False
daytime,44->480,1626,15,bezier_ipopt,5.7966349049820565,mse,4.30070651466037e-06,False
daytime,44->480,1626,15,bezier_nm,31.40546835801797,mse,0.0001579380439575931,False
daytime,44->529,1626,15,bezier_pgd,0.0022170449956320226,mse,0.02321385640883768,False
daytime,44->529,1626,15,bezier_ipopt,,mse,,True
daytime,44->529,1626,15,bezier_nm,22.116565704985987,mse,0.26438049134092956,False
daytime,440->265,1626,15,bezier_pgd,0.0017079010140150785,mse,0.00023450682769885457,False
daytime,440->265,1626,15,bezier_ipopt,5.5812897379510105,mse,0.00010011570415156361,False
daytime,440->265,1626,15,bezier_nm,34.986695492989384,mse,0.002490653901120568,False
daytime,440->283,1626,15,bezier_pgd,0.00211215898161754,mse,0.03793802788746068,False
daytime,440->283,1626,15,bezier_ipopt,5.401513184013311,mse,0.00025475474347539295,False
daytime,440->283,1626,15,bezier_nm,21.53215032600565,mse,0.2853059731372198,False
daytime,440->285,1626,15,bezier_pgd,0.002185850986279547,mse,0.022164192976295887,False
daytime,440->285,1626,15,bezier_ipopt,,mse,,True
daytime,440->285,1626,15,bezier_nm,23.805045712040737,mse,0.4476889750888771,False
daytime,441->274,1626,15,bezier_pgd,0.003771112998947501,mse,0.047689453559834075,False
daytime,441->274,1626,15,bezier_ipopt,8.066290838003624,mse,0.00013693530594072575,False
daytime,441->274,1626,15,bezier_nm,25.55821744602872,mse,0.28840794226233274,False
daytime,441->332,1626,15,bezier_pgd,0.002395078947301954,mse,0.0076050874294690774,False
daytime,441->332,1626,15,bezier_ipopt,,mse,,True
daytime,441->332,1626,15,bezier_nm,23.456539769016672,mse,0.2251114082812242,False
daytime,441->535,1626,15,bezier_pgd,0.0052478540455922484,mse,0.014931540662274529,False
daytime,441->535,1626,15,bezier_ipopt,,mse,,True
daytime,441->535,1626,15,bezier_nm,23.038168140978087,mse,0.18614801359103805,False
daytime,442->372,1626,15,bezier_pgd,0.003152969991788268,mse,0.0018441421278592995,False
daytime,442->372,1626,15,bezier_ipopt,8.694851804990321,mse,0.0007142029424363409,False
daytime,442->372,1626,15,bezier_nm,23.671143709041644,mse,0.18402210463634572,False
daytime,442->428,1626,15,bezier_pgd,0.0022811740054748952,mse,0.004784694328762381,False
daytime,442->428,1626,15,bezier_ipopt,4.710171442013234,mse,0.00012596660304576993,False
daytime,442->428,1626,15,bezier_nm,22.126402501016855,mse,0.21675472836776455,False
daytime,442->445,1626,15,bezier_pgd,0.002609863004181534,mse,0.008293527375291081,False
daytime,442->445,1626,15,bezier_ipopt,5.962333403993398,mse,0.0001033254509637284,False
daytime,442->445,1626,15,bezier_nm,22.92398153396789,mse,0.25595613039988424,False
daytime,442->508,1626,15,bezier_pgd,0.0033970559597946703,mse,0.011158363753805542,False
daytime,442->508,1626,15,bezier_ipopt,,mse,,True
daytime,442->508,1626,15,bezier_nm,23.337301669991575,mse,0.26472371431705327,False
daytime,443->452,1626,15,bezier_pgd,0.001957368978764862,mse,0.01746516379539092,False
daytime,443->452,1626,15,bezier_ipopt,,mse,,True
daytime,443->452,1626,15,bezier_nm,22.309570939978585,mse,0.03602911780033695,False
daytime,443->461,1626,15,bezier_pgd,0.0022641720133833587,mse,0.01275808734610902,False
daytime,443->461,1626,15,bezier_ipopt,8.758050261007156,mse,7.350295054349109e-05,False
daytime,443->461,1626,15,bezier_nm,22.73689070797991,mse,0.23137763507348977,False
daytime,443->530,1626,15,bezier_pgd,0.0020285029895603657,mse,0.01390849584165723,False
daytime,443->530,1626,15,bezier_ipopt,,mse,,True
daytime,443->530,1626,15,bezier_nm,22.566288669011556,mse,0.3078094031301753,False
daytime,444->136,1626,15,bezier_pgd,0.002265234012156725,mse,0.004693594165835419,False
daytime,444->136,1626,15,bezier_ipopt,7.084308222983964,mse,0.00027827779920428907,False
daytime,444->136,1626,15,bezier_nm,24.319649145007133,mse,0.17421133020781046,False
daytime,444->270,1626,15,bezier_pgd,0.0024505469482392073,mse,0.014486806407335925,False
daytime,444->270,1626,15,bezier_ipopt,5.292382093030028,mse,0.0002760076985648859,False
daytime,444->270,1626,15,bezier_nm,21.94544025498908,mse,0.24926702273824447,False
daytime,444->352,1626,15,bezier_pgd,0.002239304012618959,mse,0.014007557951203103,False
daytime,444->352,1626,15,bezier_ipopt,6.554687742027454,mse,0.0001697844139798419,False
daytime,444->352,1626,15,bezier_nm,22.613495956000406,mse,0.23390377189086703,False
daytime,444->481,1626,15,bezier_pgd,0.002443687990307808,mse,0.0040087101329458735,False
daytime,444->481,1626,15,bezier_ipopt,9.473273393989075,mse,6.922733475045749e-05,False
daytime,444->481,1626,15,bezier_nm,21.95496781502152,mse,0.19356090833870707,False
daytime,445->442,1626,15,bezier_pgd,0.0022059850161895156,mse,0.004784694328762375,False
daytime,445->442,1626,15,bezier_ipopt,4.887635085033253,mse,0.00012596681343131382,False
daytime,445->442,1626,15,bezier_nm,22.169351992022712,mse,0.21586507158317342,False
daytime,445->446,1626,15,bezier_pgd,0.0024778280057944357,mse,0.020105202368418396,False
daytime,445->446,1626,15,bezier_ipopt,5.984014871006366,mse,0.0001577313052095675,False
daytime,445->446,1626,15,bezier_nm,22.661735151021276,mse,0.2668619035729575,False
daytime,445->515,1626,15,bezier_pgd,0.0021761729731224477,mse,0.005030465970006284,False
daytime,445->515,1626,15,bezier_ipopt,6.650559071043972,mse,9.048389003098959e-05,False
daytime,445->515,1626,15,bezier_nm,23.62747126299655,mse,0.06101327789261076,False
daytime,445->528,1626,15,bezier_pgd,0.002946823020465672,mse,0.008293527375291087,False
daytime,445->528,1626,15,bezier_ipopt,5.342623866978101,mse,0.00010332551934707231,False
daytime,445->528,1626,15,bezier_nm,22.27510791696841,mse,0.2559561250037887,False
daytime,446->24,1626,15,bezier_pgd,0.0020474480115808547,mse,0.018421871132022486,False
daytime,446->24,1626,15,bezier_ipopt,4.694332198007032,mse,8.643286146498481e-05,False
daytime,446->24,1626,15,bezier_nm,21.281910341989715,mse,0.23697136082386966,False
daytime,446->393,1626,15,bezier_pgd,0.0023909499868750572,mse,0.021733192329968735,False
daytime,446->393,1626,15,bezier_ipopt,5.552105595998,mse,0.00024265274095447653,False
daytime,446->393,1626,15,bezier_nm,21.885105440043844,mse,0.25979907864741275,False
daytime,446->445,1626,15,bezier_pgd,0.0037115460145287216,mse,0.005030465970006299,False
daytime,446->445,1626,15,bezier_ipopt,6.376270195993129,mse,9.048479274158446e-05,False
daytime,446->445,1626,15,bezier_nm,24.76341796905035,mse,0.06466215363831401,False
daytime,446->508,1626,15,bezier_pgd,0.0018697080085985363,mse,0.0030104614802944274,False
daytime,446->508,1626,15,bezier_ipopt,5.902724434970878,mse,8.01392825348566e-05,False
daytime,446->508,1626,15,bezier_nm,22.852981678035576,mse,0.12600755506003342,False
daytime,447->153,1626,15,bezier_pgd,0.003463455999735743,mse,0.006475093354262263,False
daytime,447->153,1626,15,bezier_ipopt,5.207032794016413,mse,0.00025528059915537184,False
daytime,447->153,1626,15,bezier_nm,24.407653357018717,mse,0.1661952311822493,False
daytime,447->327,1626,15,bezier_pgd,0.0024769859737716615,mse,0.0011316814874634108,False
daytime,447->327,1626,15,bezier_ipopt,5.481597354984842,mse,0.00013604933911414972,False
daytime,447->327,1626,15,bezier_nm,22.6786219010246,mse,0.17396394895328923,False
daytime,447->41,3252,15,bezier_pgd,0.002667360007762909,mse,2.459141553405194e-05,False
daytime,447->41,3252,15,bezier_ipopt,8.546779035008512,mse,3.0550567416743723e-06,False
daytime,447->41,3252,15,bezier_nm,66.46128228597809,mse,0.00013906123084454877,False
daytime,448->337,1626,15,bezier_pgd,0.002948691020719707,mse,0.04527252961828722,False
daytime,448->337,1626,15,bezier_ipopt,,mse,,True
daytime,448->337,1626,15,bezier_nm,20.96528127999045,mse,0.29107742502707423,False
daytime,448->449,1626,15,bezier_pgd,0.0015997959999367595,mse,1.953038824940591e-05,False
daytime,448->449,1626,15,bezier_ipopt,4.899462934001349,mse,6.796576309474002e-06,False
daytime,448->449,1626,15,bezier_nm,30.378286790044513,mse,0.0005724948372397889,False
daytime,448->45,1626,15,bezier_pgd,0.0015451480285264552,mse,1.4578203638022475e-05,False
daytime,448->45,1626,15,bezier_ipopt,6.053618805948645,mse,4.983026041525835e-06,False
daytime,448->45,1626,15,bezier_nm,31.23378720000619,mse,0.0007579055162653503,False
daytime,448->93,1626,15,bezier_pgd,0.0013847789959982038,mse,7.088988224937154e-06,False
daytime,448->93,1626,15,bezier_ipopt,4.949353086994961,mse,3.1595532288801104e-06,False
daytime,448->93,1626,15,bezier_nm,31.389040212030523,mse,0.0001498039817862956,False
daytime,449->422,1626,15,bezier_pgd,0.001574127993080765,mse,2.8728582156453916e-05,False
daytime,449->422,1626,15,bezier_ipopt,5.480491770023946,mse,4.227225348050988e-06,False
daytime,449->422,1626,15,bezier_nm,31.521803680981975,mse,0.0006412895526728723,False
daytime,449->448,1626,15,bezier_pgd,0.002063510997686535,mse,0.3230697562375533,False
daytime,449->448,1626,15,bezier_ipopt,4.781955053971615,mse,7.683724356900086e-05,False
daytime,449->448,1626,15,bezier_nm,23.015244256006554,mse,0.6062285453959522,False
daytime,449->49,1626,15,bezier_pgd,0.0015798399690538645,mse,8.838695790520082e-06,False
daytime,449->49,1626,15,bezier_ipopt,4.936858205997851,mse,4.704902538480419e-06,False
daytime,449->49,1626,15,bezier_nm,31.365547679015435,mse,0.000529093644815245,False
daytime,449->57,1626,15,bezier_pgd,0.001950625970494002,mse,2.925295677451044e-05,False
daytime,449->57,1626,15,bezier_ipopt,5.217865795013495,mse,6.0849921523585165e-06,False
daytime,449->57,1626,15,bezier_nm,31.22645342897158,mse,0.0006983898298813398,False
daytime,45->448,1626,15,bezier_pgd,0.002276275015901774,mse,2.8401256351568687e-05,False
daytime,45->448,1626,15,bezier_ipopt,6.026319697033614,mse,4.517589707596213e-06,False
daytime,45->448,1626,15,bezier_nm,30.71213463699678,mse,0.0006288213621777778,False
daytime,45->61,1626,15,bezier_pgd,0.002223549992777407,mse,2.2268183375029538e-05,False
daytime,45->61,1626,15,bezier_ipopt,6.96240828698501,mse,6.3223869082573025e-06,False
daytime,45->61,1626,15,bezier_nm,29.792561318026856,mse,0.0006318792753670009,False
daytime,450->130,1626,15,bezier_pgd,0.0027357600047253072,mse,0.11611715520435056,False
daytime,450->130,1626,15,bezier_ipopt,,mse,,True
daytime,450->130,1626,15,bezier_nm,19.716475055960473,mse,0.3064804919106169,False
daytime,450->414,1626,15,bezier_pgd,0.0037955870502628386,mse,0.0010309698738422905,False
daytime,450->414,1626,15,bezier_ipopt,5.957669332972728,mse,0.00017982476136361875,False
daytime,450->414,1626,15,bezier_nm,25.449168734019622,mse,0.14268680193765032,False
daytime,450->60,1626,15,bezier_pgd,0.0016152460011653602,mse,2.162591224444085e-05,False
daytime,450->60,1626,15,bezier_ipopt,5.335821904009208,mse,1.2344811364666956e-05,False
daytime,450->60,1626,15,bezier_nm,33.46765994804446,mse,0.0001069723267044754,False
daytime,450->66,1626,15,bezier_pgd,0.002523946051951498,mse,2.6960797624014376e-05,False
daytime,450->66,1626,15,bezier_ipopt,5.446410455973819,mse,4.586920925354519e-06,False
daytime,450->66,1626,15,bezier_nm,34.9627692210488,mse,0.0001078400089199484,False
daytime,451->16,1626,15,bezier_pgd,0.0016123459790833294,mse,1.1779364950339038e-05,False
daytime,451->16,1626,15,bezier_ipopt,4.688180894008838,mse,6.8728538195683745e-06,False
daytime,451->16,1626,15,bezier_nm,34.145463620021474,mse,0.0001190693555904711,False
daytime,451->224,1626,15,bezier_pgd,0.0025061790365725756,mse,0.02240162860254773,False
daytime,451->224,1626,15,bezier_ipopt,6.458351423963904,mse,0.0002885084967859871,False
daytime,451->224,1626,15,bezier_nm,21.762865124968812,mse,0.26189504994637675,False
daytime,451->247,1626,15,bezier_pgd,0.002183493983466178,mse,0.0033773949637638506,False
daytime,451->247,1626,15,bezier_ipopt,5.662126149050891,mse,0.00023322175746094714,False
daytime,451->247,1626,15,bezier_nm,23.051801320980303,mse,0.16079167193617375,False
daytime,451->417,1626,15,bezier_pgd,0.0015488200006075203,mse,1.2070418433209757e-05,False
daytime,451->417,1626,15,bezier_ipopt,4.276571527996566,mse,6.256580305486188e-06,False
daytime,451->417,1626,15,bezier_nm,30.81640350498492,mse,9.145830216659638e-05,False
daytime,452->172,1626,15,bezier_pgd,0.002391123038250953,mse,0.007858799312617052,False
daytime,452->172,1626,15,bezier_ipopt,,mse,,True
daytime,452->172,1626,15,bezier_nm,21.8918514540419,mse,0.21304314959354193,False
daytime,452->387,1626,15,bezier_pgd,0.0025760679855011404,mse,0.000846009806553883,False
daytime,452->387,1626,15,bezier_ipopt,5.967426568036899,mse,0.00013765751764673926,False
daytime,452->387,1626,15,bezier_nm,23.857833854970522,mse,0.0858509630688983,False
daytime,452->436,1626,15,bezier_pgd,0.0016902330098673701,mse,2.544243151257767e-05,False
daytime,452->436,1626,15,bezier_ipopt,6.134350814973004,mse,7.925292484468837e-06,False
daytime,452->436,1626,15,bezier_nm,32.60307443398051,mse,0.00013889344533115066,False
daytime,452->443,1626,15,bezier_pgd,0.001979157968889922,mse,0.013908495841657237,False
daytime,452->443,1626,15,bezier_ipopt,,mse,,True
daytime,452->443,1626,15,bezier_nm,21.797429708996788,mse,0.308837510516066,False
daytime,453->124,1626,15,bezier_pgd,0.0025541700306348503,mse,0.007464247182699637,False
daytime,453->124,1626,15,bezier_ipopt,5.761373040033504,mse,0.00013931308187277542,False
daytime,453->124,1626,15,bezier_nm,24.380882130993996,mse,0.23576540815382527,False
daytime,453->226,1626,15,bezier_pgd,0.0024898400297388434,mse,0.010506841562377347,False
daytime,453->226,1626,15,bezier_ipopt,4.930744273005985,mse,0.0001571026296484606,False
daytime,453->226,1626,15,bezier_nm,21.61661762103904,mse,0.2456750313148532,False
daytime,453->277,1626,15,bezier_pgd,0.0025054190191440284,mse,0.010786443836721801,False
daytime,453->277,1626,15,bezier_ipopt,7.900201115000527,mse,9.113232597562402e-05,False
daytime,453->277,1626,15,bezier_nm,22.79904857900692,mse,0.23455799661004723,False
daytime,453->81,1626,15,bezier_pgd,0.0015782020054757595,mse,1.3134298099371647e-05,False
daytime,453->81,1626,15,bezier_ipopt,5.31220772099914,mse,4.779900112939817e-06,False
daytime,453->81,1626,15,bezier_nm,30.060057390015572,mse,6.830627904889453e-05,False
daytime,454->187,1626,15,bezier_pgd,0.0027593180420808494,mse,0.0008479726187546397,False
daytime,454->187,1626,15,bezier_ipopt,5.880802497034892,mse,0.00011714706560858896,False
daytime,454->187,1626,15,bezier_nm,22.82509369798936,mse,0.17236860074846927,False
daytime,454->357,1626,15,bezier_pgd,0.0024665360106155276,mse,0.0021377907950324267,False
daytime,454->357,1626,15,bezier_ipopt,,mse,,True
daytime,454->357,1626,15,bezier_nm,23.981953939946834,mse,0.17804167147200517,False
daytime,454->374,1626,15,bezier_pgd,0.0022257280070334673,mse,0.0011515353973554447,False
daytime,454->374,1626,15,bezier_ipopt,6.784238911990542,mse,0.00016951569136927842,False
daytime,454->374,1626,15,bezier_nm,24.52452172600897,mse,0.09012562787825504,False
daytime,454->4,1626,15,bezier_pgd,0.0015855380333960056,mse,2.9236211471188084e-05,False
daytime,454->4,1626,15,bezier_ipopt,4.468815525004175,mse,1.1314208800242886e-05,False
daytime,454->4,1626,15,bezier_nm,31.15476998500526,mse,0.0003139662764670906,False
daytime,455->324,1626,15,bezier_pgd,0.002543351030908525,mse,0.013646294804677626,False
daytime,455->324,1626,15,bezier_ipopt,4.783389704010915,mse,0.00020069898646471658,False
daytime,455->324,1626,15,bezier_nm,22.777765033999458,mse,0.2661255954827992,False
daytime,455->431,1626,15,bezier_pgd,0.001715900027193129,mse,2.1174893984416728e-05,False
daytime,455->431,1626,15,bezier_ipopt,5.3289686649804935,mse,3.761475319864269e-06,False
daytime,455->431,1626,15,bezier_nm,30.974141959042754,mse,0.0002492299188400415,False
daytime,455->496,1626,15,bezier_pgd,0.0020821550278924406,mse,0.0010770738232094314,False
daytime,455->496,1626,15,bezier_ipopt,5.1233525950228795,mse,0.0002430911874676514,False
daytime,455->496,1626,15,bezier_nm,25.71459012699779,mse,0.12511431264474707,False
daytime,455->98,1626,15,bezier_pgd,0.0016062439535744488,mse,1.9158067513441454e-05,False
daytime,455->98,1626,15,bezier_ipopt,7.707994230964687,mse,6.2801882330154825e-06,False
daytime,455->98,1626,15,bezier_nm,30.72788187797414,mse,0.0006192701676717399,False
daytime,456->238,1626,15,bezier_pgd,0.0020997709943912923,mse,0.011887533029447261,False
daytime,456->238,1626,15,bezier_ipopt,6.251150949043222,mse,8.657030265929715e-05,False
daytime,456->238,1626,15,bezier_nm,23.267476013978012,mse,0.26876204040639234,False
daytime,456->347,1626,15,bezier_pgd,0.0023785639787092805,mse,0.007401364591996274,False
daytime,456->347,1626,15,bezier_ipopt,8.601306447992101,mse,0.00015023531700929964,False
daytime,456->347,1626,15,bezier_nm,23.005543477018364,mse,0.2270871672505203,False
daytime,456->98,1626,15,bezier_pgd,0.0015223959926515818,mse,1.371184344621065e-05,False
daytime,456->98,1626,15,bezier_ipopt,6.5615188899682835,mse,6.1327896554271446e-06,False
daytime,456->98,1626,15,bezier_nm,29.856826867035124,mse,0.0006856437919322541,False
daytime,456->99,1626,15,bezier_pgd,0.0015663749654777348,mse,1.2927069936905957e-05,False
daytime,456->99,1626,15,bezier_ipopt,5.427242993959226,mse,4.474742576100604e-06,False
daytime,456->99,1626,15,bezier_nm,28.6894626240246,mse,0.000548847995997903,False
daytime,457->101,1626,15,bezier_pgd,0.0014669279917143285,mse,1.570551040652026e-05,False
daytime,457->101,1626,15,bezier_ipopt,6.031632172991522,mse,5.777270006736956e-06,False
daytime,457->101,1626,15,bezier_nm,28.33266131801065,mse,0.0004789646209083099,False
daytime,457->131,1626,15,bezier_pgd,0.002474179957062006,mse,0.013527511514390564,False
daytime,457->131,1626,15,bezier_ipopt,5.794544725038577,mse,0.00022500643288399412,False
daytime,457->131,1626,15,bezier_nm,21.38425061799353,mse,0.24221680215551125,False
daytime,457->481,1626,15,bezier_pgd,0.0028867459623143077,mse,0.004827713251271427,False
daytime,457->481,1626,15,bezier_ipopt,10.514628979959525,mse,8.338505644487234e-05,False
daytime,457->481,1626,15,bezier_nm,22.907555892015807,mse,0.24956630459448081,False
daytime,457->524,1626,15,bezier_pgd,0.0015120009775273502,mse,2.3830067933141003e-05,False
daytime,457->524,1626,15,bezier_ipopt,6.541539926955011,mse,1.0292912688491643e-05,False
daytime,457->524,1626,15,bezier_nm,30.211749656999018,mse,0.00020992437813824273,False
daytime,458->19,1626,15,bezier_pgd,0.0015869369963184,mse,2.3278116837776314e-05,False
daytime,458->19,1626,15,bezier_ipopt,5.526519234990701,mse,7.378993488779947e-06,False
daytime,458->19,1626,15,bezier_nm,34.765419637958985,mse,0.00011814606134306442,False
daytime,458->295,1626,15,bezier_pgd,0.002863050962332636,mse,0.007494329186409342,False
daytime,458->295,1626,15,bezier_ipopt,,mse,,True
daytime,458->295,1626,15,bezier_nm,24.449293173965998,mse,0.13695954933777685,False
daytime,458->314,1626,15,bezier_pgd,0.002639101992826909,mse,0.001193453055624365,False
daytime,458->314,1626,15,bezier_ipopt,,mse,,True
daytime,458->314,1626,15,bezier_nm,27.594076493987814,mse,0.16774218476213093,False
daytime,458->506,1626,15,bezier_pgd,0.003554091032128781,mse,0.011212989580399634,False
daytime,458->506,1626,15,bezier_ipopt,,mse,,True
daytime,458->506,1626,15,bezier_nm,22.558829124027397,mse,0.2768750231617881,False
daytime,459->115,1626,15,bezier_pgd,0.002377331955358386,mse,0.0008461844604123843,False
daytime,459->115,1626,15,bezier_ipopt,,mse,,True
daytime,459->115,1626,15,bezier_nm,23.804717888007872,mse,0.1175032318868795,False
daytime,459->295,1626,15,bezier_pgd,0.002211606944911182,mse,0.004420987184315318,False
daytime,459->295,1626,15,bezier_ipopt,6.95023262599716,mse,0.00022434898418014884,False
daytime,459->295,1626,15,bezier_nm,25.24942397198174,mse,0.1523596064369328,False
daytime,459->395,1626,15,bezier_pgd,0.002057009027339518,mse,0.019468561877039638,False
daytime,459->395,1626,15,bezier_ipopt,6.1507651539868675,mse,0.00011960219591078476,False
daytime,459->395,1626,15,bezier_nm,21.961816631024703,mse,0.2877965050468356,False
daytime,459->469,1626,15,bezier_pgd,0.0025559260393492877,mse,0.002897746163069649,False
daytime,459->469,1626,15,bezier_ipopt,34.98890306899557,mse,0.00028021613113436255,False
daytime,459->469,1626,15,bezier_nm,27.13697723299265,mse,0.18018690407085677,False
daytime,46->47,1626,15,bezier_pgd,0.0014335279702208936,mse,1.8025851343308558e-05,False
daytime,46->47,1626,15,bezier_ipopt,8.141906297998503,mse,6.813483647797025e-06,False
daytime,46->47,1626,15,bezier_nm,29.921040521003306,mse,0.000552052962368208,False
daytime,46->75,1626,15,bezier_pgd,0.001588321989402175,mse,2.0831288033080735e-05,False
daytime,46->75,1626,15,bezier_ipopt,5.256081101018935,mse,4.327380248927287e-06,False
daytime,46->75,1626,15,bezier_nm,30.315750139998272,mse,0.0007500805437472533,False
daytime,460->117,1626,15,bezier_pgd,0.0023565180017612875,mse,0.015030978880122458,False
daytime,460->117,1626,15,bezier_ipopt,6.161678585049231,mse,0.00017566304379042655,False
daytime,460->117,1626,15,bezier_nm,22.38180384604493,mse,0.270110317158888,False
daytime,460->248,1626,15,bezier_pgd,0.0020070940372534096,mse,0.0004495826899907317,False
daytime,460->248,1626,15,bezier_ipopt,,mse,,True
daytime,460->248,1626,15,bezier_nm,24.285027464968152,mse,0.0828261122392978,False
daytime,460->279,1626,15,bezier_pgd,0.004624957975465804,mse,0.010461829085638785,False
daytime,460->279,1626,15,bezier_ipopt,6.058243198029231,mse,0.00014423937770810652,False
daytime,460->279,1626,15,bezier_nm,23.062767151976004,mse,0.24187535446602199,False
daytime,460->306,1626,15,bezier_pgd,0.0022115500178188086,mse,0.0005536747040257862,False
daytime,460->306,1626,15,bezier_ipopt,6.185338762996253,mse,0.0001468921145736997,False
daytime,460->306,1626,15,bezier_nm,24.758081266016234,mse,0.09065881126013871,False
daytime,461->20,1626,15,bezier_pgd,0.0019432749832049012,mse,0.000782311421814704,False
daytime,461->20,1626,15,bezier_ipopt,6.80017099698307,mse,8.797661202316347e-05,False
daytime,461->20,1626,15,bezier_nm,24.804899744980503,mse,0.07175031114278667,False
daytime,461->523,1626,15,bezier_pgd,0.002832890022546053,mse,0.004480200616284181,False
daytime,461->523,1626,15,bezier_ipopt,,mse,,True
daytime,461->523,1626,15,bezier_nm,23.534686136001255,mse,0.24640260883060816,False
daytime,462->120,1626,15,bezier_pgd,0.0019140419899486005,mse,0.0004775578834658702,False
daytime,462->120,1626,15,bezier_ipopt,6.712816284969449,mse,0.00016576762770056255,False
daytime,462->120,1626,15,bezier_nm,23.590534268005285,mse,0.0638140358031431,False
daytime,462->310,1626,15,bezier_pgd,0.0022331199725158513,mse,0.00036527493512207977,False
daytime,462->310,1626,15,bezier_ipopt,6.5556729509844445,mse,0.00014369491371318946,False
daytime,462->310,1626,15,bezier_nm,23.360237179032993,mse,0.11970117649515824,False
daytime,462->368,1626,15,bezier_pgd,0.0027561630122363567,mse,0.01713590148161937,False
daytime,462->368,1626,15,bezier_ipopt,7.199492183979601,mse,0.00020121566986538655,False
daytime,462->368,1626,15,bezier_nm,22.207015723979566,mse,0.2662546451002007,False
daytime,462->404,1626,15,bezier_pgd,0.002467667974997312,mse,0.003312408319661093,False
daytime,462->404,1626,15,bezier_ipopt,7.762616239022464,mse,0.00015508399030489444,False
daytime,462->404,1626,15,bezier_nm,24.70016697101528,mse,0.18100911835948025,False
daytime,463->123,1626,15,bezier_pgd,0.002645897038746625,mse,0.01000795919751772,False
daytime,463->123,1626,15,bezier_ipopt,9.087461800023448,mse,0.00023400374978303843,False
daytime,463->123,1626,15,bezier_nm,22.512725730019156,mse,0.22798512802456491,False
daytime,463->309,1626,15,bezier_pgd,0.0028277329984121025,mse,0.008051965082782109,False
daytime,463->309,1626,15,bezier_ipopt,5.886704949021805,mse,0.00012784403127247954,False
daytime,463->309,1626,15,bezier_nm,21.346696821041405,mse,0.2535378397381905,False
daytime,463->359,1626,15,bezier_pgd,0.0027474890230223536,mse,0.00039396486226379233,False
daytime,463->359,1626,15,bezier_ipopt,6.8076321330154315,mse,0.0001689859885407073,False
daytime,463->359,1626,15,bezier_nm,23.248799538996536,mse,0.08932759220890198,False
daytime,463->402,1626,15,bezier_pgd,0.003474390017800033,mse,0.0017269117592554574,False
daytime,463->402,1626,15,bezier_ipopt,8.544564881012775,mse,0.000135806033329823,False
daytime,463->402,1626,15,bezier_nm,23.059828219993506,mse,0.143324609234021,False
daytime,464->126,1626,15,bezier_pgd,0.0019168980070389807,mse,0.005252799683918439,False
daytime,464->126,1626,15,bezier_ipopt,7.379057660989929,mse,0.00016035536512492042,False
daytime,464->126,1626,15,bezier_nm,23.772153824043926,mse,0.1364754268903523,False
daytime,464->162,1626,15,bezier_pgd,0.002407710999250412,mse,0.01698352970289813,False
daytime,464->162,1626,15,bezier_ipopt,7.951277538959403,mse,7.960989673731775e-05,False
daytime,464->162,1626,15,bezier_nm,22.143560560012702,mse,0.24236250828208278,False
daytime,464->342,1626,15,bezier_pgd,0.002759902970865369,mse,0.0141217784392424,False
daytime,464->342,1626,15,bezier_ipopt,6.016494392009918,mse,0.0001973485132082563,False
daytime,464->342,1626,15,bezier_nm,22.641054949956015,mse,0.2550884740346828,False
daytime,464->378,1626,15,bezier_pgd,0.003602929995395243,mse,0.013309066181193416,False
daytime,464->378,1626,15,bezier_ipopt,6.309017719002441,mse,0.00012001958961822885,False
daytime,464->378,1626,15,bezier_nm,21.80837317899568,mse,0.26794101868410314,False
daytime,465->128,1626,15,bezier_pgd,0.0023818929912522435,mse,0.0025763304978060285,False
daytime,465->128,1626,15,bezier_ipopt,6.33826993504772,mse,0.00013471005208401886,False
daytime,465->128,1626,15,bezier_nm,27.013313282979652,mse,0.19118794796418043,False
daytime,465->273,1626,15,bezier_pgd,0.0025528440019115806,mse,0.009039566822665783,False
daytime,465->273,1626,15,bezier_ipopt,,mse,,True
daytime,465->273,1626,15,bezier_nm,26.56079380499432,mse,0.2339859634784417,False
daytime,465->298,1626,15,bezier_pgd,0.0020731710246764123,mse,0.03884459876808533,False
daytime,465->298,1626,15,bezier_ipopt,76.18814241699874,mse,0.0006554467722326136,False
daytime,465->298,1626,15,bezier_nm,21.619636095012538,mse,0.2825302561585235,False
daytime,465->362,1626,15,bezier_pgd,0.0019830180099233985,mse,0.0054620328244540895,False
daytime,465->362,1626,15,bezier_ipopt,5.623676632007118,mse,0.0001660571429910801,False
daytime,465->362,1626,15,bezier_nm,22.42444779694779,mse,0.15015825774773364,False
daytime,466->137,1626,15,bezier_pgd,0.0032293549738824368,mse,0.00019852685542070682,False
daytime,466->137,1626,15,bezier_ipopt,5.791612013999838,mse,0.000134613929644932,False
daytime,466->137,1626,15,bezier_nm,23.073847187974025,mse,0.04363691752249137,False
daytime,466->331,1626,15,bezier_pgd,0.0033408079762011766,mse,0.02187383120960606,False
daytime,466->331,1626,15,bezier_ipopt,5.076905480993446,mse,0.00013936892155903425,False
daytime,466->331,1626,15,bezier_nm,21.440605304960627,mse,0.2859487485070734,False
daytime,466->336,1626,15,bezier_pgd,0.0025745800230652094,mse,0.02499307694742946,False
daytime,466->336,1626,15,bezier_ipopt,7.359481931955088,mse,0.0002737597258198521,False
daytime,466->336,1626,15,bezier_nm,21.730059880006593,mse,0.26159698242355645,False
daytime,466->339,1626,15,bezier_pgd,0.0017446349957026541,mse,0.0002563748755991827,False
daytime,466->339,1626,15,bezier_ipopt,5.245293001993559,mse,0.00012963284048834415,False
daytime,466->339,1626,15,bezier_nm,33.82868409802904,mse,0.004515436104513028,False
daytime,467->138,1626,15,bezier_pgd,0.003262413025368005,mse,0.054473016242194194,False
daytime,467->138,1626,15,bezier_ipopt,,mse,,True
daytime,467->138,1626,15,bezier_nm,27.25884995702654,mse,0.2563543185568131,False
daytime,467->337,1626,15,bezier_pgd,0.003653027000837028,mse,0.035500375207108296,False
daytime,467->337,1626,15,bezier_ipopt,7.6969154959660955,mse,0.00012721246506511492,False
daytime,467->337,1626,15,bezier_nm,22.28839700901881,mse,0.2874242731409875,False
daytime,467->339,1626,15,bezier_pgd,0.00215230998583138,mse,0.000494941423075429,False
daytime,467->339,1626,15,bezier_ipopt,5.087101251003332,mse,0.0002148618090093726,False
daytime,467->339,1626,15,bezier_nm,24.473441624024417,mse,0.0632949570162097,False
daytime,467->349,1626,15,bezier_pgd,0.0033580769668333232,mse,0.00434450355679885,False
daytime,467->349,1626,15,bezier_ipopt,,mse,,True
daytime,467->349,1626,15,bezier_nm,22.884072111046407,mse,0.143115186611284,False
daytime,468->139,1626,15,bezier_pgd,0.0024617540184408426,mse,0.01742185838225375,False
daytime,468->139,1626,15,bezier_ipopt,,mse,,True
daytime,468->139,1626,15,bezier_nm,22.86274463002337,mse,0.2792263252269453,False
daytime,468->264,1626,15,bezier_pgd,0.004601587017532438,mse,0.0013729847189018808,False
daytime,468->264,1626,15,bezier_ipopt,5.804199234989937,mse,0.0001453601567002965,False
daytime,468->264,1626,15,bezier_nm,25.64899328100728,mse,0.17619052708137597,False
daytime,468->286,1626,15,bezier_pgd,0.0019732669461518526,mse,0.0003390234063778258,False
daytime,468->286,1626,15,bezier_ipopt,14.853846748010255,mse,0.00019644853012782228,False
daytime,468->286,1626,15,bezier_nm,23.676493579987437,mse,0.04397946052447881,False
daytime,468->346,1626,15,bezier_pgd,0.0026351329870522022,mse,0.013847076667036981,False
daytime,468->346,1626,15,bezier_ipopt,5.71025083999848,mse,0.00014167147739091972,False
daytime,468->346,1626,15,bezier_nm,22.090929778001737,mse,0.2609163806315778,False
daytime,469->140,1626,15,bezier_pgd,0.0020665390184149146,mse,0.025172083264742587,False
daytime,469->140,1626,15,bezier_ipopt,5.735133078007493,mse,0.0002029749971688628,False
daytime,469->140,1626,15,bezier_nm,23.050831745029427,mse,0.2921945496657162,False
daytime,469->156,1626,15,bezier_pgd,0.00208976399153471,mse,0.02685998902669219,False
daytime,469->156,1626,15,bezier_ipopt,7.979168556979857,mse,0.00021591768833452196,False
daytime,469->156,1626,15,bezier_nm,21.994460395013448,mse,0.2874647876598726,False
daytime,469->211,1626,15,bezier_pgd,0.002185833000112325,mse,0.003244105163525166,False
daytime,469->211,1626,15,bezier_ipopt,7.693463862990029,mse,0.00024269264652089777,False
daytime,469->211,1626,15,bezier_nm,23.714380772027653,mse,0.14017890490343757,False
daytime,469->459,1626,15,bezier_pgd,0.002623165026307106,mse,0.008283291576852373,False
daytime,469->459,1626,15,bezier_ipopt,5.478802379977424,mse,0.00016869175202428302,False
daytime,469->459,1626,15,bezier_nm,23.592930476996116,mse,0.2161388389206437,False
daytime,47->46,1626,15,bezier_pgd,0.0021260009962134063,mse,1.3862517776290192e-05,False
daytime,47->46,1626,15,bezier_ipopt,5.757306427985895,mse,8.676797508206897e-06,False
daytime,47->46,1626,15,bezier_nm,30.957538994029164,mse,0.0005148964304102391,False
daytime,47->48,1626,15,bezier_pgd,0.0021586339571513236,mse,1.0454214148486555e-05,False
daytime,47->48,1626,15,bezier_ipopt,3.736195723002311,mse,6.461313708026598e-06,False
daytime,47->48,1626,15,bezier_nm,30.18506749899825,mse,0.00020603673996033933,False
daytime,470->142,1626,15,bezier_pgd,0.0020198309794068336,mse,0.0169947414580737,False
daytime,470->142,1626,15,bezier_ipopt,5.809951288043521,mse,0.00015060800938992405,False
daytime,470->142,1626,15,bezier_nm,22.057663426036015,mse,0.2751005945351728,False
daytime,470->154,1626,15,bezier_pgd,0.0023972109775058925,mse,0.0005646412275774137,False
daytime,470->154,1626,15,bezier_ipopt,,mse,,True
daytime,470->154,1626,15,bezier_nm,24.61540995602263,mse,0.14115338757934387,False
daytime,470->235,1626,15,bezier_pgd,0.0020693690166808665,mse,0.004682607830715169,False
daytime,470->235,1626,15,bezier_ipopt,,mse,,True
daytime,470->235,1626,15,bezier_nm,23.365546478016768,mse,0.1445857841050477,False
daytime,470->509,1626,15,bezier_pgd,0.004067243018653244,mse,0.0032502393567277305,False
daytime,470->509,1626,15,bezier_ipopt,6.240895017981529,mse,7.887603665882385e-05,False
daytime,470->509,1626,15,bezier_nm,22.03896859101951,mse,0.2107111586929197,False
daytime,471->127,1626,15,bezier_pgd,0.002332253963686526,mse,0.006507616838959331,False
daytime,471->127,1626,15,bezier_ipopt,6.780052520975005,mse,0.00017545261093179494,False
daytime,471->127,1626,15,bezier_nm,22.620100580970757,mse,0.21953983124945584,False
daytime,471->228,1626,15,bezier_pgd,0.004173722991254181,mse,0.01808486586608979,False
daytime,471->228,1626,15,bezier_ipopt,5.952271415968426,mse,0.00019190397762874157,False
daytime,471->228,1626,15,bezier_nm,21.907920608995482,mse,0.26461004277724975,False
daytime,471->393,1626,15,bezier_pgd,0.0016866850201040506,mse,0.00039451737431597236,False
daytime,471->393,1626,15,bezier_ipopt,11.061150689027272,mse,0.00011220935084714286,False
daytime,471->393,1626,15,bezier_nm,24.549684695957694,mse,0.020416254870180346,False
daytime,471->439,1626,15,bezier_pgd,0.0024301509838551283,mse,0.00762909376274983,False
daytime,471->439,1626,15,bezier_ipopt,5.75213217001874,mse,0.00015669829225901485,False
daytime,471->439,1626,15,bezier_nm,23.040778007009067,mse,0.2370019278833088,False
daytime,472->148,1626,15,bezier_pgd,0.0027274840394966304,mse,0.0003581723003640881,False
daytime,472->148,1626,15,bezier_ipopt,5.771236848959234,mse,0.0001610907869759784,False
daytime,472->148,1626,15,bezier_nm,24.775937677011825,mse,0.1306930732811264,False
daytime,472->191,1626,15,bezier_pgd,0.0020206220215186477,mse,0.029453125535424195,False
daytime,472->191,1626,15,bezier_ipopt,7.436160812037997,mse,0.00015081813182667148,False
daytime,472->191,1626,15,bezier_nm,22.342811912996694,mse,0.29322567609252814,False
daytime,472->204,1626,15,bezier_pgd,0.0029611639911308885,mse,0.0007875747582364774,False
daytime,472->204,1626,15,bezier_ipopt,,mse,,True
daytime,472->204,1626,15,bezier_nm,26.893767311004922,mse,0.08992252596859453,False
daytime,472->243,1626,15,bezier_pgd,0.0026933199842460454,mse,0.030283384572245775,False
daytime,472->243,1626,15,bezier_ipopt,7.127007317030802,mse,0.00019428114041335258,False
daytime,472->243,1626,15,bezier_nm,21.685772957047448,mse,0.29567650974187704,False
daytime,473->151,1626,15,bezier_pgd,0.002644795982632786,mse,0.014396312866338667,False
daytime,473->151,1626,15,bezier_ipopt,6.60318074002862,mse,0.00018480599640795692,False
daytime,473->151,1626,15,bezier_nm,22.510615099978168,mse,0.27031079074047176,False
daytime,473->244,1626,15,bezier_pgd,0.002107359003275633,mse,0.0007311760453671983,False
daytime,473->244,1626,15,bezier_ipopt,6.873238566040527,mse,0.0002167187010218743,False
daytime,473->244,1626,15,bezier_nm,24.05567474500276,mse,0.05172102932919051,False
daytime,473->258,1626,15,bezier_pgd,0.002145881997421384,mse,0.0007053391313556192,False
daytime,473->258,1626,15,bezier_ipopt,6.270308832987212,mse,0.00018676711119604826,False
daytime,473->258,1626,15,bezier_nm,23.441762896021828,mse,0.09530273647389768,False
daytime,473->260,1626,15,bezier_pgd,0.0038381320191547275,mse,0.014359374325345654,False
daytime,473->260,1626,15,bezier_ipopt,5.787757274985779,mse,0.0002422062151006089,False
daytime,473->260,1626,15,bezier_nm,22.994312132999767,mse,0.23864913166359816,False
daytime,474->153,1626,15,bezier_pgd,0.0022617470240220428,mse,0.005557101982597434,False
daytime,474->153,1626,15,bezier_ipopt,6.212944043043535,mse,0.00015544596597816325,False
daytime,474->153,1626,15,bezier_nm,24.852357178984676,mse,0.1903013900065464,False
daytime,474->235,1626,15,bezier_pgd,0.004146720049902797,mse,0.020007561522960304,False
daytime,474->235,1626,15,bezier_ipopt,5.29288079298567,mse,0.00023757772851490833,False
daytime,474->235,1626,15,bezier_nm,21.934838142013177,mse,0.2643851927665558,False
daytime,474->258,1626,15,bezier_pgd,0.002443175995722413,mse,0.015611238387101009,False
daytime,474->258,1626,15,bezier_ipopt,8.207186740997713,mse,0.00022208949121399292,False
daytime,474->258,1626,15,bezier_nm,23.6947031179443,mse,0.25450270247634715,False
daytime,474->416,1626,15,bezier_pgd,0.002435085945762694,mse,0.012366428082653726,False
daytime,474->416,1626,15,bezier_ipopt,5.506162602978293,mse,0.00015751330149737022,False
daytime,474->416,1626,15,bezier_nm,21.601230647997,mse,0.24896859095173193,False
daytime,475->194,1626,15,bezier_pgd,0.002448241983074695,mse,0.010413750409282375,False
daytime,475->194,1626,15,bezier_ipopt,5.3806791650131345,mse,0.0001358890026199395,False
daytime,475->194,1626,15,bezier_nm,22.321767164976336,mse,0.2476331373750856,False
daytime,475->256,1626,15,bezier_pgd,0.0019733140361495316,mse,0.0011929442620461999,False
daytime,475->256,1626,15,bezier_ipopt,5.8055888210074045,mse,0.00031642226824621567,False
daytime,475->256,1626,15,bezier_nm,24.774386928009335,mse,0.10921588591376018,False
daytime,475->387,1626,15,bezier_pgd,0.0019867699593305588,mse,0.015841870683972914,False
daytime,475->387,1626,15,bezier_ipopt,5.351752905000467,mse,0.00015801841899385594,False
daytime,475->387,1626,15,bezier_nm,24.303380445984658,mse,0.2246750556993716,False
daytime,475->436,1626,15,bezier_pgd,0.0023983640130609274,mse,0.000416189122622406,False
daytime,475->436,1626,15,bezier_ipopt,6.612985006009694,mse,0.00017697907083966398,False
daytime,475->436,1626,15,bezier_nm,25.09611414599931,mse,0.13194859407969306,False
daytime,476->157,1626,15,bezier_pgd,0.004438642994500697,mse,0.001847005979076114,False
daytime,476->157,1626,15,bezier_ipopt,63.043194950034376,mse,0.0003773084150748663,False
daytime,476->157,1626,15,bezier_nm,23.194711933960207,mse,0.16318345667871526,False
daytime,476->171,1626,15,bezier_pgd,0.0026154409861192107,mse,0.0005060033610803714,False
daytime,476->171,1626,15,bezier_ipopt,5.805410139961168,mse,0.0001626304052504878,False
daytime,476->171,1626,15,bezier_nm,23.82784588902723,mse,0.10406353953382287,False
daytime,476->201,1626,15,bezier_pgd,0.005392805032897741,mse,0.0009257194274356821,False
daytime,476->201,1626,15,bezier_ipopt,,mse,,True
daytime,476->201,1626,15,bezier_nm,22.733308338036295,mse,0.02543686464462602,False
daytime,476->310,1626,15,bezier_pgd,0.004368759982753545,mse,0.09118347869277124,False
daytime,476->310,1626,15,bezier_ipopt,,mse,,True
daytime,476->310,1626,15,bezier_nm,21.538308966031764,mse,0.3093180869941376,False
daytime,477->483,1626,15,bezier_pgd,0.0032093629706650972,mse,0.007222771612252896,False
daytime,477->483,1626,15,bezier_ipopt,,mse,,True
daytime,477->483,1626,15,bezier_nm,22.672115265973844,mse,0.2574013129006086,False
daytime,477->525,1626,15,bezier_pgd,0.0029257650021463633,mse,0.010588506536627863,False
daytime,477->525,1626,15,bezier_ipopt,,mse,,True
daytime,477->525,1626,15,bezier_nm,24.778709649981465,mse,0.2431027030749318,False
daytime,477->527,1626,15,bezier_pgd,0.0018449940253049135,mse,0.008714366785995187,False
daytime,477->527,1626,15,bezier_ipopt,10.854748148994986,mse,1.4107390884001383e-05,False
daytime,477->527,1626,15,bezier_nm,23.222473338013515,mse,0.10577979706105987,False
daytime,477->534,1626,15,bezier_pgd,0.0021766750141978264,mse,0.00934194937432333,False
daytime,477->534,1626,15,bezier_ipopt,4.796715818054508,mse,0.0002382855882541807,False
daytime,477->534,1626,15,bezier_nm,22.524780306965113,mse,0.22085795049603868,False
daytime,478->247,1626,15,bezier_pgd,0.0024029919877648354,mse,0.0004949528477368364,False
daytime,478->247,1626,15,bezier_ipopt,,mse,,True
daytime,478->247,1626,15,bezier_nm,25.269961468002293,mse,0.11297797795534231,False
daytime,478->316,1626,15,bezier_pgd,0.002602691005449742,mse,0.018189101234521318,False
daytime,478->316,1626,15,bezier_ipopt,4.385488216008525,mse,0.00031207988927628753,False
daytime,478->316,1626,15,bezier_nm,22.693318529985845,mse,0.2511400451057277,False
daytime,478->391,1626,15,bezier_pgd,0.0022808219655416906,mse,0.004450526749841885,False
daytime,478->391,1626,15,bezier_ipopt,5.49308230902534,mse,0.00022958886904000887,False
daytime,478->391,1626,15,bezier_nm,24.574902188032866,mse,0.1805981600227673,False
daytime,478->77,1626,15,bezier_pgd,0.0023320720065385103,mse,0.00019410667533774947,False
daytime,478->77,1626,15,bezier_ipopt,,mse,,True
daytime,478->77,1626,15,bezier_nm,30.687607583007775,mse,0.0008733852150185432,False
daytime,479->133,1626,15,bezier_pgd,0.002307002025190741,mse,0.014645423694474073,False
daytime,479->133,1626,15,bezier_ipopt,,mse,,True
daytime,479->133,1626,15,bezier_nm,24.698019039002247,mse,0.18853338849025442,False
daytime,479->135,1626,15,bezier_pgd,0.0025111109716817737,mse,0.003966417490681682,False
daytime,479->135,1626,15,bezier_ipopt,7.27819100295892,mse,8.121500115158996e-05,False
daytime,479->135,1626,15,bezier_nm,25.195750743034296,mse,0.1900180042717763,False
daytime,479->218,1626,15,bezier_pgd,0.002213700965512544,mse,0.01804735162016314,False
daytime,479->218,1626,15,bezier_ipopt,5.921977839956526,mse,0.00021316519274418226,False
daytime,479->218,1626,15,bezier_nm,22.666375041997526,mse,0.2888504893877258,False
daytime,479->513,1626,15,bezier_pgd,0.0030994690023362637,mse,0.0009000000953834678,False
daytime,479->513,1626,15,bezier_ipopt,6.516613423009403,mse,8.874748445517072e-05,False
daytime,479->513,1626,15,bezier_nm,23.168519461003598,mse,0.12428759547324841,False
daytime,48->47,1626,15,bezier_pgd,0.0025392299867235124,mse,2.2585858422826723e-05,False
daytime,48->47,1626,15,bezier_ipopt,6.5607777970144525,mse,7.136291076267127e-06,False
daytime,48->47,1626,15,bezier_nm,31.142209259967785,mse,0.0002569854297110231,False
daytime,48->49,1626,15,bezier_pgd,0.0023530260077677667,mse,2.4629570830958024e-05,False
daytime,48->49,1626,15,bezier_ipopt,5.1675298839691095,mse,6.387238613787724e-06,False
daytime,48->49,1626,15,bezier_nm,32.995628165022936,mse,0.00023760926003999576,False
daytime,480->155,1626,15,bezier_pgd,0.002401835983619094,mse,0.008957860856729425,False
daytime,480->155,1626,15,bezier_ipopt,8.795914190995973,mse,0.00010856468935739997,False
daytime,480->155,1626,15,bezier_nm,23.06138466199627,mse,0.2628465168918567,False
daytime,480->359,1626,15,bezier_pgd,0.0026052840403281152,mse,0.006948394869118435,False
daytime,480->359,1626,15,bezier_ipopt,,mse,,True
daytime,480->359,1626,15,bezier_nm,22.421649987983983,mse,0.24050118278006058,False
daytime,480->43,1626,15,bezier_pgd,0.002024379966314882,mse,9.08741812948893e-05,False
daytime,480->43,1626,15,bezier_ipopt,7.54231854196405,mse,3.394630658482014e-05,False
daytime,480->43,1626,15,bezier_nm,33.76696674502455,mse,0.0015981883892532103,False
daytime,480->44,1626,15,bezier_pgd,0.001538593031000346,mse,1.832991084818038e-05,False
daytime,480->44,1626,15,bezier_ipopt,7.427690680022351,mse,3.473328999635014e-06,False
daytime,480->44,1626,15,bezier_nm,34.25715354102431,mse,0.00012365096210325129,False
daytime,481->350,1626,15,bezier_pgd,0.0025215590139850974,mse,0.010507343514717082,False
daytime,481->350,1626,15,bezier_ipopt,,mse,,True
daytime,481->350,1626,15,bezier_nm,21.955712332041003,mse,0.26576181646011143,False
daytime,481->444,1626,15,bezier_pgd,0.004171259002760053,mse,0.0007691763219626863,False
daytime,481->444,1626,15,bezier_ipopt,6.42215971800033,mse,7.109174960446384e-05,False
daytime,481->444,1626,15,bezier_nm,23.058926722034812,mse,0.16396084599990976,False
daytime,481->457,1626,15,bezier_pgd,0.0026542950072325766,mse,0.019304938521808493,False
daytime,481->457,1626,15,bezier_ipopt,,mse,,True
daytime,481->457,1626,15,bezier_nm,22.65881673101103,mse,0.2652647403330523,False
daytime,481->524,1626,15,bezier_pgd,0.0025903760106302798,mse,0.0004141592986238402,False
daytime,481->524,1626,15,bezier_ipopt,5.64340382500086,mse,0.00016256133608633357,False
daytime,481->524,1626,15,bezier_nm,24.200800428981893,mse,0.0539668719151542,False
daytime,482->496,1626,15,bezier_pgd,0.0025608920259401202,mse,0.009185065856229328,False
daytime,482->496,1626,15,bezier_ipopt,6.027420166006777,mse,0.0001798447625242079,False
daytime,482->496,1626,15,bezier_nm,22.763166763004847,mse,0.2259574652769747,False
daytime,482->502,1626,15,bezier_pgd,0.0023246899945661426,mse,0.014206083771727756,False
daytime,482->502,1626,15,bezier_ipopt,4.620412788994145,mse,0.0002883236146060658,False
daytime,482->502,1626,15,bezier_nm,21.6797738270252,mse,0.22869714424701051,False
daytime,482->511,1626,15,bezier_pgd,0.0023388140252791345,mse,0.011793711163858337,False
daytime,482->511,1626,15,bezier_ipopt,5.357309616985731,mse,0.0002710896442839899,False
daytime,482->511,1626,15,bezier_nm,22.32925484899897,mse,0.23163918597262417,False
daytime,482->520,1626,15,bezier_pgd,0.0027550249942578375,mse,0.012340643526043433,False
daytime,482->520,1626,15,bezier_ipopt,6.970847467018757,mse,0.00022790423140219305,False
daytime,482->520,1626,15,bezier_nm,22.269977130985353,mse,0.24554878560945817,False
daytime,483->477,1626,15,bezier_pgd,0.0021362819825299084,mse,0.014948231017617487,False
daytime,483->477,1626,15,bezier_ipopt,4.810726857045665,mse,0.0001488733312239832,False
daytime,483->477,1626,15,bezier_nm,21.90497365198098,mse,0.28948677213187013,False
daytime,483->519,1626,15,bezier_pgd,0.0017234509577974677,mse,0.03550590228995994,False
daytime,483->519,1626,15,bezier_ipopt,,mse,,True
daytime,483->519,1626,15,bezier_nm,22.154285558033735,mse,0.3925483345884893,False
daytime,483->526,1626,15,bezier_pgd,0.002180951996706426,mse,0.004196839035696285,False
daytime,483->526,1626,15,bezier_ipopt,7.081011157017201,mse,0.0002249681611787283,False
daytime,483->526,1626,15,bezier_nm,22.237873820995446,mse,0.1899364935791493,False
daytime,483->531,1626,15,bezier_pgd,0.002527615986764431,mse,0.00916630056399996,False
daytime,483->531,1626,15,bezier_ipopt,6.174571240961086,mse,0.0001898614093132709,False
daytime,483->531,1626,15,bezier_nm,23.059526217984967,mse,0.2257661143534486,False
daytime,484->117,1626,15,bezier_pgd,0.00210193800739944,mse,0.0033847990563378133,False
daytime,484->117,1626,15,bezier_ipopt,5.775279858964495,mse,0.00023457580571488223,False
daytime,484->117,1626,15,bezier_nm,24.88763932301663,mse,0.1551337540923072,False
daytime,484->176,1626,15,bezier_pgd,0.0037445990019477904,mse,0.015163049176202106,False
daytime,484->176,1626,15,bezier_ipopt,6.083127059042454,mse,0.00020562219869316983,False
daytime,484->176,1626,15,bezier_nm,23.76479185797507,mse,0.24331510672551757,False
daytime,484->195,1626,15,bezier_pgd,0.0028424569754861295,mse,0.014936421674592519,False
daytime,484->195,1626,15,bezier_ipopt,5.105690272001084,mse,0.0002467192649944294,False
daytime,484->195,1626,15,bezier_nm,24.955260057002306,mse,0.2625038364976424,False
daytime,484->254,1626,15,bezier_pgd,0.0029243100434541702,mse,0.021451129134470014,False
daytime,484->254,1626,15,bezier_ipopt,7.977121656003874,mse,0.00022347615981481577,False
daytime,484->254,1626,15,bezier_nm,23.60435066797072,mse,0.25591381034767746,False
daytime,485->184,1626,15,bezier_pgd,0.00438506796490401,mse,0.010274153426403644,False
daytime,485->184,1626,15,bezier_ipopt,12.036398976983037,mse,0.0001757622532387831,False
daytime,485->184,1626,15,bezier_nm,21.934263505972922,mse,0.23605099446511685,False
daytime,485->188,1626,15,bezier_pgd,0.00263030402129516,mse,0.003036605596728346,False
daytime,485->188,1626,15,bezier_ipopt,,mse,,True
daytime,485->188,1626,15,bezier_nm,25.90328209399013,mse,0.12082286227505293,False
daytime,485->227,1626,15,bezier_pgd,0.0022682840353809297,mse,0.012149182481505493,False
daytime,485->227,1626,15,bezier_ipopt,5.668197554012295,mse,0.00014108037532228456,False
daytime,485->227,1626,15,bezier_nm,22.14376861497294,mse,0.2692563667195577,False
daytime,485->489,1626,15,bezier_pgd,0.003792722010985017,mse,0.007415935429769095,False
daytime,485->489,1626,15,bezier_ipopt,4.526493856043089,mse,0.00019748537702155353,False
daytime,485->489,1626,15,bezier_nm,23.998165348020848,mse,0.21665613507897366,False
daytime,486->123,1626,15,bezier_pgd,0.002461848023813218,mse,0.0004499308401745331,False
daytime,486->123,1626,15,bezier_ipopt,6.499221395992208,mse,0.0001163696188009259,False
daytime,486->123,1626,15,bezier_nm,22.510679399012588,mse,0.060293344276494756,False
daytime,486->194,1626,15,bezier_pgd,0.004327094997279346,mse,0.013961594659305106,False
daytime,486->194,1626,15,bezier_ipopt,6.623090681969188,mse,0.00014142464261643898,False
daytime,486->194,1626,15,bezier_nm,21.89424702699762,mse,0.25317467705803437,False
daytime,486->363,1626,15,bezier_pgd,0.002339399012271315,mse,0.01694957171956562,False
daytime,486->363,1626,15,bezier_ipopt,6.456295932002831,mse,0.0001569561798132853,False
daytime,486->363,1626,15,bezier_nm,22.850403284013737,mse,0.27388231881722697,False
daytime,486->403,1626,15,bezier_pgd,0.0027005290030501783,mse,0.028385790545265244,False
daytime,486->403,1626,15,bezier_ipopt,8.204556006006896,mse,0.00018367627391098834,False
daytime,486->403,1626,15,bezier_nm,22.334517107985448,mse,0.264990849827362,False
daytime,487->201,1626,15,bezier_pgd,0.003573465975932777,mse,0.010555498656766943,False
daytime,487->201,1626,15,bezier_ipopt,,mse,,True
daytime,487->201,1626,15,bezier_nm,24.261506356007885,mse,0.09359145759232011,False
daytime,487->293,1626,15,bezier_pgd,0.003307958017103374,mse,0.0056570031735970186,False
daytime,487->293,1626,15,bezier_ipopt,6.131539001013152,mse,0.00011830018368470067,False
daytime,487->293,1626,15,bezier_nm,23.260419054015074,mse,0.21011681896103834,False
daytime,487->302,1626,15,bezier_pgd,0.004149945976678282,mse,0.015709738730426737,False
daytime,487->302,1626,15,bezier_ipopt,7.979276832949836,mse,0.00011545184580549754,False
daytime,487->302,1626,15,bezier_nm,22.772453936981037,mse,0.26811547792625606,False
daytime,487->317,1626,15,bezier_pgd,0.002380074991378933,mse,0.0009392007986643241,False
daytime,487->317,1626,15,bezier_ipopt,5.7104152829851955,mse,0.00019220289632489596,False
daytime,487->317,1626,15,bezier_nm,23.36122905596858,mse,0.1545061003280527,False
daytime,488->21,1626,15,bezier_pgd,0.002115249983035028,mse,0.016035197869568266,False
daytime,488->21,1626,15,bezier_ipopt,5.148819533002097,mse,0.00014721989546988555,False
daytime,488->21,1626,15,bezier_nm,23.50818593602162,mse,0.2255741748964091,False
daytime,488->212,1626,15,bezier_pgd,0.0032092389883473516,mse,0.0007623152405682402,False
daytime,488->212,1626,15,bezier_ipopt,7.30104621197097,mse,0.00022874015811686222,False
daytime,488->212,1626,15,bezier_nm,24.77123910904629,mse,0.05660199748968615,False
daytime,488->505,1626,15,bezier_pgd,0.0018949609948322177,mse,0.0002754130112377673,False
daytime,488->505,1626,15,bezier_ipopt,8.155356389994267,mse,0.00011047355941594854,False
daytime,488->505,1626,15,bezier_nm,22.36008314503124,mse,0.029717981485571192,False
daytime,488->531,1626,15,bezier_pgd,0.0020353420404717326,mse,0.001283449075336976,False
daytime,488->531,1626,15,bezier_ipopt,6.0854614350246266,mse,0.0002882078708104079,False
daytime,488->531,1626,15,bezier_nm,22.514726489956956,mse,0.12417818349830627,False
daytime,489->218,1626,15,bezier_pgd,0.0026388149708509445,mse,0.010838174773532638,False
daytime,489->218,1626,15,bezier_ipopt,17.453474864014424,mse,0.0001822569112909965,False
daytime,489->218,1626,15,bezier_nm,21.750081653997768,mse,0.2648899929693344,False
daytime,489->311,1626,15,bezier_pgd,0.004860879969783127,mse,0.007178275390116926,False
daytime,489->311,1626,15,bezier_ipopt,5.797950799053069,mse,0.00012402824809492076,False
daytime,489->311,1626,15,bezier_nm,22.079359758994542,mse,0.24432035538358798,False
daytime,489->338,1626,15,bezier_pgd,0.0024989249650388956,mse,0.0017834596547591428,False
daytime,489->338,1626,15,bezier_ipopt,6.53093310596887,mse,0.00020941825082301525,False
daytime,489->338,1626,15,bezier_nm,24.275511866027955,mse,0.14646166566516605,False
daytime,489->485,1626,15,bezier_pgd,0.002964027982670814,mse,0.013773005297834697,False
daytime,489->485,1626,15,bezier_ipopt,7.3167997429845855,mse,0.00020152354110142032,False
daytime,489->485,1626,15,bezier_nm,22.429631058999803,mse,0.25759369511921837,False
daytime,49->449,1626,15,bezier_pgd,0.0024048229679465294,mse,1.895715985363177e-05,False
daytime,49->449,1626,15,bezier_ipopt,5.090762851003092,mse,5.763544686928642e-06,False
daytime,49->449,1626,15,bezier_nm,33.71052816801239,mse,0.0007992446072138874,False
daytime,49->48,1626,15,bezier_pgd,0.0015376780065707862,mse,2.3527887514942926e-05,False
daytime,49->48,1626,15,bezier_ipopt,4.239086218003649,mse,7.578650398105787e-06,False
daytime,49->48,1626,15,bezier_nm,33.331863468978554,mse,0.000152023651786583,False
daytime,490->120,1626,15,bezier_pgd,0.002740687981713563,mse,0.012786607065831247,False
daytime,490->120,1626,15,bezier_ipopt,5.601386927010026,mse,0.00017728024999504998,False
daytime,490->120,1626,15,bezier_nm,22.95690818602452,mse,0.25435129652324207,False
daytime,490->207,1626,15,bezier_pgd,0.0021793179912492633,mse,0.005852343289062539,False
daytime,490->207,1626,15,bezier_ipopt,,mse,,True
daytime,490->207,1626,15,bezier_nm,22.594047017977573,mse,0.26451834424817905,False
daytime,490->286,1626,15,bezier_pgd,0.003455746977124363,mse,0.022855953927498594,False
daytime,490->286,1626,15,bezier_ipopt,7.964431086031254,mse,0.00019268687710861105,False
daytime,490->286,1626,15,bezier_nm,22.449138693977147,mse,0.28382525468108344,False
daytime,490->366,1626,15,bezier_pgd,0.0036712230066768825,mse,0.00718830499612365,False
daytime,490->366,1626,15,bezier_ipopt,,mse,,True
daytime,490->366,1626,15,bezier_nm,22.794369901006576,mse,0.26932391799271466,False
daytime,491->219,1626,15,bezier_pgd,0.002220947004389018,mse,0.0037328237206422526,False
daytime,491->219,1626,15,bezier_ipopt,5.534840387990698,mse,0.00020216639458941034,False
daytime,491->219,1626,15,bezier_nm,23.790558136999607,mse,0.17871892191208547,False
daytime,491->492,1626,15,bezier_pgd,0.002118806994985789,mse,0.03598506146968956,False
daytime,491->492,1626,15,bezier_ipopt,6.424268974980805,mse,0.00017645005543428328,False
daytime,491->492,1626,15,bezier_nm,22.925538080977276,mse,0.29818080157959387,False
daytime,491->501,1626,15,bezier_pgd,0.0029971300391480327,mse,0.022221300720522027,False
daytime,491->501,1626,15,bezier_ipopt,8.566520222986583,mse,0.00014609334211641096,False
daytime,491->501,1626,15,bezier_nm,22.103579211980104,mse,0.2712535276772666,False
daytime,491->503,1626,15,bezier_pgd,0.0023246240452863276,mse,0.0002152635628147957,False
daytime,491->503,1626,15,bezier_ipopt,6.294103846012149,mse,8.134172289233228e-05,False
daytime,491->503,1626,15,bezier_nm,24.491070674033836,mse,0.017766354024060935,False
daytime,492->17,1626,15,bezier_pgd,0.002373941009864211,mse,0.006890121653770612,False
daytime,492->17,1626,15,bezier_ipopt,5.686722701007966,mse,0.00012930405239537475,False
daytime,492->17,1626,15,bezier_nm,22.980755324009806,mse,0.20858596466395685,False
daytime,492->491,1626,15,bezier_pgd,0.004788947000633925,mse,0.0039942398057474056,False
daytime,492->491,1626,15,bezier_ipopt,,mse,,True
daytime,492->491,1626,15,bezier_nm,23.402573779050726,mse,0.24242227050737666,False
daytime,492->501,1626,15,bezier_pgd,0.002538157976232469,mse,0.0018185939696330649,False
daytime,492->501,1626,15,bezier_ipopt,7.874961800000165,mse,0.00016105662125130173,False
daytime,492->501,1626,15,bezier_nm,23.202560618985444,mse,0.1606749914426181,False
daytime,493->132,1626,15,bezier_pgd,0.0023108149762265384,mse,0.023683361546585013,False
daytime,493->132,1626,15,bezier_ipopt,6.32731954799965,mse,0.00028488183528543523,False
daytime,493->132,1626,15,bezier_nm,23.042010152013972,mse,0.2759315412584813,False
daytime,493->394,1626,15,bezier_pgd,0.0021172770066186786,mse,0.026219600453089797,False
daytime,493->394,1626,15,bezier_ipopt,,mse,,True
daytime,493->394,1626,15,bezier_nm,23.23992083594203,mse,0.28561328479413617,False
daytime,493->413,1626,15,bezier_pgd,0.0022702820133417845,mse,0.054161672436879485,False
daytime,493->413,1626,15,bezier_ipopt,,mse,,True
daytime,493->413,1626,15,bezier_nm,21.616467537009157,mse,0.2974912080784336,False
daytime,494->220,1626,15,bezier_pgd,0.002518046007025987,mse,0.012686862517909335,False
daytime,494->220,1626,15,bezier_ipopt,6.3318423890159465,mse,0.00021822614029723801,False
daytime,494->220,1626,15,bezier_nm,22.261034808994737,mse,0.26931356571245807,False
daytime,494->257,1626,15,bezier_pgd,0.0027211660053581,mse,0.016959633760029298,False
daytime,494->257,1626,15,bezier_ipopt,6.88558441499481,mse,0.00021819833924974268,False
daytime,494->257,1626,15,bezier_nm,22.814400020986795,mse,0.2643248785060931,False
daytime,494->268,1626,15,bezier_pgd,0.002256167004816234,mse,0.007776273415952486,False
daytime,494->268,1626,15,bezier_ipopt,5.31869020499289,mse,7.427699495837138e-05,False
daytime,494->268,1626,15,bezier_nm,21.749655310995877,mse,0.26513403780034434,False
daytime,494->371,1626,15,bezier_pgd,0.0026588699547573924,mse,0.0069703174844023335,False
daytime,494->371,1626,15,bezier_ipopt,5.836829781008419,mse,0.00016657615609795052,False
daytime,494->371,1626,15,bezier_nm,23.62236254400341,mse,0.26719710354867643,False
daytime,495->190,1626,15,bezier_pgd,0.0025834990083239973,mse,0.020218400145179678,False
daytime,495->190,1626,15,bezier_ipopt,5.218595133977942,mse,0.0002812064699515176,False
daytime,495->190,1626,15,bezier_nm,21.940838829963468,mse,0.2743058318005761,False
daytime,495->226,1626,15,bezier_pgd,0.003929407044779509,mse,0.016231904667187637,False
daytime,495->226,1626,15,bezier_ipopt,4.886339417018462,mse,0.0002589364817980911,False
daytime,495->226,1626,15,bezier_nm,21.978012041014154,mse,0.24827615210531487,False
daytime,495->237,1626,15,bezier_pgd,0.0020892799948342144,mse,0.008264215900051658,False
daytime,495->237,1626,15,bezier_ipopt,13.64824867900461,mse,9.848124127336498e-05,False
daytime,495->237,1626,15,bezier_nm,21.494578131998423,mse,0.26884713831901,False
daytime,495->282,1626,15,bezier_pgd,0.002746882033534348,mse,0.0019284885687678966,False
daytime,495->282,1626,15,bezier_ipopt,6.859337252040859,mse,0.000174349089212722,False
daytime,495->282,1626,15,bezier_nm,26.877746573009063,mse,0.1516086489951515,False
daytime,496->431,1626,15,bezier_pgd,0.0023606999893672764,mse,0.01274776212215724,False
daytime,496->431,1626,15,bezier_ipopt,4.683222919993568,mse,0.0002702072491197733,False
daytime,496->431,1626,15,bezier_nm,23.261948218976613,mse,0.232230271269636,False
daytime,496->455,1626,15,bezier_pgd,0.0016119509818963706,mse,0.00020847615240478402,False
daytime,496->455,1626,15,bezier_ipopt,4.441615550022107,mse,0.00017891814186836108,False
daytime,496->455,1626,15,bezier_nm,33.8928760800045,mse,0.004740891134803594,False
daytime,496->482,1626,15,bezier_pgd,0.0024498149869032204,mse,0.0003682515741677939,False
daytime,496->482,1626,15,bezier_ipopt,5.864736743969843,mse,0.00011727160776200074,False
daytime,496->482,1626,15,bezier_nm,24.02666989096906,mse,0.13950077388278517,False
daytime,496->511,1626,15,bezier_pgd,0.001934107975102961,mse,0.0013944283082922776,False
daytime,496->511,1626,15,bezier_ipopt,5.827960089023691,mse,0.00023361338661435062,False
daytime,496->511,1626,15,bezier_nm,25.959399308019783,mse,0.1058693041466364,False
daytime,497->263,1626,15,bezier_pgd,0.002484772994648665,mse,0.010605924331228896,False
daytime,497->263,1626,15,bezier_ipopt,5.205707889981568,mse,0.0002122828712025446,False
daytime,497->263,1626,15,bezier_nm,23.044636677019298,mse,0.23852070555563576,False
daytime,497->287,1626,15,bezier_pgd,0.0034378620330244303,mse,0.002606310328411128,False
daytime,497->287,1626,15,bezier_ipopt,6.064357533992734,mse,0.00022824578065010616,False
daytime,497->287,1626,15,bezier_nm,26.77301509899553,mse,0.1560816592181257,False
daytime,497->431,1626,15,bezier_pgd,0.0024399450048804283,mse,0.003593003753942086,False
daytime,497->431,1626,15,bezier_ipopt,5.702625453996006,mse,0.00012383944096149496,False
daytime,497->431,1626,15,bezier_nm,22.619849890004843,mse,0.2114358601047528,False
daytime,497->535,1626,15,bezier_pgd,0.0022434359998442233,mse,0.0011074713608312228,False
daytime,497->535,1626,15,bezier_ipopt,62.744103073957376,mse,0.0001640559636453256,False
daytime,497->535,1626,15,bezier_nm,22.732173992029857,mse,0.1781639702582309,False
daytime,498->148,1626,15,bezier_pgd,0.003205946006346494,mse,0.0007407884604670006,False
daytime,498->148,1626,15,bezier_ipopt,7.835845377005171,mse,0.00019689737631219722,False
daytime,498->148,1626,15,bezier_nm,24.386152837018017,mse,0.07374133277238228,False
daytime,498->236,1626,15,bezier_pgd,0.0024328059516847134,mse,0.0005544152764117901,False
daytime,498->236,1626,15,bezier_ipopt,6.223216372018214,mse,0.0001694369544988406,False
daytime,498->236,1626,15,bezier_nm,23.827811217983253,mse,0.15216340235052842,False
daytime,498->257,1626,15,bezier_pgd,0.0038879960193298757,mse,0.0010019344257010826,False
daytime,498->257,1626,15,bezier_ipopt,6.590691085031722,mse,0.00019740308640768073,False
daytime,498->257,1626,15,bezier_nm,24.19658814597642,mse,0.08222561664082871,False
daytime,498->369,1626,15,bezier_pgd,0.0022094190353527665,mse,0.0003351473170349905,False
daytime,498->369,1626,15,bezier_ipopt,7.209796691022348,mse,0.00014317966536220991,False
daytime,498->369,1626,15,bezier_nm,25.151937173039187,mse,0.10354788637090405,False
daytime,499->303,1626,15,bezier_pgd,0.0022848790395073593,mse,0.008503619948456134,False
daytime,499->303,1626,15,bezier_ipopt,6.798313078004867,mse,0.00012925796948972193,False
daytime,499->303,1626,15,bezier_nm,22.49565222504316,mse,0.27397526703036185,False
daytime,499->360,1626,15,bezier_pgd,0.004180757969152182,mse,0.000946160149575194,False
daytime,499->360,1626,15,bezier_ipopt,,mse,,True
daytime,499->360,1626,15,bezier_nm,24.025392122974154,mse,0.11782310763298148,False
daytime,499->362,1626,15,bezier_pgd,0.0029779670294374228,mse,0.00037025351543266597,False
daytime,499->362,1626,15,bezier_ipopt,5.098675223009195,mse,0.00012070071622569588,False
daytime,499->362,1626,15,bezier_nm,33.48432964301901,mse,0.0024154581034140734,False
daytime,499->9,1626,15,bezier_pgd,0.002295230980962515,mse,0.006594942843469899,False
daytime,499->9,1626,15,bezier_ipopt,6.163410636014305,mse,0.00014767421002111834,False
daytime,499->9,1626,15,bezier_nm,25.133863080991432,mse,0.18730106648392958,False
daytime,5->106,1626,15,bezier_pgd,0.0014527460443787277,mse,1.49053067298647e-05,False
daytime,5->106,1626,15,bezier_ipopt,5.904972810996696,mse,5.8984033732210455e-06,False
daytime,5->106,1626,15,bezier_nm,30.41281266498845,mse,0.0006082586897769374,False
daytime,50->51,1626,15,bezier_pgd,0.0016035219887271523,mse,1.9013566680912714e-05,False
daytime,50->51,1626,15,bezier_ipopt,5.499171402945649,mse,5.518003070408832e-06,False
daytime,50->51,1626,15,bezier_nm,30.056638602982275,mse,0.0004369903155153746,False
daytime,50->55,1626,15,bezier_pgd,0.0017460720264352858,mse,1.4159976908266652e-05,False
daytime,50->55,1626,15,bezier_ipopt,5.468982642982155,mse,4.476648200623286e-06,False
daytime,50->55,1626,15,bezier_nm,29.489678389043547,mse,0.0006008661679016102,False
daytime,500->253,1626,15,bezier_pgd,0.0024878080002963543,mse,0.007628051834478468,False
daytime,500->253,1626,15,bezier_ipopt,5.136935229005758,mse,0.00018692381664193582,False
daytime,500->253,1626,15,bezier_nm,23.94609549996676,mse,0.2334466261827965,False
daytime,500->304,1626,15,bezier_pgd,0.0021905830362811685,mse,0.000850515746021999,False
daytime,500->304,1626,15,bezier_ipopt,6.710293622978497,mse,9.433142349118795e-05,False
daytime,500->304,1626,15,bezier_nm,23.982418874045834,mse,0.12769983448078312,False
daytime,500->309,1626,15,bezier_pgd,0.002255105006042868,mse,0.00805341324163385,False
daytime,500->309,1626,15,bezier_ipopt,5.7453703680075705,mse,0.0002608956465156025,False
daytime,500->309,1626,15,bezier_nm,23.826326828973833,mse,0.2008615374265243,False
daytime,500->406,1626,15,bezier_pgd,0.00431387301068753,mse,0.007720072463651233,False
daytime,500->406,1626,15,bezier_ipopt,5.32030963699799,mse,0.00017821699442088144,False
daytime,500->406,1626,15,bezier_nm,22.719049528008327,mse,0.23165112865591733,False
daytime,501->256,1626,15,bezier_pgd,0.0021696760086342692,mse,0.0030365030590789373,False
daytime,501->256,1626,15,bezier_ipopt,7.626411603007,mse,0.00015054582821808887,False
daytime,501->256,1626,15,bezier_nm,22.125920983031392,mse,0.14822312579552627,False
daytime,501->382,1626,15,bezier_pgd,0.0027063379529863596,mse,0.018656760581509838,False
daytime,501->382,1626,15,bezier_ipopt,5.414469601993915,mse,0.00018674307778282061,False
daytime,501->382,1626,15,bezier_nm,22.436231116997078,mse,0.2628528097872495,False
daytime,501->491,1626,15,bezier_pgd,0.002557326981332153,mse,0.005740623240806773,False
daytime,501->491,1626,15,bezier_ipopt,,mse,,True
daytime,501->491,1626,15,bezier_nm,23.524094040039927,mse,0.19681623364166403,False
daytime,501->492,1626,15,bezier_pgd,0.0023205470060929656,mse,0.0004674693163552892,False
daytime,501->492,1626,15,bezier_ipopt,7.2851077420054935,mse,0.00014947733620469217,False
daytime,501->492,1626,15,bezier_nm,24.858686032996047,mse,0.09937199394668962,False
daytime,502->367,1626,15,bezier_pgd,0.002617887977976352,mse,0.021654459193121988,False
daytime,502->367,1626,15,bezier_ipopt,4.688101264997385,mse,0.00027095125681497127,False
daytime,502->367,1626,15,bezier_nm,21.976124516979326,mse,0.24783980127995803,False
daytime,502->379,1626,15,bezier_pgd,0.002478854963555932,mse,0.01770277472285828,False
daytime,502->379,1626,15,bezier_ipopt,6.496478726970963,mse,0.00027910415997473123,False
daytime,502->379,1626,15,bezier_nm,21.882438283006195,mse,0.24626564017519897,False
daytime,502->482,1626,15,bezier_pgd,0.003499201964586973,mse,0.0038263796268291185,False
daytime,502->482,1626,15,bezier_ipopt,5.542756564973388,mse,0.00017899367567507203,False
daytime,502->482,1626,15,bezier_nm,22.68378992000362,mse,0.20545421197701214,False
daytime,502->520,1626,15,bezier_pgd,0.0022781119914725423,mse,0.00016141769558805638,False
daytime,502->520,1626,15,bezier_ipopt,6.978812865971122,mse,9.042033091258198e-05,False
daytime,502->520,1626,15,bezier_nm,32.72757615102455,mse,0.0015008023289582236,False
daytime,503->296,1626,15,bezier_pgd,0.002323342952877283,mse,0.007377835946111748,False
daytime,503->296,1626,15,bezier_ipopt,5.288272240024526,mse,0.0001084977266450266,False
daytime,503->296,1626,15,bezier_nm,21.6966508969781,mse,0.2577013075748337,False
daytime,503->395,1626,15,bezier_pgd,0.0021811320330016315,mse,0.029451128985258982,False
daytime,503->395,1626,15,bezier_ipopt,6.579561309015844,mse,0.00013200077984468252,False
daytime,503->395,1626,15,bezier_nm,23.426847807015292,mse,0.2959379922715969,False
daytime,503->491,1626,15,bezier_pgd,0.00230161304352805,mse,0.00027415569053881324,False
daytime,503->491,1626,15,bezier_ipopt,7.598552565032151,mse,0.0001304758534378573,False
daytime,503->491,1626,15,bezier_nm,23.764577557973098,mse,0.10760218687154058,False
daytime,503->512,1626,15,bezier_pgd,0.0020131379715166986,mse,0.003926951251724831,False
daytime,503->512,1626,15,bezier_ipopt,5.756619234045502,mse,0.00016698605407489668,False
daytime,503->512,1626,15,bezier_nm,24.12536620598985,mse,0.14530890317653827,False
daytime,504->206,1626,15,bezier_pgd,0.002364726969972253,mse,0.00127075851182912,False
daytime,504->206,1626,15,bezier_ipopt,4.852802544017322,mse,0.00016021355160586974,False
daytime,504->206,1626,15,bezier_nm,22.896288870018907,mse,0.18025221643517964,False
daytime,504->207,1626,15,bezier_pgd,0.0027263829833827913,mse,0.0011140338067935037,False
daytime,504->207,1626,15,bezier_ipopt,11.401984239986632,mse,0.00011503838710628342,False
daytime,504->207,1626,15,bezier_nm,23.859019648982212,mse,0.10757478651336257,False
daytime,504->343,1626,15,bezier_pgd,0.0018693219753913581,mse,0.005705148636476831,False
daytime,504->343,1626,15,bezier_ipopt,5.781082684989087,mse,0.00016423506371712816,False
daytime,504->343,1626,15,bezier_nm,24.62202004599385,mse,0.09348692704280719,False
daytime,504->424,1626,15,bezier_pgd,0.0037699620006605983,mse,0.017428350100955975,False
daytime,504->424,1626,15,bezier_ipopt,7.789851409965195,mse,7.676693492121022e-05,False
daytime,504->424,1626,15,bezier_nm,22.210712186002638,mse,0.24946247046259323,False
daytime,505->263,1626,15,bezier_pgd,0.0025595510378479958,mse,0.0032531391664574853,False
daytime,505->263,1626,15,bezier_ipopt,6.69731589400908,mse,0.0001419544072423727,False
daytime,505->263,1626,15,bezier_nm,23.703413384966552,mse,0.15670454523681682,False
daytime,505->407,1626,15,bezier_pgd,0.0024959989823400974,mse,0.004153432425141487,False
daytime,505->407,1626,15,bezier_ipopt,6.800869557016995,mse,0.00013687275467447736,False
daytime,505->407,1626,15,bezier_nm,23.59821164800087,mse,0.21019319388219246,False
daytime,505->488,1626,15,bezier_pgd,0.0023744460195302963,mse,0.017966387191291705,False
daytime,505->488,1626,15,bezier_ipopt,,mse,,True
daytime,505->488,1626,15,bezier_nm,23.131537048029713,mse,0.2410140949026679,False
daytime,505->532,1626,15,bezier_pgd,0.0039047099999152124,mse,0.0014696441956147882,False
daytime,505->532,1626,15,bezier_ipopt,5.255867801955901,mse,0.00011403762825535465,False
daytime,505->532,1626,15,bezier_nm,21.802210958034266,mse,0.18121310706012103,False
daytime,506->19,1626,15,bezier_pgd,0.0022859000018797815,mse,0.018163520279357512,False
daytime,506->19,1626,15,bezier_ipopt,7.050186057982501,mse,0.0002184492908785618,False
daytime,506->19,1626,15,bezier_nm,22.68407048197696,mse,0.28134706585239405,False
daytime,506->296,1626,15,bezier_pgd,0.003626762016210705,mse,0.0005914480602341514,False
daytime,506->296,1626,15,bezier_ipopt,57.020828668028116,mse,0.0001403739254327554,False
daytime,506->296,1626,15,bezier_nm,24.262951708980836,mse,0.12730952043627777,False
daytime,506->304,1626,15,bezier_pgd,0.0020085580181330442,mse,0.0015231410207729847,False
daytime,506->304,1626,15,bezier_ipopt,,mse,,True
daytime,506->304,1626,15,bezier_nm,24.41239808598766,mse,0.11551845238153942,False
daytime,506->458,1626,15,bezier_pgd,0.0021157650044187903,mse,0.019836980971146497,False
daytime,506->458,1626,15,bezier_ipopt,,mse,,True
daytime,506->458,1626,15,bezier_nm,22.16986081097275,mse,0.2922281988918584,False
daytime,507->150,1626,15,bezier_pgd,0.003312824002932757,mse,0.003094433945617669,False
daytime,507->150,1626,15,bezier_ipopt,8.575565788021777,mse,9.99882340568896e-05,False
daytime,507->150,1626,15,bezier_nm,25.08559932396747,mse,0.14487643851695428,False
daytime,507->302,1626,15,bezier_pgd,0.0025702419807203114,mse,0.000504270840885188,False
daytime,507->302,1626,15,bezier_ipopt,7.0445099379867315,mse,8.35869057554269e-05,False
daytime,507->302,1626,15,bezier_nm,23.222969877999276,mse,0.03802199031400843,False
daytime,507->404,1626,15,bezier_pgd,0.0023491669562645257,mse,0.00043945944275676534,False
daytime,507->404,1626,15,bezier_ipopt,5.282599296013359,mse,0.0001734606192669453,False
daytime,507->404,1626,15,bezier_nm,25.50559776398586,mse,0.08285253936215684,False
daytime,507->424,1626,15,bezier_pgd,0.0019046129891648889,mse,0.00256633411401792,False
daytime,507->424,1626,15,bezier_ipopt,6.462672379042488,mse,0.00017034347342592432,False
daytime,507->424,1626,15,bezier_nm,22.996204430994112,mse,0.06976191159531063,False
daytime,508->230,1626,15,bezier_pgd,0.002488714992068708,mse,0.07066564922958135,False
daytime,508->230,1626,15,bezier_ipopt,,mse,,True
daytime,508->230,1626,15,bezier_nm,22.77011138002854,mse,0.2899169457272677,False
daytime,508->428,1626,15,bezier_pgd,0.0017678249860182405,mse,0.045637300213176434,False
daytime,508->428,1626,15,bezier_ipopt,,mse,,True
daytime,508->428,1626,15,bezier_nm,22.501356739958283,mse,0.4364871765079774,False
daytime,508->442,1626,15,bezier_pgd,0.004412981041241437,mse,0.001844142127859299,False
daytime,508->442,1626,15,bezier_ipopt,,mse,,True
daytime,508->442,1626,15,bezier_nm,23.980896188004408,mse,0.18928382400134453,False
daytime,508->446,1626,15,bezier_pgd,0.002140756056178361,mse,0.01842187113202248,False
daytime,508->446,1626,15,bezier_ipopt,4.774293833004776,mse,8.643299951056531e-05,False
daytime,508->446,1626,15,bezier_nm,22.201993588008918,mse,0.23698918723141874,False
daytime,509->145,1626,15,bezier_pgd,0.0022285630111582577,mse,0.004884446174349547,False
daytime,509->145,1626,15,bezier_ipopt,6.394728467974346,mse,0.00012812445099596819,False
daytime,509->145,1626,15,bezier_nm,23.730294685054105,mse,0.16848673669601438,False
daytime,509->290,1626,15,bezier_pgd,0.002188067010138184,mse,0.013914407529641447,False
daytime,509->290,1626,15,bezier_ipopt,,mse,,True
daytime,509->290,1626,15,bezier_nm,22.08535196998855,mse,0.263957035496368,False
daytime,509->315,1626,15,bezier_pgd,0.0036239000037312508,mse,0.0002724985228754635,False
daytime,509->315,1626,15,bezier_ipopt,5.294100450002588,mse,0.00016899794400951793,False
daytime,509->315,1626,15,bezier_nm,23.862826956028584,mse,0.10702870959582284,False
daytime,509->470,1626,15,bezier_pgd,0.004177715978585184,mse,0.00029727025050267907,False
daytime,509->470,1626,15,bezier_ipopt,6.542933189019095,mse,9.596177965785162e-05,False
daytime,509->470,1626,15,bezier_nm,32.14181889302563,mse,0.005851913945164865,False
daytime,51->241,1626,15,bezier_pgd,0.0031617259955964983,mse,0.3396669004799231,False
daytime,51->241,1626,15,bezier_ipopt,5.136524239962455,mse,4.127708643391418e-05,False
daytime,51->241,1626,15,bezier_nm,22.58993121102685,mse,0.6706858463925138,False
daytime,51->50,1626,15,bezier_pgd,0.001923237054143101,mse,2.3967660320883272e-05,False
daytime,51->50,1626,15,bezier_ipopt,4.213308128004428,mse,6.948711235582698e-06,False
daytime,51->50,1626,15,bezier_nm,32.03398124797968,mse,0.0005950397273882722,False
daytime,510->108,1626,15,bezier_pgd,0.002033605007454753,mse,0.0022077304837727447,False
daytime,510->108,1626,15,bezier_ipopt,6.120952741999645,mse,0.00024668537410033487,False
daytime,510->108,1626,15,bezier_nm,22.480926398013253,mse,0.08967166046142173,False
daytime,510->141,1626,15,bezier_pgd,0.002742621989455074,mse,0.00036081802784679665,False
daytime,510->141,1626,15,bezier_ipopt,,mse,,True
daytime,510->141,1626,15,bezier_nm,33.67654751299415,mse,0.003830454682393014,False
daytime,510->84,1626,15,bezier_pgd,0.0031178740318864584,mse,0.006723831448144656,False
daytime,510->84,1626,15,bezier_ipopt,,mse,,True
daytime,510->84,1626,15,bezier_nm,22.568634502997156,mse,0.26003470743982,False
daytime,511->129,1626,15,bezier_pgd,0.0022340260329656303,mse,0.013071773906873859,False
daytime,511->129,1626,15,bezier_ipopt,6.5600154580315575,mse,0.00019041791326658374,False
daytime,511->129,1626,15,bezier_nm,23.796977457008325,mse,0.28347817770680533,False
daytime,511->407,1626,15,bezier_pgd,0.002300955995451659,mse,0.01045682834870994,False
daytime,511->407,1626,15,bezier_ipopt,6.156760776997544,mse,0.00018156555081628916,False
daytime,511->407,1626,15,bezier_nm,22.413826129981317,mse,0.26512873227586575,False
daytime,511->482,1626,15,bezier_pgd,0.0025217169895768166,mse,0.008900077029279503,False
daytime,511->482,1626,15,bezier_ipopt,5.567650186014362,mse,0.0001520158459696423,False
daytime,511->482,1626,15,bezier_nm,22.01257264398737,mse,0.22448686934736653,False
daytime,511->496,1626,15,bezier_pgd,0.001936193963047117,mse,0.0024385554885137215,False
daytime,511->496,1626,15,bezier_ipopt,,mse,,True
daytime,511->496,1626,15,bezier_nm,25.67435480299173,mse,0.0966982374789837,False
daytime,512->363,1626,15,bezier_pgd,0.002150300017092377,mse,0.006849878373232001,False
daytime,512->363,1626,15,bezier_ipopt,5.794286412012298,mse,0.00020105423551489815,False
daytime,512->363,1626,15,bezier_nm,23.17557919200044,mse,0.18634143311242857,False
daytime,512->382,1626,15,bezier_pgd,0.0025993420276790857,mse,0.014489522019037603,False
daytime,512->382,1626,15,bezier_ipopt,5.14001528598601,mse,0.0001945933335679473,False
daytime,512->382,1626,15,bezier_nm,23.80495613499079,mse,0.263501384032958,False
daytime,512->406,1626,15,bezier_pgd,0.002690727007575333,mse,0.003786423258671261,False
daytime,512->406,1626,15,bezier_ipopt,5.5020923289703205,mse,0.00012239962364202095,False
daytime,512->406,1626,15,bezier_nm,23.228861768031493,mse,0.2364754730580703,False
daytime,512->503,1626,15,bezier_pgd,0.004817934008315206,mse,0.005094572644271885,False
daytime,512->503,1626,15,bezier_ipopt,,mse,,True
daytime,512->503,1626,15,bezier_nm,23.798319774970878,mse,0.2188879124968497,False
daytime,513->179,1626,15,bezier_pgd,0.0023311330005526543,mse,0.0007614444586371104,False
daytime,513->179,1626,15,bezier_ipopt,,mse,,True
daytime,513->179,1626,15,bezier_nm,23.41438193997601,mse,0.11709051132587539,False
daytime,513->188,1626,15,bezier_pgd,0.0027911659562960267,mse,0.028820312159908906,False
daytime,513->188,1626,15,bezier_ipopt,5.78426062699873,mse,0.00022997567632895288,False
daytime,513->188,1626,15,bezier_nm,23.573058523004875,mse,0.2867352456812496,False
daytime,513->365,1626,15,bezier_pgd,0.003548508044332266,mse,0.009387022172266148,False
daytime,513->365,1626,15,bezier_ipopt,,mse,,True
daytime,513->365,1626,15,bezier_nm,22.611107570992317,mse,0.24908794364176462,False
daytime,513->479,1626,15,bezier_pgd,0.0025227420264855027,mse,0.00295218503166288,False
daytime,513->479,1626,15,bezier_ipopt,7.6830978720099665,mse,0.00010240524358104502,False
daytime,513->479,1626,15,bezier_nm,22.86509286198998,mse,0.16478117187015018,False
daytime,514->187,1626,15,bezier_pgd,0.002282683039084077,mse,0.00995546415236732,False
daytime,514->187,1626,15,bezier_ipopt,6.151880135992542,mse,0.00029844879023858956,False
daytime,514->187,1626,15,bezier_nm,24.547417894995306,mse,0.15923158851077224,False
daytime,514->303,1626,15,bezier_pgd,0.003975181025452912,mse,0.017964978430606397,False
daytime,514->303,1626,15,bezier_ipopt,5.87755987199489,mse,0.0002356962987444938,False
daytime,514->303,1626,15,bezier_nm,22.2963109749835,mse,0.2505974911091507,False
daytime,514->342,1626,15,bezier_pgd,0.002456409973092377,mse,0.006129244493470451,False
daytime,514->342,1626,15,bezier_ipopt,6.189061430981383,mse,0.00015200874923887146,False
daytime,514->342,1626,15,bezier_nm,24.808651663013734,mse,0.20691770888387698,False
daytime,514->366,1626,15,bezier_pgd,0.0027614199789240956,mse,0.01138711366247926,False
daytime,514->366,1626,15,bezier_ipopt,6.849266314995475,mse,0.00013133943026052172,False
daytime,514->366,1626,15,bezier_nm,21.565221270022448,mse,0.2475776103190248,False
daytime,515->372,1626,15,bezier_pgd,0.002284586022142321,mse,9.206389324750353e-05,False
daytime,515->372,1626,15,bezier_ipopt,6.686092172050849,mse,5.226232301458998e-06,False
daytime,515->372,1626,15,bezier_nm,34.71463385701645,mse,0.0010654994319816168,False
daytime,515->445,1626,15,bezier_pgd,0.0026660889852792025,mse,0.02010520236841839,False
daytime,515->445,1626,15,bezier_ipopt,6.240427611977793,mse,0.00015773106335423027,False
daytime,515->445,1626,15,bezier_nm,23.975896457966883,mse,0.26901420107794444,False
daytime,515->528,1626,15,bezier_pgd,0.002805620024446398,mse,0.008713507319807233,False
daytime,515->528,1626,15,bezier_ipopt,,mse,,True
daytime,515->528,1626,15,bezier_nm,22.678229248034768,mse,0.22359729389998748,False
daytime,515->6,1626,15,bezier_pgd,0.001985706971026957,mse,0.007418353084267239,False
daytime,515->6,1626,15,bezier_ipopt,5.660345823038369,mse,2.8459817868930702e-05,False
daytime,515->6,1626,15,bezier_nm,24.30714769399492,mse,0.0835880337505416,False
daytime,516->15,1626,15,bezier_pgd,0.002379640005528927,mse,0.07881846090618255,False
daytime,516->15,1626,15,bezier_ipopt,,mse,,True
daytime,516->15,1626,15,bezier_nm,22.786000962019898,mse,0.32489569805983526,False
daytime,516->22,1626,15,bezier_pgd,0.0038438999908976257,mse,0.004088117205538192,False
daytime,516->22,1626,15,bezier_ipopt,,mse,,True
daytime,516->22,1626,15,bezier_nm,26.987140254001133,mse,0.2264614502821332,False
daytime,516->536,3252,15,bezier_pgd,0.0032988470047712326,mse,0.028758010018743157,False
daytime,516->536,3252,15,bezier_ipopt,,mse,,True
daytime,516->536,3252,15,bezier_nm,45.87458535598125,mse,0.37411359272020656,False
daytime,517->11,1626,15,bezier_pgd,0.002531384991016239,mse,0.00048370465105030774,False
daytime,517->11,1626,15,bezier_ipopt,7.396864812995773,mse,0.00019175528848107437,False
daytime,517->11,1626,15,bezier_nm,25.189330193970818,mse,0.11087189660497045,False
daytime,517->136,1626,15,bezier_pgd,0.0022254520445130765,mse,0.014514332033871888,False
daytime,517->136,1626,15,bezier_ipopt,6.2615735289873555,mse,0.00015968153138666148,False
daytime,517->136,1626,15,bezier_nm,22.842605805955827,mse,0.27344568673930053,False
daytime,517->164,1626,15,bezier_pgd,0.0025109370471909642,mse,0.009517589632643028,False
daytime,517->164,1626,15,bezier_ipopt,4.365237443009391,mse,0.00016880406839493624,False
daytime,517->164,1626,15,bezier_nm,22.35290800104849,mse,0.23607498477242841,False
daytime,517->175,1626,15,bezier_pgd,0.0028377919807098806,mse,0.013140549811512242,False
daytime,517->175,1626,15,bezier_ipopt,4.735677374002989,mse,0.00019652013065813657,False
daytime,517->175,1626,15,bezier_nm,23.187890892964788,mse,0.2539963594010727,False
daytime,517->305,1626,15,bezier_pgd,0.002799603040330112,mse,0.0011781110849662234,False
daytime,517->305,1626,15,bezier_ipopt,6.259274145006202,mse,0.00018578029051912967,False
daytime,517->305,1626,15,bezier_nm,27.701974013005383,mse,0.11317294764966995,False
daytime,517->350,1626,15,bezier_pgd,0.002492483996320516,mse,0.008427608398083026,False
daytime,517->350,1626,15,bezier_ipopt,5.1335651210392825,mse,0.0001933430165259997,False
daytime,517->350,1626,15,bezier_nm,23.338713067001663,mse,0.211372419783024,False
daytime,518->525,1626,15,bezier_pgd,0.0022988860146142542,mse,0.020829143137007768,False
daytime,518->525,1626,15,bezier_ipopt,5.1856609680107795,mse,4.452861072138084e-05,False
daytime,518->525,1626,15,bezier_nm,22.363318805990275,mse,0.2261806239914682,False
daytime,518->527,3252,15,bezier_pgd,0.0038226289907470345,mse,0.008099318841405856,False
daytime,518->527,3252,15,bezier_ipopt,13.0936215390102,mse,0.0004116851693981677,False
daytime,518->527,3252,15,bezier_nm,46.28776208200725,mse,0.24511755892414502,False
daytime,518->6,1626,15,bezier_pgd,0.0019725090241990983,mse,0.012669371985987948,False
daytime,518->6,1626,15,bezier_ipopt,5.371498227992561,mse,4.671943280837852e-05,False
daytime,518->6,1626,15,bezier_nm,25.36747561499942,mse,0.13518799060947118,False
daytime,519->483,1626,15,bezier_pgd,0.0018820789991877973,mse,0.04126050149128851,False
daytime,519->483,1626,15,bezier_ipopt,,mse,,True
daytime,519->483,1626,15,bezier_nm,23.49647889501648,mse,0.34437944416087446,False
daytime,519->523,1626,15,bezier_pgd,0.00276514096185565,mse,0.0036140134166152164,False
daytime,519->523,1626,15,bezier_ipopt,,mse,,True
daytime,519->523,1626,15,bezier_nm,21.971241668972652,mse,0.15225341214626084,False
daytime,519->530,1626,15,bezier_pgd,0.002993219008203596,mse,0.010078492546783682,False
daytime,519->530,1626,15,bezier_ipopt,,mse,,True
daytime,519->530,1626,15,bezier_nm,22.016585172968917,mse,0.28396917048946135,False
daytime,52->53,1626,15,bezier_pgd,0.0016743600135669112,mse,1.9241026284183357e-05,False
daytime,52->53,1626,15,bezier_ipopt,4.905153720988892,mse,7.0085348679551985e-06,False
daytime,52->53,1626,15,bezier_nm,31.543557926022913,mse,0.0007249791279157389,False
daytime,52->54,1626,15,bezier_pgd,0.0016125179827213287,mse,1.8683952715736855e-05,False
daytime,52->54,1626,15,bezier_ipopt,5.825771087023895,mse,5.408973757109946e-06,False
daytime,52->54,1626,15,bezier_nm,30.51319513801718,mse,0.0006096101485471669,False
daytime,520->214,1626,15,bezier_pgd,0.004168743034824729,mse,0.007883530532491285,False
daytime,520->214,1626,15,bezier_ipopt,4.943404223013204,mse,0.0001696842317229965,False
daytime,520->214,1626,15,bezier_nm,22.68635254097171,mse,0.23139238793364095,False
daytime,520->250,1626,15,bezier_pgd,0.004039648978505284,mse,0.0009868998577766232,False
daytime,520->250,1626,15,bezier_ipopt,7.622714348952286,mse,0.00012094252729747704,False
daytime,520->250,1626,15,bezier_nm,25.171713042014744,mse,0.11968191486525882,False
daytime,520->482,1626,15,bezier_pgd,0.0024495680117979646,mse,0.010683111219138258,False
daytime,520->482,1626,15,bezier_ipopt,5.734528881963342,mse,0.00020895924008998524,False
daytime,520->482,1626,15,bezier_nm,21.52349987399066,mse,0.23599833880762505,False
daytime,520->502,1626,15,bezier_pgd,0.0026014280156232417,mse,0.017156510107532007,False
daytime,520->502,1626,15,bezier_ipopt,6.971569283050485,mse,0.00019268594052512282,False
daytime,520->502,1626,15,bezier_nm,22.21487760497257,mse,0.27434316292361705,False
daytime,521->175,1626,15,bezier_pgd,0.003585263038985431,mse,0.012484577183099308,False
daytime,521->175,1626,15,bezier_ipopt,6.4773586230003275,mse,0.00012777561542195347,False
daytime,521->175,1626,15,bezier_nm,22.19033773196861,mse,0.2745703369656675,False
daytime,521->246,1626,15,bezier_pgd,0.0022196220234036446,mse,0.0016298245009067748,False
daytime,521->246,1626,15,bezier_ipopt,4.32469006505562,mse,0.00017144799773113824,False
daytime,521->246,1626,15,bezier_nm,24.996684380981605,mse,0.11518680140482603,False
daytime,521->400,1626,15,bezier_pgd,0.0019956229953095317,mse,0.0002235268408896374,False
daytime,521->400,1626,15,bezier_ipopt,5.926951342029497,mse,8.64541471597054e-05,False
daytime,521->400,1626,15,bezier_nm,23.975443407020066,mse,0.0668000200937135,False
daytime,522->210,1626,15,bezier_pgd,0.001988098956644535,mse,0.0269728296879904,False
daytime,522->210,1626,15,bezier_ipopt,5.237953444011509,mse,0.00022029329041171994,False
daytime,522->210,1626,15,bezier_nm,21.89653896202799,mse,0.2878485523511921,False
daytime,522->266,1626,15,bezier_pgd,0.0020686450297944248,mse,0.0003665591740962549,False
daytime,522->266,1626,15,bezier_ipopt,7.200370838982053,mse,0.0001369429669124964,False
daytime,522->266,1626,15,bezier_nm,23.705243395990692,mse,0.041725029342250045,False
daytime,522->344,1626,15,bezier_pgd,0.0023369299597106874,mse,0.010352674133283989,False
daytime,522->344,1626,15,bezier_ipopt,5.858010853000451,mse,0.00015791245220485057,False
daytime,522->344,1626,15,bezier_nm,23.19436860998394,mse,0.26631936028040937,False
daytime,522->354,1626,15,bezier_pgd,0.004742913006339222,mse,0.014598733929111126,False
daytime,522->354,1626,15,bezier_ipopt,4.907517721992917,mse,0.00022562667667265786,False
daytime,522->354,1626,15,bezier_nm,23.176851596974302,mse,0.2579077432082886,False
daytime,523->461,1626,15,bezier_pgd,0.004742094955872744,mse,0.010479518706517883,False
daytime,523->461,1626,15,bezier_ipopt,,mse,,True
daytime,523->461,1626,15,bezier_nm,22.678386128973216,mse,0.23768280789454743,False
daytime,523->519,1626,15,bezier_pgd,0.0029365199734456837,mse,0.039478575016600174,False
daytime,523->519,1626,15,bezier_ipopt,,mse,,True
daytime,523->519,1626,15,bezier_nm,24.2184703599778,mse,0.39553649011022135,False
daytime,523->526,1626,15,bezier_pgd,0.003250240988563746,mse,0.029506947448799063,False
daytime,523->526,1626,15,bezier_ipopt,5.225111949024722,mse,2.4992554746706265e-05,False
daytime,523->526,1626,15,bezier_nm,21.995004505035467,mse,0.20730240013982107,False
daytime,523->530,1626,15,bezier_pgd,0.0019758930429816246,mse,0.012339144840374579,False
daytime,523->530,1626,15,bezier_ipopt,10.480127084010746,mse,1.4569956478323462e-05,False
daytime,523->530,1626,15,bezier_nm,25.47675715899095,mse,0.13134784025963003,False
daytime,524->100,1626,15,bezier_pgd,0.002294480975251645,mse,2.6790013269054647e-05,False
daytime,524->100,1626,15,bezier_ipopt,3.3232401330024004,mse,1.0626939276634227e-05,False
daytime,524->100,1626,15,bezier_nm,30.25656065403018,mse,0.0007784312178334583,False
daytime,524->189,1626,15,bezier_pgd,0.002592664968688041,mse,0.020688582718621132,False
daytime,524->189,1626,15,bezier_ipopt,5.809152969974093,mse,0.00024322174635931962,False
daytime,524->189,1626,15,bezier_nm,22.987532560015097,mse,0.2648655637663209,False
daytime,524->457,1626,15,bezier_pgd,0.0015612099668942392,mse,2.6746813148020297e-05,False
daytime,524->457,1626,15,bezier_ipopt,5.16388442798052,mse,3.5694285058763124e-06,False
daytime,524->457,1626,15,bezier_nm,28.124473201984074,mse,0.0003212754224952428,False
daytime,524->481,1626,15,bezier_pgd,0.004029365023598075,mse,0.005672443534923777,False
daytime,524->481,1626,15,bezier_ipopt,5.261857745994348,mse,0.00011559146051124213,False
daytime,524->481,1626,15,bezier_nm,23.81816855003126,mse,0.22710299699804065,False
daytime,525->437,1626,15,bezier_pgd,0.0030135519918985665,mse,0.004890207513355743,False
daytime,525->437,1626,15,bezier_ipopt,,mse,,True
daytime,525->437,1626,15,bezier_nm,25.279384331020992,mse,0.2200086979188925,False
daytime,525->477,1626,15,bezier_pgd,0.0023166260216385126,mse,0.014423563260765942,False
daytime,525->477,1626,15,bezier_ipopt,,mse,,True
daytime,525->477,1626,15,bezier_nm,22.6112037730054,mse,0.23804300429042438,False
daytime,525->518,1626,15,bezier_pgd,0.003932004969101399,mse,0.025137257654894305,False
daytime,525->518,1626,15,bezier_ipopt,5.552212006994523,mse,5.2773944656321446e-05,False
daytime,525->518,1626,15,bezier_nm,23.168313766014762,mse,0.2550445146180921,False
daytime,525->537,1626,15,bezier_pgd,0.0021108989603817463,mse,0.020829143137007778,False
daytime,525->537,1626,15,bezier_ipopt,5.171473685011733,mse,4.452858561440981e-05,False
daytime,525->537,1626,15,bezier_nm,23.56378957402194,mse,0.2274599878272434,False
daytime,526->20,1626,15,bezier_pgd,0.002224867988843471,mse,0.004196839035696295,False
daytime,526->20,1626,15,bezier_ipopt,6.299631180998404,mse,0.00022496871217968372,False
daytime,526->20,1626,15,bezier_nm,23.104404641024303,mse,0.19085836220668376,False
daytime,526->483,1626,15,bezier_pgd,0.0022710649645887315,mse,0.005372287252924997,False
daytime,526->483,1626,15,bezier_ipopt,9.013372879999224,mse,0.00026207843547776464,False
daytime,526->483,1626,15,bezier_nm,21.988660049973987,mse,0.19739822244370112,False
daytime,526->523,3252,15,bezier_pgd,0.006969979964196682,mse,0.008099318841405854,False
daytime,526->523,3252,15,bezier_ipopt,15.404265741002746,mse,0.00041168538985099953,False
daytime,526->523,3252,15,bezier_nm,44.43982252595015,mse,0.24430505047911294,False
daytime,526->527,1626,15,bezier_pgd,0.0023510060273110867,mse,0.02950694744879909,False
daytime,526->527,1626,15,bezier_ipopt,5.510247587983031,mse,2.4992553995545023e-05,False
daytime,526->527,1626,15,bezier_nm,22.777558238012716,mse,0.20729799015294711,False
daytime,527->25,1626,15,bezier_pgd,0.0019238100503571332,mse,0.008714366785995213,False
daytime,527->25,1626,15,bezier_ipopt,5.865574135037605,mse,1.410747010970814e-05,False
daytime,527->25,1626,15,bezier_nm,24.93897456303239,mse,0.10505382178390123,False
daytime,527->477,1626,15,bezier_pgd,0.0022147349664010108,mse,0.004444879056868336,False
daytime,527->477,1626,15,bezier_ipopt,8.344918332004454,mse,7.993119272147107e-05,False
daytime,527->477,1626,15,bezier_nm,22.579598771000747,mse,0.20368155542583746,False
daytime,527->518,1626,15,bezier_pgd,0.0021036899997852743,mse,0.029506947448799056,False
daytime,527->518,1626,15,bezier_ipopt,5.2107873290078714,mse,2.49924328255217e-05,False
daytime,527->518,1626,15,bezier_nm,24.061037275008857,mse,0.21080743348006434,False
daytime,527->526,3252,15,bezier_pgd,0.003945303964428604,mse,0.008099318841405873,False
daytime,527->526,3252,15,bezier_ipopt,12.921968179987743,mse,0.00041168538866956096,False
daytime,527->526,3252,15,bezier_nm,47.43168957094895,mse,0.24430505047910905,False
daytime,528->24,1626,15,bezier_pgd,0.0026606969768181443,mse,0.012293328305957729,False
daytime,528->24,1626,15,bezier_ipopt,,mse,,True
daytime,528->24,1626,15,bezier_nm,22.21448181202868,mse,0.2536434235182135,False
daytime,528->25,1626,15,bezier_pgd,0.0022770659998059273,mse,0.004444879056868347,False
daytime,528->25,1626,15,bezier_ipopt,7.122730330971535,mse,7.993120829408061e-05,False
daytime,528->25,1626,15,bezier_nm,23.10798779997276,mse,0.2036815554258387,False
daytime,528->438,1626,15,bezier_pgd,0.0014756719465367496,mse,2.610765808369756e-05,False
daytime,528->438,1626,15,bezier_ipopt,11.578515146975406,mse,5.723466237307404e-06,False
daytime,528->438,1626,15,bezier_nm,33.23551310301991,mse,0.00012125667093052908,False
daytime,528->445,1626,15,bezier_pgd,0.002275253995321691,mse,0.00478469432876237,False
daytime,528->445,1626,15,bezier_ipopt,5.521053368982393,mse,0.000125966848357058,False
daytime,528->445,1626,15,bezier_nm,21.65751869196538,mse,0.215865070526353,False
daytime,528->515,1626,15,bezier_pgd,0.0022979379864409566,mse,0.01587419967046783,False
daytime,528->515,1626,15,bezier_ipopt,,mse,,True
daytime,528->515,1626,15,bezier_nm,22.67309923499124,mse,0.30641490574992913,False
daytime,529->160,1626,15,bezier_pgd,0.0025903129717335105,mse,0.007467999775764129,False
daytime,529->160,1626,15,bezier_ipopt,6.718028400966432,mse,0.00014928374531972898,False
daytime,529->160,1626,15,bezier_nm,22.04989506601123,mse,0.25692820223806295,False
daytime,529->403,1626,15,bezier_pgd,0.0023061070241965353,mse,0.009523730053478787,False
daytime,529->403,1626,15,bezier_ipopt,5.64886779198423,mse,0.00017469702955924657,False
daytime,529->403,1626,15,bezier_nm,22.947845893970225,mse,0.21294406381348113,False
daytime,529->412,1626,15,bezier_pgd,0.00200860999757424,mse,0.0025564613880489436,False
daytime,529->412,1626,15,bezier_ipopt,6.219240098027512,mse,0.0001868449519292276,False
daytime,529->412,1626,15,bezier_nm,25.16624304302968,mse,0.11990266323286922,False
daytime,529->419,1626,15,bezier_pgd,0.004207455029245466,mse,0.015899818806780635,False
daytime,529->419,1626,15,bezier_ipopt,8.232639999012463,mse,0.013494592309480394,False
daytime,529->419,1626,15,bezier_nm,20.857549100997858,mse,0.02790262904407256,False
daytime,529->44,1626,15,bezier_pgd,0.0024966239579953253,mse,0.0008986920247460726,False
daytime,529->44,1626,15,bezier_ipopt,,mse,,True
daytime,529->44,1626,15,bezier_nm,22.666355232999194,mse,0.012131098181646151,False
daytime,53->52,1626,15,bezier_pgd,0.0016059839981608093,mse,1.3229976571186644e-05,False
daytime,53->52,1626,15,bezier_ipopt,5.467091066006105,mse,8.501827707811767e-06,False
daytime,53->52,1626,15,bezier_nm,29.32176728901686,mse,0.0004589216294888136,False
daytime,53->56,1626,15,bezier_pgd,0.001563002006150782,mse,1.51951188714508e-05,False
daytime,53->56,1626,15,bezier_ipopt,9.590167456015479,mse,6.408175169956001e-06,False
daytime,53->56,1626,15,bezier_nm,31.933486594003625,mse,0.0006168453208393805,False
daytime,530->443,1626,15,bezier_pgd,0.0021087700151838362,mse,0.01746516379539092,False
daytime,530->443,1626,15,bezier_ipopt,,mse,,True
daytime,530->443,1626,15,bezier_nm,21.741737925971393,mse,0.03662750121794046,False
daytime,530->523,1626,15,bezier_pgd,0.002218102978076786,mse,0.0029072875493814047,False
daytime,530->523,1626,15,bezier_ipopt,8.121856295038015,mse,8.353101080368853e-05,False
daytime,530->523,1626,15,bezier_nm,22.64780962903751,mse,0.1646304787098576,False
daytime,530->533,3252,15,bezier_pgd,0.006126713997218758,mse,0.006842219038570582,False
daytime,530->533,3252,15,bezier_ipopt,14.491657091013622,mse,0.0002661872097308355,False
daytime,530->533,3252,15,bezier_nm,44.71964385500178,mse,0.24036538070440505,False
daytime,531->113,1626,15,bezier_pgd,0.0015909170033410192,mse,2.9057623902959203e-05,False
daytime,531->113,1626,15,bezier_ipopt,9.52786306804046,mse,5.507167860969151e-06,False
daytime,531->113,1626,15,bezier_nm,32.84482711396413,mse,0.00026540985350604864,False
daytime,531->483,1626,15,bezier_pgd,0.0023026239941827953,mse,0.0017900704397733375,False
daytime,531->483,1626,15,bezier_ipopt,5.586886422010139,mse,0.00018933706510326775,False
daytime,531->483,1626,15,bezier_nm,22.551424850011244,mse,0.19206895126732598,False
daytime,531->488,1626,15,bezier_pgd,0.003550313995219767,mse,0.0008323725329528188,False
daytime,531->488,1626,15,bezier_ipopt,34.00544485502178,mse,0.00022250119616099357,False
daytime,531->488,1626,15,bezier_nm,23.135420467995573,mse,0.1415591975567261,False
daytime,531->534,3252,15,bezier_pgd,0.005674235988408327,mse,0.01633686048533728,False
daytime,531->534,3252,15,bezier_ipopt,13.736455580976326,mse,0.0005368069533755232,False
daytime,531->534,3252,15,bezier_nm,43.37593870499404,mse,0.2347744726265916,False
daytime,532->113,1626,15,bezier_pgd,0.0024227729882113636,mse,2.207282918023827e-05,False
daytime,532->113,1626,15,bezier_ipopt,6.4950807120185345,mse,6.120775411796659e-06,False
daytime,532->113,1626,15,bezier_nm,31.438893000013195,mse,0.00020599120451516342,False
daytime,532->13,1626,15,bezier_pgd,0.0035784809733740985,mse,0.011172245087605248,False
daytime,532->13,1626,15,bezier_ipopt,6.477984450990334,mse,0.00014396703481833392,False
daytime,532->13,1626,15,bezier_nm,22.969515366014093,mse,0.2687679194179365,False
daytime,532->407,1626,15,bezier_pgd,0.0025194669724442065,mse,0.001922462856584345,False
daytime,532->407,1626,15,bezier_ipopt,5.773734228045214,mse,0.0009608027636456217,False
daytime,532->407,1626,15,bezier_nm,23.820774871041067,mse,0.13816523882538892,False
daytime,532->505,1626,15,bezier_pgd,0.00250110198976472,mse,0.008246944338610862,False
daytime,532->505,1626,15,bezier_ipopt,7.259754262049682,mse,0.0001486928820092194,False
daytime,532->505,1626,15,bezier_nm,24.500384801998734,mse,0.22341794251297115,False
daytime,532->533,1626,15,bezier_pgd,0.0021618519676849246,mse,0.0059973731928368145,False
daytime,532->533,1626,15,bezier_ipopt,6.524235212011263,mse,0.00014546911664350875,False
daytime,532->533,1626,15,bezier_nm,25.596194682992063,mse,0.18606874358168538,False
daytime,533->387,1626,15,bezier_pgd,0.002192990039475262,mse,0.0193714078259327,False
daytime,533->387,1626,15,bezier_ipopt,7.667559412016999,mse,0.00032934621779748935,False
daytime,533->387,1626,15,bezier_nm,22.108254135004245,mse,0.2423124785692345,False
daytime,533->412,3252,15,bezier_pgd,0.003821266000159085,mse,0.001149012661864588,False
daytime,533->412,3252,15,bezier_ipopt,13.878871114982758,mse,0.00021795719720353935,False
daytime,533->412,3252,15,bezier_nm,47.60426676197676,mse,0.16796609025975492,False
daytime,533->530,3252,15,bezier_pgd,0.003204250999260694,mse,0.020605534211023416,False
daytime,533->530,3252,15,bezier_ipopt,11.591465145000257,mse,4.006748354098126e-05,False
daytime,533->530,3252,15,bezier_nm,46.37240756198298,mse,0.28695315538211646,False
daytime,533->532,1626,15,bezier_pgd,0.0029299570014700294,mse,0.005459237408479252,False
daytime,533->532,1626,15,bezier_ipopt,7.147148058982566,mse,0.00011453199003954024,False
daytime,533->532,1626,15,bezier_nm,23.879946398024913,mse,0.13768609506396506,False
daytime,534->21,1626,15,bezier_pgd,0.002142901998013258,mse,0.009341949374323366,False
daytime,534->21,1626,15,bezier_ipopt,4.6633252809988335,mse,0.00023828549278486887,False
daytime,534->21,1626,15,bezier_nm,22.501451769960113,mse,0.22037074884240646,False
daytime,534->477,1626,15,bezier_pgd,0.0022741269785910845,mse,0.002041306521761825,False
daytime,534->477,1626,15,bezier_ipopt,13.634609950997401,mse,8.802510414253785e-05,False
daytime,534->477,1626,15,bezier_nm,22.840345543983858,mse,0.17343416490555388,False
daytime,534->531,3252,15,bezier_pgd,0.003418879001401365,mse,0.006748591761089248,False
daytime,534->531,3252,15,bezier_ipopt,14.710730495979078,mse,0.00023114683537653726,False
daytime,534->531,3252,15,bezier_nm,48.80589928099653,mse,0.20138428891932675,False
daytime,534->537,3252,15,bezier_pgd,0.005160214030183852,mse,0.007200385771716525,False
daytime,534->537,3252,15,bezier_ipopt,14.648058313003276,mse,0.0002570175559219763,False
daytime,534->537,3252,15,bezier_nm,45.02755638002418,mse,0.19461986542013962,False
daytime,535->212,1626,15,bezier_pgd,0.0026097570080310106,mse,0.016212123059070507,False
daytime,535->212,1626,15,bezier_ipopt,6.049885676999111,mse,0.0003288250613347256,False
daytime,535->212,1626,15,bezier_nm,22.63290331600001,mse,0.26143244978995933,False
daytime,535->441,1626,15,bezier_pgd,0.0028803549939766526,mse,0.017211694139405598,False
daytime,535->441,1626,15,bezier_ipopt,,mse,,True
daytime,535->441,1626,15,bezier_nm,22.617804704990704,mse,0.263451674773479,False
daytime,535->497,1626,15,bezier_pgd,0.0026467950083315372,mse,0.004197228625878637,False
daytime,535->497,1626,15,bezier_ipopt,8.469382718030829,mse,7.985551801513803e-05,False
daytime,535->497,1626,15,bezier_nm,,mse,,True
daytime,536->23,1626,15,bezier_pgd,0.002331755997147411,mse,0.01191634598168241,False
daytime,536->23,1626,15,bezier_ipopt,6.820540587999858,mse,0.00013385342226807404,False
daytime,536->23,1626,15,bezier_nm,21.331338784017134,mse,0.22360040101022888,False
daytime,536->437,1626,15,bezier_pgd,0.003161753003951162,mse,0.00030108483672441503,False
daytime,536->437,1626,15,bezier_ipopt,5.8972714630072005,mse,7.393345077950183e-05,False
daytime,536->437,1626,15,bezier_nm,23.55722489801701,mse,0.06647206820497938,False
daytime,536->516,3252,15,bezier_pgd,0.0053857340244576335,mse,0.0049672275080615905,False
daytime,536->516,3252,15,bezier_ipopt,9.850721453956794,mse,0.00010732502049606949,False
daytime,536->516,3252,15,bezier_nm,52.12160215200856,mse,0.17472819605339493,False
daytime,536->537,3252,15,bezier_pgd,0.0031883579795248806,mse,0.004886888818192171,False
daytime,536->537,3252,15,bezier_ipopt,13.799658670031931,mse,0.00019981344951753292,False
daytime,536->537,3252,15,bezier_nm,45.01237697096076,mse,0.18294583893631153,False
daytime,537->435,1626,15,bezier_pgd,0.002361524966545403,mse,0.001479537263426756,False
daytime,537->435,1626,15,bezier_ipopt,5.927131725009531,mse,7.267847211006712e-05,False
daytime,537->435,1626,15,bezier_nm,23.140340198006015,mse,0.052216117693746476,False
daytime,537->525,1626,15,bezier_pgd,0.0024005909799598157,mse,0.025137257654894288,False
daytime,537->525,1626,15,bezier_ipopt,5.460229047050234,mse,5.277375018474709e-05,False
daytime,537->525,1626,15,bezier_nm,23.432210750994273,mse,0.25681559782639385,False
daytime,537->534,3252,15,bezier_pgd,0.003426348033826798,mse,0.002404900719994781,False
daytime,537->534,3252,15,bezier_ipopt,11.758276268956251,mse,0.00017452442706353182,False
daytime,537->534,3252,15,bezier_nm,46.33480424998561,mse,0.19174098762128403,False
daytime,537->536,3252,15,bezier_pgd,0.0030952169909141958,mse,0.010271423111412227,False
daytime,537->536,3252,15,bezier_ipopt,14.693644050974399,mse,0.0002499913808395662,False
daytime,537->536,3252,15,bezier_nm,46.35377168597188,mse,0.21405483250295018,False
daytime,54->52,1626,15,bezier_pgd,0.0015709699946455657,mse,1.263122660415694e-05,False
daytime,54->52,1626,15,bezier_ipopt,6.433280576020479,mse,4.175200664448679e-06,False
daytime,54->52,1626,15,bezier_nm,27.99710044398671,mse,0.00042340915446539563,False
daytime,54->55,1626,15,bezier_pgd,0.0015107550425454974,mse,9.103992419296135e-06,False
daytime,54->55,1626,15,bezier_ipopt,4.326091981027275,mse,4.50002834904766e-06,False
daytime,54->55,1626,15,bezier_nm,29.85656976001337,mse,0.0004169357195032399,False
daytime,55->50,1626,15,bezier_pgd,0.0016480940394103527,mse,1.10217783904944e-05,False
daytime,55->50,1626,15,bezier_ipopt,4.37507753301179,mse,4.362403831507097e-06,False
daytime,55->50,1626,15,bezier_nm,30.285398106032517,mse,0.0007896378379939032,False
daytime,55->54,1626,15,bezier_pgd,0.0014854579931125045,mse,1.8938841198943283e-05,False
daytime,55->54,1626,15,bezier_ipopt,6.014445726992562,mse,4.667283680616779e-06,False
daytime,55->54,1626,15,bezier_nm,30.228626339987386,mse,0.0005574966353944314,False
daytime,56->53,1626,15,bezier_pgd,0.0015323369880206883,mse,1.6051255153947876e-05,False
daytime,56->53,1626,15,bezier_ipopt,4.705993267998565,mse,8.235671658399103e-06,False
daytime,56->53,1626,15,bezier_nm,32.033988571027294,mse,0.0005998679122426497,False
daytime,56->57,1626,15,bezier_pgd,0.002542978967539966,mse,2.725290101886826e-05,False
daytime,56->57,1626,15,bezier_ipopt,5.466871918994002,mse,5.386081450399467e-06,False
daytime,56->57,1626,15,bezier_nm,31.122774707968347,mse,0.0006798101808708945,False
daytime,57->449,1626,15,bezier_pgd,0.0022685810108669102,mse,3.339147339874411e-05,False
daytime,57->449,1626,15,bezier_ipopt,4.290243988973089,mse,5.353763585362809e-06,False
daytime,57->449,1626,15,bezier_nm,30.512173467956018,mse,0.0006306179727237881,False
daytime,57->56,1626,15,bezier_pgd,0.0015361320110969245,mse,1.4913996028395916e-05,False
daytime,57->56,1626,15,bezier_ipopt,15.90049045800697,mse,5.214777554966538e-06,False
daytime,57->56,1626,15,bezier_nm,30.32205613696715,mse,0.0006306123056875599,False
daytime,58->59,1626,15,bezier_pgd,0.0014636199921369553,mse,1.0774593080497245e-05,False
daytime,58->59,1626,15,bezier_ipopt,5.400141622987576,mse,3.855838021867564e-06,False
daytime,58->59,1626,15,bezier_nm,31.55630514200311,mse,7.357286084284588e-05,False
daytime,58->80,1626,15,bezier_pgd,0.0021943760220892727,mse,1.447796607555883e-05,False
daytime,58->80,1626,15,bezier_ipopt,4.328219891001936,mse,9.835941979144331e-06,False
daytime,58->80,1626,15,bezier_nm,29.73761543998262,mse,0.0005136599609272235,False
daytime,59->58,1626,15,bezier_pgd,0.001713014964479953,mse,2.1899525658949113e-05,False
daytime,59->58,1626,15,bezier_ipopt,4.229076209012419,mse,5.280413527018043e-06,False
daytime,59->58,1626,15,bezier_nm,31.96461313898908,mse,0.00012589695236872575,False
daytime,59->86,1626,15,bezier_pgd,0.0021585799986496568,mse,1.4986321609984324e-05,False
daytime,59->86,1626,15,bezier_ipopt,4.593975463998504,mse,7.069639504104896e-06,False
daytime,59->86,1626,15,bezier_nm,30.782143714022823,mse,9.995087875342918e-05,False
daytime,6->515,1626,15,bezier_pgd,0.0020487679867073894,mse,0.012669371985987913,False
daytime,6->515,1626,15,bezier_ipopt,5.471446504001506,mse,4.6719147211507894e-05,False
daytime,6->515,1626,15,bezier_nm,24.022327649989165,mse,0.13169041629041653,False
daytime,6->518,1626,15,bezier_pgd,0.0018231450230814517,mse,0.007418353084267176,False
daytime,6->518,1626,15,bezier_ipopt,5.1790756629779935,mse,2.8460270877099856e-05,False
daytime,6->518,1626,15,bezier_nm,23.95468638202874,mse,0.0792271695392972,False
daytime,60->2,1626,15,bezier_pgd,0.001652405015192926,mse,2.9878977502267228e-05,False
daytime,60->2,1626,15,bezier_ipopt,10.856358346994966,mse,7.1975600368144796e-06,False
daytime,60->2,1626,15,bezier_nm,31.670589953952003,mse,0.0006105647623481377,False
daytime,60->450,1626,15,bezier_pgd,0.0016834900015965104,mse,1.7897949911849224e-05,False
daytime,60->450,1626,15,bezier_ipopt,5.678279273968656,mse,4.0019236078090905e-06,False
daytime,60->450,1626,15,bezier_nm,33.54919933900237,mse,0.00011026508870575767,False
daytime,61->45,1626,15,bezier_pgd,0.0016064050141721964,mse,2.9532207532039576e-05,False
daytime,61->45,1626,15,bezier_ipopt,5.460204526025336,mse,6.495272322270943e-06,False
daytime,61->45,1626,15,bezier_nm,29.75550073100021,mse,0.0005585696806644353,False
daytime,61->75,1626,15,bezier_pgd,0.00160513399168849,mse,3.224908545071733e-05,False
daytime,61->75,1626,15,bezier_ipopt,5.799509473028593,mse,7.837854247890574e-06,False
daytime,61->75,1626,15,bezier_nm,29.037388833996374,mse,0.0006385693657447832,False
daytime,62->63,1626,15,bezier_pgd,0.0016493330476805568,mse,1.6767581284654106e-05,False
daytime,62->63,1626,15,bezier_ipopt,6.067835421999916,mse,5.321382151171576e-06,False
daytime,62->63,1626,15,bezier_nm,29.404463306011166,mse,0.000501041283195299,False
daytime,62->75,1626,15,bezier_pgd,0.0014948190073482692,mse,2.1075474421505015e-05,False
daytime,62->75,1626,15,bezier_ipopt,5.749568685016129,mse,9.459435666605567e-06,False
daytime,62->75,1626,15,bezier_nm,30.154646406997927,mse,0.0004891192541079795,False
daytime,63->62,1626,15,bezier_pgd,0.0013919120538048446,mse,1.7427079541572694e-05,False
daytime,63->62,1626,15,bezier_ipopt,5.550900051021017,mse,4.715849948645267e-06,False
daytime,63->62,1626,15,bezier_nm,30.315815092006233,mse,0.0004659897416898745,False
daytime,63->64,1626,15,bezier_pgd,0.0017688709776848555,mse,1.8539560402637035e-05,False
daytime,63->64,1626,15,bezier_ipopt,4.89731331897201,mse,9.929807699949955e-06,False
daytime,63->64,1626,15,bezier_nm,31.207951382966712,mse,0.00030917346300762675,False
daytime,64->63,1626,15,bezier_pgd,0.0017102910205721855,mse,1.6117352687671082e-05,False
daytime,64->63,1626,15,bezier_ipopt,5.28829344100086,mse,5.8547087278328105e-06,False
daytime,64->63,1626,15,bezier_nm,31.176284614019096,mse,0.00030293745498786274,False
daytime,64->65,1626,15,bezier_pgd,0.0026714809937402606,mse,3.98189059312321e-05,False
daytime,64->65,1626,15,bezier_ipopt,5.252382954000495,mse,6.5884389626576135e-06,False
daytime,64->65,1626,15,bezier_nm,32.81111676496221,mse,0.00017181877973197944,False
daytime,65->130,1626,15,bezier_pgd,0.0016879879985935986,mse,9.970729328297962e-05,False
daytime,65->130,1626,15,bezier_ipopt,6.179978191968985,mse,7.237297448559082e-05,False
daytime,65->130,1626,15,bezier_nm,33.20165023102891,mse,0.0023118345813546723,False
daytime,65->64,1626,15,bezier_pgd,0.0022987689590081573,mse,1.662510601612092e-05,False
daytime,65->64,1626,15,bezier_ipopt,5.47980190400267,mse,5.8666798360326e-06,False
daytime,65->64,1626,15,bezier_nm,33.357220818987116,mse,0.00020622796446154653,False
daytime,66->450,1626,15,bezier_pgd,0.0017655909759923816,mse,2.3829780618277326e-05,False
daytime,66->450,1626,15,bezier_ipopt,5.215084406023379,mse,5.800929911837428e-06,False
daytime,66->450,1626,15,bezier_nm,34.85563069197815,mse,0.0001670361780192992,False
daytime,66->67,1626,15,bezier_pgd,0.0017099850228987634,mse,2.3134997526393964e-05,False
daytime,66->67,1626,15,bezier_ipopt,5.970743035024498,mse,1.1796887209479349e-05,False
daytime,66->67,1626,15,bezier_nm,33.98695588897681,mse,0.0001061558858458224,False
daytime,67->66,1626,15,bezier_pgd,0.0015383859863504767,mse,1.262736404017993e-05,False
daytime,67->66,1626,15,bezier_ipopt,5.270186748995911,mse,2.5830862122131125e-06,False
daytime,67->66,1626,15,bezier_nm,32.397398273984436,mse,8.224014445254137e-05,False
daytime,67->68,1626,15,bezier_pgd,0.0017324319924227893,mse,2.567584024230129e-05,False
daytime,67->68,1626,15,bezier_ipopt,5.704460768960416,mse,8.016862290734466e-06,False
daytime,67->68,1626,15,bezier_nm,32.07908783300081,mse,0.00012527155732045838,False
daytime,68->67,1626,15,bezier_pgd,0.0016582509852014482,mse,2.19227380139768e-05,False
daytime,68->67,1626,15,bezier_ipopt,4.88011715299217,mse,6.214249121822906e-06,False
daytime,68->67,1626,15,bezier_nm,32.46120900398819,mse,0.00015274615399830656,False
daytime,68->69,1626,15,bezier_pgd,0.0016140500083565712,mse,2.2744357700573528e-05,False
daytime,68->69,1626,15,bezier_ipopt,5.287039580987766,mse,1.0989538362478447e-05,False
daytime,68->69,1626,15,bezier_nm,30.105646062991582,mse,0.0006947302866598169,False
daytime,69->68,1626,15,bezier_pgd,0.0022040139883756638,mse,1.4843668538386473e-05,False
daytime,69->68,1626,15,bezier_ipopt,4.724280281981919,mse,6.791497693121324e-06,False
daytime,69->68,1626,15,bezier_nm,30.693984980054665,mse,0.0006455065056005494,False
daytime,69->70,1626,15,bezier_pgd,0.0016572310123592615,mse,1.5662656203565265e-05,False
daytime,69->70,1626,15,bezier_ipopt,4.676905614964198,mse,9.122191873133294e-06,False
daytime,69->70,1626,15,bezier_nm,32.92716314597055,mse,0.00012086265789238911,False
daytime,7->107,1626,15,bezier_pgd,0.002598794992081821,mse,0.010832605522553036,False
daytime,7->107,1626,15,bezier_ipopt,,mse,,True
daytime,7->107,1626,15,bezier_nm,22.641688909963705,mse,0.21091614663898692,False
daytime,7->108,1626,15,bezier_pgd,0.0016216710209846497,mse,3.5715875935739516e-05,False
daytime,7->108,1626,15,bezier_ipopt,10.448544100974686,mse,4.577637246611378e-06,False
daytime,7->108,1626,15,bezier_nm,33.44809063296998,mse,0.00020687360987188994,False
daytime,7->225,1626,15,bezier_pgd,0.00199902500025928,mse,0.0001249523023282589,False
daytime,7->225,1626,15,bezier_ipopt,,mse,,True
daytime,7->225,1626,15,bezier_nm,33.57132055104012,mse,0.0005223309090344796,False
daytime,70->69,1626,15,bezier_pgd,0.0024182969937101007,mse,2.1336614168073014e-05,False
daytime,70->69,1626,15,bezier_ipopt,5.103067316988017,mse,4.467259495474446e-06,False
daytime,70->69,1626,15,bezier_nm,35.037150388001464,mse,0.0001623111276259534,False
daytime,70->71,1626,15,bezier_pgd,0.00229738000780344,mse,2.3246631248289314e-05,False
daytime,70->71,1626,15,bezier_ipopt,6.898231322993524,mse,6.538351714230613e-06,False
daytime,70->71,1626,15,bezier_nm,34.1460255550337,mse,0.00013454326561154875,False
daytime,71->70,1626,15,bezier_pgd,0.0015778109664097428,mse,1.9982170514436215e-05,False
daytime,71->70,1626,15,bezier_ipopt,4.444283681048546,mse,6.785416048943489e-06,False
daytime,71->70,1626,15,bezier_nm,33.51165795599809,mse,0.00012519145782573102,False
daytime,71->72,1626,15,bezier_pgd,0.0015667019761167467,mse,2.2779457738853592e-05,False
daytime,71->72,1626,15,bezier_ipopt,3.8923235399997793,mse,1.5085292800641699e-05,False
daytime,71->72,1626,15,bezier_nm,31.312248207977973,mse,0.0005674507123996605,False
daytime,72->202,1626,15,bezier_pgd,0.0015673940069973469,mse,3.398495990599647e-05,False
daytime,72->202,1626,15,bezier_ipopt,8.059038243023679,mse,7.105978141777654e-06,False
daytime,72->202,1626,15,bezier_nm,30.83095905999653,mse,0.00010944174291512156,False
daytime,72->71,1626,15,bezier_pgd,0.002205119002610445,mse,1.6629945910394276e-05,False
daytime,72->71,1626,15,bezier_ipopt,4.713938991015311,mse,8.310523084858031e-06,False
daytime,72->71,1626,15,bezier_nm,32.26501059200382,mse,0.0005434562549188755,False
daytime,73->74,1626,15,bezier_pgd,0.0015176499728113413,mse,1.9563881828709492e-05,False
daytime,73->74,1626,15,bezier_ipopt,5.312550611968618,mse,5.800309677882786e-06,False
daytime,73->74,1626,15,bezier_nm,32.51965393900173,mse,0.0001566266050205251,False
daytime,73->80,1626,15,bezier_pgd,0.0015994500136002898,mse,1.7663935088796806e-05,False
daytime,73->80,1626,15,bezier_ipopt,7.118213578010909,mse,6.125878040301193e-06,False
daytime,73->80,1626,15,bezier_nm,31.55637561698677,mse,0.00035933515712795855,False
daytime,74->143,1626,15,bezier_pgd,0.003835515002720058,mse,0.0014469004166341713,False
daytime,74->143,1626,15,bezier_ipopt,6.029669123003259,mse,0.00014420857388760302,False
daytime,74->143,1626,15,bezier_nm,23.01654583698837,mse,0.1476228358388477,False
daytime,74->73,1626,15,bezier_pgd,0.0022886500228196383,mse,5.447847706688457e-05,False
daytime,74->73,1626,15,bezier_ipopt,5.5200150680029765,mse,1.07940974284592e-05,False
daytime,74->73,1626,15,bezier_nm,34.60967857204378,mse,0.000319474280807246,False
daytime,75->46,1626,15,bezier_pgd,0.0016076259780675173,mse,1.8054111997203653e-05,False
daytime,75->46,1626,15,bezier_ipopt,3.6395817800075747,mse,4.585961398729457e-06,False
daytime,75->46,1626,15,bezier_nm,32.01866965997033,mse,0.000734798726218628,False
daytime,75->61,1626,15,bezier_pgd,0.0015667509869672358,mse,2.6925874771148327e-05,False
daytime,75->61,1626,15,bezier_ipopt,4.9058267989894375,mse,6.3521138358829785e-06,False
daytime,75->61,1626,15,bezier_nm,31.573617174988613,mse,0.0007883521712460235,False
daytime,75->62,1626,15,bezier_pgd,0.0014945300063118339,mse,1.0403212256699715e-05,False
daytime,75->62,1626,15,bezier_ipopt,5.1631146630388685,mse,5.16751325490189e-06,False
daytime,75->62,1626,15,bezier_nm,29.352558134007268,mse,0.0004865617005620402,False
daytime,76->14,1626,15,bezier_pgd,0.0017254070262424648,mse,1.4297261922381137e-05,False
daytime,76->14,1626,15,bezier_ipopt,5.249742996005807,mse,7.694514417764382e-06,False
daytime,76->14,1626,15,bezier_nm,33.21562076697592,mse,0.00014148899369065786,False
daytime,76->276,1626,15,bezier_pgd,0.003035895002540201,mse,0.0038301831358335324,False
daytime,76->276,1626,15,bezier_ipopt,,mse,,True
daytime,76->276,1626,15,bezier_nm,22.93486718699569,mse,0.21539962936440707,False
daytime,76->428,1626,15,bezier_pgd,0.005450905009638518,mse,0.017530647486635288,False
daytime,76->428,1626,15,bezier_ipopt,,mse,,True
daytime,76->428,1626,15,bezier_nm,25.861082626041025,mse,0.26653094034888886,False
daytime,77->430,1626,15,bezier_pgd,0.0026178290136158466,mse,1.472575877755696e-05,False
daytime,77->430,1626,15,bezier_ipopt,4.930356960045174,mse,6.2714923552693306e-06,False
daytime,77->430,1626,15,bezier_nm,34.24354219197994,mse,0.0001385269976305828,False
daytime,77->478,1626,15,bezier_pgd,0.0015476939734071493,mse,0.00018539804190055662,False
daytime,77->478,1626,15,bezier_ipopt,6.583237137005199,mse,0.00011853068129937602,False
daytime,77->478,1626,15,bezier_nm,32.6607119399705,mse,0.0015372495989974225,False
daytime,78->109,1626,15,bezier_pgd,0.001440135994926095,mse,1.7380127083456517e-05,False
daytime,78->109,1626,15,bezier_ipopt,4.862238680012524,mse,4.882504243271918e-06,False
daytime,78->109,1626,15,bezier_nm,31.034779172972776,mse,0.0005943659955704715,False
daytime,78->79,1626,15,bezier_pgd,0.001595576002728194,mse,2.1828721176675583e-05,False
daytime,78->79,1626,15,bezier_ipopt,4.955575792992022,mse,5.488997606414069e-06,False
daytime,78->79,1626,15,bezier_nm,34.52025284903357,mse,0.0002413440555578671,False
daytime,79->110,1626,15,bezier_pgd,0.0020728589734062552,mse,8.912497116911728e-06,False
daytime,79->110,1626,15,bezier_ipopt,5.9430851099896245,mse,6.60974558527008e-06,False
daytime,79->110,1626,15,bezier_nm,29.932351349038072,mse,7.349683102236715e-05,False
daytime,79->78,1626,15,bezier_pgd,0.001912471023388207,mse,1.4275412131649803e-05,False
daytime,79->78,1626,15,bezier_ipopt,5.742558071040548,mse,6.616469277412766e-06,False
daytime,79->78,1626,15,bezier_nm,32.01427995599806,mse,0.00014159039623326148,False
daytime,8->96,1626,15,bezier_pgd,0.008302267990075052,mse,0.011265401329522275,False
daytime,8->96,1626,15,bezier_ipopt,,mse,,True
daytime,8->96,1626,15,bezier_nm,19.579714442021213,mse,0.1082937923364193,False
daytime,80->202,1626,15,bezier_pgd,0.002069736015982926,mse,6.9468172708722986e-06,False
daytime,80->202,1626,15,bezier_ipopt,6.122770978952758,mse,3.476381895454891e-06,False
daytime,80->202,1626,15,bezier_nm,31.062816830002703,mse,0.000397390191775185,False
daytime,80->58,1626,15,bezier_pgd,0.0018571530235931277,mse,2.0972471486737163e-05,False
daytime,80->58,1626,15,bezier_ipopt,5.640590937982779,mse,4.747451083402559e-06,False
daytime,80->58,1626,15,bezier_nm,30.86882814503042,mse,0.0006937344396195142,False
daytime,80->73,1626,15,bezier_pgd,0.0016676929662935436,mse,4.4678059207466744e-05,False
daytime,80->73,1626,15,bezier_ipopt,5.742249452974647,mse,4.8809477018678414e-06,False
daytime,80->73,1626,15,bezier_nm,34.06276454695035,mse,0.0005183788322479651,False
daytime,81->453,1626,15,bezier_pgd,0.0017069579917006195,mse,2.9981404924062145e-05,False
daytime,81->453,1626,15,bezier_ipopt,5.292730993009172,mse,5.407105277027712e-06,False
daytime,81->453,1626,15,bezier_nm,31.66750320798019,mse,0.00020513598830575953,False
daytime,81->82,1626,15,bezier_pgd,0.0040069890092127025,mse,0.0029366575310640184,False
daytime,81->82,1626,15,bezier_ipopt,,mse,,True
daytime,81->82,1626,15,bezier_nm,22.142800835019443,mse,0.23778725416774465,False
daytime,82->81,1626,15,bezier_pgd,0.002555275976192206,mse,1.072543508405633e-05,False
daytime,82->81,1626,15,bezier_ipopt,5.826071263058111,mse,4.8033354092069025e-06,False
daytime,82->81,1626,15,bezier_nm,32.24920876097167,mse,9.694067373721447e-05,False
daytime,82->83,1626,15,bezier_pgd,0.0015178470057435334,mse,1.459137664163701e-05,False
daytime,82->83,1626,15,bezier_ipopt,5.674196214007679,mse,5.4783082723275265e-06,False
daytime,82->83,1626,15,bezier_nm,31.625121789984405,mse,0.00010547436775936268,False
daytime,83->82,1626,15,bezier_pgd,0.0019207940204069018,mse,2.0922311143498618e-05,False
daytime,83->82,1626,15,bezier_ipopt,5.276843950967304,mse,5.217478335425749e-06,False
daytime,83->82,1626,15,bezier_nm,32.40913606999675,mse,0.00025503294413885876,False
daytime,83->85,1626,15,bezier_pgd,0.0029991359915584326,mse,0.005409813894085489,False
daytime,83->85,1626,15,bezier_ipopt,7.861279306001961,mse,0.00012678651033240265,False
daytime,83->85,1626,15,bezier_nm,22.87848993600346,mse,0.24674501734861704,False
daytime,84->510,1626,15,bezier_pgd,0.003622583986725658,mse,0.0013674322087382485,False
daytime,84->510,1626,15,bezier_ipopt,53.08766605803976,mse,0.00012636970180137703,False
daytime,84->510,1626,15,bezier_nm,24.438819842005614,mse,0.22116590781570714,False
daytime,84->85,1626,15,bezier_pgd,0.00237494200700894,mse,1.367731278366007e-05,False
daytime,84->85,1626,15,bezier_ipopt,5.249802242964506,mse,6.582748155786606e-06,False
daytime,84->85,1626,15,bezier_nm,33.22841341199819,mse,6.382711606575272e-05,False
daytime,85->83,1626,15,bezier_pgd,0.0019553909660317004,mse,0.0001815807211861286,False
daytime,85->83,1626,15,bezier_ipopt,5.597983498009853,mse,0.00011463005502376283,False
daytime,85->83,1626,15,bezier_nm,34.64399346499704,mse,0.0017057399865200535,False
daytime,85->84,1626,15,bezier_pgd,0.002708871033973992,mse,0.014605129024606546,False
daytime,85->84,1626,15,bezier_ipopt,,mse,,True
daytime,85->84,1626,15,bezier_nm,22.684450651984662,mse,0.24466741024832062,False
daytime,86->142,1626,15,bezier_pgd,0.002527589036617428,mse,0.0001567842680209759,False
daytime,86->142,1626,15,bezier_ipopt,8.869631959008984,mse,0.00013276410896553219,False
daytime,86->142,1626,15,bezier_nm,31.06303762504831,mse,0.0016909229714014004,False
daytime,86->59,1626,15,bezier_pgd,0.0016046340460889041,mse,0.054745174042131625,False
daytime,86->59,1626,15,bezier_ipopt,6.07546555402223,mse,2.332405064065664e-05,False
daytime,86->59,1626,15,bezier_nm,23.858485396020114,mse,0.5658912528069463,False
daytime,87->88,1626,15,bezier_pgd,0.0014923629933036864,mse,1.728829431022109e-05,False
daytime,87->88,1626,15,bezier_ipopt,5.476226781960577,mse,5.661537649103518e-06,False
daytime,87->88,1626,15,bezier_nm,33.39359502197476,mse,8.770254036707106e-05,False
daytime,87->97,1626,15,bezier_pgd,0.0015643529477529228,mse,1.4665778419133638e-05,False
daytime,87->97,1626,15,bezier_ipopt,4.750425570993684,mse,5.527114188252044e-06,False
daytime,87->97,1626,15,bezier_nm,29.323276301962323,mse,0.0005424850597118641,False
daytime,88->16,1626,15,bezier_pgd,0.0021718560019508004,mse,2.8740423551260372e-05,False
daytime,88->16,1626,15,bezier_ipopt,5.791233173047658,mse,5.265667631066813e-06,False
daytime,88->16,1626,15,bezier_nm,35.29876701696776,mse,0.00017886582921309346,False
daytime,88->87,1626,15,bezier_pgd,0.001829523011110723,mse,3.818103830521105e-05,False
daytime,88->87,1626,15,bezier_ipopt,5.602564539993182,mse,8.109220679032195e-06,False
daytime,88->87,1626,15,bezier_nm,34.13600741297705,mse,0.00017447817012116273,False
daytime,89->297,1626,15,bezier_pgd,0.0015036080149002373,mse,1.653419179649935e-05,False
daytime,89->297,1626,15,bezier_ipopt,5.38499990402488,mse,5.5692746174042904e-06,False
daytime,89->297,1626,15,bezier_nm,29.919389795977622,mse,0.0003157729063943868,False
daytime,89->90,1626,15,bezier_pgd,0.002255235973279923,mse,1.6526597431643525e-05,False
daytime,89->90,1626,15,bezier_ipopt,9.508267116034403,mse,5.521437576852912e-06,False
daytime,89->90,1626,15,bezier_nm,31.448027815960813,mse,0.0003213777515671511,False
daytime,9->499,1626,15,bezier_pgd,0.0019370150403119624,mse,0.0019749669316486713,False
daytime,9->499,1626,15,bezier_ipopt,5.937038295029197,mse,0.00017626893296768096,False
daytime,9->499,1626,15,bezier_nm,23.589776387030724,mse,0.11864193511042875,False
daytime,90->216,1626,15,bezier_pgd,0.0016634489875286818,mse,2.0901758004375476e-05,False
daytime,90->216,1626,15,bezier_ipopt,8.390612306946423,mse,1.0206373066795252e-05,False
daytime,90->216,1626,15,bezier_nm,35.49828000803245,mse,0.00015133235448492037,False
daytime,90->89,1626,15,bezier_pgd,0.001644000003580004,mse,2.824743105731533e-05,False
daytime,90->89,1626,15,bezier_ipopt,5.219186762988102,mse,1.3361827858502832e-05,False
daytime,90->89,1626,15,bezier_nm,31.769533878017683,mse,0.0005020488027043103,False
daytime,91->408,1626,15,bezier_pgd,0.00613056099973619,mse,0.18565713129852204,False
daytime,91->408,1626,15,bezier_ipopt,,mse,,True
daytime,91->408,1626,15,bezier_nm,20.638235383026768,mse,0.33093891664094427,False
daytime,91->92,1626,15,bezier_pgd,0.0015653379959985614,mse,1.6733470097473153e-05,False
daytime,91->92,1626,15,bezier_ipopt,4.915383775020018,mse,5.494806604199672e-06,False
daytime,91->92,1626,15,bezier_nm,31.424631585017778,mse,0.0006054652896562435,False
daytime,92->259,1626,15,bezier_pgd,0.0018460070132277906,mse,0.004331763547970918,False
daytime,92->259,1626,15,bezier_ipopt,,mse,,True
daytime,92->259,1626,15,bezier_nm,26.63741021498572,mse,0.3147737473003577,False
daytime,92->91,1626,15,bezier_pgd,0.0061488060164265335,mse,0.20649363666762865,False
daytime,92->91,1626,15,bezier_ipopt,,mse,,True
daytime,92->91,1626,15,bezier_nm,21.15778407000471,mse,0.33759634030753105,False
daytime,93->425,1626,15,bezier_pgd,0.0016014379798434675,mse,2.846172706618128e-05,False
daytime,93->425,1626,15,bezier_ipopt,6.584844478988089,mse,7.677144132937821e-06,False
daytime,93->425,1626,15,bezier_nm,32.363175932026934,mse,0.00018412298343285617,False
daytime,93->448,1626,15,bezier_pgd,0.002096950018312782,mse,9.303511497882617e-06,False
daytime,93->448,1626,15,bezier_ipopt,5.995110927033238,mse,4.0764280786723435e-06,False
daytime,93->448,1626,15,bezier_nm,31.14651138597401,mse,4.259324001977934e-05,False
daytime,94->209,1626,15,bezier_pgd,0.00216283299960196,mse,0.03255623177061173,False
daytime,94->209,1626,15,bezier_ipopt,5.943744827003684,mse,0.0001318030036622316,False
daytime,94->209,1626,15,bezier_nm,23.123082383011933,mse,0.28862137295230483,False
daytime,94->95,1626,15,bezier_pgd,0.0015464890166185796,mse,1.3555111120841852e-05,False
daytime,94->95,1626,15,bezier_ipopt,4.942502474994399,mse,6.357288400941653e-06,False
daytime,94->95,1626,15,bezier_nm,32.60050435195444,mse,7.536751381572328e-05,False
daytime,95->94,1626,15,bezier_pgd,0.0015838780091144145,mse,1.2076022966432151e-05,False
daytime,95->94,1626,15,bezier_ipopt,4.551447893027216,mse,4.918266993104973e-06,False
daytime,95->94,1626,15,bezier_nm,31.667029157979414,mse,0.00019138368740632443,False
daytime,95->96,1626,15,bezier_pgd,0.0016719280392862856,mse,1.8430073874772742e-05,False
daytime,95->96,1626,15,bezier_ipopt,4.95112635899568,mse,4.534285058986484e-06,False
daytime,95->96,1626,15,bezier_nm,34.85468317603227,mse,0.00012115644403926458,False
daytime,96->8,1626,15,bezier_pgd,0.0018735199701040983,mse,0.006188157611872346,False
daytime,96->8,1626,15,bezier_ipopt,,mse,,True
daytime,96->8,1626,15,bezier_nm,25.18636156397406,mse,0.38402143528990124,False
daytime,96->95,1626,15,bezier_pgd,0.0015298050129786134,mse,1.3243397981436923e-05,False
daytime,96->95,1626,15,bezier_ipopt,4.528834393015131,mse,3.68007608307609e-06,False
daytime,96->95,1626,15,bezier_nm,32.512831674015615,mse,0.00016997096139402212,False
daytime,97->17,1626,15,bezier_pgd,0.0015159419854171574,mse,1.644538642756954e-05,False
daytime,97->17,1626,15,bezier_ipopt,5.110362050007097,mse,6.504630467754352e-06,False
daytime,97->17,1626,15,bezier_nm,30.375992626999505,mse,0.0002089886513011731,False
daytime,97->87,1626,15,bezier_pgd,0.0014806619728915393,mse,1.664063741143052e-05,False
daytime,97->87,1626,15,bezier_ipopt,3.878532265953254,mse,9.584367711046641e-06,False
daytime,97->87,1626,15,bezier_nm,33.00809830601793,mse,0.00012154311443751846,False
daytime,98->455,1626,15,bezier_pgd,0.0016504210070706904,mse,2.1663696775448387e-05,False
daytime,98->455,1626,15,bezier_ipopt,4.970796518027782,mse,7.539629651992306e-06,False
daytime,98->455,1626,15,bezier_nm,31.310197695042007,mse,0.0005817982156560967,False
daytime,98->456,1626,15,bezier_pgd,0.0016506859683431685,mse,1.7284515647427585e-05,False
daytime,98->456,1626,15,bezier_ipopt,7.299447469995357,mse,3.6182087944260862e-06,False
daytime,98->456,1626,15,bezier_nm,33.03335380402859,mse,0.0006733414182079398,False
daytime,99->100,1626,15,bezier_pgd,0.0015225220122374594,mse,1.3265413583752778e-05,False
daytime,99->100,1626,15,bezier_ipopt,5.540011926961597,mse,5.663031996410516e-06,False
daytime,99->100,1626,15,bezier_nm,29.102121743024327,mse,0.0004650858807717877,False
daytime,99->456,1626,15,bezier_pgd,0.00263014598749578,mse,2.901682354545553e-05,False
daytime,99->456,1626,15,bezier_ipopt,5.108135343994945,mse,6.866210197567609e-06,False
daytime,99->456,1626,15,bezier_nm,29.702462351007853,mse,0.0007049248791957596,False
