regime,arc,n_samples,n_bezier,method,time_s,metric_name,metric,failed
full_day,1->31,3222,20,bezier_pgd,0.007612116984091699,mse,1.4235738729988634e-05,False
full_day,1->31,3222,20,bezier_ipopt,16.603344899020158,mse,1.9524696847430403e-06,False
full_day,1->31,3222,20,bezier_nm,87.73208235099446,mse,0.00035873697450260016,False
full_day,10->435,3222,20,bezier_pgd,0.00582421402214095,mse,0.008372547675421364,False
full_day,10->435,3222,20,bezier_ipopt,21.085216739971656,mse,9.311087611461195e-05,False
full_day,10->435,3222,20,bezier_nm,57.34064776694868,mse,0.23930890619811482,False
full_day,100->524,3222,20,bezier_pgd,0.0034441970055922866,mse,9.587792910365028e-06,False
full_day,100->524,3222,20,bezier_ipopt,14.299074346025009,mse,3.578809299544737e-06,False
full_day,100->524,3222,20,bezier_nm,85.85315009299666,mse,0.00029915986086499643,False
full_day,100->99,3222,20,bezier_pgd,0.0031932179699651897,mse,8.970842082249234e-06,False
full_day,100->99,3222,20,bezier_ipopt,13.105499600991607,mse,2.691450102252885e-06,False
full_day,100->99,3222,20,bezier_nm,83.44517976796487,mse,0.00037025633427670567,False
full_day,101->102,3222,20,bezier_pgd,0.0033840780379250646,mse,7.97168958326049e-06,False
full_day,101->102,3222,20,bezier_ipopt,16.98263175500324,mse,2.018096340164266e-06,False
full_day,101->102,3222,20,bezier_nm,85.61949316697428,mse,0.000297277391496982,False
full_day,101->457,3222,20,bezier_pgd,0.0035233889939263463,mse,6.199363399704236e-06,False
full_day,101->457,3222,20,bezier_ipopt,15.334248428000137,mse,1.678241472270767e-06,False
full_day,101->457,3222,20,bezier_nm,83.30362996499753,mse,0.0002595888809474697,False
full_day,102->101,3222,20,bezier_pgd,0.003397453052457422,mse,9.734515833857882e-06,False
full_day,102->101,3222,20,bezier_ipopt,15.656732964038383,mse,2.9906108847614706e-06,False
full_day,102->101,3222,20,bezier_nm,89.17568729398772,mse,0.0003125079969074497,False
full_day,102->103,3222,20,bezier_pgd,0.0033487780019640923,mse,9.950604950359466e-06,False
full_day,102->103,3222,20,bezier_ipopt,21.19594779802719,mse,3.6654431639292143e-06,False
full_day,102->103,3222,20,bezier_nm,90.08819566003513,mse,0.00029852610644430077,False
full_day,103->102,3222,20,bezier_pgd,0.0037345829769037664,mse,9.000808125970629e-06,False
full_day,103->102,3222,20,bezier_ipopt,17.106811358011328,mse,3.382333353888578e-06,False
full_day,103->102,3222,20,bezier_nm,85.85670523002045,mse,0.0003420012014056773,False
full_day,103->104,3222,20,bezier_pgd,0.003549405955709517,mse,1.1887724727010637e-05,False
full_day,103->104,3222,20,bezier_ipopt,14.00070264399983,mse,2.376608993205525e-06,False
full_day,103->104,3222,20,bezier_nm,83.86386233597295,mse,0.0003446078894036379,False
full_day,104->103,3222,20,bezier_pgd,0.0043347820173949,mse,9.094732516665837e-06,False
full_day,104->103,3222,20,bezier_ipopt,18.953380954975728,mse,2.341904584884062e-06,False
full_day,104->103,3222,20,bezier_nm,80.87135386397131,mse,0.00029080604649000136,False
full_day,104->105,3222,20,bezier_pgd,0.0031118670012801886,mse,6.799240175041534e-06,False
full_day,104->105,3222,20,bezier_ipopt,14.829413797007874,mse,3.554227670819022e-06,False
full_day,104->105,3222,20,bezier_nm,80.98818618798396,mse,0.00024752540378555974,False
full_day,105->104,3222,20,bezier_pgd,0.004418629978317767,mse,8.67094949216614e-06,False
full_day,105->104,3222,20,bezier_ipopt,12.58559387398418,mse,4.149573165898571e-06,False
full_day,105->104,3222,20,bezier_nm,82.18014421901898,mse,0.00030905720990927736,False
full_day,105->18,3222,20,bezier_pgd,0.003411727026104927,mse,1.1248139629368084e-05,False
full_day,105->18,3222,20,bezier_ipopt,12.413405457045883,mse,4.724710649314497e-06,False
full_day,105->18,3222,20,bezier_nm,87.94910725799855,mse,0.00013266091537702672,False
full_day,106->216,3222,20,bezier_pgd,0.011245412984862924,mse,0.7975930740208094,False
full_day,106->216,3222,20,bezier_ipopt,,mse,,True
full_day,106->216,3222,20,bezier_nm,56.54212529200595,mse,0.8155758372624884,False
full_day,106->5,3222,20,bezier_pgd,0.003224554006010294,mse,9.971002570438813e-06,False
full_day,106->5,3222,20,bezier_ipopt,15.17238487303257,mse,3.366940457678386e-06,False
full_day,106->5,3222,20,bezier_nm,83.36723811901174,mse,0.00027210495141285834,False
full_day,107->111,3222,20,bezier_pgd,0.0031671749893575907,mse,1.1678827790434215e-05,False
full_day,107->111,3222,20,bezier_ipopt,16.20092910400126,mse,2.619924785995544e-06,False
full_day,107->111,3222,20,bezier_nm,78.30512914597057,mse,0.0002999991311466203,False
full_day,107->7,3222,20,bezier_pgd,0.00422618497395888,mse,6.409108785778696e-06,False
full_day,107->7,3222,20,bezier_ipopt,12.348629045998678,mse,2.9971010625233633e-06,False
full_day,107->7,3222,20,bezier_nm,89.44580119702732,mse,7.90169600827255e-05,False
full_day,108->510,3222,20,bezier_pgd,0.004271213954780251,mse,0.008121456331750961,False
full_day,108->510,3222,20,bezier_ipopt,18.517481457965914,mse,0.00016339816474659235,False
full_day,108->510,3222,20,bezier_nm,57.76924020296428,mse,0.1958414177918698,False
full_day,108->7,3222,20,bezier_pgd,0.005568623018916696,mse,0.022388023959069154,False
full_day,108->7,3222,20,bezier_ipopt,,mse,,True
full_day,108->7,3222,20,bezier_nm,55.55731031601317,mse,0.2659742814813541,False
full_day,109->341,3222,20,bezier_pgd,0.007136758998967707,mse,0.0006676952081164066,False
full_day,109->341,3222,20,bezier_ipopt,,mse,,True
full_day,109->341,3222,20,bezier_nm,60.562000739970244,mse,0.2025422416837495,False
full_day,109->78,3222,20,bezier_pgd,0.0030652949935756624,mse,6.805041546683636e-06,False
full_day,109->78,3222,20,bezier_ipopt,12.168437845946755,mse,4.319331378304156e-06,False
full_day,109->78,3222,20,bezier_nm,81.63261514098849,mse,0.00022718259886946832,False
full_day,11->517,3222,20,bezier_pgd,0.006380650971550494,mse,0.0058906049118740925,False
full_day,11->517,3222,20,bezier_ipopt,26.412612249027006,mse,0.0001535780864139645,False
full_day,11->517,3222,20,bezier_nm,56.8908620569855,mse,0.2744902578160478,False
full_day,110->345,3222,20,bezier_pgd,0.003107792988885194,mse,7.632143635105817e-06,False
full_day,110->345,3222,20,bezier_ipopt,14.238127605000045,mse,4.203946689342335e-06,False
full_day,110->345,3222,20,bezier_nm,83.01986628200393,mse,0.0002908801933735132,False
full_day,110->79,3222,20,bezier_pgd,0.0031640270026400685,mse,1.0781385958316272e-05,False
full_day,110->79,3222,20,bezier_ipopt,18.702242570987437,mse,2.8138194301607893e-06,False
full_day,110->79,3222,20,bezier_nm,83.71211318700807,mse,0.0003433351384166676,False
full_day,111->107,3222,20,bezier_pgd,0.003277926007285714,mse,0.12524286060351572,False
full_day,111->107,3222,20,bezier_ipopt,,mse,,True
full_day,111->107,3222,20,bezier_nm,56.3328127200366,mse,0.7020454774915134,False
full_day,111->239,3222,20,bezier_pgd,0.004083204024937004,mse,0.03688329740276375,False
full_day,111->239,3222,20,bezier_ipopt,18.557098168006632,mse,2.222640485315106e-05,False
full_day,111->239,3222,20,bezier_nm,55.92005728499498,mse,0.44663373980157467,False
full_day,112->42,3222,20,bezier_pgd,0.003251338959671557,mse,1.0379419504053252e-05,False
full_day,112->42,3222,20,bezier_ipopt,14.26930850703502,mse,5.712549749228091e-06,False
full_day,112->42,3222,20,bezier_nm,84.64358759700553,mse,0.0001145432857654045,False
full_day,113->531,3222,20,bezier_pgd,0.00468792300671339,mse,0.0065665047796830515,False
full_day,113->531,3222,20,bezier_ipopt,,mse,,True
full_day,113->531,3222,20,bezier_nm,56.46162701403955,mse,0.376156786039749,False
full_day,113->532,3222,20,bezier_pgd,0.004820776986889541,mse,1.6284187689440953e-05,False
full_day,113->532,3222,20,bezier_ipopt,15.549630240013357,mse,2.4765324997536164e-06,False
full_day,113->532,3222,20,bezier_nm,83.80906099197455,mse,0.0005069054304302289,False
full_day,114->280,3222,20,bezier_pgd,0.003976019041147083,mse,0.03466017619498657,False
full_day,114->280,3222,20,bezier_ipopt,,mse,,True
full_day,114->280,3222,20,bezier_nm,61.44078685599379,mse,0.35220058198696086,False
full_day,114->297,3222,20,bezier_pgd,0.0029495659982785583,mse,1.0595288933093747e-05,False
full_day,114->297,3222,20,bezier_ipopt,13.955894675978925,mse,3.0877482708994097e-06,False
full_day,114->297,3222,20,bezier_nm,78.02650319499662,mse,0.0003571285420335395,False
full_day,115->353,3222,20,bezier_pgd,0.007512722979299724,mse,0.009884442867177892,False
full_day,115->353,3222,20,bezier_ipopt,80.52495675598038,mse,0.00021596183214028954,False
full_day,115->353,3222,20,bezier_nm,54.946833254012745,mse,0.29704627074167034,False
full_day,115->459,3222,20,bezier_pgd,0.004062463995069265,mse,0.025914834568750978,False
full_day,115->459,3222,20,bezier_ipopt,,mse,,True
full_day,115->459,3222,20,bezier_nm,62.41159291495569,mse,0.31906921300622665,False
full_day,116->177,3222,20,bezier_pgd,0.007372556021437049,mse,0.0020370218612470177,False
full_day,116->177,3222,20,bezier_ipopt,22.98531593399821,mse,0.00021272486470340216,False
full_day,116->177,3222,20,bezier_nm,56.71005769399926,mse,0.17444463864366844,False
full_day,116->423,3222,20,bezier_pgd,0.009109303005971014,mse,0.016669170942120944,False
full_day,116->423,3222,20,bezier_ipopt,20.910316708032042,mse,0.0002556647240400475,False
full_day,116->423,3222,20,bezier_nm,56.44462993805064,mse,0.2898809545929382,False
full_day,117->460,3222,20,bezier_pgd,0.005717285966966301,mse,0.0007623363905525647,False
full_day,117->460,3222,20,bezier_ipopt,29.535437471000478,mse,0.00012413148824033524,False
full_day,117->460,3222,20,bezier_nm,54.630986249947455,mse,0.22214998436122976,False
full_day,117->484,3222,20,bezier_pgd,0.0049565889639779925,mse,0.008834849608940404,False
full_day,117->484,3222,20,bezier_ipopt,23.809230019978713,mse,0.00019820812011847374,False
full_day,117->484,3222,20,bezier_nm,56.451848242024425,mse,0.2594487060430321,False
full_day,118->119,3222,20,bezier_pgd,0.003676516003906727,mse,0.00020239563024963182,False
full_day,118->119,3222,20,bezier_ipopt,,mse,,True
full_day,118->119,3222,20,bezier_nm,90.05212594097247,mse,0.002016447623556272,False
full_day,118->137,3222,20,bezier_pgd,0.006865149014629424,mse,0.0003584114405774857,False
full_day,118->137,3222,20,bezier_ipopt,20.864259631023742,mse,0.0001687325416688276,False
full_day,118->137,3222,20,bezier_nm,57.02651376102585,mse,0.09375440389970209,False
full_day,119->118,3222,20,bezier_pgd,0.005920820985920727,mse,0.015791412277776425,False
full_day,119->118,3222,20,bezier_ipopt,,mse,,True
full_day,119->118,3222,20,bezier_nm,56.328337498998735,mse,0.2821682353600224,False
full_day,119->311,3222,20,bezier_pgd,0.003617651993408799,mse,0.00026224633861633657,False
full_day,119->311,3222,20,bezier_ipopt,26.524585249018855,mse,0.00022245565308417662,False
full_day,119->311,3222,20,bezier_nm,92.8724750840338,mse,0.0016475151934289174,False
full_day,12->443,3222,20,bezier_pgd,0.004696037038229406,mse,0.0025348809927058795,False
full_day,12->443,3222,20,bezier_ipopt,20.979740176990163,mse,0.00025220343744854353,False
full_day,12->443,3222,20,bezier_nm,60.28792839898961,mse,0.23305313921844326,False
full_day,12->533,3222,20,bezier_pgd,0.0045511029893532395,mse,0.004751000506120911,False
full_day,12->533,3222,20,bezier_ipopt,27.974298226996325,mse,0.00021327914372267574,False
full_day,12->533,3222,20,bezier_nm,56.74974950600881,mse,0.2446071595186465,False
full_day,120->462,3222,20,bezier_pgd,0.004945249005686492,mse,0.0005185374984479586,False
full_day,120->462,3222,20,bezier_ipopt,23.931587858998682,mse,0.00013318958060803404,False
full_day,120->462,3222,20,bezier_nm,57.95714772300562,mse,0.11051116885163635,False
full_day,120->490,3222,20,bezier_pgd,0.0071782589657232165,mse,0.006499904395274103,False
full_day,120->490,3222,20,bezier_ipopt,31.69494506402407,mse,0.00019838333526576367,False
full_day,120->490,3222,20,bezier_nm,56.042197016999125,mse,0.25368530747972057,False
full_day,121->299,3222,20,bezier_pgd,0.004343326028902084,mse,0.0007981017332729793,False
full_day,121->299,3222,20,bezier_ipopt,39.07766635296866,mse,0.0002769199667830715,False
full_day,121->299,3222,20,bezier_nm,59.18569386197487,mse,0.10247525265408189,False
full_day,121->423,3222,20,bezier_pgd,0.005141750967595726,mse,0.01631579846743466,False
full_day,121->423,3222,20,bezier_ipopt,19.25989235698944,mse,0.00019956344627353184,False
full_day,121->423,3222,20,bezier_nm,55.40099635301158,mse,0.2947669959282707,False
full_day,122->348,3222,20,bezier_pgd,0.005504783010110259,mse,0.0010552140420576675,False
full_day,122->348,3222,20,bezier_ipopt,20.745354380982462,mse,0.00018677195145878092,False
full_day,122->348,3222,20,bezier_nm,57.47512035100954,mse,0.1985845107283169,False
full_day,122->415,3222,20,bezier_pgd,0.0055807820172049105,mse,0.011408511251248109,False
full_day,122->415,3222,20,bezier_ipopt,44.639299169997685,mse,0.00016339093955285283,False
full_day,122->415,3222,20,bezier_nm,56.64965133101214,mse,0.28742305266878454,False
full_day,123->463,3222,20,bezier_pgd,0.0037177560152485967,mse,0.0113342145629462,False
full_day,123->463,3222,20,bezier_ipopt,,mse,,True
full_day,123->463,3222,20,bezier_nm,57.55320508003933,mse,0.45746480435001263,False
full_day,123->486,3222,20,bezier_pgd,0.005972336977720261,mse,0.0011378983523387786,False
full_day,123->486,3222,20,bezier_ipopt,34.11330621299567,mse,0.00011176048805609286,False
full_day,123->486,3222,20,bezier_nm,56.517022107960656,mse,0.18763393716858187,False
full_day,124->125,3222,20,bezier_pgd,0.005520231032278389,mse,0.017603231814457356,False
full_day,124->125,3222,20,bezier_ipopt,18.692752167000435,mse,0.0002797637461214476,False
full_day,124->125,3222,20,bezier_nm,56.11232764297165,mse,0.27108281944205276,False
full_day,124->453,3222,20,bezier_pgd,0.004974116978701204,mse,0.0005473365254910294,False
full_day,124->453,3222,20,bezier_ipopt,24.65389898995636,mse,0.00020186515900297788,False
full_day,124->453,3222,20,bezier_nm,56.732258232019376,mse,0.11825984986519868,False
full_day,125->124,3222,20,bezier_pgd,0.00541736203012988,mse,0.014056015160350429,False
full_day,125->124,3222,20,bezier_ipopt,28.571581870957743,mse,0.00017463675400790262,False
full_day,125->124,3222,20,bezier_nm,54.054519002034795,mse,0.2644146503294984,False
full_day,125->429,3222,20,bezier_pgd,0.005095375003293157,mse,0.017519558257576427,False
full_day,125->429,3222,20,bezier_ipopt,28.630523275991436,mse,0.0004473484425293206,False
full_day,125->429,3222,20,bezier_nm,58.95343986200169,mse,0.24649316737403068,False
full_day,126->343,3222,20,bezier_pgd,0.004737301031127572,mse,0.013394730472768604,False
full_day,126->343,3222,20,bezier_ipopt,23.02702388999751,mse,0.0001458541469345147,False
full_day,126->343,3222,20,bezier_nm,58.73870609101141,mse,0.27620139591411924,False
full_day,126->464,3222,20,bezier_pgd,0.00456330698216334,mse,0.011301290906715113,False
full_day,126->464,3222,20,bezier_ipopt,31.35138303297572,mse,0.00013758837531643593,False
full_day,126->464,3222,20,bezier_nm,54.977720827038866,mse,0.2759545612599759,False
full_day,127->17,3222,20,bezier_pgd,0.008446135965641588,mse,0.006978753278568708,False
full_day,127->17,3222,20,bezier_ipopt,,mse,,True
full_day,127->17,3222,20,bezier_nm,57.292621307016816,mse,0.23937767945500144,False
full_day,127->471,3222,20,bezier_pgd,0.004914381017442793,mse,0.002292235621655386,False
full_day,127->471,3222,20,bezier_ipopt,,mse,,True
full_day,127->471,3222,20,bezier_nm,57.35851653601276,mse,0.2250470602594695,False
full_day,128->357,3222,20,bezier_pgd,0.006955588993150741,mse,0.0623781543853149,False
full_day,128->357,3222,20,bezier_ipopt,18.130526790977456,mse,4.442870820313258e-05,False
full_day,128->357,3222,20,bezier_nm,54.17120592598803,mse,0.3576338898671447,False
full_day,128->465,3222,20,bezier_pgd,0.00500930700218305,mse,0.04959519412551195,False
full_day,128->465,3222,20,bezier_ipopt,,mse,,True
full_day,128->465,3222,20,bezier_nm,56.03967048303457,mse,0.31980337329987424,False
full_day,129->160,3222,20,bezier_pgd,0.0052475539851002395,mse,0.0072973492422165505,False
full_day,129->160,3222,20,bezier_ipopt,32.06536121899262,mse,0.0001853600065822331,False
full_day,129->160,3222,20,bezier_nm,57.27023308299249,mse,0.2618686209377987,False
full_day,129->511,3222,20,bezier_pgd,0.006040501000825316,mse,0.010743827498759288,False
full_day,129->511,3222,20,bezier_ipopt,21.68606458499562,mse,0.0001529664814650762,False
full_day,129->511,3222,20,bezier_nm,55.88154219003627,mse,0.2600045187630813,False
full_day,13->530,3222,20,bezier_pgd,0.005186285998206586,mse,0.008276651539312369,False
full_day,13->530,3222,20,bezier_ipopt,,mse,,True
full_day,13->530,3222,20,bezier_nm,56.18904215202201,mse,0.25918593872684076,False
full_day,13->532,3222,20,bezier_pgd,0.004984072991646826,mse,0.0008298425513794779,False
full_day,13->532,3222,20,bezier_ipopt,22.55456735601183,mse,0.00034373887053744086,False
full_day,13->532,3222,20,bezier_nm,60.0760922319605,mse,0.14739624136744436,False
full_day,130->450,3222,20,bezier_pgd,0.004643762018531561,mse,0.016226779231902022,False
full_day,130->450,3222,20,bezier_ipopt,,mse,,True
full_day,130->450,3222,20,bezier_nm,56.454419616027735,mse,0.2868587540324684,False
full_day,130->65,3222,20,bezier_pgd,0.003600672003813088,mse,0.00017441313406783666,False
full_day,130->65,3222,20,bezier_ipopt,,mse,,True
full_day,130->65,3222,20,bezier_nm,92.50334790500347,mse,0.0016269313430455424,False
full_day,131->221,3222,20,bezier_pgd,0.005270314984954894,mse,0.0005803919947423766,False
full_day,131->221,3222,20,bezier_ipopt,24.057666387001518,mse,0.00021407900125056795,False
full_day,131->221,3222,20,bezier_nm,59.81752321397653,mse,0.17556621144835502,False
full_day,131->457,3222,20,bezier_pgd,0.004907207970973104,mse,0.004678577260557435,False
full_day,131->457,3222,20,bezier_ipopt,21.493088828981854,mse,0.0001746513164740166,False
full_day,131->457,3222,20,bezier_nm,56.27697475103196,mse,0.24961240407666876,False
full_day,132->133,3222,20,bezier_pgd,0.005655763030517846,mse,0.01808864225331766,False
full_day,132->133,3222,20,bezier_ipopt,,mse,,True
full_day,132->133,3222,20,bezier_nm,56.220198136987165,mse,0.28829622416621875,False
full_day,132->493,3222,20,bezier_pgd,0.004587124974932522,mse,0.022940880294197843,False
full_day,132->493,3222,20,bezier_ipopt,,mse,,True
full_day,132->493,3222,20,bezier_nm,55.67971385602141,mse,0.310562610650506,False
full_day,133->132,3222,20,bezier_pgd,0.00472781399730593,mse,0.022940880294197843,False
full_day,133->132,3222,20,bezier_ipopt,,mse,,True
full_day,133->132,3222,20,bezier_nm,56.729296965000685,mse,0.310525242842739,False
full_day,133->479,3222,20,bezier_pgd,0.005393130995798856,mse,0.005788024769585278,False
full_day,133->479,3222,20,bezier_ipopt,,mse,,True
full_day,133->479,3222,20,bezier_nm,60.19446545798564,mse,0.23781633117583767,False
full_day,134->135,3222,20,bezier_pgd,0.007610652013681829,mse,0.0285932800792155,False
full_day,134->135,3222,20,bezier_ipopt,,mse,,True
full_day,134->135,3222,20,bezier_nm,59.72120541194454,mse,0.3111980830096581,False
full_day,134->320,3222,20,bezier_pgd,0.004927141009829938,mse,0.012553247094272003,False
full_day,134->320,3222,20,bezier_ipopt,,mse,,True
full_day,134->320,3222,20,bezier_nm,56.60729432699736,mse,0.2910936747308497,False
full_day,135->134,3222,20,bezier_pgd,0.007705430965870619,mse,0.010646485353949853,False
full_day,135->134,3222,20,bezier_ipopt,,mse,,True
full_day,135->134,3222,20,bezier_nm,57.6266175340279,mse,0.29112028232793746,False
full_day,135->479,3222,20,bezier_pgd,0.00466907600639388,mse,0.04948538169037194,False
full_day,135->479,3222,20,bezier_ipopt,,mse,,True
full_day,135->479,3222,20,bezier_nm,57.76243483700091,mse,0.31432313017259617,False
full_day,136->444,3222,20,bezier_pgd,0.005100167007185519,mse,0.012794325645382076,False
full_day,136->444,3222,20,bezier_ipopt,27.865317826042883,mse,0.0002640404564570314,False
full_day,136->444,3222,20,bezier_nm,57.61979721899843,mse,0.25749903369828264,False
full_day,136->517,3222,20,bezier_pgd,0.005850952002219856,mse,0.01379589173695845,False
full_day,136->517,3222,20,bezier_ipopt,26.930127431056462,mse,0.00016296774366448668,False
full_day,136->517,3222,20,bezier_nm,55.13117357296869,mse,0.2730440573420404,False
full_day,137->118,3222,20,bezier_pgd,0.005536415963433683,mse,0.0005537088570269788,False
full_day,137->118,3222,20,bezier_ipopt,22.99431870301487,mse,0.0001899317709908127,False
full_day,137->118,3222,20,bezier_nm,61.71310764999362,mse,0.09779063350109492,False
full_day,137->466,3222,20,bezier_pgd,0.003346024954225868,mse,0.00018914996729893006,False
full_day,137->466,3222,20,bezier_ipopt,,mse,,True
full_day,137->466,3222,20,bezier_nm,88.62826784799108,mse,0.001409011178048243,False
full_day,138->422,3222,20,bezier_pgd,0.009659586998168379,mse,0.004527973353308214,False
full_day,138->422,3222,20,bezier_ipopt,22.146336453035474,mse,0.0001306278818680194,False
full_day,138->422,3222,20,bezier_nm,57.36483955098083,mse,0.25228366293728544,False
full_day,138->467,3222,20,bezier_pgd,0.007714906998444349,mse,0.007772728230944402,False
full_day,138->467,3222,20,bezier_ipopt,,mse,,True
full_day,138->467,3222,20,bezier_nm,58.16119456704473,mse,0.2539163400835454,False
full_day,139->374,3222,20,bezier_pgd,0.005619573988951743,mse,0.03531259885148395,False
full_day,139->374,3222,20,bezier_ipopt,20.815720131038688,mse,0.00013550969746022333,False
full_day,139->374,3222,20,bezier_nm,57.60936051502358,mse,0.3195416431488845,False
full_day,139->468,3222,20,bezier_pgd,0.006185277015902102,mse,0.0153238822310037,False
full_day,139->468,3222,20,bezier_ipopt,19.098923267039936,mse,0.00023267105383084882,False
full_day,139->468,3222,20,bezier_nm,52.8555886260001,mse,0.2896482114542328,False
full_day,14->392,3222,20,bezier_pgd,0.003794663993176073,mse,1.3007416605354544e-05,False
full_day,14->392,3222,20,bezier_ipopt,13.3361045109923,mse,2.7339707724000514e-06,False
full_day,14->392,3222,20,bezier_nm,82.83797586604487,mse,0.0005134365540690292,False
full_day,14->76,3222,20,bezier_pgd,0.0032418890041299164,mse,7.769712389578952e-06,False
full_day,14->76,3222,20,bezier_ipopt,19.019192244973965,mse,2.122385748180827e-06,False
full_day,14->76,3222,20,bezier_nm,91.8692052050028,mse,0.00011958673409605527,False
full_day,140->152,3222,20,bezier_pgd,0.004629690025467426,mse,0.0013508547161793633,False
full_day,140->152,3222,20,bezier_ipopt,,mse,,True
full_day,140->152,3222,20,bezier_nm,63.06517687899759,mse,0.18576175033992282,False
full_day,140->469,3222,20,bezier_pgd,0.006110801012255251,mse,0.018545268672612567,False
full_day,140->469,3222,20,bezier_ipopt,,mse,,True
full_day,140->469,3222,20,bezier_nm,56.60097847698489,mse,0.2885552290519222,False
full_day,141->399,3222,20,bezier_pgd,0.004683658946305513,mse,0.004645114495056675,False
full_day,141->399,3222,20,bezier_ipopt,25.82432194298599,mse,0.00023356012380915548,False
full_day,141->399,3222,20,bezier_nm,58.35020743799396,mse,0.19689414474596792,False
full_day,141->510,3222,20,bezier_pgd,0.0035337030421942472,mse,0.0002367376824318452,False
full_day,141->510,3222,20,bezier_ipopt,28.869590222951956,mse,0.00015349545637801372,False
full_day,141->510,3222,20,bezier_nm,91.68694337503985,mse,0.001235923951970177,False
full_day,142->470,3222,20,bezier_pgd,0.005963015020824969,mse,0.009353320162489962,False
full_day,142->470,3222,20,bezier_ipopt,,mse,,True
full_day,142->470,3222,20,bezier_nm,59.352937521995045,mse,0.2611435750988097,False
full_day,142->86,3222,20,bezier_pgd,0.013036609045229852,mse,0.002599451826233042,False
full_day,142->86,3222,20,bezier_ipopt,29.5800663609989,mse,0.00018270538068479642,False
full_day,142->86,3222,20,bezier_nm,56.91127828101162,mse,0.24751402606579492,False
full_day,143->415,3222,20,bezier_pgd,0.008646503963973373,mse,0.01170759513347515,False
full_day,143->415,3222,20,bezier_ipopt,24.820099836040754,mse,0.00017844882297648562,False
full_day,143->415,3222,20,bezier_nm,60.21974524698453,mse,0.25553198442743,False
full_day,143->74,3222,20,bezier_pgd,0.005320795986335725,mse,0.007989711725030602,False
full_day,143->74,3222,20,bezier_ipopt,23.090209382004105,mse,0.00016273728176633047,False
full_day,143->74,3222,20,bezier_nm,55.976425533997826,mse,0.25226339526091635,False
full_day,144->145,3222,20,bezier_pgd,0.008642353990580887,mse,0.0011492965537906103,False
full_day,144->145,3222,20,bezier_ipopt,30.37141632998828,mse,0.0002083410360709305,False
full_day,144->145,3222,20,bezier_nm,57.51938658900326,mse,0.2217969465975874,False
full_day,144->383,3222,20,bezier_pgd,0.005171486001927406,mse,0.0015659601876259089,False
full_day,144->383,3222,20,bezier_ipopt,21.008754459035117,mse,0.0001040079033414956,False
full_day,144->383,3222,20,bezier_nm,56.477672517008614,mse,0.1266486114370922,False
full_day,145->144,3222,20,bezier_pgd,0.005096050968859345,mse,0.00172491358213534,False
full_day,145->144,3222,20,bezier_ipopt,,mse,,True
full_day,145->144,3222,20,bezier_nm,61.59898006101139,mse,0.19168964218407783,False
full_day,145->509,3222,20,bezier_pgd,0.009436671040020883,mse,0.013943914317632774,False
full_day,145->509,3222,20,bezier_ipopt,33.78718155901879,mse,0.00016768098192344486,False
full_day,145->509,3222,20,bezier_nm,56.282398457988165,mse,0.28112662437312813,False
full_day,146->147,3222,20,bezier_pgd,0.005626678990665823,mse,0.008190072886771527,False
full_day,146->147,3222,20,bezier_ipopt,26.88984719099244,mse,0.00012003499420671357,False
full_day,146->147,3222,20,bezier_nm,58.32624714099802,mse,0.25826769878636346,False
full_day,146->415,3222,20,bezier_pgd,0.005678733054082841,mse,0.01261902168598003,False
full_day,146->415,3222,20,bezier_ipopt,21.155348404019605,mse,0.000178407343218109,False
full_day,146->415,3222,20,bezier_nm,56.42782409401843,mse,0.27053188637155823,False
full_day,147->146,3222,20,bezier_pgd,0.004883226996753365,mse,0.01488672838102061,False
full_day,147->146,3222,20,bezier_ipopt,,mse,,True
full_day,147->146,3222,20,bezier_nm,56.4629851889913,mse,0.2555468809488658,False
full_day,147->198,3222,20,bezier_pgd,0.004541699017863721,mse,0.000800880223625788,False
full_day,147->198,3222,20,bezier_ipopt,25.039448169001844,mse,0.00029930567992771074,False
full_day,147->198,3222,20,bezier_nm,58.77322362700943,mse,0.09580986992842874,False
full_day,148->472,3222,20,bezier_pgd,0.004751620057504624,mse,0.000542507136281587,False
full_day,148->472,3222,20,bezier_ipopt,21.29259424301563,mse,9.91358172799505e-05,False
full_day,148->472,3222,20,bezier_nm,58.625583779998124,mse,0.15947691889083798,False
full_day,148->498,3222,20,bezier_pgd,0.005573005008045584,mse,0.00020141953860456954,False
full_day,148->498,3222,20,bezier_ipopt,17.12005831702845,mse,0.00011356166729261517,False
full_day,148->498,3222,20,bezier_nm,58.446885361976456,mse,0.08502192303574933,False
full_day,149->150,3222,20,bezier_pgd,0.005897248047403991,mse,0.001378861850658164,False
full_day,149->150,3222,20,bezier_ipopt,,mse,,True
full_day,149->150,3222,20,bezier_nm,58.6347844650154,mse,0.19751561243833285,False
full_day,149->215,3222,20,bezier_pgd,0.004664106003474444,mse,0.0005061211124918826,False
full_day,149->215,3222,20,bezier_ipopt,,mse,,True
full_day,149->215,3222,20,bezier_nm,60.89778474002378,mse,0.13481506353717312,False
full_day,15->23,3222,20,bezier_pgd,0.0034964910009875894,mse,1.1716655747322056e-05,False
full_day,15->23,3222,20,bezier_ipopt,23.628914594999515,mse,3.7108385850297522e-06,False
full_day,15->23,3222,20,bezier_nm,94.90983109199442,mse,0.0001426225998902725,False
full_day,15->234,3222,20,bezier_pgd,0.004487521015107632,mse,0.06854957191258622,False
full_day,15->234,3222,20,bezier_ipopt,,mse,,True
full_day,15->234,3222,20,bezier_nm,56.13971249200404,mse,0.3611946977488914,False
full_day,15->516,3222,20,bezier_pgd,0.0056912770378403366,mse,0.024943313015586104,False
full_day,15->516,3222,20,bezier_ipopt,27.635343286965508,mse,2.549778955816523e-05,False
full_day,15->516,3222,20,bezier_nm,51.64601425000001,mse,0.2979298945044494,False
full_day,150->149,3222,20,bezier_pgd,0.007785854977555573,mse,0.010598844342423912,False
full_day,150->149,3222,20,bezier_ipopt,23.06202867801767,mse,0.0001753279715599399,False
full_day,150->149,3222,20,bezier_nm,51.87858099996811,mse,0.27060519959508844,False
full_day,150->507,3222,20,bezier_pgd,0.004368919995613396,mse,0.0005081170233889721,False
full_day,150->507,3222,20,bezier_ipopt,,mse,,True
full_day,150->507,3222,20,bezier_nm,54.410795320000034,mse,0.15770405117682643,False
full_day,151->290,3222,20,bezier_pgd,0.009668324026279151,mse,0.0112128951952982,False
full_day,151->290,3222,20,bezier_ipopt,,mse,,True
full_day,151->290,3222,20,bezier_nm,51.30084409302799,mse,0.2749180635029242,False
full_day,151->473,3222,20,bezier_pgd,0.005943227966781706,mse,0.008218989002044713,False
full_day,151->473,3222,20,bezier_ipopt,,mse,,True
full_day,151->473,3222,20,bezier_nm,51.849646935006604,mse,0.2780211270170892,False
full_day,152->140,3222,20,bezier_pgd,0.00468547799391672,mse,0.0025853426822688348,False
full_day,152->140,3222,20,bezier_ipopt,,mse,,True
full_day,152->140,3222,20,bezier_nm,51.789074688975234,mse,0.2064326465687859,False
full_day,152->220,3222,20,bezier_pgd,0.004885920032393187,mse,0.011274353157602068,False
full_day,152->220,3222,20,bezier_ipopt,,mse,,True
full_day,152->220,3222,20,bezier_nm,48.21338842401747,mse,0.2922155718722469,False
full_day,153->447,3222,20,bezier_pgd,0.00464107102015987,mse,0.005347049083666607,False
full_day,153->447,3222,20,bezier_ipopt,19.09199572901707,mse,0.00024554646349909465,False
full_day,153->447,3222,20,bezier_nm,50.29810071201064,mse,0.24993472022229593,False
full_day,153->474,3222,20,bezier_pgd,0.004587846982758492,mse,0.00038468664307415867,False
full_day,153->474,3222,20,bezier_ipopt,18.12274151702877,mse,0.00015699158808853524,False
full_day,153->474,3222,20,bezier_nm,54.45638053602306,mse,0.13161465004352665,False
full_day,154->434,3222,20,bezier_pgd,0.007706309959758073,mse,0.009917932713810763,False
full_day,154->434,3222,20,bezier_ipopt,,mse,,True
full_day,154->434,3222,20,bezier_nm,52.46246623201296,mse,0.26542987405405255,False
full_day,154->470,3222,20,bezier_pgd,0.006727808970026672,mse,0.0010088463423049486,False
full_day,154->470,3222,20,bezier_ipopt,,mse,,True
full_day,154->470,3222,20,bezier_nm,56.471453799982555,mse,0.13863425236624294,False
full_day,155->398,3222,20,bezier_pgd,0.005831766000483185,mse,0.0054379926013450935,False
full_day,155->398,3222,20,bezier_ipopt,20.277025028015487,mse,0.0001290228647257684,False
full_day,155->398,3222,20,bezier_nm,50.07174368103733,mse,0.2391780205218397,False
full_day,155->480,3222,20,bezier_pgd,0.004472633998375386,mse,0.0005364683333881813,False
full_day,155->480,3222,20,bezier_ipopt,,mse,,True
full_day,155->480,3222,20,bezier_nm,51.35157938598422,mse,0.16468692498084592,False
full_day,156->391,3222,20,bezier_pgd,0.005672177008818835,mse,0.02420875899428479,False
full_day,156->391,3222,20,bezier_ipopt,,mse,,True
full_day,156->391,3222,20,bezier_nm,49.809889557014685,mse,0.30016302037779324,False
full_day,156->469,3222,20,bezier_pgd,0.004825712007004768,mse,0.0007727357594504575,False
full_day,156->469,3222,20,bezier_ipopt,,mse,,True
full_day,156->469,3222,20,bezier_nm,54.76890365796862,mse,0.15330576972461646,False
full_day,157->390,3222,20,bezier_pgd,0.005724212969653308,mse,0.007875016492036525,False
full_day,157->390,3222,20,bezier_ipopt,,mse,,True
full_day,157->390,3222,20,bezier_nm,51.14834929903736,mse,0.2764170466977419,False
full_day,157->476,3222,20,bezier_pgd,0.0061006860341876745,mse,0.14967666567068091,False
full_day,157->476,3222,20,bezier_ipopt,,mse,,True
full_day,157->476,3222,20,bezier_nm,47.10036450898042,mse,0.34686607783442763,False
full_day,158->159,3222,20,bezier_pgd,0.005970946978777647,mse,0.012532013133812336,False
full_day,158->159,3222,20,bezier_ipopt,,mse,,True
full_day,158->159,3222,20,bezier_nm,50.875097914016806,mse,0.2685794446779157,False
full_day,158->244,3222,20,bezier_pgd,0.004715910996310413,mse,0.006746186969608796,False
full_day,158->244,3222,20,bezier_ipopt,21.93713839695556,mse,3.215684284640472e-05,False
full_day,158->244,3222,20,bezier_nm,51.763985777972266,mse,0.20839732359177285,False
full_day,159->158,3222,20,bezier_pgd,0.009642569988500327,mse,0.015942060838229737,False
full_day,159->158,3222,20,bezier_ipopt,,mse,,True
full_day,159->158,3222,20,bezier_nm,51.742131693987176,mse,0.2636314483725885,False
full_day,159->253,3222,20,bezier_pgd,0.004477504000533372,mse,0.007015795707510804,False
full_day,159->253,3222,20,bezier_ipopt,19.648831091006286,mse,0.00022955649084162134,False
full_day,159->253,3222,20,bezier_nm,49.39724064897746,mse,0.24146853128200269,False
full_day,16->228,3222,20,bezier_pgd,0.004673830990213901,mse,0.0003751763048916825,False
full_day,16->228,3222,20,bezier_ipopt,,mse,,True
full_day,16->228,3222,20,bezier_nm,64.26258602400776,mse,0.13251134576836823,False
full_day,16->451,3222,20,bezier_pgd,0.003292216977570206,mse,7.413790874173292e-06,False
full_day,16->451,3222,20,bezier_ipopt,15.380562632053625,mse,2.4851774322066987e-06,False
full_day,16->451,3222,20,bezier_nm,79.5781310639577,mse,6.434844057182277e-05,False
full_day,16->88,3222,20,bezier_pgd,0.003105668001808226,mse,1.0822138986169096e-05,False
full_day,16->88,3222,20,bezier_ipopt,11.63035823602695,mse,4.368525411528239e-06,False
full_day,16->88,3222,20,bezier_nm,83.79425337497378,mse,0.0001624211337581865,False
full_day,160->129,3222,20,bezier_pgd,0.005206251051276922,mse,0.008957416555495156,False
full_day,160->129,3222,20,bezier_ipopt,27.778443293995224,mse,0.00017564055041962534,False
full_day,160->129,3222,20,bezier_nm,50.807825636991765,mse,0.2637986015370274,False
full_day,160->529,3222,20,bezier_pgd,0.0050153599586337805,mse,0.0009256553658290537,False
full_day,160->529,3222,20,bezier_ipopt,31.608295243990142,mse,0.00020425225295714927,False
full_day,160->529,3222,20,bezier_nm,52.59119197999826,mse,0.12675809525529966,False
full_day,161->162,3222,20,bezier_pgd,0.004797592991963029,mse,0.008535507769002169,False
full_day,161->162,3222,20,bezier_ipopt,31.38706566102337,mse,0.00018301199235122424,False
full_day,161->162,3222,20,bezier_nm,50.508944265020546,mse,0.2718142714826889,False
full_day,161->405,3222,20,bezier_pgd,0.0051881069666706026,mse,0.00976938039141144,False
full_day,161->405,3222,20,bezier_ipopt,,mse,,True
full_day,161->405,3222,20,bezier_nm,56.0087268470088,mse,0.26841660924763505,False
full_day,162->161,3222,20,bezier_pgd,0.007059694034978747,mse,0.01939424247314092,False
full_day,162->161,3222,20,bezier_ipopt,17.638424259028398,mse,0.0002321971581954926,False
full_day,162->161,3222,20,bezier_nm,52.67069845699007,mse,0.2821630465593679,False
full_day,162->464,3222,20,bezier_pgd,0.0045705980155617,mse,0.0019022948825570959,False
full_day,162->464,3222,20,bezier_ipopt,26.456718959030695,mse,0.00011337703295826212,False
full_day,162->464,3222,20,bezier_nm,57.31644870201126,mse,0.20446644533547975,False
full_day,163->164,3222,20,bezier_pgd,0.005125774012412876,mse,0.002041317895837898,False
full_day,163->164,3222,20,bezier_ipopt,23.108248853997793,mse,0.00017057049793232104,False
full_day,163->164,3222,20,bezier_nm,57.83342841902049,mse,0.20935708627148272,False
full_day,163->166,3222,20,bezier_pgd,0.005571683053858578,mse,0.014250957505367888,False
full_day,163->166,3222,20,bezier_ipopt,20.773010306991637,mse,0.00024633200291890355,False
full_day,163->166,3222,20,bezier_nm,54.94741729198722,mse,0.2780233744651158,False
full_day,164->163,3222,20,bezier_pgd,0.006604369962587953,mse,0.008893874760530827,False
full_day,164->163,3222,20,bezier_ipopt,21.662579884985462,mse,0.00017568715159163074,False
full_day,164->163,3222,20,bezier_nm,54.186953102005646,mse,0.27230827463359414,False
full_day,164->517,3222,20,bezier_pgd,0.008837836037855595,mse,0.0021688080042951458,False
full_day,164->517,3222,20,bezier_ipopt,24.264163147017825,mse,0.0001175753179312289,False
full_day,164->517,3222,20,bezier_nm,55.83304197201505,mse,0.22310121928358398,False
full_day,165->240,3222,20,bezier_pgd,0.005672267987392843,mse,0.000769028427106386,False
full_day,165->240,3222,20,bezier_ipopt,20.332640456035733,mse,6.897694417692719e-05,False
full_day,165->240,3222,20,bezier_nm,55.09577041998273,mse,0.13758444524480962,False
full_day,165->427,3222,20,bezier_pgd,0.003671721031423658,mse,0.00019039584171964808,False
full_day,165->427,3222,20,bezier_ipopt,19.456026753992774,mse,9.925282768511003e-05,False
full_day,165->427,3222,20,bezier_nm,86.35855072498089,mse,0.0019271048699554811,False
full_day,166->163,3222,20,bezier_pgd,0.005688545003067702,mse,0.003880203559582246,False
full_day,166->163,3222,20,bezier_ipopt,,mse,,True
full_day,166->163,3222,20,bezier_nm,51.45018347399309,mse,0.25562798578690804,False
full_day,166->307,3222,20,bezier_pgd,0.005226348002906889,mse,0.003836306116661487,False
full_day,166->307,3222,20,bezier_ipopt,,mse,,True
full_day,166->307,3222,20,bezier_nm,53.06795375799993,mse,0.24898533534907727,False
full_day,167->168,3222,20,bezier_pgd,0.004204232012853026,mse,0.0200901390564514,False
full_day,167->168,3222,20,bezier_ipopt,153.93996211205376,mse,0.01505351800602127,False
full_day,167->168,3222,20,bezier_nm,51.92160740098916,mse,0.4330817170628561,False
full_day,167->397,3222,20,bezier_pgd,0.0032839030027389526,mse,1.587849323977905e-05,False
full_day,167->397,3222,20,bezier_ipopt,17.712450422986876,mse,3.199753130544369e-06,False
full_day,167->397,3222,20,bezier_nm,85.84815342497313,mse,0.0001322594637150965,False
full_day,168->167,3222,20,bezier_pgd,0.00304452603450045,mse,1.1776387203453252e-05,False
full_day,168->167,3222,20,bezier_ipopt,11.69564500800334,mse,4.644403298359244e-06,False
full_day,168->167,3222,20,bezier_nm,79.18195780698443,mse,0.00018281321750456176,False
full_day,168->285,3222,20,bezier_pgd,0.005273905990179628,mse,0.00959385088150578,False
full_day,168->285,3222,20,bezier_ipopt,109.10961707797833,mse,0.00025372463350956776,False
full_day,168->285,3222,20,bezier_nm,57.06733174197143,mse,0.24060180208544174,False
full_day,169->170,3222,20,bezier_pgd,0.005164819012861699,mse,0.006116651688862946,False
full_day,169->170,3222,20,bezier_ipopt,17.7703818900045,mse,0.000188661858171741,False
full_day,169->170,3222,20,bezier_nm,54.40494418301387,mse,0.25734427649103253,False
full_day,169->279,3222,20,bezier_pgd,0.005275008035823703,mse,0.0002961805948658652,False
full_day,169->279,3222,20,bezier_ipopt,23.91906896099681,mse,0.00011772448704317367,False
full_day,169->279,3222,20,bezier_nm,56.98205945704831,mse,0.09437803735011599,False
full_day,17->127,3222,20,bezier_pgd,0.004650140996091068,mse,0.003792969634334793,False
full_day,17->127,3222,20,bezier_ipopt,,mse,,True
full_day,17->127,3222,20,bezier_nm,55.083580674021505,mse,0.22628541209554823,False
full_day,17->492,3222,20,bezier_pgd,0.0048369449796155095,mse,0.006978753278568706,False
full_day,17->492,3222,20,bezier_ipopt,,mse,,True
full_day,17->492,3222,20,bezier_nm,54.77725167898461,mse,0.23972448636597643,False
full_day,17->97,3222,20,bezier_pgd,0.0047152419574558735,mse,1.4467664413248678e-05,False
full_day,17->97,3222,20,bezier_ipopt,19.968562806025147,mse,2.4122797308768868e-06,False
full_day,17->97,3222,20,bezier_nm,77.91042515897425,mse,0.0003389324059123464,False
full_day,170->169,3222,20,bezier_pgd,0.0053921209764666855,mse,0.006207367514727781,False
full_day,170->169,3222,20,bezier_ipopt,,mse,,True
full_day,170->169,3222,20,bezier_nm,62.09047897497658,mse,0.2667845804672319,False
full_day,170->348,3222,20,bezier_pgd,0.006903295987285674,mse,0.0005127840435584979,False
full_day,170->348,3222,20,bezier_ipopt,,mse,,True
full_day,170->348,3222,20,bezier_nm,58.97883177903714,mse,0.12467729978032537,False
full_day,171->231,3222,20,bezier_pgd,0.0040924110217019916,mse,0.0002111796611949806,False
full_day,171->231,3222,20,bezier_ipopt,17.62509250995936,mse,0.0001178838478493944,False
full_day,171->231,3222,20,bezier_nm,84.28765146102523,mse,0.0019929961175194693,False
full_day,171->476,3222,20,bezier_pgd,0.0056605099816806614,mse,0.0064279836147331584,False
full_day,171->476,3222,20,bezier_ipopt,104.58984077704372,mse,0.0001655583795134733,False
full_day,171->476,3222,20,bezier_nm,54.73475975502515,mse,0.28301911840300303,False
full_day,172->438,3222,20,bezier_pgd,0.006050308991689235,mse,0.02148326446451083,False
full_day,172->438,3222,20,bezier_ipopt,,mse,,True
full_day,172->438,3222,20,bezier_nm,53.09652515500784,mse,0.348742769714846,False
full_day,172->452,3222,20,bezier_pgd,0.004262209986336529,mse,0.001358656169431508,False
full_day,172->452,3222,20,bezier_ipopt,,mse,,True
full_day,172->452,3222,20,bezier_nm,59.1296970420517,mse,0.13767069734227727,False
full_day,173->174,3222,20,bezier_pgd,0.004812245024368167,mse,0.0020084708989646215,False
full_day,173->174,3222,20,bezier_ipopt,28.23511327401502,mse,0.00019350670412506606,False
full_day,173->174,3222,20,bezier_nm,56.540573712962214,mse,0.1572200145829424,False
full_day,173->275,3222,20,bezier_pgd,0.004361583036370575,mse,0.010921181269544286,False
full_day,173->275,3222,20,bezier_ipopt,25.931398116983473,mse,0.0004128201420495051,False
full_day,173->275,3222,20,bezier_nm,55.751892406027764,mse,0.1935729397732236,False
full_day,174->173,3222,20,bezier_pgd,0.004735875001642853,mse,0.004185978137536127,False
full_day,174->173,3222,20,bezier_ipopt,,mse,,True
full_day,174->173,3222,20,bezier_nm,54.27315062197158,mse,0.2379720010948719,False
full_day,174->284,3222,20,bezier_pgd,0.0049441829905845225,mse,0.0010270767396497636,False
full_day,174->284,3222,20,bezier_ipopt,24.50631365197478,mse,0.0002231562652921997,False
full_day,174->284,3222,20,bezier_nm,55.66123465000419,mse,0.16938664008562362,False
full_day,175->517,3222,20,bezier_pgd,0.0057433919864706695,mse,0.005038119083957743,False
full_day,175->517,3222,20,bezier_ipopt,,mse,,True
full_day,175->517,3222,20,bezier_nm,53.79019862902351,mse,0.25157682272344134,False
full_day,175->521,3222,20,bezier_pgd,0.004505770979449153,mse,0.0005920470353580406,False
full_day,175->521,3222,20,bezier_ipopt,21.39560667600017,mse,0.00016551102360500938,False
full_day,175->521,3222,20,bezier_nm,55.515451857994776,mse,0.1194772138858269,False
full_day,176->333,3222,20,bezier_pgd,0.004772952001076192,mse,0.0069322313944153195,False
full_day,176->333,3222,20,bezier_ipopt,23.579871191992424,mse,0.00017682656694301214,False
full_day,176->333,3222,20,bezier_nm,50.52570225496311,mse,0.25586385901213193,False
full_day,176->484,3222,20,bezier_pgd,0.004187190963421017,mse,0.000441028927907272,False
full_day,176->484,3222,20,bezier_ipopt,18.475518513994757,mse,0.00016651581808053384,False
full_day,176->484,3222,20,bezier_nm,56.89212430402404,mse,0.08817362671303927,False
full_day,177->116,3222,20,bezier_pgd,0.005155851016752422,mse,0.0004435282409866533,False
full_day,177->116,3222,20,bezier_ipopt,21.50781228998676,mse,0.0001821570116852351,False
full_day,177->116,3222,20,bezier_nm,58.15931337099755,mse,0.16024292662395756,False
full_day,177->178,3222,20,bezier_pgd,0.004767664999235421,mse,0.0006878416241119937,False
full_day,177->178,3222,20,bezier_ipopt,20.43863995402353,mse,0.00017933755629113393,False
full_day,177->178,3222,20,bezier_nm,63.364607897994574,mse,0.11934428151598449,False
full_day,178->177,3222,20,bezier_pgd,0.009583415987435728,mse,0.010090416538066829,False
full_day,178->177,3222,20,bezier_ipopt,21.76262399298139,mse,0.00016741710200637806,False
full_day,178->177,3222,20,bezier_nm,61.328096847981215,mse,0.280167276908923,False
full_day,178->385,3222,20,bezier_pgd,0.004889161034952849,mse,0.0007165044507670931,False
full_day,178->385,3222,20,bezier_ipopt,21.623227102973033,mse,0.0001469463398406643,False
full_day,178->385,3222,20,bezier_nm,59.85530107899103,mse,0.15502051044247367,False
full_day,179->394,3222,20,bezier_pgd,0.005280793004203588,mse,0.003338676845719524,False
full_day,179->394,3222,20,bezier_ipopt,,mse,,True
full_day,179->394,3222,20,bezier_nm,57.590238918026444,mse,0.28423152952159525,False
full_day,179->513,3222,20,bezier_pgd,0.006773640983738005,mse,0.0029207450474590725,False
full_day,179->513,3222,20,bezier_ipopt,40.4882640389842,mse,0.0021499763038901314,False
full_day,179->513,3222,20,bezier_nm,58.48954668699298,mse,0.1929406134177479,False
full_day,18->105,3222,20,bezier_pgd,0.003282792982645333,mse,8.92692976769488e-06,False
full_day,18->105,3222,20,bezier_ipopt,14.478405314963311,mse,4.459621901482376e-06,False
full_day,18->105,3222,20,bezier_nm,85.88519395602634,mse,8.796914300714443e-05,False
full_day,18->291,3222,20,bezier_pgd,0.003991011006291956,mse,0.06298657181869402,False
full_day,18->291,3222,20,bezier_ipopt,,mse,,True
full_day,18->291,3222,20,bezier_nm,53.37066891801078,mse,0.40357847076030956,False
full_day,18->326,3222,20,bezier_pgd,0.00436847802484408,mse,0.026109033888247167,False
full_day,18->326,3222,20,bezier_ipopt,22.867634841997642,mse,2.1560444973823545e-05,False
full_day,18->326,3222,20,bezier_nm,54.0317721220199,mse,0.3262093390344466,False
full_day,180->181,3222,20,bezier_pgd,0.004959836951456964,mse,0.00894889024933893,False
full_day,180->181,3222,20,bezier_ipopt,19.169951977033634,mse,0.00023821004571996008,False
full_day,180->181,3222,20,bezier_nm,51.21955929300748,mse,0.2549419257839059,False
full_day,180->373,3222,20,bezier_pgd,0.004447269951924682,mse,0.006772906395266245,False
full_day,180->373,3222,20,bezier_ipopt,31.483778367983177,mse,0.00019177507077399787,False
full_day,180->373,3222,20,bezier_nm,52.95056161598768,mse,0.25861081086375953,False
full_day,181->180,3222,20,bezier_pgd,0.004864486982114613,mse,0.003757564013557769,False
full_day,181->180,3222,20,bezier_ipopt,18.051168226986192,mse,0.00043643956451915814,False
full_day,181->180,3222,20,bezier_nm,55.63057796197245,mse,0.22038771052498876,False
full_day,181->429,3222,20,bezier_pgd,0.004380330967251211,mse,0.005072740986668045,False
full_day,181->429,3222,20,bezier_ipopt,,mse,,True
full_day,181->429,3222,20,bezier_nm,56.266270648979116,mse,0.24917143245040882,False
full_day,182->390,3222,20,bezier_pgd,0.005269176966976374,mse,0.006172697975562094,False
full_day,182->390,3222,20,bezier_ipopt,,mse,,True
full_day,182->390,3222,20,bezier_nm,55.253028417995665,mse,0.28794300535172423,False
full_day,182->433,3222,20,bezier_pgd,0.00960777496220544,mse,0.004697893345935637,False
full_day,182->433,3222,20,bezier_ipopt,,mse,,True
full_day,182->433,3222,20,bezier_nm,54.03558125696145,mse,0.2843105524251672,False
full_day,183->184,3222,20,bezier_pgd,0.00583757902495563,mse,0.010410581777991479,False
full_day,183->184,3222,20,bezier_ipopt,23.02681566303363,mse,0.00017186077168579325,False
full_day,183->184,3222,20,bezier_nm,53.45739008602686,mse,0.26778749777954425,False
full_day,183->267,3222,20,bezier_pgd,0.0051594850374385715,mse,0.004031587924372139,False
full_day,183->267,3222,20,bezier_ipopt,,mse,,True
full_day,183->267,3222,20,bezier_nm,55.368899725028314,mse,0.2386467026042772,False
full_day,184->183,3222,20,bezier_pgd,0.0036273800069466233,mse,0.00023623735661754727,False
full_day,184->183,3222,20,bezier_ipopt,23.860324420034885,mse,0.0002025097572793471,False
full_day,184->183,3222,20,bezier_nm,83.0518986019888,mse,0.0013088913023263408,False
full_day,184->485,3222,20,bezier_pgd,0.005365251039620489,mse,0.009552702068491237,False
full_day,184->485,3222,20,bezier_ipopt,27.165059118007775,mse,0.00019275491749740135,False
full_day,184->485,3222,20,bezier_nm,55.14557273196988,mse,0.2591817001638102,False
full_day,185->186,3222,20,bezier_pgd,0.005857105017639697,mse,0.006451418765026154,False
full_day,185->186,3222,20,bezier_ipopt,17.820647562970407,mse,0.0001353825506244756,False
full_day,185->186,3222,20,bezier_nm,53.08465418801643,mse,0.27238855472356716,False
full_day,185->227,3222,20,bezier_pgd,0.006863974034786224,mse,0.007993622873568904,False
full_day,185->227,3222,20,bezier_ipopt,,mse,,True
full_day,185->227,3222,20,bezier_nm,54.47241627803305,mse,0.27227967282264226,False
full_day,186->185,3222,20,bezier_pgd,0.008124939980916679,mse,0.0011592007075471144,False
full_day,186->185,3222,20,bezier_ipopt,,mse,,True
full_day,186->185,3222,20,bezier_nm,54.8166589679895,mse,0.20788476224678043,False
full_day,186->19,3222,20,bezier_pgd,0.0056636540102772415,mse,0.013543659483031743,False
full_day,186->19,3222,20,bezier_ipopt,22.923145373002626,mse,0.0001884311828902627,False
full_day,186->19,3222,20,bezier_nm,54.885296855005436,mse,0.28912955704624604,False
full_day,187->454,3222,20,bezier_pgd,0.008088429982308298,mse,0.016905756886110613,False
full_day,187->454,3222,20,bezier_ipopt,19.06698669004254,mse,0.0002033785119024995,False
full_day,187->454,3222,20,bezier_nm,54.549744178017136,mse,0.2834950019550806,False
full_day,187->514,3222,20,bezier_pgd,0.011208045994862914,mse,0.014123514570732137,False
full_day,187->514,3222,20,bezier_ipopt,31.941789817996323,mse,0.00033846277237303547,False
full_day,187->514,3222,20,bezier_nm,53.43817167903762,mse,0.2574569327960963,False
full_day,188->485,3222,20,bezier_pgd,0.0060919360257685184,mse,0.004980154429616602,False
full_day,188->485,3222,20,bezier_ipopt,,mse,,True
full_day,188->485,3222,20,bezier_nm,50.070855491037946,mse,0.18881816367096302,False
full_day,188->513,3222,20,bezier_pgd,0.004739548021461815,mse,0.01265690886410245,False
full_day,188->513,3222,20,bezier_ipopt,156.3209561430267,mse,0.0006048366642887554,False
full_day,188->513,3222,20,bezier_nm,50.53314043302089,mse,0.28919602290122887,False
full_day,189->190,3222,20,bezier_pgd,0.004828792007174343,mse,0.014281827400597897,False
full_day,189->190,3222,20,bezier_ipopt,26.472895059967414,mse,0.00035246868732882313,False
full_day,189->190,3222,20,bezier_nm,49.99757247802336,mse,0.2606172147621758,False
full_day,189->524,3222,20,bezier_pgd,0.005101235001347959,mse,0.01393860936565201,False
full_day,189->524,3222,20,bezier_ipopt,30.848213888995815,mse,0.0002767289373556871,False
full_day,189->524,3222,20,bezier_nm,54.398426623956766,mse,0.26671335598748513,False
full_day,19->186,3222,20,bezier_pgd,0.007322070014197379,mse,0.01126096869803497,False
full_day,19->186,3222,20,bezier_ipopt,22.95070292300079,mse,0.00015882854303457604,False
full_day,19->186,3222,20,bezier_nm,52.823352410050575,mse,0.2992209863513714,False
full_day,19->458,3222,20,bezier_pgd,0.003758091013878584,mse,1.0739872411840665e-05,False
full_day,19->458,3222,20,bezier_ipopt,14.395090133009944,mse,6.6628485653283174e-06,False
full_day,19->458,3222,20,bezier_nm,80.69338286103448,mse,0.00010303947742106827,False
full_day,19->506,3222,20,bezier_pgd,0.009373935987241566,mse,0.013543659483031741,False
full_day,19->506,3222,20,bezier_ipopt,,mse,,True
full_day,19->506,3222,20,bezier_nm,51.14994403801393,mse,0.2891295570462466,False
full_day,190->189,3222,20,bezier_pgd,0.005122224043589085,mse,0.009306436421914512,False
full_day,190->189,3222,20,bezier_ipopt,26.66199360397877,mse,0.0002961486578831231,False
full_day,190->189,3222,20,bezier_nm,49.48761311400449,mse,0.25537971078263055,False
full_day,190->495,3222,20,bezier_pgd,0.004489835991989821,mse,0.007911880637275237,False
full_day,190->495,3222,20,bezier_ipopt,27.8030160649796,mse,0.00019533088217521037,False
full_day,190->495,3222,20,bezier_nm,50.96874634397682,mse,0.24555407327688386,False
full_day,191->269,3222,20,bezier_pgd,0.006106493005063385,mse,0.008338287587593286,False
full_day,191->269,3222,20,bezier_ipopt,,mse,,True
full_day,191->269,3222,20,bezier_nm,53.4669249120052,mse,0.283004674526707,False
full_day,191->472,3222,20,bezier_pgd,0.004949196998495609,mse,0.015873425308724477,False
full_day,191->472,3222,20,bezier_ipopt,26.83629981899867,mse,0.00019716407107835587,False
full_day,191->472,3222,20,bezier_nm,52.16345655400073,mse,0.30599943538931074,False
full_day,192->193,3222,20,bezier_pgd,0.005773162003606558,mse,0.01608673394784126,False
full_day,192->193,3222,20,bezier_ipopt,25.074235879001208,mse,0.0002891951450294698,False
full_day,192->193,3222,20,bezier_nm,51.23555881198263,mse,0.27697505178548887,False
full_day,192->420,3222,20,bezier_pgd,0.004322100023273379,mse,0.004208969928794903,False
full_day,192->420,3222,20,bezier_ipopt,,mse,,True
full_day,192->420,3222,20,bezier_nm,51.894352764007635,mse,0.18526726882892408,False
full_day,193->192,3222,20,bezier_pgd,0.005915476998779923,mse,0.01557143052285888,False
full_day,193->192,3222,20,bezier_ipopt,19.77254824398551,mse,0.00019141422596562945,False
full_day,193->192,3222,20,bezier_nm,50.44709216902265,mse,0.2705052286378082,False
full_day,193->300,3222,20,bezier_pgd,0.005640251038130373,mse,0.008174188210326025,False
full_day,193->300,3222,20,bezier_ipopt,20.674190293997526,mse,0.00010564449931844098,False
full_day,193->300,3222,20,bezier_nm,47.459185747022275,mse,0.2575522774465195,False
full_day,194->475,3222,20,bezier_pgd,0.00890879100188613,mse,0.0006911311413205564,False
full_day,194->475,3222,20,bezier_ipopt,,mse,,True
full_day,194->475,3222,20,bezier_nm,51.54755199403735,mse,0.24238951764289995,False
full_day,194->486,3222,20,bezier_pgd,0.0044479359639808536,mse,0.0007077306714895161,False
full_day,194->486,3222,20,bezier_ipopt,16.8793680180097,mse,0.0001420340147066689,False
full_day,194->486,3222,20,bezier_nm,52.230162725027185,mse,0.11546293150970692,False
full_day,195->196,3222,20,bezier_pgd,0.005018867028411478,mse,0.001190847270336949,False
full_day,195->196,3222,20,bezier_ipopt,18.029866617987864,mse,0.00011475756799005779,False
full_day,195->196,3222,20,bezier_nm,50.1263879929902,mse,0.20311064233931375,False
full_day,195->484,3222,20,bezier_pgd,0.005064758996013552,mse,0.005193506522145602,False
full_day,195->484,3222,20,bezier_ipopt,21.127973949012812,mse,0.00013006567537816738,False
full_day,195->484,3222,20,bezier_nm,49.09353196702432,mse,0.2590580262307334,False
full_day,196->195,3222,20,bezier_pgd,0.004739378986414522,mse,0.003444178545678291,False
full_day,196->195,3222,20,bezier_ipopt,25.041321678028908,mse,0.0001699658288981061,False
full_day,196->195,3222,20,bezier_nm,49.83801351801958,mse,0.24224005049898292,False
full_day,196->328,3222,20,bezier_pgd,0.005079260969068855,mse,0.005475637307953588,False
full_day,196->328,3222,20,bezier_ipopt,27.567739839025307,mse,0.00014337105557295164,False
full_day,196->328,3222,20,bezier_nm,48.77377410698682,mse,0.26259577267321543,False
full_day,197->340,3222,20,bezier_pgd,0.00433795596472919,mse,0.0012276902409629916,False
full_day,197->340,3222,20,bezier_ipopt,21.55500656197546,mse,0.00020998096122362665,False
full_day,197->340,3222,20,bezier_nm,50.35896974999923,mse,0.19092809566636582,False
full_day,197->389,3222,20,bezier_pgd,0.004582636000122875,mse,0.00038878728089584465,False
full_day,197->389,3222,20,bezier_ipopt,22.69753451901488,mse,0.0001781142588665025,False
full_day,197->389,3222,20,bezier_nm,52.381158431002405,mse,0.15241654701356017,False
full_day,198->147,3222,20,bezier_pgd,0.005227019020821899,mse,0.005071627696688756,False
full_day,198->147,3222,20,bezier_ipopt,20.928546540031675,mse,0.00017544782590327734,False
full_day,198->147,3222,20,bezier_nm,52.01454697200097,mse,0.24806676566601282,False
full_day,198->410,3222,20,bezier_pgd,0.004629142989870161,mse,0.003135011167574425,False
full_day,198->410,3222,20,bezier_ipopt,27.61683956498746,mse,0.00018992100378763458,False
full_day,198->410,3222,20,bezier_nm,52.30763181904331,mse,0.22305679482962695,False
full_day,199->200,3222,20,bezier_pgd,0.0077481199987232685,mse,0.01696983421003469,False
full_day,199->200,3222,20,bezier_ipopt,20.267141701013315,mse,0.00019166820124891882,False
full_day,199->200,3222,20,bezier_nm,50.22052999999141,mse,0.2809567433781999,False
full_day,199->420,3222,20,bezier_pgd,0.004467958002351224,mse,0.00048705519960219774,False
full_day,199->420,3222,20,bezier_ipopt,26.0288590650307,mse,0.00012087839305155147,False
full_day,199->420,3222,20,bezier_nm,52.94977409497369,mse,0.1479126155969148,False
full_day,2->60,3222,20,bezier_pgd,0.0027840789989568293,mse,8.331012613435753e-06,False
full_day,2->60,3222,20,bezier_ipopt,24.997052741993684,mse,2.11548759349017e-06,False
full_day,2->60,3222,20,bezier_nm,73.17538589797914,mse,0.0002984443099630849,False
full_day,20->25,3222,20,bezier_pgd,0.0047022749786265194,mse,0.0036412916988592015,False
full_day,20->25,3222,20,bezier_ipopt,22.17750121402787,mse,0.00020825592282901916,False
full_day,20->25,3222,20,bezier_nm,50.740935544949025,mse,0.2511293637737786,False
full_day,20->526,3222,20,bezier_pgd,0.004573793965391815,mse,0.0035537759683762133,False
full_day,20->526,3222,20,bezier_ipopt,22.91043636103859,mse,0.00017720374101747624,False
full_day,20->526,3222,20,bezier_nm,50.374952070007566,mse,0.2107712892352054,False
full_day,200->199,3222,20,bezier_pgd,0.006085758039262146,mse,0.0020642670495471566,False
full_day,200->199,3222,20,bezier_ipopt,28.888738795998506,mse,0.00022079291709633972,False
full_day,200->199,3222,20,bezier_nm,51.600883427017834,mse,0.14192563613822926,False
full_day,200->384,3222,20,bezier_pgd,0.004266079049557447,mse,0.026158841353953424,False
full_day,200->384,3222,20,bezier_ipopt,,mse,,True
full_day,200->384,3222,20,bezier_nm,52.28688556200359,mse,0.22197080862767973,False
full_day,201->476,3222,20,bezier_pgd,0.004659857950173318,mse,0.001394856565486169,False
full_day,201->476,3222,20,bezier_ipopt,,mse,,True
full_day,201->476,3222,20,bezier_nm,56.64394225698197,mse,0.008477561768942371,False
full_day,201->487,3222,20,bezier_pgd,0.0035589750041253865,mse,0.09397967543553803,False
full_day,201->487,3222,20,bezier_ipopt,,mse,,True
full_day,201->487,3222,20,bezier_nm,47.16412703495007,mse,0.4825364978510688,False
full_day,202->203,3222,20,bezier_pgd,0.006004927970934659,mse,0.013171050186112556,False
full_day,202->203,3222,20,bezier_ipopt,27.142065772030037,mse,0.00023150550282368009,False
full_day,202->203,3222,20,bezier_nm,50.78777402098058,mse,0.2705280891186074,False
full_day,202->72,3222,20,bezier_pgd,0.0038688480271957815,mse,1.0229728989346445e-05,False
full_day,202->72,3222,20,bezier_ipopt,19.099588545039296,mse,3.868306200560173e-06,False
full_day,202->72,3222,20,bezier_nm,69.76888083299855,mse,0.0002727289673661835,False
full_day,202->80,3222,20,bezier_pgd,0.0028510880074463785,mse,1.5012530179067062e-05,False
full_day,202->80,3222,20,bezier_ipopt,24.560805796994828,mse,5.338853542218463e-06,False
full_day,202->80,3222,20,bezier_nm,81.3818849119707,mse,0.00035910139205724053,False
full_day,203->202,3222,20,bezier_pgd,0.005470279022119939,mse,0.019572498132710607,False
full_day,203->202,3222,20,bezier_ipopt,22.69040221796604,mse,0.0002441143051360998,False
full_day,203->202,3222,20,bezier_nm,52.890646890038624,mse,0.27884725312920344,False
full_day,203->315,3222,20,bezier_pgd,0.005241051025222987,mse,0.0005111210284834689,False
full_day,203->315,3222,20,bezier_ipopt,26.838466827000957,mse,0.00032128653991667864,False
full_day,203->315,3222,20,bezier_nm,57.65128196805017,mse,0.10559466606810669,False
full_day,204->288,3222,20,bezier_pgd,0.008063595043495297,mse,0.0009332611132724031,False
full_day,204->288,3222,20,bezier_ipopt,26.265155902015977,mse,9.965210458182672e-05,False
full_day,204->288,3222,20,bezier_nm,54.389163537998684,mse,0.18158022341900085,False
full_day,204->472,3222,20,bezier_pgd,0.005785412038676441,mse,0.009434292936638035,False
full_day,204->472,3222,20,bezier_ipopt,19.636754411039874,mse,0.0001393709926767901,False
full_day,204->472,3222,20,bezier_nm,55.4965051280451,mse,0.27537738534049144,False
full_day,205->206,3222,20,bezier_pgd,0.004950942995492369,mse,0.014060731428753581,False
full_day,205->206,3222,20,bezier_ipopt,26.730773210991174,mse,0.00018469884256251532,False
full_day,205->206,3222,20,bezier_nm,55.905348888016306,mse,0.2967017705718039,False
full_day,205->294,3222,20,bezier_pgd,0.005070964980404824,mse,0.012027924647409174,False
full_day,205->294,3222,20,bezier_ipopt,17.977571117982734,mse,0.000284101111067205,False
full_day,205->294,3222,20,bezier_nm,54.30916298402008,mse,0.2654670837854874,False
full_day,206->205,3222,20,bezier_pgd,0.007231913972645998,mse,0.0021179287870475797,False
full_day,206->205,3222,20,bezier_ipopt,22.613680126029067,mse,0.00019762236934641595,False
full_day,206->205,3222,20,bezier_nm,54.3940152520081,mse,0.1943737038870363,False
full_day,206->504,3222,20,bezier_pgd,0.0053336480050347745,mse,0.0006223089284932449,False
full_day,206->504,3222,20,bezier_ipopt,29.75980061601149,mse,0.00012643015006607257,False
full_day,206->504,3222,20,bezier_nm,55.48407013498945,mse,0.19449739067511437,False
full_day,207->490,3222,20,bezier_pgd,0.004531982995104045,mse,0.0006088988608008745,False
full_day,207->490,3222,20,bezier_ipopt,,mse,,True
full_day,207->490,3222,20,bezier_nm,59.785099377972074,mse,0.07939003918993823,False
full_day,207->504,3222,20,bezier_pgd,0.006091169954743236,mse,0.0008095844651427894,False
full_day,207->504,3222,20,bezier_ipopt,19.203074132965412,mse,0.00012652622311033076,False
full_day,207->504,3222,20,bezier_nm,52.20023242995376,mse,0.16475710983393457,False
full_day,208->358,3222,20,bezier_pgd,0.006332232034765184,mse,0.01291413749472493,False
full_day,208->358,3222,20,bezier_ipopt,,mse,,True
full_day,208->358,3222,20,bezier_nm,56.52783743804321,mse,0.12599851897528716,False
full_day,208->390,3222,20,bezier_pgd,0.004868046031333506,mse,0.003058810004581287,False
full_day,208->390,3222,20,bezier_ipopt,,mse,,True
full_day,208->390,3222,20,bezier_nm,56.576887407980394,mse,0.12171573767165214,False
full_day,209->210,3222,20,bezier_pgd,0.00603789696469903,mse,0.0011791096913869772,False
full_day,209->210,3222,20,bezier_ipopt,24.539567918982357,mse,0.0007424009072902475,False
full_day,209->210,3222,20,bezier_nm,55.4652731740498,mse,0.21716944924543827,False
full_day,209->94,3222,20,bezier_pgd,0.004778607981279492,mse,0.0376031655666242,False
full_day,209->94,3222,20,bezier_ipopt,,mse,,True
full_day,209->94,3222,20,bezier_nm,53.81924456101842,mse,0.30860623181217456,False
full_day,21->435,3222,20,bezier_pgd,0.00441084400517866,mse,0.006971084514267518,False
full_day,21->435,3222,20,bezier_ipopt,,mse,,True
full_day,21->435,3222,20,bezier_nm,55.6599442519946,mse,0.24490682216374793,False
full_day,21->488,3222,20,bezier_pgd,0.00645056803477928,mse,0.0028364079173854367,False
full_day,21->488,3222,20,bezier_ipopt,23.40901105903322,mse,0.000285081598894703,False
full_day,21->488,3222,20,bezier_nm,57.73081595898839,mse,0.2043991893767536,False
full_day,21->534,3222,20,bezier_pgd,0.005184806999750435,mse,0.0005779660670616221,False
full_day,21->534,3222,20,bezier_ipopt,,mse,,True
full_day,21->534,3222,20,bezier_nm,56.60842722398229,mse,0.18915557101228922,False
full_day,210->209,3222,20,bezier_pgd,0.004531020007561892,mse,0.05469441165608723,False
full_day,210->209,3222,20,bezier_ipopt,,mse,,True
full_day,210->209,3222,20,bezier_nm,54.919775362010114,mse,0.32581388336270717,False
full_day,210->522,3222,20,bezier_pgd,0.004957505967468023,mse,0.015562975154176954,False
full_day,210->522,3222,20,bezier_ipopt,,mse,,True
full_day,210->522,3222,20,bezier_nm,54.63045824400615,mse,0.3106474479215398,False
full_day,211->219,3222,20,bezier_pgd,0.004549523000605404,mse,0.012566636548537822,False
full_day,211->219,3222,20,bezier_ipopt,,mse,,True
full_day,211->219,3222,20,bezier_nm,56.73970180400647,mse,0.26312126477509346,False
full_day,211->469,3222,20,bezier_pgd,0.005616754991933703,mse,0.0005474413854894567,False
full_day,211->469,3222,20,bezier_ipopt,26.053609817987308,mse,0.00021734550032152664,False
full_day,211->469,3222,20,bezier_nm,56.865841952036135,mse,0.17381222538641042,False
full_day,212->488,3222,20,bezier_pgd,0.0056273359805345535,mse,0.0026667848429670336,False
full_day,212->488,3222,20,bezier_ipopt,22.038705186976586,mse,0.0001240953514174687,False
full_day,212->488,3222,20,bezier_nm,53.190822964999825,mse,0.241138275682337,False
full_day,212->535,3222,20,bezier_pgd,0.00822927599074319,mse,0.004650432539267088,False
full_day,212->535,3222,20,bezier_ipopt,23.480597554997075,mse,0.00018375338925417014,False
full_day,212->535,3222,20,bezier_nm,53.642420862975996,mse,0.25059023374707695,False
full_day,213->214,3222,20,bezier_pgd,0.005524913023691624,mse,0.010512192521250432,False
full_day,213->214,3222,20,bezier_ipopt,22.875694198010024,mse,0.0002104709391605227,False
full_day,213->214,3222,20,bezier_nm,54.09656938596163,mse,0.2684691378988546,False
full_day,213->270,3222,20,bezier_pgd,0.005295945971738547,mse,0.0074487534122146745,False
full_day,213->270,3222,20,bezier_ipopt,19.018044141004793,mse,0.0001729317294363727,False
full_day,213->270,3222,20,bezier_nm,54.706547209993005,mse,0.275711912098594,False
full_day,214->213,3222,20,bezier_pgd,0.005168096977286041,mse,0.009873411974761076,False
full_day,214->213,3222,20,bezier_ipopt,42.73547288199188,mse,0.00018954670394251665,False
full_day,214->213,3222,20,bezier_nm,56.54284185601864,mse,0.2571479022614463,False
full_day,214->520,3222,20,bezier_pgd,0.007130685029551387,mse,0.00522187285159873,False
full_day,214->520,3222,20,bezier_ipopt,24.209483037993778,mse,0.00022995502338143088,False
full_day,214->520,3222,20,bezier_nm,54.12156630802201,mse,0.24127570832988263,False
full_day,215->149,3222,20,bezier_pgd,0.007826746033970267,mse,0.0058573297816061015,False
full_day,215->149,3222,20,bezier_ipopt,,mse,,True
full_day,215->149,3222,20,bezier_nm,55.422342846984975,mse,0.24619557917898102,False
full_day,215->236,3222,20,bezier_pgd,0.004476290021557361,mse,0.002709168692261679,False
full_day,215->236,3222,20,bezier_ipopt,,mse,,True
full_day,215->236,3222,20,bezier_nm,60.6798315680353,mse,0.16031859290856004,False
full_day,216->106,3222,20,bezier_pgd,0.004051062976941466,mse,0.00033851647110094723,False
full_day,216->106,3222,20,bezier_ipopt,20.66662841202924,mse,0.0001969781375497989,False
full_day,216->106,3222,20,bezier_nm,57.01476923300652,mse,0.10053830473251944,False
full_day,216->90,3222,20,bezier_pgd,0.0035556929651647806,mse,0.024837288766580565,False
full_day,216->90,3222,20,bezier_ipopt,18.8027782139834,mse,7.512819512237766e-06,False
full_day,216->90,3222,20,bezier_nm,54.04722242598655,mse,0.42746834158814867,False
full_day,217->239,3222,20,bezier_pgd,0.0046863610041327775,mse,0.1727947650255544,False
full_day,217->239,3222,20,bezier_ipopt,15.810461126966402,mse,7.014290297441891e-06,False
full_day,217->239,3222,20,bezier_nm,54.938764604972675,mse,0.6720742201063725,False
full_day,217->426,3222,20,bezier_pgd,0.004592739045619965,mse,0.3637164148449877,False
full_day,217->426,3222,20,bezier_ipopt,20.72369393199915,mse,7.765561030824031e-06,False
full_day,217->426,3222,20,bezier_nm,50.34413460898213,mse,0.6558341282412962,False
full_day,218->479,3222,20,bezier_pgd,0.00642190600046888,mse,0.00830605732903497,False
full_day,218->479,3222,20,bezier_ipopt,,mse,,True
full_day,218->479,3222,20,bezier_nm,56.30061344202841,mse,0.27185357569792334,False
full_day,218->489,3222,20,bezier_pgd,0.005155576975084841,mse,0.01593155803099206,False
full_day,218->489,3222,20,bezier_ipopt,24.536421297001652,mse,0.00021479237370057051,False
full_day,218->489,3222,20,bezier_nm,55.22247142903507,mse,0.26045262544087433,False
full_day,219->211,3222,20,bezier_pgd,0.004477311042137444,mse,0.013027535677994742,False
full_day,219->211,3222,20,bezier_ipopt,,mse,,True
full_day,219->211,3222,20,bezier_nm,54.462388917047065,mse,0.2700831768375087,False
full_day,219->491,3222,20,bezier_pgd,0.00534686102764681,mse,0.0005356640238255527,False
full_day,219->491,3222,20,bezier_ipopt,,mse,,True
full_day,219->491,3222,20,bezier_nm,57.74088894802844,mse,0.18021277763382235,False
full_day,22->364,3222,20,bezier_pgd,0.0069687230279669166,mse,0.12690795601707833,False
full_day,22->364,3222,20,bezier_ipopt,,mse,,True
full_day,22->364,3222,20,bezier_nm,54.16545595100615,mse,0.4114207517768724,False
full_day,22->437,3222,20,bezier_pgd,0.00898253999184817,mse,0.023028185393342494,False
full_day,22->437,3222,20,bezier_ipopt,,mse,,True
full_day,22->437,3222,20,bezier_nm,54.84861007996369,mse,0.2829497053393387,False
full_day,22->516,3222,20,bezier_pgd,0.004330583033151925,mse,0.09182822981542328,False
full_day,22->516,3222,20,bezier_ipopt,,mse,,True
full_day,22->516,3222,20,bezier_nm,53.87328256800538,mse,0.39404334086461706,False
full_day,220->152,3222,20,bezier_pgd,0.00506069598486647,mse,0.008074665708802355,False
full_day,220->152,3222,20,bezier_ipopt,,mse,,True
full_day,220->152,3222,20,bezier_nm,55.292695235984866,mse,0.251200998002826,False
full_day,220->494,3222,20,bezier_pgd,0.008124831016175449,mse,0.0014656998258028393,False
full_day,220->494,3222,20,bezier_ipopt,25.5205180690391,mse,0.00017308917723102483,False
full_day,220->494,3222,20,bezier_nm,59.105679247004446,mse,0.19558453290956346,False
full_day,221->131,3222,20,bezier_pgd,0.004448828985914588,mse,0.0032379717153821815,False
full_day,221->131,3222,20,bezier_ipopt,17.04547398898285,mse,0.00022248461081311396,False
full_day,221->131,3222,20,bezier_nm,56.91837069403846,mse,0.20550181475504753,False
full_day,221->376,3222,20,bezier_pgd,0.004740562988445163,mse,0.021405554747386903,False
full_day,221->376,3222,20,bezier_ipopt,,mse,,True
full_day,221->376,3222,20,bezier_nm,55.61403519503074,mse,0.3049786489184857,False
full_day,222->223,3222,20,bezier_pgd,0.004985531966667622,mse,0.010103257821532933,False
full_day,222->223,3222,20,bezier_ipopt,19.64029762602877,mse,0.00028867801416164793,False
full_day,222->223,3222,20,bezier_nm,55.57884168502642,mse,0.25881412006082144,False
full_day,222->344,3222,20,bezier_pgd,0.005700226000044495,mse,0.007590879533593522,False
full_day,222->344,3222,20,bezier_ipopt,19.923075290978886,mse,0.00012204819247929816,False
full_day,222->344,3222,20,bezier_nm,58.817006549972575,mse,0.2687964146932284,False
full_day,223->222,3222,20,bezier_pgd,0.005005454993806779,mse,0.0004774928697321153,False
full_day,223->222,3222,20,bezier_ipopt,31.047839543956798,mse,0.000171361848758876,False
full_day,223->222,3222,20,bezier_nm,55.37321440997766,mse,0.12383243699273845,False
full_day,223->329,3222,20,bezier_pgd,0.004267590993549675,mse,0.0033814922481740497,False
full_day,223->329,3222,20,bezier_ipopt,21.14349599700654,mse,0.00027037555036016673,False
full_day,223->329,3222,20,bezier_nm,53.77263104496524,mse,0.23215672066154106,False
full_day,224->252,3222,20,bezier_pgd,0.0050200410187244415,mse,0.0028923398681611257,False
full_day,224->252,3222,20,bezier_ipopt,19.27855989697855,mse,9.968925908808436e-05,False
full_day,224->252,3222,20,bezier_nm,57.9775702310144,mse,0.09392601908117808,False
full_day,224->451,3222,20,bezier_pgd,0.005293572961818427,mse,0.0009138570297149837,False
full_day,224->451,3222,20,bezier_ipopt,21.070550367992837,mse,0.00020100107787911185,False
full_day,224->451,3222,20,bezier_nm,53.738466519047506,mse,0.1791096544488232,False
full_day,225->251,3222,20,bezier_pgd,0.004226835968438536,mse,0.002726657439262105,False
full_day,225->251,3222,20,bezier_ipopt,27.396795675973408,mse,0.00013630281844461453,False
full_day,225->251,3222,20,bezier_nm,56.1007429449819,mse,0.1954276280232515,False
full_day,225->7,3222,20,bezier_pgd,0.006210061023011804,mse,0.007588479368171462,False
full_day,225->7,3222,20,bezier_ipopt,17.773033509030938,mse,0.0001587236187199885,False
full_day,225->7,3222,20,bezier_nm,54.19536002294626,mse,0.2722414047285068,False
full_day,226->453,3222,20,bezier_pgd,0.004522046016063541,mse,0.005910946474060931,False
full_day,226->453,3222,20,bezier_ipopt,24.325266623985954,mse,0.00023081979867490524,False
full_day,226->453,3222,20,bezier_nm,53.62522093299776,mse,0.24613005739293833,False
full_day,226->495,3222,20,bezier_pgd,0.00618637097068131,mse,0.00037241819961650975,False
full_day,226->495,3222,20,bezier_ipopt,,mse,,True
full_day,226->495,3222,20,bezier_nm,58.7156810729648,mse,0.07275069068050714,False
full_day,227->185,3222,20,bezier_pgd,0.0071881579933688045,mse,0.0011800623176267376,False
full_day,227->185,3222,20,bezier_ipopt,,mse,,True
full_day,227->185,3222,20,bezier_nm,58.118088599003386,mse,0.16711896902974746,False
full_day,227->485,3222,20,bezier_pgd,0.006647754984442145,mse,0.010561760652943758,False
full_day,227->485,3222,20,bezier_ipopt,,mse,,True
full_day,227->485,3222,20,bezier_nm,55.40586477401666,mse,0.2939137536893585,False
full_day,228->16,3222,20,bezier_pgd,0.0065999170183204114,mse,0.00028840862022569386,False
full_day,228->16,3222,20,bezier_ipopt,25.1748116450035,mse,0.00014689564857239015,False
full_day,228->16,3222,20,bezier_nm,55.136792146018706,mse,0.07413048748180158,False
full_day,228->471,3222,20,bezier_pgd,0.006933286029379815,mse,0.010002440424608731,False
full_day,228->471,3222,20,bezier_ipopt,20.582124047039542,mse,0.00017114267127702498,False
full_day,228->471,3222,20,bezier_nm,54.305101300997194,mse,0.2676727581053971,False
full_day,229->230,3222,20,bezier_pgd,0.005418220011051744,mse,0.17378718706016863,False
full_day,229->230,3222,20,bezier_ipopt,,mse,,True
full_day,229->230,3222,20,bezier_nm,52.69386213598773,mse,0.3994034637476765,False
full_day,229->417,3222,20,bezier_pgd,0.0068773929961025715,mse,0.3583024120082347,False
full_day,229->417,3222,20,bezier_ipopt,24.594722704961896,mse,5.19407198338806e-05,False
full_day,229->417,3222,20,bezier_nm,54.039979423978366,mse,0.5455385826369062,False
full_day,23->15,3222,20,bezier_pgd,0.007181597989983857,mse,0.0037339210839789964,False
full_day,23->15,3222,20,bezier_ipopt,,mse,,True
full_day,23->15,3222,20,bezier_nm,55.082917625957634,mse,0.24506551167978477,False
full_day,23->435,3222,20,bezier_pgd,0.0030238269828259945,mse,6.388341111676167e-06,False
full_day,23->435,3222,20,bezier_ipopt,15.596269732981455,mse,2.109874361557215e-06,False
full_day,23->435,3222,20,bezier_nm,89.36589338100748,mse,0.0001682310607051349,False
full_day,23->536,3222,20,bezier_pgd,0.005112229031510651,mse,0.0014579160968582639,False
full_day,23->536,3222,20,bezier_ipopt,21.391628906014375,mse,0.00015546777547737498,False
full_day,23->536,3222,20,bezier_nm,56.26683659100672,mse,0.2328399283190194,False
full_day,230->229,3222,20,bezier_pgd,0.004280964029021561,mse,0.010403453067818176,False
full_day,230->229,3222,20,bezier_ipopt,21.10980546398787,mse,9.267268620478816e-05,False
full_day,230->229,3222,20,bezier_nm,54.53365024499362,mse,0.30732380323017,False
full_day,230->508,3222,20,bezier_pgd,0.00399836600990966,mse,0.029371843915532273,False
full_day,230->508,3222,20,bezier_ipopt,,mse,,True
full_day,230->508,3222,20,bezier_nm,56.44263368699467,mse,0.3555495870287084,False
full_day,231->171,3222,20,bezier_pgd,0.005225998000241816,mse,0.005685099015575519,False
full_day,231->171,3222,20,bezier_ipopt,,mse,,True
full_day,231->171,3222,20,bezier_nm,56.082514527020976,mse,0.23691056903889543,False
full_day,231->349,3222,20,bezier_pgd,0.00849148101406172,mse,0.001198844722976084,False
full_day,231->349,3222,20,bezier_ipopt,146.6932959340047,mse,0.00011189485643213206,False
full_day,231->349,3222,20,bezier_nm,54.87966300803237,mse,0.18494811923676444,False
full_day,232->233,3222,20,bezier_pgd,0.004715404007583857,mse,0.007750872190832093,False
full_day,232->233,3222,20,bezier_ipopt,25.095045491994824,mse,0.00021582181433800682,False
full_day,232->233,3222,20,bezier_nm,55.25249165203422,mse,0.23243520578341054,False
full_day,232->340,3222,20,bezier_pgd,0.006392911018338054,mse,0.0019268512366795608,False
full_day,232->340,3222,20,bezier_ipopt,23.85152221599128,mse,0.0002137683627053269,False
full_day,232->340,3222,20,bezier_nm,57.56021367700305,mse,0.1891882888966294,False
full_day,233->232,3222,20,bezier_pgd,0.004555869032628834,mse,0.005661744918227167,False
full_day,233->232,3222,20,bezier_ipopt,15.646938026999123,mse,0.0002449756861350009,False
full_day,233->232,3222,20,bezier_nm,52.94001285301056,mse,0.2528325728896889,False
full_day,233->378,3222,20,bezier_pgd,0.005825841974001378,mse,0.010348754660866169,False
full_day,233->378,3222,20,bezier_ipopt,27.236842131998856,mse,0.00017106684112266367,False
full_day,233->378,3222,20,bezier_nm,58.54926193098072,mse,0.26868454454142904,False
full_day,234->15,3222,20,bezier_pgd,0.004934574011713266,mse,0.024943313015586114,False
full_day,234->15,3222,20,bezier_ipopt,20.55491767002968,mse,2.549683686539921e-05,False
full_day,234->15,3222,20,bezier_nm,55.48759933101246,mse,0.2979414941820433,False
full_day,234->332,3222,20,bezier_pgd,0.0059431910049170256,mse,0.186631473038186,False
full_day,234->332,3222,20,bezier_ipopt,,mse,,True
full_day,234->332,3222,20,bezier_nm,53.44507319503464,mse,0.609830945922642,False
full_day,235->470,3222,20,bezier_pgd,0.004931239993311465,mse,0.001975863564667626,False
full_day,235->470,3222,20,bezier_ipopt,,mse,,True
full_day,235->470,3222,20,bezier_nm,56.80240774399135,mse,0.22509197753931462,False
full_day,235->474,3222,20,bezier_pgd,0.005543030973058194,mse,0.010201941728302428,False
full_day,235->474,3222,20,bezier_ipopt,21.579225746972952,mse,0.00017974920604390323,False
full_day,235->474,3222,20,bezier_nm,52.14354988397099,mse,0.2655537607164486,False
full_day,236->215,3222,20,bezier_pgd,0.005362927971873432,mse,0.009077275536448536,False
full_day,236->215,3222,20,bezier_ipopt,33.75793011597125,mse,0.00013836642241985927,False
full_day,236->215,3222,20,bezier_nm,54.588997877028305,mse,0.2954784779515901,False
full_day,236->498,3222,20,bezier_pgd,0.008063711982686073,mse,0.0003734752764044915,False
full_day,236->498,3222,20,bezier_ipopt,24.15940021001734,mse,0.00012798928985457996,False
full_day,236->498,3222,20,bezier_nm,58.42996507900534,mse,0.10532859490580819,False
full_day,237->238,3222,20,bezier_pgd,0.006141320976894349,mse,0.0017657377987872179,False
full_day,237->238,3222,20,bezier_ipopt,29.097083766013384,mse,0.00015169913508369544,False
full_day,237->238,3222,20,bezier_nm,54.8408575259964,mse,0.19654414926524993,False
full_day,237->495,3222,20,bezier_pgd,0.0048602219903841615,mse,0.011773996601531653,False
full_day,237->495,3222,20,bezier_ipopt,,mse,,True
full_day,237->495,3222,20,bezier_nm,52.888145547010936,mse,0.2968165673833574,False
full_day,238->237,3222,20,bezier_pgd,0.0063024869887158275,mse,0.003858487967224313,False
full_day,238->237,3222,20,bezier_ipopt,27.06897892098641,mse,0.00011169120053314852,False
full_day,238->237,3222,20,bezier_nm,53.2317372559919,mse,0.23286864556043765,False
full_day,238->456,3222,20,bezier_pgd,0.009666986996307969,mse,0.013868344708561908,False
full_day,238->456,3222,20,bezier_ipopt,27.58480252599111,mse,0.00023825447747499132,False
full_day,238->456,3222,20,bezier_nm,54.30576788500184,mse,0.27308234837246553,False
full_day,239->111,3222,20,bezier_pgd,0.0033834700006991625,mse,0.026148618789683872,False
full_day,239->111,3222,20,bezier_ipopt,18.891957296989858,mse,7.1685470664961685e-06,False
full_day,239->111,3222,20,bezier_nm,56.701598843035754,mse,0.4817589541874643,False
full_day,239->217,3222,20,bezier_pgd,0.0038507070275954902,mse,0.27029179354370975,False
full_day,239->217,3222,20,bezier_ipopt,293.52088461001404,mse,5.714143215042589e-06,False
full_day,239->217,3222,20,bezier_nm,53.782988086983096,mse,0.647133323210326,False
full_day,24->432,3222,20,bezier_pgd,0.006889870041050017,mse,0.005729137039297759,False
full_day,24->432,3222,20,bezier_ipopt,22.024533598974813,mse,0.00017249618208585855,False
full_day,24->432,3222,20,bezier_nm,55.90448964596726,mse,0.24573430101696467,False
full_day,24->446,3222,20,bezier_pgd,0.005167205003090203,mse,0.003066183281639397,False
full_day,24->446,3222,20,bezier_ipopt,23.591077685006894,mse,0.0001359828914862623,False
full_day,24->446,3222,20,bezier_nm,54.844968449964654,mse,0.22990882341412883,False
full_day,24->528,3222,20,bezier_pgd,0.0046020320151001215,mse,0.0014213503887192244,False
full_day,24->528,3222,20,bezier_ipopt,29.020308114006184,mse,0.000145625015953131,False
full_day,24->528,3222,20,bezier_nm,56.10152594605461,mse,0.20552439206182666,False
full_day,240->165,3222,20,bezier_pgd,0.006084604014176875,mse,0.005385886652207039,False
full_day,240->165,3222,20,bezier_ipopt,,mse,,True
full_day,240->165,3222,20,bezier_nm,56.35650427895598,mse,0.2816836537750423,False
full_day,240->281,3222,20,bezier_pgd,0.004713030997663736,mse,0.0038838850995203656,False
full_day,240->281,3222,20,bezier_ipopt,,mse,,True
full_day,240->281,3222,20,bezier_nm,57.47233517997665,mse,0.2327634351741393,False
full_day,241->242,3222,20,bezier_pgd,0.0033983709872700274,mse,0.1778306263840029,False
full_day,241->242,3222,20,bezier_ipopt,20.76629481796408,mse,1.1329858524685506e-06,False
full_day,241->242,3222,20,bezier_nm,54.911162977979984,mse,0.7076975916537972,False
full_day,241->51,3222,20,bezier_pgd,0.004107082029804587,mse,0.009608839343663175,False
full_day,241->51,3222,20,bezier_ipopt,24.47525121399667,mse,4.5420318314762057e-05,False
full_day,241->51,3222,20,bezier_nm,58.46751994197257,mse,0.35413635374512437,False
full_day,242->241,3222,20,bezier_pgd,0.004357963043730706,mse,0.03211335953138963,False
full_day,242->241,3222,20,bezier_ipopt,,mse,,True
full_day,242->241,3222,20,bezier_nm,58.69656896800734,mse,0.5832955307890572,False
full_day,242->345,3222,20,bezier_pgd,0.005616601032670587,mse,0.004632200063430255,False
full_day,242->345,3222,20,bezier_ipopt,25.4625707109808,mse,9.205172964111946e-05,False
full_day,242->345,3222,20,bezier_nm,54.30845508299535,mse,0.2628130252705105,False
full_day,243->308,3222,20,bezier_pgd,0.003764400025829673,mse,0.006261892996045052,False
full_day,243->308,3222,20,bezier_ipopt,37.20745510503184,mse,0.00019060703888567062,False
full_day,243->308,3222,20,bezier_nm,58.736085226992145,mse,0.14999873762153806,False
full_day,243->472,3222,20,bezier_pgd,0.005128630029503256,mse,0.0029382317565341994,False
full_day,243->472,3222,20,bezier_ipopt,,mse,,True
full_day,243->472,3222,20,bezier_nm,53.534389112959616,mse,0.26978642707244654,False
full_day,244->158,3222,20,bezier_pgd,0.006317807012237608,mse,0.003723870267334586,False
full_day,244->158,3222,20,bezier_ipopt,,mse,,True
full_day,244->158,3222,20,bezier_nm,52.9375278109801,mse,0.2530561824560033,False
full_day,244->473,3222,20,bezier_pgd,0.0052603670046664774,mse,0.007891686886326701,False
full_day,244->473,3222,20,bezier_ipopt,,mse,,True
full_day,244->473,3222,20,bezier_nm,54.74786000198219,mse,0.25366214058425407,False
full_day,245->246,3222,20,bezier_pgd,0.005145527014974505,mse,0.008805429833231675,False
full_day,245->246,3222,20,bezier_ipopt,,mse,,True
full_day,245->246,3222,20,bezier_nm,53.03557249595178,mse,0.2965687289449752,False
full_day,245->326,3222,20,bezier_pgd,0.004852737998589873,mse,0.03262207267573005,False
full_day,245->326,3222,20,bezier_ipopt,,mse,,True
full_day,245->326,3222,20,bezier_nm,57.33798800496152,mse,0.5367281774686031,False
full_day,246->245,3222,20,bezier_pgd,0.0049129860126413405,mse,0.002161973509090892,False
full_day,246->245,3222,20,bezier_ipopt,18.219884730002377,mse,9.310252254285495e-05,False
full_day,246->245,3222,20,bezier_nm,55.574388914974406,mse,0.21705010874535277,False
full_day,246->521,3222,20,bezier_pgd,0.005215023993514478,mse,0.009224431265856951,False
full_day,246->521,3222,20,bezier_ipopt,24.987495876965113,mse,0.00012619860057567784,False
full_day,246->521,3222,20,bezier_nm,55.344211907009594,mse,0.2696008600015627,False
full_day,247->451,3222,20,bezier_pgd,0.004989004984963685,mse,0.017630273659903134,False
full_day,247->451,3222,20,bezier_ipopt,25.64968862902606,mse,0.0002333468094764221,False
full_day,247->451,3222,20,bezier_nm,56.74682300601853,mse,0.270020146375605,False
full_day,247->478,3222,20,bezier_pgd,0.005695532017853111,mse,0.014587146516150737,False
full_day,247->478,3222,20,bezier_ipopt,19.58806199900573,mse,0.00021511507135528728,False
full_day,247->478,3222,20,bezier_nm,57.37633646395989,mse,0.27130842896145724,False
full_day,248->249,3222,20,bezier_pgd,0.008732461021281779,mse,0.006193855452153044,False
full_day,248->249,3222,20,bezier_ipopt,31.02781858702656,mse,0.0001416125581448813,False
full_day,248->249,3222,20,bezier_nm,55.53139566601021,mse,0.26997904000967743,False
full_day,248->460,3222,20,bezier_pgd,0.005699614004697651,mse,0.005646218934542818,False
full_day,248->460,3222,20,bezier_ipopt,,mse,,True
full_day,248->460,3222,20,bezier_nm,56.537252821959555,mse,0.2634515063396585,False
full_day,249->248,3222,20,bezier_pgd,0.005774351011496037,mse,0.014360782187958072,False
full_day,249->248,3222,20,bezier_ipopt,29.462250570009928,mse,0.00019344205057066397,False
full_day,249->248,3222,20,bezier_nm,57.58289926202269,mse,0.28768322517352296,False
full_day,249->262,3222,20,bezier_pgd,0.004080788989085704,mse,0.0003479268121492927,False
full_day,249->262,3222,20,bezier_ipopt,16.370645938965026,mse,0.00023769245067509578,False
full_day,249->262,3222,20,bezier_nm,60.37440706801135,mse,0.12144918442035095,False
full_day,25->527,3222,20,bezier_pgd,0.008986701024696231,mse,0.0015702493821139727,False
full_day,25->527,3222,20,bezier_ipopt,30.135212088993285,mse,6.421374510599091e-05,False
full_day,25->527,3222,20,bezier_nm,54.49163033999503,mse,0.21012258182383964,False
full_day,25->528,3222,20,bezier_pgd,0.00433859002077952,mse,0.010023171431269256,False
full_day,25->528,3222,20,bezier_ipopt,,mse,,True
full_day,25->528,3222,20,bezier_nm,56.7477186670294,mse,0.27662484596688824,False
full_day,25->6,3222,20,bezier_pgd,0.0049228590214625,mse,0.0036412916988591824,False
full_day,25->6,3222,20,bezier_ipopt,21.619660853990354,mse,0.0002082558593906557,False
full_day,25->6,3222,20,bezier_nm,55.382017872005235,mse,0.2515870015914579,False
full_day,250->347,3222,20,bezier_pgd,0.005312462977599353,mse,0.0067391263150590516,False
full_day,250->347,3222,20,bezier_ipopt,22.473545857996214,mse,0.00013542875919527267,False
full_day,250->347,3222,20,bezier_nm,53.42670252098469,mse,0.26039086068074213,False
full_day,250->520,3222,20,bezier_pgd,0.008421299047768116,mse,0.002160581699199527,False
full_day,250->520,3222,20,bezier_ipopt,20.721911138040014,mse,0.00018623917684389697,False
full_day,250->520,3222,20,bezier_nm,57.204178603948094,mse,0.19459575795470083,False
full_day,251->225,3222,20,bezier_pgd,0.005382849951274693,mse,0.0005868589020638344,False
full_day,251->225,3222,20,bezier_ipopt,15.296029073011596,mse,0.00012490896823168034,False
full_day,251->225,3222,20,bezier_nm,56.72019529697718,mse,0.12341480540092775,False
full_day,251->30,3222,20,bezier_pgd,0.0050300140283070505,mse,0.000525484256159355,False
full_day,251->30,3222,20,bezier_ipopt,29.367948750965297,mse,8.53348597588406e-05,False
full_day,251->30,3222,20,bezier_nm,54.67507304798346,mse,0.18024201455032174,False
full_day,252->224,3222,20,bezier_pgd,0.006063480046577752,mse,0.01221831345182574,False
full_day,252->224,3222,20,bezier_ipopt,,mse,,True
full_day,252->224,3222,20,bezier_nm,56.169714395015035,mse,0.2900719208434355,False
full_day,252->439,3222,20,bezier_pgd,0.004721764998976141,mse,0.006853004313727227,False
full_day,252->439,3222,20,bezier_ipopt,,mse,,True
full_day,252->439,3222,20,bezier_nm,55.29277474398259,mse,0.2541256577356921,False
full_day,253->159,3222,20,bezier_pgd,0.0046649290015921,mse,0.003011535093642409,False
full_day,253->159,3222,20,bezier_ipopt,22.68960511300247,mse,0.00016340543363538298,False
full_day,253->159,3222,20,bezier_nm,58.573245246952865,mse,0.23816564679158986,False
full_day,253->500,3222,20,bezier_pgd,0.00813246303005144,mse,0.0007130661514919033,False
full_day,253->500,3222,20,bezier_ipopt,24.320160537026823,mse,0.00014755396171171577,False
full_day,253->500,3222,20,bezier_nm,53.955372120952234,mse,0.1707127668167348,False
full_day,254->255,3222,20,bezier_pgd,0.004815447027795017,mse,0.008510664543397295,False
full_day,254->255,3222,20,bezier_ipopt,19.699250304023735,mse,0.00017808512273515228,False
full_day,254->255,3222,20,bezier_nm,54.05203788302606,mse,0.2534181278596245,False
full_day,254->484,3222,20,bezier_pgd,0.004443210025783628,mse,0.00035655178643607954,False
full_day,254->484,3222,20,bezier_ipopt,25.455626707989722,mse,0.0001589057871085448,False
full_day,254->484,3222,20,bezier_nm,58.76092634204542,mse,0.09697981213529662,False
full_day,255->254,3222,20,bezier_pgd,0.004748634004499763,mse,0.000844711243049132,False
full_day,255->254,3222,20,bezier_ipopt,19.77628170803655,mse,0.00012490881356111801,False
full_day,255->254,3222,20,bezier_nm,53.148219323018566,mse,0.23071419320444456,False
full_day,255->352,3222,20,bezier_pgd,0.005048029008321464,mse,0.009555207001436243,False
full_day,255->352,3222,20,bezier_ipopt,,mse,,True
full_day,255->352,3222,20,bezier_nm,56.42209931398975,mse,0.266706610116498,False
full_day,256->475,3222,20,bezier_pgd,0.008171221008524299,mse,0.003503414984511812,False
full_day,256->475,3222,20,bezier_ipopt,,mse,,True
full_day,256->475,3222,20,bezier_nm,54.90778829000192,mse,0.2509865883012111,False
full_day,256->501,3222,20,bezier_pgd,0.004588011011946946,mse,0.0006842212849342892,False
full_day,256->501,3222,20,bezier_ipopt,22.728540871990845,mse,0.00024392910409905236,False
full_day,256->501,3222,20,bezier_nm,57.256722400023136,mse,0.1372082550532991,False
full_day,257->494,3222,20,bezier_pgd,0.0033820949611254036,mse,0.0002481521830721772,False
full_day,257->494,3222,20,bezier_ipopt,18.12632395804394,mse,0.00012793146461045598,False
full_day,257->494,3222,20,bezier_nm,56.460186937998515,mse,0.04525156568585591,False
full_day,257->498,3222,20,bezier_pgd,0.004342683998402208,mse,0.000396914476347705,False
full_day,257->498,3222,20,bezier_ipopt,,mse,,True
full_day,257->498,3222,20,bezier_nm,58.48538267094409,mse,0.07722646214384907,False
full_day,258->473,3222,20,bezier_pgd,0.004761049000080675,mse,0.0003198792624903681,False
full_day,258->473,3222,20,bezier_ipopt,21.561105249042157,mse,0.00013577283257466358,False
full_day,258->473,3222,20,bezier_nm,57.25008323095972,mse,0.15456873445861438,False
full_day,258->474,3222,20,bezier_pgd,0.005733236961532384,mse,0.008240676246578402,False
full_day,258->474,3222,20,bezier_ipopt,27.918203660985455,mse,0.000177505455260877,False
full_day,258->474,3222,20,bezier_nm,53.68026807199931,mse,0.2664771198350943,False
full_day,259->384,3222,20,bezier_pgd,0.0051800350192934275,mse,0.004588492205245821,False
full_day,259->384,3222,20,bezier_ipopt,67.05065683595603,mse,0.0002853842461428467,False
full_day,259->384,3222,20,bezier_nm,56.25216770399129,mse,0.23758569570855032,False
full_day,259->92,3222,20,bezier_pgd,0.01154074800433591,mse,0.24153104911576642,False
full_day,259->92,3222,20,bezier_ipopt,,mse,,True
full_day,259->92,3222,20,bezier_nm,50.85510909801815,mse,0.382066770054478,False
full_day,26->27,3222,20,bezier_pgd,0.0029318449669517577,mse,5.358262856696301e-06,False
full_day,26->27,3222,20,bezier_ipopt,13.93936371000018,mse,1.69377074410946e-06,False
full_day,26->27,3222,20,bezier_nm,81.79178205801873,mse,0.0002673425296954588,False
full_day,26->39,3222,20,bezier_pgd,0.0031334510422311723,mse,0.0001275896774054993,False
full_day,26->39,3222,20,bezier_ipopt,,mse,,True
full_day,26->39,3222,20,bezier_nm,93.46086228301283,mse,0.001415463567457323,False
full_day,260->261,3222,20,bezier_pgd,0.005710469034966081,mse,0.004745882848511757,False
full_day,260->261,3222,20,bezier_ipopt,25.6885204630089,mse,0.00011745029843844912,False
full_day,260->261,3222,20,bezier_nm,54.893912049999926,mse,0.23731351683926702,False
full_day,260->473,3222,20,bezier_pgd,0.00447792699560523,mse,0.004466175874902629,False
full_day,260->473,3222,20,bezier_ipopt,21.995525971986353,mse,0.000145168870484532,False
full_day,260->473,3222,20,bezier_nm,53.397029928979464,mse,0.24863535323302677,False
full_day,261->260,3222,20,bezier_pgd,0.004366339999251068,mse,0.0006827243422516635,False
full_day,261->260,3222,20,bezier_ipopt,,mse,,True
full_day,261->260,3222,20,bezier_nm,59.05807889404241,mse,0.1552971545707013,False
full_day,261->267,3222,20,bezier_pgd,0.006195207010023296,mse,0.014434636082231785,False
full_day,261->267,3222,20,bezier_ipopt,25.79714697296731,mse,0.00018080276370271916,False
full_day,261->267,3222,20,bezier_nm,53.28454617696116,mse,0.2765637051966835,False
full_day,262->249,3222,20,bezier_pgd,0.004698549979366362,mse,0.0015443755383236905,False
full_day,262->249,3222,20,bezier_ipopt,23.903935524984263,mse,0.00017983954911125958,False
full_day,262->249,3222,20,bezier_nm,56.451210341008846,mse,0.22355879335844575,False
full_day,262->434,3222,20,bezier_pgd,0.005106827011331916,mse,0.008318890948512063,False
full_day,262->434,3222,20,bezier_ipopt,27.750189063954167,mse,0.00028866655356223097,False
full_day,262->434,3222,20,bezier_nm,54.87877997598844,mse,0.2570192305684779,False
full_day,263->497,3222,20,bezier_pgd,0.004986232030205429,mse,0.009398115260874628,False
full_day,263->497,3222,20,bezier_ipopt,21.113321129989345,mse,0.0002197632521684527,False
full_day,263->497,3222,20,bezier_nm,54.1826575739542,mse,0.25597743415787394,False
full_day,263->505,3222,20,bezier_pgd,0.004616527003236115,mse,0.008619025074780549,False
full_day,263->505,3222,20,bezier_ipopt,27.628385589981917,mse,0.0003748595860427276,False
full_day,263->505,3222,20,bezier_nm,56.400542440998834,mse,0.20744935025946232,False
full_day,264->421,3222,20,bezier_pgd,0.004503765958361328,mse,0.0025499311069705458,False
full_day,264->421,3222,20,bezier_ipopt,27.816289370995946,mse,0.0001857722201350478,False
full_day,264->421,3222,20,bezier_nm,57.36597185599385,mse,0.1758650942026124,False
full_day,264->468,3222,20,bezier_pgd,0.006672629970125854,mse,0.0008155028359089226,False
full_day,264->468,3222,20,bezier_ipopt,,mse,,True
full_day,264->468,3222,20,bezier_nm,58.940337381034624,mse,0.13550459582908594,False
full_day,265->266,3222,20,bezier_pgd,0.004270069999620318,mse,0.0006853753573768341,False
full_day,265->266,3222,20,bezier_ipopt,21.004938760015648,mse,0.00010872753740994671,False
full_day,265->266,3222,20,bezier_nm,58.304366091033444,mse,0.13307875722374085,False
full_day,265->440,3222,20,bezier_pgd,0.005433876009192318,mse,0.01095248749327497,False
full_day,265->440,3222,20,bezier_ipopt,,mse,,True
full_day,265->440,3222,20,bezier_nm,53.65518937201705,mse,0.28856001333674003,False
full_day,266->265,3222,20,bezier_pgd,0.004345676046796143,mse,0.0005000165272033244,False
full_day,266->265,3222,20,bezier_ipopt,,mse,,True
full_day,266->265,3222,20,bezier_nm,59.37980517902179,mse,0.13568204217857474,False
full_day,266->522,3222,20,bezier_pgd,0.003321983036585152,mse,0.00023268618076458309,False
full_day,266->522,3222,20,bezier_ipopt,18.8026293029543,mse,0.0001429470632121633,False
full_day,266->522,3222,20,bezier_nm,92.02193798701046,mse,0.002247165489280374,False
full_day,267->183,3222,20,bezier_pgd,0.004819006018806249,mse,0.012986081452773744,False
full_day,267->183,3222,20,bezier_ipopt,,mse,,True
full_day,267->183,3222,20,bezier_nm,54.05719639902236,mse,0.2909232442934381,False
full_day,267->261,3222,20,bezier_pgd,0.0048101950087584555,mse,0.011367583646741413,False
full_day,267->261,3222,20,bezier_ipopt,25.945569172967225,mse,0.0001214103147678332,False
full_day,267->261,3222,20,bezier_nm,53.48799245804548,mse,0.29075225946578304,False
full_day,268->388,3222,20,bezier_pgd,0.005792176991235465,mse,0.003598829003065337,False
full_day,268->388,3222,20,bezier_ipopt,,mse,,True
full_day,268->388,3222,20,bezier_nm,55.62204503297107,mse,0.2550092712770466,False
full_day,268->494,3222,20,bezier_pgd,0.009619786986149848,mse,0.0027792729451991322,False
full_day,268->494,3222,20,bezier_ipopt,,mse,,True
full_day,268->494,3222,20,bezier_nm,55.23466851899866,mse,0.2374599625753838,False
full_day,269->191,3222,20,bezier_pgd,0.00466427399078384,mse,0.00036662354734040895,False
full_day,269->191,3222,20,bezier_ipopt,28.668913102010265,mse,0.00012002437169259138,False
full_day,269->191,3222,20,bezier_nm,57.93332354503218,mse,0.09204426205472467,False
full_day,269->321,3222,20,bezier_pgd,0.005898333969525993,mse,0.005495787920675518,False
full_day,269->321,3222,20,bezier_ipopt,24.111742371984292,mse,0.0001280402450030981,False
full_day,269->321,3222,20,bezier_nm,53.251615250017494,mse,0.27460692251734314,False
full_day,27->26,3222,20,bezier_pgd,0.003130474011413753,mse,1.1458526659129576e-05,False
full_day,27->26,3222,20,bezier_ipopt,15.599949743016623,mse,4.283723293016151e-06,False
full_day,27->26,3222,20,bezier_nm,81.28336919698631,mse,0.00047679239847201236,False
full_day,27->28,3222,20,bezier_pgd,0.005933679989539087,mse,0.007939855946559432,False
full_day,27->28,3222,20,bezier_ipopt,,mse,,True
full_day,27->28,3222,20,bezier_nm,55.6286742319935,mse,0.255247786009226,False
full_day,270->213,3222,20,bezier_pgd,0.004281210945919156,mse,0.014436306500289662,False
full_day,270->213,3222,20,bezier_ipopt,30.308039951021783,mse,0.0002914765811624079,False
full_day,270->213,3222,20,bezier_nm,52.89997886598576,mse,0.2560901545434339,False
full_day,270->444,3222,20,bezier_pgd,0.005327985971234739,mse,0.014241239580297495,False
full_day,270->444,3222,20,bezier_ipopt,23.32518466701731,mse,0.00025015873318974476,False
full_day,270->444,3222,20,bezier_nm,55.09380490600597,mse,0.25792906917537683,False
full_day,271->272,3222,20,bezier_pgd,0.004533173982053995,mse,0.11641614478218819,False
full_day,271->272,3222,20,bezier_ipopt,,mse,,True
full_day,271->272,3222,20,bezier_nm,52.1078228050028,mse,0.3976696902747399,False
full_day,271->375,3222,20,bezier_pgd,0.006922614003997296,mse,0.33995733417378504,False
full_day,271->375,3222,20,bezier_ipopt,,mse,,True
full_day,271->375,3222,20,bezier_nm,55.81270088697784,mse,0.6619324931081928,False
full_day,272->271,3222,20,bezier_pgd,0.006699933030176908,mse,0.03914726881486876,False
full_day,272->271,3222,20,bezier_ipopt,,mse,,True
full_day,272->271,3222,20,bezier_nm,58.37969154800521,mse,0.3243055941059414,False
full_day,272->274,3222,20,bezier_pgd,0.0050106419948861,mse,0.015254779234934927,False
full_day,272->274,3222,20,bezier_ipopt,,mse,,True
full_day,272->274,3222,20,bezier_nm,59.37788083095802,mse,0.3811905844627679,False
full_day,273->351,3222,20,bezier_pgd,0.003413262020330876,mse,0.0001556753812656638,False
full_day,273->351,3222,20,bezier_ipopt,23.94990087795304,mse,7.743564144997165e-05,False
full_day,273->351,3222,20,bezier_nm,88.99546630500117,mse,0.000630939066861253,False
full_day,273->465,3222,20,bezier_pgd,0.0064391750493086874,mse,0.10732865819999322,False
full_day,273->465,3222,20,bezier_ipopt,26.596159957000054,mse,0.00015713613078957047,False
full_day,273->465,3222,20,bezier_nm,53.06621926999651,mse,0.33028775827943047,False
full_day,274->272,3222,20,bezier_pgd,0.004448136023711413,mse,0.047343228261781015,False
full_day,274->272,3222,20,bezier_ipopt,,mse,,True
full_day,274->272,3222,20,bezier_nm,55.35163122002268,mse,0.3582901428406229,False
full_day,274->441,3222,20,bezier_pgd,0.005644068005494773,mse,0.1582507810015752,False
full_day,274->441,3222,20,bezier_ipopt,,mse,,True
full_day,274->441,3222,20,bezier_nm,51.55910907097859,mse,0.36201430299750265,False
full_day,275->173,3222,20,bezier_pgd,0.006535173975862563,mse,0.00954576222248649,False
full_day,275->173,3222,20,bezier_ipopt,44.41238369495841,mse,1.2626441729248434e-05,False
full_day,275->173,3222,20,bezier_nm,58.462008464033715,mse,0.2069815298155907,False
full_day,275->312,3222,20,bezier_pgd,0.0029800610500387847,mse,0.08869790284934809,False
full_day,275->312,3222,20,bezier_ipopt,,mse,,True
full_day,275->312,3222,20,bezier_nm,57.00210688804509,mse,0.7660514009823425,False
full_day,276->364,3222,20,bezier_pgd,0.005671112972777337,mse,0.2537468525965071,False
full_day,276->364,3222,20,bezier_ipopt,,mse,,True
full_day,276->364,3222,20,bezier_nm,55.08621437003603,mse,0.4797991829349748,False
full_day,276->76,3222,20,bezier_pgd,0.005535282019991428,mse,0.019915535973073148,False
full_day,276->76,3222,20,bezier_ipopt,,mse,,True
full_day,276->76,3222,20,bezier_nm,60.484315205947496,mse,0.3005286069921653,False
full_day,277->278,3222,20,bezier_pgd,0.004991952038835734,mse,0.00974935145485134,False
full_day,277->278,3222,20,bezier_ipopt,20.311002661997918,mse,0.00021512321264475647,False
full_day,277->278,3222,20,bezier_nm,55.12029060203349,mse,0.26151511763534474,False
full_day,277->453,3222,20,bezier_pgd,0.004465164034627378,mse,0.0023671457200842012,False
full_day,277->453,3222,20,bezier_ipopt,21.475335918017663,mse,0.00022873029795054983,False
full_day,277->453,3222,20,bezier_nm,57.637820508971345,mse,0.20076681207714103,False
full_day,278->277,3222,20,bezier_pgd,0.007276966003701091,mse,0.0067144161900623955,False
full_day,278->277,3222,20,bezier_ipopt,26.90108446998056,mse,0.00021266812625963548,False
full_day,278->277,3222,20,bezier_nm,56.09810070396634,mse,0.22648783046686424,False
full_day,278->323,3222,20,bezier_pgd,0.005690736987162381,mse,0.019112127250151986,False
full_day,278->323,3222,20,bezier_ipopt,29.756289519020356,mse,0.0002945713874764543,False
full_day,278->323,3222,20,bezier_nm,57.032153962994926,mse,0.2854161575796951,False
full_day,279->169,3222,20,bezier_pgd,0.007298074022401124,mse,0.0008595835223361862,False
full_day,279->169,3222,20,bezier_ipopt,,mse,,True
full_day,279->169,3222,20,bezier_nm,58.86559538496658,mse,0.19633495015232266,False
full_day,279->460,3222,20,bezier_pgd,0.006164524995256215,mse,0.004457074703967488,False
full_day,279->460,3222,20,bezier_ipopt,,mse,,True
full_day,279->460,3222,20,bezier_nm,55.571105060051195,mse,0.2698822259488291,False
full_day,28->27,3222,20,bezier_pgd,0.002957385964691639,mse,1.015221335856302e-05,False
full_day,28->27,3222,20,bezier_ipopt,14.155986080993898,mse,3.336216893219358e-06,False
full_day,28->27,3222,20,bezier_nm,85.95918023999548,mse,0.0001908467832426579,False
full_day,28->29,3222,20,bezier_pgd,0.002922794024925679,mse,1.3508729793239175e-05,False
full_day,28->29,3222,20,bezier_ipopt,13.98820954799885,mse,6.654193655054496e-06,False
full_day,28->29,3222,20,bezier_nm,79.49446832295507,mse,0.0002881733979054141,False
full_day,280->114,3222,20,bezier_pgd,0.0048354839673265815,mse,0.011883626316726724,False
full_day,280->114,3222,20,bezier_ipopt,,mse,,True
full_day,280->114,3222,20,bezier_nm,56.95548810000764,mse,0.2597825439967118,False
full_day,280->341,3222,20,bezier_pgd,0.009225691028404981,mse,0.022442991594239733,False
full_day,280->341,3222,20,bezier_ipopt,22.87462495500222,mse,0.0003293871924424967,False
full_day,280->341,3222,20,bezier_nm,52.85411649598973,mse,0.28968981396146537,False
full_day,281->240,3222,20,bezier_pgd,0.004512357991188765,mse,0.0005142604252046898,False
full_day,281->240,3222,20,bezier_ipopt,,mse,,True
full_day,281->240,3222,20,bezier_nm,61.302402446977794,mse,0.1267607651000324,False
full_day,281->282,3222,20,bezier_pgd,0.0041615100344643,mse,0.0001851259736349895,False
full_day,281->282,3222,20,bezier_ipopt,26.95260080997832,mse,7.699703174248796e-05,False
full_day,281->282,3222,20,bezier_nm,57.049427176010795,mse,0.07767373074294717,False
full_day,282->281,3222,20,bezier_pgd,0.005694471998140216,mse,0.0014485545908372172,False
full_day,282->281,3222,20,bezier_ipopt,,mse,,True
full_day,282->281,3222,20,bezier_nm,58.4107273700065,mse,0.2295912916484696,False
full_day,282->495,3222,20,bezier_pgd,0.007966506003867835,mse,0.0007590395898374506,False
full_day,282->495,3222,20,bezier_ipopt,82.64338561298791,mse,0.00037401464967370425,False
full_day,282->495,3222,20,bezier_nm,56.96204877505079,mse,0.17856896617964355,False
full_day,283->381,3222,20,bezier_pgd,0.004809979989659041,mse,0.0009581060963206352,False
full_day,283->381,3222,20,bezier_ipopt,23.381776080001146,mse,7.047446042490928e-05,False
full_day,283->381,3222,20,bezier_nm,56.61324525496457,mse,0.14564137215445797,False
full_day,283->440,3222,20,bezier_pgd,0.004712526977527887,mse,0.020240007781399953,False
full_day,283->440,3222,20,bezier_ipopt,,mse,,True
full_day,283->440,3222,20,bezier_nm,57.243245776044205,mse,0.2984239543106895,False
full_day,284->174,3222,20,bezier_pgd,0.005935723020229489,mse,0.017264272023838075,False
full_day,284->174,3222,20,bezier_ipopt,26.133353794983122,mse,0.0002528267650365724,False
full_day,284->174,3222,20,bezier_nm,53.97616630495759,mse,0.29045380699754175,False
full_day,284->335,3222,20,bezier_pgd,0.00609870400512591,mse,0.00021322507896343642,False
full_day,284->335,3222,20,bezier_ipopt,38.1372828320018,mse,0.00011363058083599697,False
full_day,284->335,3222,20,bezier_nm,56.94188884104369,mse,0.08090850948384455,False
full_day,285->168,3222,20,bezier_pgd,0.004827860975638032,mse,0.019636721934496934,False
full_day,285->168,3222,20,bezier_ipopt,239.3116852969979,mse,0.05679896375875237,False
full_day,285->168,3222,20,bezier_nm,58.91288400097983,mse,0.0501007827985807,False
full_day,285->440,3222,20,bezier_pgd,0.005283425038214773,mse,0.008426072721929512,False
full_day,285->440,3222,20,bezier_ipopt,,mse,,True
full_day,285->440,3222,20,bezier_nm,52.90668487799121,mse,0.2840477977461842,False
full_day,286->468,3222,20,bezier_pgd,0.003309142019134015,mse,0.0001863781674585169,False
full_day,286->468,3222,20,bezier_ipopt,21.96748525102157,mse,0.0001262818987874608,False
full_day,286->468,3222,20,bezier_nm,91.07000562502071,mse,0.001807207716544213,False
full_day,286->490,3222,20,bezier_pgd,0.0058351639891043305,mse,0.008201331240878351,False
full_day,286->490,3222,20,bezier_ipopt,19.581198622006923,mse,0.00013312297175114546,False
full_day,286->490,3222,20,bezier_nm,54.70334244298283,mse,0.26425990305572555,False
full_day,287->356,3222,20,bezier_pgd,0.004564289003610611,mse,0.008062119186964662,False
full_day,287->356,3222,20,bezier_ipopt,17.72692757396726,mse,0.00022739063530686357,False
full_day,287->356,3222,20,bezier_nm,54.413838287990075,mse,0.258239891620927,False
full_day,287->497,3222,20,bezier_pgd,0.004716732015367597,mse,0.004061289715205924,False
full_day,287->497,3222,20,bezier_ipopt,24.139354131009895,mse,0.00022649192197338563,False
full_day,287->497,3222,20,bezier_nm,56.82346539798891,mse,0.21513499041411838,False
full_day,288->204,3222,20,bezier_pgd,0.006188586994539946,mse,0.011079225374384376,False
full_day,288->204,3222,20,bezier_ipopt,26.513260447012726,mse,0.0001755890875356901,False
full_day,288->204,3222,20,bezier_nm,53.68826356600039,mse,0.2880918016312664,False
full_day,288->338,3222,20,bezier_pgd,0.006173892004881054,mse,0.006828718762733938,False
full_day,288->338,3222,20,bezier_ipopt,,mse,,True
full_day,288->338,3222,20,bezier_nm,56.21569126803661,mse,0.2779913399269234,False
full_day,289->320,3222,20,bezier_pgd,0.005895679001696408,mse,0.0020010472243007973,False
full_day,289->320,3222,20,bezier_ipopt,,mse,,True
full_day,289->320,3222,20,bezier_nm,57.837359002034646,mse,0.19940706704729877,False
full_day,289->425,3222,20,bezier_pgd,0.004632837022654712,mse,0.010757252202575413,False
full_day,289->425,3222,20,bezier_ipopt,,mse,,True
full_day,289->425,3222,20,bezier_nm,56.41886474302737,mse,0.29371928494314115,False
full_day,29->28,3222,20,bezier_pgd,0.002969277964439243,mse,1.0822967759584437e-05,False
full_day,29->28,3222,20,bezier_ipopt,11.489492127962876,mse,4.38651926437541e-06,False
full_day,29->28,3222,20,bezier_nm,79.30762439302634,mse,0.00021177226105758358,False
full_day,29->30,3222,20,bezier_pgd,0.003122697991784662,mse,2.0171447809687e-05,False
full_day,29->30,3222,20,bezier_ipopt,23.348134766041767,mse,4.058301572221303e-06,False
full_day,29->30,3222,20,bezier_nm,77.70669830701081,mse,0.00043342595931166307,False
full_day,290->151,3222,20,bezier_pgd,0.004059645987581462,mse,0.026011975455541094,False
full_day,290->151,3222,20,bezier_ipopt,,mse,,True
full_day,290->151,3222,20,bezier_nm,54.29363760899287,mse,0.3235216107870008,False
full_day,290->509,3222,20,bezier_pgd,0.0060748980031348765,mse,0.00965628480218878,False
full_day,290->509,3222,20,bezier_ipopt,,mse,,True
full_day,290->509,3222,20,bezier_nm,55.73823151900433,mse,0.2804452960492797,False
full_day,291->18,3222,20,bezier_pgd,0.0043046760256402194,mse,0.02610903388824717,False
full_day,291->18,3222,20,bezier_ipopt,21.689545769011602,mse,2.1567455629395445e-05,False
full_day,291->18,3222,20,bezier_nm,54.5091201410396,mse,0.32575725883038315,False
full_day,291->292,3222,20,bezier_pgd,0.004786612989846617,mse,0.08636750685300626,False
full_day,291->292,3222,20,bezier_ipopt,22.17276366299484,mse,1.0664242975186466e-05,False
full_day,291->292,3222,20,bezier_nm,56.78171585401287,mse,0.6164313308535277,False
full_day,292->291,3222,20,bezier_pgd,0.005900927004404366,mse,0.012044951692746551,False
full_day,292->291,3222,20,bezier_ipopt,22.056317921029404,mse,0.0001217194540356816,False
full_day,292->291,3222,20,bezier_nm,55.398115400981624,mse,0.26775586687354597,False
full_day,292->397,3222,20,bezier_pgd,0.0031322829890996218,mse,8.33787538306029e-06,False
full_day,292->397,3222,20,bezier_ipopt,12.1787703979644,mse,3.213479026705598e-06,False
full_day,292->397,3222,20,bezier_nm,84.21070052694995,mse,0.0001157221779687853,False
full_day,292->408,3222,20,bezier_pgd,0.004215527966152877,mse,7.246556357562224e-06,False
full_day,292->408,3222,20,bezier_ipopt,11.706294392992277,mse,3.689486280743167e-06,False
full_day,292->408,3222,20,bezier_nm,79.14479013899108,mse,0.0002848741544391163,False
full_day,293->322,3222,20,bezier_pgd,0.004779384995345026,mse,0.013038756121035536,False
full_day,293->322,3222,20,bezier_ipopt,,mse,,True
full_day,293->322,3222,20,bezier_nm,57.073625923949294,mse,0.30894554344468717,False
full_day,293->487,3222,20,bezier_pgd,0.0045985140022821724,mse,0.002588808524401272,False
full_day,293->487,3222,20,bezier_ipopt,24.26373310800409,mse,0.00015970963400591874,False
full_day,293->487,3222,20,bezier_nm,56.86716053501004,mse,0.18910042184824444,False
full_day,294->205,3222,20,bezier_pgd,0.009239783976227045,mse,0.006914658073371602,False
full_day,294->205,3222,20,bezier_ipopt,23.06595666904468,mse,0.0001800337527992159,False
full_day,294->205,3222,20,bezier_nm,54.25282892800169,mse,0.2689331897912492,False
full_day,294->370,3222,20,bezier_pgd,0.00486402801470831,mse,0.004141672153598093,False
full_day,294->370,3222,20,bezier_ipopt,19.30693922401406,mse,0.00015534431659581602,False
full_day,294->370,3222,20,bezier_nm,53.07910335599445,mse,0.24640064817014004,False
full_day,295->458,3222,20,bezier_pgd,0.00549017998855561,mse,0.003791583166421798,False
full_day,295->458,3222,20,bezier_ipopt,29.167397897981573,mse,0.00018044511180321523,False
full_day,295->458,3222,20,bezier_nm,58.072352631017566,mse,0.16053014947134595,False
full_day,295->459,3222,20,bezier_pgd,0.00461892900057137,mse,0.0004886192465866149,False
full_day,295->459,3222,20,bezier_ipopt,,mse,,True
full_day,295->459,3222,20,bezier_nm,57.28373746096622,mse,0.176893963186063,False
full_day,296->503,3222,20,bezier_pgd,0.0055817170068621635,mse,0.009902457033413062,False
full_day,296->503,3222,20,bezier_ipopt,,mse,,True
full_day,296->503,3222,20,bezier_nm,58.14710482803639,mse,0.2848539671230254,False
full_day,296->506,3222,20,bezier_pgd,0.004395668976940215,mse,0.0019743469611992184,False
full_day,296->506,3222,20,bezier_ipopt,26.88306584500242,mse,0.00012020507341050889,False
full_day,296->506,3222,20,bezier_nm,57.92215487599606,mse,0.19994476303904526,False
full_day,297->114,3222,20,bezier_pgd,0.003983239002991468,mse,7.672465735105765e-06,False
full_day,297->114,3222,20,bezier_ipopt,25.034968435997143,mse,4.583374668610259e-06,False
full_day,297->114,3222,20,bezier_nm,76.21512391400756,mse,0.00028773059493551447,False
full_day,297->298,3222,20,bezier_pgd,0.003212858980987221,mse,0.0003133557730231462,False
full_day,297->298,3222,20,bezier_ipopt,,mse,,True
full_day,297->298,3222,20,bezier_nm,86.32844278402627,mse,0.001119346128027085,False
full_day,297->89,3222,20,bezier_pgd,0.0030725019751116633,mse,6.945984526358007e-06,False
full_day,297->89,3222,20,bezier_ipopt,20.37742029700894,mse,2.206190253510022e-06,False
full_day,297->89,3222,20,bezier_nm,77.70782849797979,mse,0.00029989203857997456,False
full_day,298->297,3222,20,bezier_pgd,0.003979954984970391,mse,8.181187948593768e-05,False
full_day,298->297,3222,20,bezier_ipopt,21.22377140901517,mse,3.6232674797786016e-05,False
full_day,298->297,3222,20,bezier_nm,93.09151399199618,mse,0.0015906335371957839,False
full_day,298->465,3222,20,bezier_pgd,0.0054019829840399325,mse,0.0007079681584734039,False
full_day,298->465,3222,20,bezier_ipopt,31.399494926969055,mse,3.5521439992408624e-05,False
full_day,298->465,3222,20,bezier_nm,56.18137118400773,mse,0.20142365029767953,False
full_day,299->121,3222,20,bezier_pgd,0.010253277025185525,mse,0.022598022632742035,False
full_day,299->121,3222,20,bezier_ipopt,28.29308499599574,mse,0.00024805800455627864,False
full_day,299->121,3222,20,bezier_nm,56.53736436000327,mse,0.2815692294865981,False
full_day,299->319,3222,20,bezier_pgd,0.004638812970370054,mse,0.0002954286518887368,False
full_day,299->319,3222,20,bezier_ipopt,,mse,,True
full_day,299->319,3222,20,bezier_nm,59.84510216501076,mse,0.1080655353199235,False
full_day,30->251,3222,20,bezier_pgd,0.003132587007712573,mse,0.0001553613910031143,False
full_day,30->251,3222,20,bezier_ipopt,20.216528271965217,mse,0.00010661414380630839,False
full_day,30->251,3222,20,bezier_nm,82.44221533602104,mse,0.0008744683392559516,False
full_day,30->29,3222,20,bezier_pgd,0.0032223790185526013,mse,1.1653808572528917e-05,False
full_day,30->29,3222,20,bezier_ipopt,15.879325605987106,mse,4.173825599687264e-06,False
full_day,30->29,3222,20,bezier_nm,81.93910916300956,mse,0.0004416903378289992,False
full_day,300->193,3222,20,bezier_pgd,0.005853603011928499,mse,0.0004899251264945763,False
full_day,300->193,3222,20,bezier_ipopt,25.331832579977345,mse,0.00011757542380571039,False
full_day,300->193,3222,20,bezier_nm,57.503854341979604,mse,0.1984078462278181,False
full_day,300->427,3222,20,bezier_pgd,0.008171119028702378,mse,0.0012911260335611125,False
full_day,300->427,3222,20,bezier_ipopt,28.32683328195708,mse,0.0002251129771592016,False
full_day,300->427,3222,20,bezier_nm,54.81619167304598,mse,0.18857372242933249,False
full_day,301->386,3222,20,bezier_pgd,0.005217176047153771,mse,0.002011439240094666,False
full_day,301->386,3222,20,bezier_ipopt,23.82223895302741,mse,0.00010093043177409238,False
full_day,301->386,3222,20,bezier_nm,55.83082164899679,mse,0.24551074835574058,False
full_day,301->405,3222,20,bezier_pgd,0.007649834966287017,mse,0.0003423957022408417,False
full_day,301->405,3222,20,bezier_ipopt,24.554548105981667,mse,9.667219776692923e-05,False
full_day,301->405,3222,20,bezier_nm,57.817596818029415,mse,0.1298969099917178,False
full_day,302->487,3222,20,bezier_pgd,0.007600656012073159,mse,0.0037417074299705665,False
full_day,302->487,3222,20,bezier_ipopt,,mse,,True
full_day,302->487,3222,20,bezier_nm,54.40752401098143,mse,0.2249155376190357,False
full_day,302->507,3222,20,bezier_pgd,0.005618533992674202,mse,0.003239648661266902,False
full_day,302->507,3222,20,bezier_ipopt,22.842266383988317,mse,0.00012255250452411593,False
full_day,302->507,3222,20,bezier_nm,55.218478752009105,mse,0.1966264287841961,False
full_day,303->499,3222,20,bezier_pgd,0.007473353995010257,mse,0.012629675993923352,False
full_day,303->499,3222,20,bezier_ipopt,233.0696262959973,mse,0.0002084712714765015,False
full_day,303->499,3222,20,bezier_nm,48.96001553203678,mse,0.27834039067812644,False
full_day,303->514,3222,20,bezier_pgd,0.0061305399867706,mse,0.00783315960421671,False
full_day,303->514,3222,20,bezier_ipopt,36.632587370986585,mse,0.00016960609138376328,False
full_day,303->514,3222,20,bezier_nm,47.940032963990234,mse,0.2657354309364602,False
full_day,304->500,3222,20,bezier_pgd,0.006967719993554056,mse,0.01500610660815915,False
full_day,304->500,3222,20,bezier_ipopt,,mse,,True
full_day,304->500,3222,20,bezier_nm,51.62844377197325,mse,0.297532316484254,False
full_day,304->506,3222,20,bezier_pgd,0.004638903017621487,mse,0.0038489512959047397,False
full_day,304->506,3222,20,bezier_ipopt,,mse,,True
full_day,304->506,3222,20,bezier_nm,52.90089849603828,mse,0.206381577316306,False
full_day,305->329,3222,20,bezier_pgd,0.004671256989240646,mse,0.0061175448334469095,False
full_day,305->329,3222,20,bezier_ipopt,19.604643182014115,mse,0.00015900795926892768,False
full_day,305->329,3222,20,bezier_nm,48.55900463700527,mse,0.2429062403091648,False
full_day,305->517,3222,20,bezier_pgd,0.003136829996947199,mse,0.00021041024581329958,False
full_day,305->517,3222,20,bezier_ipopt,25.278224721027073,mse,0.00016901521655368227,False
full_day,305->517,3222,20,bezier_nm,78.5732960519963,mse,0.0024080140879408326,False
full_day,306->307,3222,20,bezier_pgd,0.005219206970650703,mse,0.0005878870352988846,False
full_day,306->307,3222,20,bezier_ipopt,29.079804553999566,mse,0.0001633788084676569,False
full_day,306->307,3222,20,bezier_nm,51.57090883899946,mse,0.19668092931186523,False
full_day,306->460,3222,20,bezier_pgd,0.007438168046064675,mse,0.00049705489647524,False
full_day,306->460,3222,20,bezier_ipopt,29.727663860016037,mse,0.00011332850804663044,False
full_day,306->460,3222,20,bezier_nm,50.38490078703035,mse,0.1900263759590394,False
full_day,307->166,3222,20,bezier_pgd,0.007901953009422868,mse,0.005339176554559827,False
full_day,307->166,3222,20,bezier_ipopt,43.58915850700578,mse,0.00012014745112513397,False
full_day,307->166,3222,20,bezier_nm,48.38689747703029,mse,0.2554933868645006,False
full_day,307->306,3222,20,bezier_pgd,0.004814013023860753,mse,0.0007400832288459437,False
full_day,307->306,3222,20,bezier_ipopt,,mse,,True
full_day,307->306,3222,20,bezier_nm,52.18018299998948,mse,0.1881933856649517,False
full_day,308->243,3222,20,bezier_pgd,0.004574508988298476,mse,0.0009794499802666956,False
full_day,308->243,3222,20,bezier_ipopt,19.01150557701476,mse,0.0001691404397198504,False
full_day,308->243,3222,20,bezier_nm,51.420498359017074,mse,0.06298244911649395,False
full_day,308->314,3222,20,bezier_pgd,0.004919300030451268,mse,0.0013831660530423757,False
full_day,308->314,3222,20,bezier_ipopt,,mse,,True
full_day,308->314,3222,20,bezier_nm,52.7651840900071,mse,0.1258343853568444,False
full_day,309->463,3222,20,bezier_pgd,0.005460813001263887,mse,0.011747314459273683,False
full_day,309->463,3222,20,bezier_ipopt,,mse,,True
full_day,309->463,3222,20,bezier_nm,49.98630414996296,mse,0.2883162833940034,False
full_day,309->500,3222,20,bezier_pgd,0.005078731046523899,mse,0.008008214957120806,False
full_day,309->500,3222,20,bezier_ipopt,21.855581523966976,mse,0.00012608780566848604,False
full_day,309->500,3222,20,bezier_nm,50.81292592198588,mse,0.2708201219968291,False
full_day,31->1,3222,20,bezier_pgd,0.002999667020048946,mse,1.1745686343704176e-05,False
full_day,31->1,3222,20,bezier_ipopt,11.811340265034232,mse,3.686738965503331e-06,False
full_day,31->1,3222,20,bezier_nm,74.61296824703459,mse,0.00036451592574793837,False
full_day,31->32,3222,20,bezier_pgd,0.0028471829718910158,mse,8.093980588925487e-06,False
full_day,31->32,3222,20,bezier_ipopt,13.790914895012975,mse,3.0465850267353604e-06,False
full_day,31->32,3222,20,bezier_nm,75.6414160450222,mse,0.0003402540528796549,False
full_day,310->462,3222,20,bezier_pgd,0.0052582439966499805,mse,0.006881488538553907,False
full_day,310->462,3222,20,bezier_ipopt,,mse,,True
full_day,310->462,3222,20,bezier_nm,52.78741720499238,mse,0.2766976175898775,False
full_day,310->476,3222,20,bezier_pgd,0.006719610013533384,mse,0.023621783964964588,False
full_day,310->476,3222,20,bezier_ipopt,28.890770540980157,mse,0.00016394218002506333,False
full_day,310->476,3222,20,bezier_nm,49.31492024095496,mse,0.30891845603327794,False
full_day,311->119,3222,20,bezier_pgd,0.0073491319781169295,mse,0.0029789166782469567,False
full_day,311->119,3222,20,bezier_ipopt,25.624255284958053,mse,0.0001499983369122151,False
full_day,311->119,3222,20,bezier_nm,51.03665782499593,mse,0.235516776423047,False
full_day,311->489,3222,20,bezier_pgd,0.004612151009496301,mse,0.0005553202264572736,False
full_day,311->489,3222,20,bezier_ipopt,26.73748897796031,mse,0.0001822768362064964,False
full_day,311->489,3222,20,bezier_nm,51.249835670983884,mse,0.12625119033089904,False
full_day,312->275,3222,20,bezier_pgd,0.00403939001262188,mse,0.025636783855692142,False
full_day,312->275,3222,20,bezier_ipopt,,mse,,True
full_day,312->275,3222,20,bezier_nm,52.5534394980059,mse,0.45173753489554913,False
full_day,312->313,3222,20,bezier_pgd,0.004028783005196601,mse,0.3064355173931754,False
full_day,312->313,3222,20,bezier_ipopt,17.03782767697703,mse,9.581822245162037e-06,False
full_day,312->313,3222,20,bezier_nm,49.60118641500594,mse,0.6629783095049568,False
full_day,313->312,3222,20,bezier_pgd,0.0034638509969227016,mse,0.10804302000739026,False
full_day,313->312,3222,20,bezier_ipopt,17.863883327983785,mse,9.361184275218622e-06,False
full_day,313->312,3222,20,bezier_nm,52.23693891096627,mse,0.5291511534843436,False
full_day,313->409,3222,20,bezier_pgd,0.005148580996319652,mse,0.1167211755171211,False
full_day,313->409,3222,20,bezier_ipopt,,mse,,True
full_day,313->409,3222,20,bezier_nm,51.807979787001386,mse,0.5466500674690469,False
full_day,314->308,3222,20,bezier_pgd,0.006673513969872147,mse,0.007276578364359899,False
full_day,314->308,3222,20,bezier_ipopt,24.118026404001284,mse,0.0001234487240200112,False
full_day,314->308,3222,20,bezier_nm,50.89389939903049,mse,0.27314921914992263,False
full_day,314->458,3222,20,bezier_pgd,0.005281031015329063,mse,0.0014834343724390543,False
full_day,314->458,3222,20,bezier_ipopt,27.05771853000624,mse,0.00012390636740695262,False
full_day,314->458,3222,20,bezier_nm,50.37071999604814,mse,0.2073102365942398,False
full_day,315->203,3222,20,bezier_pgd,0.004818841000087559,mse,0.01686822212443714,False
full_day,315->203,3222,20,bezier_ipopt,23.90346438199049,mse,0.0002217677695003457,False
full_day,315->203,3222,20,bezier_nm,53.90254824096337,mse,0.2681827846912531,False
full_day,315->509,3222,20,bezier_pgd,0.007481964014004916,mse,0.008830995852861028,False
full_day,315->509,3222,20,bezier_ipopt,30.85604509903351,mse,0.00015286892250989675,False
full_day,315->509,3222,20,bezier_nm,50.19891822600039,mse,0.26658465975523243,False
full_day,316->411,3222,20,bezier_pgd,0.006304954004008323,mse,0.0004576028559249786,False
full_day,316->411,3222,20,bezier_ipopt,31.14177133498015,mse,0.00016050020731425856,False
full_day,316->411,3222,20,bezier_nm,53.556208794994745,mse,0.15903225680305672,False
full_day,316->478,3222,20,bezier_pgd,0.004265980969648808,mse,0.015155777419116818,False
full_day,316->478,3222,20,bezier_ipopt,24.920234909979627,mse,0.0002747784159512309,False
full_day,316->478,3222,20,bezier_nm,49.128086193988565,mse,0.26735387672415606,False
full_day,317->318,3222,20,bezier_pgd,0.004736408998724073,mse,0.006174116021392972,False
full_day,317->318,3222,20,bezier_ipopt,,mse,,True
full_day,317->318,3222,20,bezier_nm,48.50865152198821,mse,0.28514622781110077,False
full_day,317->487,3222,20,bezier_pgd,0.004766791011206806,mse,0.0003877061621067231,False
full_day,317->487,3222,20,bezier_ipopt,19.92245281196665,mse,0.00016212512112348692,False
full_day,317->487,3222,20,bezier_nm,49.94698045699624,mse,0.18083964770800126,False
full_day,318->317,3222,20,bezier_pgd,0.0048578340210951865,mse,0.0015701129963141222,False
full_day,318->317,3222,20,bezier_ipopt,19.62149515800411,mse,0.0001422743312840852,False
full_day,318->317,3222,20,bezier_nm,53.16278828197392,mse,0.19574847890058833,False
full_day,318->336,3222,20,bezier_pgd,0.005717315012589097,mse,0.009846389933957226,False
full_day,318->336,3222,20,bezier_ipopt,19.70408347499324,mse,0.00012636714393099476,False
full_day,318->336,3222,20,bezier_nm,49.90066118404502,mse,0.27418782625274624,False
full_day,319->299,3222,20,bezier_pgd,0.0072801189962774515,mse,0.0003235061149869558,False
full_day,319->299,3222,20,bezier_ipopt,,mse,,True
full_day,319->299,3222,20,bezier_nm,53.876795856049284,mse,0.1388884388221646,False
full_day,319->355,3222,20,bezier_pgd,0.004053459037095308,mse,0.00032114691089261147,False
full_day,319->355,3222,20,bezier_ipopt,,mse,,True
full_day,319->355,3222,20,bezier_nm,52.56062744400697,mse,0.1270616280105847,False
full_day,32->31,3222,20,bezier_pgd,0.0028256060322746634,mse,1.0063058702867173e-05,False
full_day,32->31,3222,20,bezier_ipopt,13.645186917041428,mse,3.5652675011558546e-06,False
full_day,32->31,3222,20,bezier_nm,71.57708459004061,mse,0.00028724519890878776,False
full_day,32->33,3222,20,bezier_pgd,0.0027564240153878927,mse,8.663562940962349e-06,False
full_day,32->33,3222,20,bezier_ipopt,13.62370988697512,mse,4.02165306575986e-06,False
full_day,32->33,3222,20,bezier_nm,73.29296160500962,mse,0.0003013273265996699,False
full_day,320->134,3222,20,bezier_pgd,0.005525307031348348,mse,0.0029894078333159266,False
full_day,320->134,3222,20,bezier_ipopt,,mse,,True
full_day,320->134,3222,20,bezier_nm,48.22010176500771,mse,0.21661028631756973,False
full_day,320->289,3222,20,bezier_pgd,0.004423492995556444,mse,0.02064342731570337,False
full_day,320->289,3222,20,bezier_ipopt,,mse,,True
full_day,320->289,3222,20,bezier_nm,49.2744295639568,mse,0.2956521549696731,False
full_day,321->269,3222,20,bezier_pgd,0.004477383045013994,mse,0.0004073715194906764,False
full_day,321->269,3222,20,bezier_ipopt,24.609264608996455,mse,0.0001651173446188615,False
full_day,321->269,3222,20,bezier_nm,50.68706668796949,mse,0.17989599107282708,False
full_day,321->322,3222,20,bezier_pgd,0.005267169035505503,mse,0.01098834774955142,False
full_day,321->322,3222,20,bezier_ipopt,27.06946201302344,mse,0.00010249866181625656,False
full_day,321->322,3222,20,bezier_nm,50.38061387895141,mse,0.2813904376514178,False
full_day,322->293,3222,20,bezier_pgd,0.004631381016224623,mse,0.010212623108580853,False
full_day,322->293,3222,20,bezier_ipopt,,mse,,True
full_day,322->293,3222,20,bezier_nm,53.291367766971234,mse,0.2291525536896382,False
full_day,322->321,3222,20,bezier_pgd,0.004423117032274604,mse,0.00032705905674595596,False
full_day,322->321,3222,20,bezier_ipopt,21.170770002994686,mse,0.00012621301285734908,False
full_day,322->321,3222,20,bezier_nm,52.682551020989195,mse,0.09486327368509705,False
full_day,323->278,3222,20,bezier_pgd,0.004428823012858629,mse,0.008294859550699364,False
full_day,323->278,3222,20,bezier_ipopt,26.636558451980818,mse,0.0002592099691693854,False
full_day,323->278,3222,20,bezier_nm,49.91116991400486,mse,0.2541542727238712,False
full_day,323->324,3222,20,bezier_pgd,0.005015016999095678,mse,0.003256587757678469,False
full_day,323->324,3222,20,bezier_ipopt,,mse,,True
full_day,323->324,3222,20,bezier_nm,54.60656778403791,mse,0.2206282362934825,False
full_day,324->323,3222,20,bezier_pgd,0.0046827070182189345,mse,0.01888943687544699,False
full_day,324->323,3222,20,bezier_ipopt,21.82371800200781,mse,0.0002661774460371238,False
full_day,324->323,3222,20,bezier_nm,47.43229200900532,mse,0.275633676941048,False
full_day,324->455,3222,20,bezier_pgd,0.004699732002336532,mse,0.009738901639329053,False
full_day,324->455,3222,20,bezier_ipopt,21.531512750021648,mse,0.00022725410844723687,False
full_day,324->455,3222,20,bezier_nm,49.638209271011874,mse,0.2651039977382387,False
full_day,325->377,3222,20,bezier_pgd,0.00569410203024745,mse,0.009239384513159284,False
full_day,325->377,3222,20,bezier_ipopt,18.97895553498529,mse,0.00023112766011912033,False
full_day,325->377,3222,20,bezier_nm,50.071724836016074,mse,0.25579580719622974,False
full_day,325->385,3222,20,bezier_pgd,0.004246149968821555,mse,0.0015538985449477741,False
full_day,325->385,3222,20,bezier_ipopt,20.334345912968274,mse,0.00014025696639468347,False
full_day,325->385,3222,20,bezier_nm,56.21325282700127,mse,0.13353790437630264,False
full_day,326->18,3222,20,bezier_pgd,0.0038441569777205586,mse,0.062986571818694,False
full_day,326->18,3222,20,bezier_ipopt,,mse,,True
full_day,326->18,3222,20,bezier_nm,49.542527900019195,mse,0.4041161542713143,False
full_day,326->245,3222,20,bezier_pgd,0.006870521989185363,mse,0.014138039950149584,False
full_day,326->245,3222,20,bezier_ipopt,14.042956389021128,mse,4.530900513394961e-07,False
full_day,326->245,3222,20,bezier_nm,56.202799591002986,mse,0.49660124516613685,False
full_day,327->328,3222,20,bezier_pgd,0.004529230995103717,mse,0.00048387471621448477,False
full_day,327->328,3222,20,bezier_ipopt,28.412292136985343,mse,8.946783773030128e-05,False
full_day,327->328,3222,20,bezier_nm,49.34586402698187,mse,0.18177748247981373,False
full_day,327->447,3222,20,bezier_pgd,0.004680762009229511,mse,0.00045904189055952227,False
full_day,327->447,3222,20,bezier_ipopt,62.703428696026094,mse,0.00013115975918200613,False
full_day,327->447,3222,20,bezier_nm,51.506357992999256,mse,0.1309882389355894,False
full_day,328->196,3222,20,bezier_pgd,0.0049712309846654534,mse,0.003116374022734565,False
full_day,328->196,3222,20,bezier_ipopt,20.62199708801927,mse,0.00013525253686116976,False
full_day,328->196,3222,20,bezier_nm,50.56171122100204,mse,0.24186950804704235,False
full_day,328->327,3222,20,bezier_pgd,0.004472519038245082,mse,0.0031621026917045708,False
full_day,328->327,3222,20,bezier_ipopt,21.03760985401459,mse,0.00010241833744696238,False
full_day,328->327,3222,20,bezier_nm,50.751830356020946,mse,0.2183620742115211,False
full_day,329->223,3222,20,bezier_pgd,0.004260661022271961,mse,0.006606919119033634,False
full_day,329->223,3222,20,bezier_ipopt,30.40515503298957,mse,0.0002173087647793638,False
full_day,329->223,3222,20,bezier_nm,52.2644469870138,mse,0.23830981414763325,False
full_day,329->305,3222,20,bezier_pgd,0.0051890420145355165,mse,0.01348341081410239,False
full_day,329->305,3222,20,bezier_ipopt,23.775344645022415,mse,0.0003043997964143855,False
full_day,329->305,3222,20,bezier_nm,51.60555312503129,mse,0.26484759666713065,False
full_day,33->32,3222,20,bezier_pgd,0.002662607003003359,mse,8.52716666493763e-06,False
full_day,33->32,3222,20,bezier_ipopt,13.343778549984563,mse,3.6369272585765553e-06,False
full_day,33->32,3222,20,bezier_nm,68.54015613399679,mse,0.0002773338121281558,False
full_day,33->34,3222,20,bezier_pgd,0.0030498550040647388,mse,1.0184023647202309e-05,False
full_day,33->34,3222,20,bezier_ipopt,15.38112735300092,mse,2.507330718738709e-06,False
full_day,33->34,3222,20,bezier_nm,77.74654003203614,mse,0.00032274173145546334,False
full_day,330->358,3222,20,bezier_pgd,0.004817019973415881,mse,0.001421922524032701,False
full_day,330->358,3222,20,bezier_ipopt,,mse,,True
full_day,330->358,3222,20,bezier_nm,53.262796683993656,mse,0.15469380499771457,False
full_day,330->423,3222,20,bezier_pgd,0.004785561992321163,mse,0.005545760971813717,False
full_day,330->423,3222,20,bezier_ipopt,,mse,,True
full_day,330->423,3222,20,bezier_nm,53.754412111011334,mse,0.08942606119059299,False
full_day,331->425,3222,20,bezier_pgd,0.005062207987066358,mse,0.014019781296885605,False
full_day,331->425,3222,20,bezier_ipopt,,mse,,True
full_day,331->425,3222,20,bezier_nm,53.536748440004885,mse,0.2943062132245694,False
full_day,331->466,3222,20,bezier_pgd,0.005062042968347669,mse,0.003053752356444558,False
full_day,331->466,3222,20,bezier_ipopt,21.894606387999374,mse,0.00019806289287556953,False
full_day,331->466,3222,20,bezier_nm,53.85343337000813,mse,0.21508846532216913,False
full_day,332->234,3222,20,bezier_pgd,0.004097388009540737,mse,0.0658707023338752,False
full_day,332->234,3222,20,bezier_ipopt,,mse,,True
full_day,332->234,3222,20,bezier_nm,48.55321595299756,mse,0.3720080396402592,False
full_day,332->441,3222,20,bezier_pgd,0.00477976503316313,mse,0.24279939984333082,False
full_day,332->441,3222,20,bezier_ipopt,,mse,,True
full_day,332->441,3222,20,bezier_nm,48.37937046197476,mse,0.49218854858981775,False
full_day,333->176,3222,20,bezier_pgd,0.0063506499864161015,mse,0.0012051521079107922,False
full_day,333->176,3222,20,bezier_ipopt,20.636977204994764,mse,0.00022801448445694636,False
full_day,333->176,3222,20,bezier_nm,51.11952087201644,mse,0.16990377110215632,False
full_day,333->367,3222,20,bezier_pgd,0.00465155701385811,mse,0.009388051201200783,False
full_day,333->367,3222,20,bezier_ipopt,20.460054654977284,mse,0.00019756151748819603,False
full_day,333->367,3222,20,bezier_nm,50.12008595402585,mse,0.26330487178252193,False
full_day,334->385,3222,20,bezier_pgd,0.005372309999074787,mse,0.01010905293085917,False
full_day,334->385,3222,20,bezier_ipopt,29.698222454986535,mse,0.000162883452932921,False
full_day,334->385,3222,20,bezier_nm,50.60705966397654,mse,0.2754157901834933,False
full_day,334->421,3222,20,bezier_pgd,0.005772248026914895,mse,0.01226463009507091,False
full_day,334->421,3222,20,bezier_ipopt,27.731805382005405,mse,0.0002030011223701655,False
full_day,334->421,3222,20,bezier_nm,49.359311315987725,mse,0.28155816205338263,False
full_day,335->284,3222,20,bezier_pgd,0.0035514080082066357,mse,0.00044823664989479637,False
full_day,335->284,3222,20,bezier_ipopt,24.15270962897921,mse,0.00021152845931910993,False
full_day,335->284,3222,20,bezier_nm,52.35512502799975,mse,0.09608305971442008,False
full_day,335->386,3222,20,bezier_pgd,0.008759978984016925,mse,0.00392560119283848,False
full_day,335->386,3222,20,bezier_ipopt,20.735964605002664,mse,0.00013962053935797774,False
full_day,335->386,3222,20,bezier_nm,49.62801377300639,mse,0.2523486895197104,False
full_day,336->318,3222,20,bezier_pgd,0.0039657760062254965,mse,0.00044463468635709926,False
full_day,336->318,3222,20,bezier_ipopt,25.78705414698925,mse,0.00014953244826522698,False
full_day,336->318,3222,20,bezier_nm,53.57911915902514,mse,0.1336834944833091,False
full_day,336->466,3222,20,bezier_pgd,0.004545093979686499,mse,0.006873368353431751,False
full_day,336->466,3222,20,bezier_ipopt,,mse,,True
full_day,336->466,3222,20,bezier_nm,50.98717137996573,mse,0.24733504796422115,False
full_day,337->448,3222,20,bezier_pgd,0.004644942004233599,mse,0.008233147689219818,False
full_day,337->448,3222,20,bezier_ipopt,25.46434900496388,mse,8.398360145860971e-05,False
full_day,337->448,3222,20,bezier_nm,50.432493574975524,mse,0.2775287554998411,False
full_day,337->467,3222,20,bezier_pgd,0.005213869968429208,mse,0.003887799870583475,False
full_day,337->467,3222,20,bezier_ipopt,27.613122360024136,mse,0.00016144421020571916,False
full_day,337->467,3222,20,bezier_nm,46.71729412599234,mse,0.27039880558067203,False
full_day,338->288,3222,20,bezier_pgd,0.005425134964752942,mse,0.004344930287647108,False
full_day,338->288,3222,20,bezier_ipopt,,mse,,True
full_day,338->288,3222,20,bezier_nm,51.90000687702559,mse,0.25481960140119064,False
full_day,338->489,3222,20,bezier_pgd,0.005641134979669005,mse,0.014301356509417544,False
full_day,338->489,3222,20,bezier_ipopt,21.03730381600326,mse,0.00017449029560204224,False
full_day,338->489,3222,20,bezier_nm,49.2990226559923,mse,0.29028270088751496,False
full_day,339->466,3222,20,bezier_pgd,0.005370575003325939,mse,0.013332716216500165,False
full_day,339->466,3222,20,bezier_ipopt,25.496769728022628,mse,0.0001861287427222639,False
full_day,339->466,3222,20,bezier_nm,50.782140694966074,mse,0.2684657973945748,False
full_day,339->467,3222,20,bezier_pgd,0.005084386037196964,mse,0.010167008250094202,False
full_day,339->467,3222,20,bezier_ipopt,,mse,,True
full_day,339->467,3222,20,bezier_nm,52.87013105896767,mse,0.270619422870585,False
full_day,34->33,3222,20,bezier_pgd,0.0028069050167687237,mse,8.557487301046321e-06,False
full_day,34->33,3222,20,bezier_ipopt,15.146569498989265,mse,2.9871416504629245e-06,False
full_day,34->33,3222,20,bezier_nm,76.93840342503972,mse,0.0002752860090010573,False
full_day,34->35,3222,20,bezier_pgd,0.0027706039836630225,mse,7.926243314569644e-06,False
full_day,34->35,3222,20,bezier_ipopt,17.947025430970825,mse,3.3226753573859254e-06,False
full_day,34->35,3222,20,bezier_nm,72.60457632498583,mse,0.0003049322029235763,False
full_day,340->197,3222,20,bezier_pgd,0.0050250880303792655,mse,0.012013597432688101,False
full_day,340->197,3222,20,bezier_ipopt,25.71578430000227,mse,0.00025242805087902865,False
full_day,340->197,3222,20,bezier_nm,49.48218986298889,mse,0.27627902353399497,False
full_day,340->232,3222,20,bezier_pgd,0.004191900021396577,mse,0.0039656171986690684,False
full_day,340->232,3222,20,bezier_ipopt,19.72010400495492,mse,0.0003008690495791561,False
full_day,340->232,3222,20,bezier_nm,51.53678274003323,mse,0.20116383736361942,False
full_day,341->109,3222,20,bezier_pgd,0.005091761006042361,mse,0.00026970028071365143,False
full_day,341->109,3222,20,bezier_ipopt,65.05944694002392,mse,0.00022147797776670853,False
full_day,341->109,3222,20,bezier_nm,81.98740847100271,mse,0.002986010199250272,False
full_day,341->280,3222,20,bezier_pgd,0.005601279030088335,mse,0.00865105140703189,False
full_day,341->280,3222,20,bezier_ipopt,,mse,,True
full_day,341->280,3222,20,bezier_nm,48.94779824902071,mse,0.283663805688697,False
full_day,342->464,3222,20,bezier_pgd,0.008490981999784708,mse,0.014612180246243438,False
full_day,342->464,3222,20,bezier_ipopt,19.952968113997485,mse,0.00021925412289923457,False
full_day,342->464,3222,20,bezier_nm,50.46087852801429,mse,0.27197902839292787,False
full_day,342->514,3222,20,bezier_pgd,0.006869780016131699,mse,0.001239041113380549,False
full_day,342->514,3222,20,bezier_ipopt,20.31646515696775,mse,0.0001993397658990167,False
full_day,342->514,3222,20,bezier_nm,51.357663322007284,mse,0.18023149005679948,False
full_day,343->126,3222,20,bezier_pgd,0.0042101110448129475,mse,0.004964813911114797,False
full_day,343->126,3222,20,bezier_ipopt,25.860973237024155,mse,0.00012641964579639933,False
full_day,343->126,3222,20,bezier_nm,47.91462027298985,mse,0.25481264923201347,False
full_day,343->504,3222,20,bezier_pgd,0.00399110303260386,mse,0.0038697389644563825,False
full_day,343->504,3222,20,bezier_ipopt,24.065709471004084,mse,0.0001236772932586672,False
full_day,343->504,3222,20,bezier_nm,51.7434033130412,mse,0.1747848462348264,False
full_day,344->222,3222,20,bezier_pgd,0.006021975015755743,mse,0.012387345765412857,False
full_day,344->222,3222,20,bezier_ipopt,,mse,,True
full_day,344->222,3222,20,bezier_nm,49.59122434601886,mse,0.27567428868198113,False
full_day,344->522,3222,20,bezier_pgd,0.004411696980241686,mse,0.014456233414006744,False
full_day,344->522,3222,20,bezier_ipopt,,mse,,True
full_day,344->522,3222,20,bezier_nm,50.94859592500143,mse,0.2930117890419004,False
full_day,345->110,3222,20,bezier_pgd,0.002980140969157219,mse,1.4992852845315394e-05,False
full_day,345->110,3222,20,bezier_ipopt,14.390878291975241,mse,4.2976367798648815e-06,False
full_day,345->110,3222,20,bezier_nm,77.10719312197762,mse,0.0003804654007749585,False
full_day,345->242,3222,20,bezier_pgd,0.010232709988486022,mse,0.0047350917881845015,False
full_day,345->242,3222,20,bezier_ipopt,18.97012618102599,mse,7.865960462880496e-05,False
full_day,345->242,3222,20,bezier_nm,49.61981635395205,mse,0.26528711240883013,False
full_day,346->433,3222,20,bezier_pgd,0.004715351969935,mse,0.004691110009483335,False
full_day,346->433,3222,20,bezier_ipopt,,mse,,True
full_day,346->433,3222,20,bezier_nm,50.61179195402656,mse,0.2872480375926089,False
full_day,346->468,3222,20,bezier_pgd,0.00481087900698185,mse,0.01596661874127603,False
full_day,346->468,3222,20,bezier_ipopt,22.739981493039522,mse,0.00020882561334931767,False
full_day,346->468,3222,20,bezier_nm,51.06630306999432,mse,0.30118470785201656,False
full_day,347->250,3222,20,bezier_pgd,0.003559744043741375,mse,0.030200918618663697,False
full_day,347->250,3222,20,bezier_ipopt,,mse,,True
full_day,347->250,3222,20,bezier_nm,51.66610905498965,mse,0.4076873434145665,False
full_day,347->456,3222,20,bezier_pgd,0.005161578010302037,mse,0.0004562818067020951,False
full_day,347->456,3222,20,bezier_ipopt,24.32941863097949,mse,7.863583130013991e-05,False
full_day,347->456,3222,20,bezier_nm,51.17120255099144,mse,0.21256520317637578,False
full_day,348->122,3222,20,bezier_pgd,0.00471142801688984,mse,0.01286724786544778,False
full_day,348->122,3222,20,bezier_ipopt,,mse,,True
full_day,348->122,3222,20,bezier_nm,50.268891860032454,mse,0.29327163421011193,False
full_day,348->170,3222,20,bezier_pgd,0.004134093003813177,mse,0.0003899610420506598,False
full_day,348->170,3222,20,bezier_ipopt,,mse,,True
full_day,348->170,3222,20,bezier_nm,52.5983293010504,mse,0.13748231256075713,False
full_day,349->231,3222,20,bezier_pgd,0.0045831219758838415,mse,0.039463528412953155,False
full_day,349->231,3222,20,bezier_ipopt,,mse,,True
full_day,349->231,3222,20,bezier_nm,47.5739455469884,mse,0.30804611004016796,False
full_day,349->467,3222,20,bezier_pgd,0.005389738013036549,mse,0.0036523230069732382,False
full_day,349->467,3222,20,bezier_ipopt,,mse,,True
full_day,349->467,3222,20,bezier_nm,47.50932066695532,mse,0.26907661683693435,False
full_day,35->34,3222,20,bezier_pgd,0.0027724470128305256,mse,7.403611696532025e-06,False
full_day,35->34,3222,20,bezier_ipopt,11.97513501503272,mse,3.313184974650077e-06,False
full_day,35->34,3222,20,bezier_nm,72.96155924798222,mse,0.000302831151460562,False
full_day,35->397,3222,20,bezier_pgd,0.002957435033749789,mse,6.781913470237324e-06,False
full_day,35->397,3222,20,bezier_ipopt,12.005639148992486,mse,4.230609257192102e-06,False
full_day,35->397,3222,20,bezier_nm,77.51960306300316,mse,0.00017191433512663974,False
full_day,350->481,3222,20,bezier_pgd,0.004845143004786223,mse,0.0016208267273410892,False
full_day,350->481,3222,20,bezier_ipopt,21.18840447399998,mse,0.000202765603222778,False
full_day,350->481,3222,20,bezier_nm,49.389210289984476,mse,0.198133019873928,False
full_day,350->517,3222,20,bezier_pgd,0.0034151390427723527,mse,0.00021263102033198853,False
full_day,350->517,3222,20,bezier_ipopt,27.647604050987866,mse,0.00017340612922185202,False
full_day,350->517,3222,20,bezier_nm,80.53802249103319,mse,0.002094955410300671,False
full_day,351->273,3222,20,bezier_pgd,0.005661328963469714,mse,0.009421267011166945,False
full_day,351->273,3222,20,bezier_ipopt,,mse,,True
full_day,351->273,3222,20,bezier_nm,53.540836234984454,mse,0.26888962352177925,False
full_day,351->377,3222,20,bezier_pgd,0.004024373018182814,mse,0.00029206535463919745,False
full_day,351->377,3222,20,bezier_ipopt,19.54185951303225,mse,0.00011104757218438728,False
full_day,351->377,3222,20,bezier_nm,52.05421474395553,mse,0.10751702229231595,False
full_day,352->255,3222,20,bezier_pgd,0.004329659976065159,mse,0.001844992587552044,False
full_day,352->255,3222,20,bezier_ipopt,22.00300253002206,mse,0.00012830932707054744,False
full_day,352->255,3222,20,bezier_nm,51.53134531097021,mse,0.19188181470858764,False
full_day,352->444,3222,20,bezier_pgd,0.004568615055177361,mse,0.006696785793337125,False
full_day,352->444,3222,20,bezier_ipopt,23.71754266502103,mse,0.0001252042041464975,False
full_day,352->444,3222,20,bezier_nm,49.59026359801646,mse,0.2557803670381624,False
full_day,353->115,3222,20,bezier_pgd,0.007073007989674807,mse,0.0006399690323549889,False
full_day,353->115,3222,20,bezier_ipopt,26.514037928020116,mse,0.00018745569729101272,False
full_day,353->115,3222,20,bezier_nm,51.19394565199036,mse,0.15840214546185546,False
full_day,353->369,3222,20,bezier_pgd,0.007769823016133159,mse,0.0005914374534682917,False
full_day,353->369,3222,20,bezier_ipopt,27.344630586972926,mse,0.0002038765021307068,False
full_day,353->369,3222,20,bezier_nm,50.972514758002944,mse,0.17785794187695259,False
full_day,354->410,3222,20,bezier_pgd,0.0054814660106785595,mse,0.00538282746320882,False
full_day,354->410,3222,20,bezier_ipopt,,mse,,True
full_day,354->410,3222,20,bezier_nm,50.59166716202162,mse,0.2516983103394188,False
full_day,354->522,3222,20,bezier_pgd,0.004895245947409421,mse,0.0013590881153118192,False
full_day,354->522,3222,20,bezier_ipopt,20.70372353598941,mse,0.00013949550763441644,False
full_day,354->522,3222,20,bezier_nm,51.8310471100267,mse,0.2359170212140346,False
full_day,355->319,3222,20,bezier_pgd,0.004626536974683404,mse,0.00029352374790273813,False
full_day,355->319,3222,20,bezier_ipopt,18.872583072981797,mse,0.0001339138014794446,False
full_day,355->319,3222,20,bezier_nm,51.39735422900412,mse,0.16663381266702543,False
full_day,355->396,3222,20,bezier_pgd,0.005803879990708083,mse,0.01566633407676969,False
full_day,355->396,3222,20,bezier_ipopt,19.47630602499703,mse,0.0001611078572837163,False
full_day,355->396,3222,20,bezier_nm,45.92176198895322,mse,0.278109165868092,False
full_day,356->287,3222,20,bezier_pgd,0.00429967197123915,mse,0.015920861948444928,False
full_day,356->287,3222,20,bezier_ipopt,19.161188122991007,mse,0.00040288604611907615,False
full_day,356->287,3222,20,bezier_nm,42.09492870402755,mse,0.27439377281965965,False
full_day,356->373,3222,20,bezier_pgd,0.004237079992890358,mse,0.004607616374971192,False
full_day,356->373,3222,20,bezier_ipopt,20.980410836986266,mse,0.00021596035271118956,False
full_day,356->373,3222,20,bezier_nm,42.615675928012934,mse,0.22081119961181986,False
full_day,357->128,3222,20,bezier_pgd,0.0037055250140838325,mse,0.04638384298315545,False
full_day,357->128,3222,20,bezier_ipopt,,mse,,True
full_day,357->128,3222,20,bezier_nm,41.88116224796977,mse,0.3669166392894265,False
full_day,357->454,3222,20,bezier_pgd,0.005042814998887479,mse,0.011436508773378581,False
full_day,357->454,3222,20,bezier_ipopt,16.73175010603154,mse,0.00011202672448268114,False
full_day,357->454,3222,20,bezier_nm,42.20486153103411,mse,0.2763378532001118,False
full_day,358->208,3222,20,bezier_pgd,0.003928419959265739,mse,0.0012124386700604881,False
full_day,358->208,3222,20,bezier_ipopt,30.41768288402818,mse,0.00044637137894868535,False
full_day,358->208,3222,20,bezier_nm,44.107758304977324,mse,0.12660029023382136,False
full_day,358->330,3222,20,bezier_pgd,0.003323146956972778,mse,0.033001212403741195,False
full_day,358->330,3222,20,bezier_ipopt,,mse,,True
full_day,358->330,3222,20,bezier_nm,49.236717140011024,mse,0.1418119489688732,False
full_day,359->463,3222,20,bezier_pgd,0.004732654022518545,mse,0.007866978537447977,False
full_day,359->463,3222,20,bezier_ipopt,21.599268433987163,mse,0.00011648186288145566,False
full_day,359->463,3222,20,bezier_nm,41.2923107239767,mse,0.25882505230979047,False
full_day,359->480,3222,20,bezier_pgd,0.0048683639615774155,mse,0.008652220630918913,False
full_day,359->480,3222,20,bezier_ipopt,,mse,,True
full_day,359->480,3222,20,bezier_nm,43.353426182002295,mse,0.2725030016058548,False
full_day,36->37,3222,20,bezier_pgd,0.0026270420057699084,mse,5.52616077689171e-06,False
full_day,36->37,3222,20,bezier_ipopt,11.054223649960477,mse,3.5242537876385193e-06,False
full_day,36->37,3222,20,bezier_nm,62.214506948017515,mse,0.00019764047584720865,False
full_day,36->408,3222,20,bezier_pgd,0.002962663013022393,mse,1.4851379467826394e-05,False
full_day,36->408,3222,20,bezier_ipopt,10.640941268997267,mse,5.3902855761606085e-06,False
full_day,36->408,3222,20,bezier_nm,74.38719915796537,mse,0.00039601697691032137,False
full_day,360->405,3222,20,bezier_pgd,0.005465222988277674,mse,0.005623843950466183,False
full_day,360->405,3222,20,bezier_ipopt,22.331055844959337,mse,0.00011498355971291654,False
full_day,360->405,3222,20,bezier_nm,42.98879157501506,mse,0.2749470297385364,False
full_day,360->499,3222,20,bezier_pgd,0.004914792953059077,mse,0.001486778862803161,False
full_day,360->499,3222,20,bezier_ipopt,18.899176883976907,mse,8.63687173121205e-05,False
full_day,360->499,3222,20,bezier_nm,43.65754738403484,mse,0.2124708003306409,False
full_day,361->389,3222,20,bezier_pgd,0.004770391038618982,mse,0.0005793483098190899,False
full_day,361->389,3222,20,bezier_ipopt,17.546199803997297,mse,0.0001533933376859859,False
full_day,361->389,3222,20,bezier_nm,43.04781470395392,mse,0.1859419547816336,False
full_day,361->411,3222,20,bezier_pgd,0.00698217295575887,mse,0.012275532908449247,False
full_day,361->411,3222,20,bezier_ipopt,18.02741463802522,mse,0.00017928207120117203,False
full_day,361->411,3222,20,bezier_nm,42.51149452000391,mse,0.2713458008177609,False
full_day,362->465,3222,20,bezier_pgd,0.005479576997458935,mse,0.004367184289479351,False
full_day,362->465,3222,20,bezier_ipopt,18.827646293968428,mse,9.9843581582988e-05,False
full_day,362->465,3222,20,bezier_nm,42.36343957600184,mse,0.2690337968440067,False
full_day,362->499,3222,20,bezier_pgd,0.005531998991500586,mse,0.008467117111977816,False
full_day,362->499,3222,20,bezier_ipopt,20.336421115032863,mse,0.00011866064387927449,False
full_day,362->499,3222,20,bezier_nm,43.758876459964085,mse,0.2722664764464025,False
full_day,363->486,3222,20,bezier_pgd,0.004598686995450407,mse,0.013849047841646023,False
full_day,363->486,3222,20,bezier_ipopt,20.04428198497044,mse,0.00016836445546513138,False
full_day,363->486,3222,20,bezier_nm,44.3417408040259,mse,0.273688188086947,False
full_day,363->512,3222,20,bezier_pgd,0.004559183027595282,mse,0.005096468950514481,False
full_day,363->512,3222,20,bezier_ipopt,22.427844983001705,mse,0.00015682234226329695,False
full_day,363->512,3222,20,bezier_nm,41.69370553200133,mse,0.2526071693115411,False
full_day,364->22,3222,20,bezier_pgd,0.00378984899725765,mse,0.09182822981542323,False
full_day,364->22,3222,20,bezier_ipopt,,mse,,True
full_day,364->22,3222,20,bezier_nm,46.89564789895667,mse,0.3939533547094267,False
full_day,364->276,3222,20,bezier_pgd,0.0043514349963516,mse,0.16653915958804033,False
full_day,364->276,3222,20,bezier_ipopt,,mse,,True
full_day,364->276,3222,20,bezier_nm,45.503967300988734,mse,0.460118959055997,False
full_day,364->392,3222,20,bezier_pgd,0.004735507012810558,mse,0.005410949558556424,False
full_day,364->392,3222,20,bezier_ipopt,,mse,,True
full_day,364->392,3222,20,bezier_nm,49.718377022014465,mse,0.22837235398176473,False
full_day,365->383,3222,20,bezier_pgd,0.006597366009373218,mse,0.008647976011845339,False
full_day,365->383,3222,20,bezier_ipopt,28.970174646994565,mse,0.0001326715671159807,False
full_day,365->383,3222,20,bezier_nm,46.88903481402667,mse,0.24617230913434981,False
full_day,365->513,3222,20,bezier_pgd,0.005432496953289956,mse,0.0115510404363869,False
full_day,365->513,3222,20,bezier_ipopt,20.765829954005312,mse,0.00016284495100538166,False
full_day,365->513,3222,20,bezier_nm,48.11621098703472,mse,0.2701928991399177,False
full_day,366->490,3222,20,bezier_pgd,0.004923509026411921,mse,0.0002630156770767235,False
full_day,366->490,3222,20,bezier_ipopt,28.948368293989915,mse,0.00011262358639103375,False
full_day,366->490,3222,20,bezier_nm,50.172718755027745,mse,0.11460585664094286,False
full_day,366->514,3222,20,bezier_pgd,0.005236071010585874,mse,0.008821473811075235,False
full_day,366->514,3222,20,bezier_ipopt,21.23946677998174,mse,0.0001859797490527941,False
full_day,366->514,3222,20,bezier_nm,47.16239324200433,mse,0.26716090279348886,False
full_day,367->333,3222,20,bezier_pgd,0.004447441024240106,mse,0.004323362846629902,False
full_day,367->333,3222,20,bezier_ipopt,20.96325282298494,mse,0.00025227409414807077,False
full_day,367->333,3222,20,bezier_nm,53.10592868697131,mse,0.2118725655420106,False
full_day,367->502,3222,20,bezier_pgd,0.005940905015449971,mse,0.011905215777333934,False
full_day,367->502,3222,20,bezier_ipopt,21.816841664956883,mse,0.00022908274832246587,False
full_day,367->502,3222,20,bezier_nm,48.39420774002792,mse,0.2660948832531768,False
full_day,368->433,3222,20,bezier_pgd,0.006437547970563173,mse,0.010242516529702839,False
full_day,368->433,3222,20,bezier_ipopt,26.755298984993715,mse,0.00013636384947915832,False
full_day,368->433,3222,20,bezier_nm,46.85559574398212,mse,0.2858677095216224,False
full_day,368->462,3222,20,bezier_pgd,0.007573498005513102,mse,0.01423328241059238,False
full_day,368->462,3222,20,bezier_ipopt,31.19222450698726,mse,0.00015593544132056855,False
full_day,368->462,3222,20,bezier_nm,47.02374945196789,mse,0.2848060490408048,False
full_day,369->353,3222,20,bezier_pgd,0.006002645997796208,mse,0.015972910913089874,False
full_day,369->353,3222,20,bezier_ipopt,17.802790121990256,mse,0.0002750901412134491,False
full_day,369->353,3222,20,bezier_nm,45.70051663601771,mse,0.2842263729001016,False
full_day,369->498,3222,20,bezier_pgd,0.0046080489992164075,mse,0.000883231563898327,False
full_day,369->498,3222,20,bezier_ipopt,,mse,,True
full_day,369->498,3222,20,bezier_nm,49.991529160004575,mse,0.16868896181561024,False
full_day,37->36,3222,20,bezier_pgd,0.0036465019802562892,mse,1.4593912843324246e-05,False
full_day,37->36,3222,20,bezier_ipopt,12.445183092029765,mse,3.2237037874493866e-06,False
full_day,37->36,3222,20,bezier_nm,71.90790262102382,mse,0.00038574987821338337,False
full_day,37->38,3222,20,bezier_pgd,0.004046374990139157,mse,9.23594726394401e-06,False
full_day,37->38,3222,20,bezier_ipopt,23.855577344016638,mse,2.8867472409970146e-06,False
full_day,37->38,3222,20,bezier_nm,69.0932399139856,mse,0.0002959660398988716,False
full_day,370->294,3222,20,bezier_pgd,0.005296073970384896,mse,0.016578493139494867,False
full_day,370->294,3222,20,bezier_ipopt,23.238209990027826,mse,0.00024150160141230467,False
full_day,370->294,3222,20,bezier_nm,42.95104791299673,mse,0.2792556613370755,False
full_day,370->371,3222,20,bezier_pgd,0.0066366479732096195,mse,0.02107134718548369,False
full_day,370->371,3222,20,bezier_ipopt,21.766773709037807,mse,0.00023036475373787435,False
full_day,370->371,3222,20,bezier_nm,44.23106486600591,mse,0.2826135566964426,False
full_day,371->370,3222,20,bezier_pgd,0.004132400033995509,mse,0.0003334219034089597,False
full_day,371->370,3222,20,bezier_ipopt,18.93594616203336,mse,0.00015546641330030418,False
full_day,371->370,3222,20,bezier_nm,45.59340683900518,mse,0.1033241666346979,False
full_day,371->494,3222,20,bezier_pgd,0.00518046400975436,mse,0.010784678526959312,False
full_day,371->494,3222,20,bezier_ipopt,20.246342639031354,mse,0.00020677583440213796,False
full_day,371->494,3222,20,bezier_nm,43.077674334985204,mse,0.27507596173831106,False
full_day,372->14,3222,20,bezier_pgd,0.002920470025856048,mse,1.978997027869479e-05,False
full_day,372->14,3222,20,bezier_ipopt,15.056653741979972,mse,6.6320250248154855e-06,False
full_day,372->14,3222,20,bezier_nm,68.82485540997004,mse,0.00031474950679636314,False
full_day,372->442,3222,20,bezier_pgd,0.004155492992140353,mse,0.006782530399396922,False
full_day,372->442,3222,20,bezier_ipopt,,mse,,True
full_day,372->442,3222,20,bezier_nm,42.80582127702655,mse,0.28837291831183115,False
full_day,372->515,3222,20,bezier_pgd,0.002907994028646499,mse,8.28743694991285e-06,False
full_day,372->515,3222,20,bezier_ipopt,13.567443368025124,mse,2.9507933803116678e-06,False
full_day,372->515,3222,20,bezier_nm,67.69458618800854,mse,8.519908650521676e-05,False
full_day,373->180,3222,20,bezier_pgd,0.0064688799902796745,mse,0.002615416606490235,False
full_day,373->180,3222,20,bezier_ipopt,20.937489272968378,mse,0.00023837189457339501,False
full_day,373->180,3222,20,bezier_nm,42.90821096702712,mse,0.22226320532586002,False
full_day,373->356,3222,20,bezier_pgd,0.004221263981889933,mse,0.003393312255186738,False
full_day,373->356,3222,20,bezier_ipopt,18.926294625969604,mse,0.00026944922508568875,False
full_day,373->356,3222,20,bezier_nm,42.201515788037796,mse,0.24146829166125858,False
full_day,374->139,3222,20,bezier_pgd,0.004512934014201164,mse,0.02241201835028345,False
full_day,374->139,3222,20,bezier_ipopt,24.419793279026635,mse,7.668898782531026e-05,False
full_day,374->139,3222,20,bezier_nm,43.61228066001786,mse,0.293875778687539,False
full_day,374->454,3222,20,bezier_pgd,0.004824567004106939,mse,0.016152239406929975,False
full_day,374->454,3222,20,bezier_ipopt,22.3461660919711,mse,0.00015134328576918438,False
full_day,374->454,3222,20,bezier_nm,41.69639340497088,mse,0.30265792512745976,False
full_day,375->271,3222,20,bezier_pgd,0.004356520017609,mse,0.2807242383454692,False
full_day,375->271,3222,20,bezier_ipopt,,mse,,True
full_day,375->271,3222,20,bezier_nm,41.23779447103152,mse,0.5792326534691914,False
full_day,375->426,3222,20,bezier_pgd,0.0032548130257055163,mse,0.26979853510131946,False
full_day,375->426,3222,20,bezier_ipopt,13.92248510097852,mse,2.026535274301544e-06,False
full_day,375->426,3222,20,bezier_nm,41.86455565301003,mse,0.7456166870313142,False
full_day,376->221,3222,20,bezier_pgd,0.004239838977809995,mse,0.03430418213432937,False
full_day,376->221,3222,20,bezier_ipopt,,mse,,True
full_day,376->221,3222,20,bezier_nm,42.5132924389909,mse,0.3099911290284106,False
full_day,376->420,3222,20,bezier_pgd,0.004019742016680539,mse,0.0004102467198741768,False
full_day,376->420,3222,20,bezier_ipopt,,mse,,True
full_day,376->420,3222,20,bezier_nm,47.21125546697294,mse,0.12743238527477538,False
full_day,377->325,3222,20,bezier_pgd,0.005145782022736967,mse,0.014356308479075756,False
full_day,377->325,3222,20,bezier_ipopt,19.67411456000991,mse,0.00022423488136342958,False
full_day,377->325,3222,20,bezier_nm,44.74855792301241,mse,0.27105850009378646,False
full_day,377->351,3222,20,bezier_pgd,0.004661478043999523,mse,0.00211009661918521,False
full_day,377->351,3222,20,bezier_ipopt,25.34459206101019,mse,0.00015456648435181795,False
full_day,377->351,3222,20,bezier_nm,44.297814657969866,mse,0.18339799777423232,False
full_day,378->233,3222,20,bezier_pgd,0.004922716005239636,mse,0.001274943029944387,False
full_day,378->233,3222,20,bezier_ipopt,21.189697224006522,mse,0.00019777746194680568,False
full_day,378->233,3222,20,bezier_nm,45.51487182703568,mse,0.16001626156627718,False
full_day,378->464,3222,20,bezier_pgd,0.005420232017058879,mse,0.012301958071955972,False
full_day,378->464,3222,20,bezier_ipopt,26.432145433034748,mse,0.00017578617281577407,False
full_day,378->464,3222,20,bezier_nm,43.50974838103866,mse,0.28031221071648726,False
full_day,379->398,3222,20,bezier_pgd,0.005121162044815719,mse,0.010078713802622997,False
full_day,379->398,3222,20,bezier_ipopt,17.29527403699467,mse,0.0001797402381909495,False
full_day,379->398,3222,20,bezier_nm,43.903241391002666,mse,0.2764676704405961,False
full_day,379->502,3222,20,bezier_pgd,0.00470560701796785,mse,0.007992482707588547,False
full_day,379->502,3222,20,bezier_ipopt,,mse,,True
full_day,379->502,3222,20,bezier_nm,44.28713354701176,mse,0.2660755004880102,False
full_day,38->37,3222,20,bezier_pgd,0.0029911150340922177,mse,8.443269200099163e-06,False
full_day,38->37,3222,20,bezier_ipopt,18.00661703501828,mse,3.250414366355317e-06,False
full_day,38->37,3222,20,bezier_nm,64.70429458899889,mse,0.0002725038099888584,False
full_day,38->39,3222,20,bezier_pgd,0.0047600080142728984,mse,0.008458002455416797,False
full_day,38->39,3222,20,bezier_ipopt,18.761570444970857,mse,7.771242613511557e-06,False
full_day,38->39,3222,20,bezier_nm,44.3142145369784,mse,0.34888602846536637,False
full_day,380->381,3222,20,bezier_pgd,0.0058587020030245185,mse,0.006465844908669992,False
full_day,380->381,3222,20,bezier_ipopt,,mse,,True
full_day,380->381,3222,20,bezier_nm,47.44991004699841,mse,0.274243597529632,False
full_day,380->400,3222,20,bezier_pgd,0.004946797038428485,mse,0.014884134778841469,False
full_day,380->400,3222,20,bezier_ipopt,,mse,,True
full_day,380->400,3222,20,bezier_nm,45.42891606898047,mse,0.29978751594595465,False
full_day,381->283,3222,20,bezier_pgd,0.004746802966110408,mse,0.0015850626850292065,False
full_day,381->283,3222,20,bezier_ipopt,,mse,,True
full_day,381->283,3222,20,bezier_nm,48.04558552801609,mse,0.14618637691914957,False
full_day,381->380,3222,20,bezier_pgd,0.003222086001187563,mse,0.00010428073617719815,False
full_day,381->380,3222,20,bezier_ipopt,,mse,,True
full_day,381->380,3222,20,bezier_nm,72.18593847204465,mse,0.0006423770801554482,False
full_day,382->501,3222,20,bezier_pgd,0.004426255996804684,mse,0.0005973617975363191,False
full_day,382->501,3222,20,bezier_ipopt,31.117604756960645,mse,0.0003051257537183402,False
full_day,382->501,3222,20,bezier_nm,47.195260972948745,mse,0.1325629658414595,False
full_day,382->512,3222,20,bezier_pgd,0.00493408995680511,mse,0.0030260428356112977,False
full_day,382->512,3222,20,bezier_ipopt,20.14102722099051,mse,7.801994005230116e-05,False
full_day,382->512,3222,20,bezier_nm,44.43143511400558,mse,0.25258907908855266,False
full_day,383->144,3222,20,bezier_pgd,0.0043485459755174816,mse,0.006031657753939573,False
full_day,383->144,3222,20,bezier_ipopt,19.886715912958607,mse,0.00018401991597667,False
full_day,383->144,3222,20,bezier_nm,44.51775511098094,mse,0.22081272646577813,False
full_day,383->365,3222,20,bezier_pgd,0.0026333960122428834,mse,0.00021429522623098347,False
full_day,383->365,3222,20,bezier_ipopt,23.750828701013234,mse,0.00014258802377995145,False
full_day,383->365,3222,20,bezier_nm,66.81995576497866,mse,0.0010401218199717305,False
full_day,384->200,3222,20,bezier_pgd,0.00333964399760589,mse,0.042282694398419154,False
full_day,384->200,3222,20,bezier_ipopt,,mse,,True
full_day,384->200,3222,20,bezier_nm,43.0306990770041,mse,0.4479848087482554,False
full_day,384->259,3222,20,bezier_pgd,0.005244300002232194,mse,0.015074707165756668,False
full_day,384->259,3222,20,bezier_ipopt,18.321887196041644,mse,0.00011412704821266487,False
full_day,384->259,3222,20,bezier_nm,42.57908292103093,mse,0.28020414117674497,False
full_day,385->178,3222,20,bezier_pgd,0.004333525022957474,mse,0.0007782346722051267,False
full_day,385->178,3222,20,bezier_ipopt,38.89837926195469,mse,0.0002204001206394432,False
full_day,385->178,3222,20,bezier_nm,47.0062769340002,mse,0.14609964393929434,False
full_day,385->325,3222,20,bezier_pgd,0.005759726976975799,mse,0.022069992604428417,False
full_day,385->325,3222,20,bezier_ipopt,19.963915486994665,mse,0.00023892311663065244,False
full_day,385->325,3222,20,bezier_nm,45.84727569203824,mse,0.2797413440899271,False
full_day,385->334,3222,20,bezier_pgd,0.005334306042641401,mse,0.019350039888752123,False
full_day,385->334,3222,20,bezier_ipopt,,mse,,True
full_day,385->334,3222,20,bezier_nm,44.34456733602565,mse,0.2859951445635881,False
full_day,386->301,3222,20,bezier_pgd,0.004908005998004228,mse,0.0005739615824267517,False
full_day,386->301,3222,20,bezier_ipopt,20.479204956034664,mse,0.00011157393459857007,False
full_day,386->301,3222,20,bezier_nm,43.22973840899067,mse,0.1342252958906833,False
full_day,386->335,3222,20,bezier_pgd,0.004587440984323621,mse,0.0015003066454760147,False
full_day,386->335,3222,20,bezier_ipopt,17.527692225005012,mse,0.00013210260932829725,False
full_day,386->335,3222,20,bezier_nm,43.245686817972455,mse,0.18763427355056753,False
full_day,387->12,3222,20,bezier_pgd,0.004211118968669325,mse,0.004751000506120918,False
full_day,387->12,3222,20,bezier_ipopt,31.35163533501327,mse,0.00021327869867456055,False
full_day,387->12,3222,20,bezier_nm,42.56054785399465,mse,0.24440486226467462,False
full_day,387->452,3222,20,bezier_pgd,0.004340477986261249,mse,0.004197238318687956,False
full_day,387->452,3222,20,bezier_ipopt,17.01650404598331,mse,0.00012231351770094706,False
full_day,387->452,3222,20,bezier_nm,44.85328409197973,mse,0.2411927668917431,False
full_day,387->475,3222,20,bezier_pgd,0.005241859005764127,mse,0.0016194606396619591,False
full_day,387->475,3222,20,bezier_ipopt,,mse,,True
full_day,387->475,3222,20,bezier_nm,47.34528009395581,mse,0.14835044826025184,False
full_day,388->268,3222,20,bezier_pgd,0.004935709002893418,mse,0.0034330240869854954,False
full_day,388->268,3222,20,bezier_ipopt,,mse,,True
full_day,388->268,3222,20,bezier_nm,43.60110025195172,mse,0.2484182840258415,False
full_day,388->389,3222,20,bezier_pgd,0.00720900297164917,mse,0.007696484320510481,False
full_day,388->389,3222,20,bezier_ipopt,27.02195235900581,mse,0.00014298993142821632,False
full_day,388->389,3222,20,bezier_nm,45.133522447024006,mse,0.26103574718050265,False
full_day,389->197,3222,20,bezier_pgd,0.0041718060383573174,mse,0.0003789046112236887,False
full_day,389->197,3222,20,bezier_ipopt,20.593207960017025,mse,0.00014766609947805166,False
full_day,389->197,3222,20,bezier_nm,46.1565834620269,mse,0.16607613431197724,False
full_day,389->361,3222,20,bezier_pgd,0.004243338014930487,mse,0.000801190124718156,False
full_day,389->361,3222,20,bezier_ipopt,16.425820094009396,mse,0.0001888064175358575,False
full_day,389->361,3222,20,bezier_nm,44.9341460079886,mse,0.17217148924663817,False
full_day,389->388,3222,20,bezier_pgd,0.004763837030623108,mse,0.00034974997189610613,False
full_day,389->388,3222,20,bezier_ipopt,15.98065136699006,mse,0.00013103360320121114,False
full_day,389->388,3222,20,bezier_nm,44.68944734201068,mse,0.0936652095320713,False
full_day,39->26,3222,20,bezier_pgd,0.0027662990032695234,mse,0.0001490279864502723,False
full_day,39->26,3222,20,bezier_ipopt,46.279609919001814,mse,8.074716435071528e-05,False
full_day,39->26,3222,20,bezier_nm,70.39033861196367,mse,0.000544137185745784,False
full_day,39->38,3222,20,bezier_pgd,0.003850731998682022,mse,2.168946517444394e-05,False
full_day,39->38,3222,20,bezier_ipopt,11.205029218981508,mse,3.5584625587257436e-06,False
full_day,39->38,3222,20,bezier_nm,69.08627166796941,mse,0.0005393859069473643,False
full_day,390->157,3222,20,bezier_pgd,0.003999532025773078,mse,0.0034960257549243447,False
full_day,390->157,3222,20,bezier_ipopt,24.608344182022847,mse,0.00019365960439106118,False
full_day,390->157,3222,20,bezier_nm,44.380724682006985,mse,0.1877655556613638,False
full_day,390->182,3222,20,bezier_pgd,0.0055249869474209845,mse,0.007207580625588453,False
full_day,390->182,3222,20,bezier_ipopt,,mse,,True
full_day,390->182,3222,20,bezier_nm,43.14167839096626,mse,0.2800971480856177,False
full_day,390->208,3222,20,bezier_pgd,0.011200916022062302,mse,0.8189682205671095,False
full_day,390->208,3222,20,bezier_ipopt,,mse,,True
full_day,390->208,3222,20,bezier_nm,34.74666837998666,mse,0.8428309181487559,False
full_day,391->156,3222,20,bezier_pgd,0.0038978199590928853,mse,0.005171029573516745,False
full_day,391->156,3222,20,bezier_ipopt,,mse,,True
full_day,391->156,3222,20,bezier_nm,45.575606127036735,mse,0.10850049664268596,False
full_day,391->478,3222,20,bezier_pgd,0.005353543034289032,mse,0.009647186087171819,False
full_day,391->478,3222,20,bezier_ipopt,,mse,,True
full_day,391->478,3222,20,bezier_nm,43.65988790499978,mse,0.2691025655536609,False
full_day,392->372,3222,20,bezier_pgd,0.003044538025278598,mse,1.2742843187873145e-05,False
full_day,392->372,3222,20,bezier_ipopt,34.89461843599565,mse,2.7588072981163274e-06,False
full_day,392->372,3222,20,bezier_nm,64.15115351998247,mse,0.00041037337601292453,False
full_day,392->437,3222,20,bezier_pgd,0.003757136990316212,mse,0.0004961754692741589,False
full_day,392->437,3222,20,bezier_ipopt,,mse,,True
full_day,392->437,3222,20,bezier_nm,44.490004925988615,mse,0.08648841151560306,False
full_day,392->518,3222,20,bezier_pgd,0.004415172035805881,mse,0.001667238819158661,False
full_day,392->518,3222,20,bezier_ipopt,,mse,,True
full_day,392->518,3222,20,bezier_nm,43.80116061802255,mse,0.18484118930614912,False
full_day,393->446,3222,20,bezier_pgd,0.004389579000417143,mse,0.0003786270147553247,False
full_day,393->446,3222,20,bezier_ipopt,19.17560803401284,mse,0.00010290097933855588,False
full_day,393->446,3222,20,bezier_nm,43.744733575033024,mse,0.1324435785420559,False
full_day,393->471,3222,20,bezier_pgd,0.004290513985324651,mse,0.014596328266067535,False
full_day,393->471,3222,20,bezier_ipopt,21.058380007976666,mse,0.00018911938996197324,False
full_day,393->471,3222,20,bezier_nm,42.30171964399051,mse,0.27493514689521065,False
full_day,394->179,3222,20,bezier_pgd,0.004425097955390811,mse,0.0038874110014782653,False
full_day,394->179,3222,20,bezier_ipopt,,mse,,True
full_day,394->179,3222,20,bezier_nm,43.4740033679991,mse,0.28312533260831607,False
full_day,394->493,3222,20,bezier_pgd,0.004150045046117157,mse,0.013506827535793077,False
full_day,394->493,3222,20,bezier_ipopt,,mse,,True
full_day,394->493,3222,20,bezier_nm,42.44026469398523,mse,0.2984700553128264,False
full_day,395->459,3222,20,bezier_pgd,0.0048862730036489666,mse,0.0013157439661832305,False
full_day,395->459,3222,20,bezier_ipopt,17.472688576031942,mse,0.00014233392197188184,False
full_day,395->459,3222,20,bezier_nm,43.20829268801026,mse,0.17984837974388124,False
full_day,395->503,3222,20,bezier_pgd,0.004185610974673182,mse,0.006150126290642644,False
full_day,395->503,3222,20,bezier_ipopt,22.089455315028317,mse,0.00019747166642642778,False
full_day,395->503,3222,20,bezier_nm,42.96366719400976,mse,0.23715872755341547,False
full_day,396->355,3222,20,bezier_pgd,0.005143111979123205,mse,0.00714365641283735,False
full_day,396->355,3222,20,bezier_ipopt,56.60312168300152,mse,0.00012479764277128667,False
full_day,396->355,3222,20,bezier_nm,42.980642798007466,mse,0.25479567214536475,False
full_day,396->422,3222,20,bezier_pgd,0.004408459994010627,mse,0.0034931976907566975,False
full_day,396->422,3222,20,bezier_ipopt,,mse,,True
full_day,396->422,3222,20,bezier_nm,45.87252095597796,mse,0.21360499962793467,False
full_day,397->167,3222,20,bezier_pgd,0.00486233300762251,mse,0.018692880432544374,False
full_day,397->167,3222,20,bezier_ipopt,,mse,,True
full_day,397->167,3222,20,bezier_nm,50.43879407498753,mse,0.01963752587247343,False
full_day,397->292,3222,20,bezier_pgd,0.0027944049797952175,mse,1.1865179864305493e-05,False
full_day,397->292,3222,20,bezier_ipopt,9.884374186978675,mse,3.923268956740961e-06,False
full_day,397->292,3222,20,bezier_nm,66.12447323295055,mse,0.00015877582020077088,False
full_day,397->35,3222,20,bezier_pgd,0.002784199023153633,mse,1.1029589043982775e-05,False
full_day,397->35,3222,20,bezier_ipopt,19.42795791698154,mse,3.328472215536447e-06,False
full_day,397->35,3222,20,bezier_nm,61.45975446200464,mse,0.0004052365661090566,False
full_day,398->155,3222,20,bezier_pgd,0.004942305036820471,mse,0.0045083956629775115,False
full_day,398->155,3222,20,bezier_ipopt,,mse,,True
full_day,398->155,3222,20,bezier_nm,44.60798315698048,mse,0.1977240869819631,False
full_day,398->379,3222,20,bezier_pgd,0.00486494495999068,mse,0.0087120811617973,False
full_day,398->379,3222,20,bezier_ipopt,23.884978842979763,mse,0.0001600608118835627,False
full_day,398->379,3222,20,bezier_nm,41.97806787898298,mse,0.2724530759908809,False
full_day,399->141,3222,20,bezier_pgd,0.004764512006659061,mse,0.010292363883831961,False
full_day,399->141,3222,20,bezier_ipopt,18.557764286000747,mse,0.00019583010233106804,False
full_day,399->141,3222,20,bezier_nm,42.27238722098991,mse,0.2598237340085519,False
full_day,399->427,3222,20,bezier_pgd,0.005743305024225265,mse,0.007240232443883926,False
full_day,399->427,3222,20,bezier_ipopt,,mse,,True
full_day,399->427,3222,20,bezier_nm,44.224240455951076,mse,0.2688392051548941,False
full_day,4->454,3222,20,bezier_pgd,0.0026914520421996713,mse,1.1173598091540208e-05,False
full_day,4->454,3222,20,bezier_ipopt,11.696755570010282,mse,2.6136866699015174e-06,False
full_day,4->454,3222,20,bezier_nm,60.643242624006234,mse,0.000330402268130562,False
full_day,40->447,6444,20,bezier_pgd,0.004808512981981039,mse,8.339313305636285e-06,False
full_day,40->447,6444,20,bezier_ipopt,23.28070085600484,mse,4.284305970392997e-06,False
full_day,40->447,6444,20,bezier_nm,122.64142972696573,mse,0.00039240704479842403,False
full_day,400->380,3222,20,bezier_pgd,0.004008885007351637,mse,0.011796566758170129,False
full_day,400->380,3222,20,bezier_ipopt,,mse,,True
full_day,400->380,3222,20,bezier_nm,45.21711028798018,mse,0.1823504922058836,False
full_day,400->521,3222,20,bezier_pgd,0.0057810929720290005,mse,0.002629255840558289,False
full_day,400->521,3222,20,bezier_ipopt,20.145462821004912,mse,4.017580531377755e-05,False
full_day,400->521,3222,20,bezier_nm,42.62991159199737,mse,0.20609698936939938,False
full_day,401->402,3222,20,bezier_pgd,0.0037703760317526758,mse,0.00038879010839228877,False
full_day,401->402,3222,20,bezier_ipopt,25.601655845995992,mse,0.00017709314518459863,False
full_day,401->402,3222,20,bezier_nm,43.69842922600219,mse,0.08431510037047979,False
full_day,401->416,3222,20,bezier_pgd,0.004806160053703934,mse,0.009836772937791475,False
full_day,401->416,3222,20,bezier_ipopt,16.91500952700153,mse,0.00018465376833098898,False
full_day,401->416,3222,20,bezier_nm,41.56914696301101,mse,0.25875838018984404,False
full_day,402->401,3222,20,bezier_pgd,0.0043630680302158,mse,0.002199845602843411,False
full_day,402->401,3222,20,bezier_ipopt,,mse,,True
full_day,402->401,3222,20,bezier_nm,41.211143027001526,mse,0.2304626580383022,False
full_day,402->463,3222,20,bezier_pgd,0.004910640011075884,mse,0.0017732538812139395,False
full_day,402->463,3222,20,bezier_ipopt,,mse,,True
full_day,402->463,3222,20,bezier_nm,44.39716307801427,mse,0.21729708274367984,False
full_day,403->486,3222,20,bezier_pgd,0.004361010040156543,mse,0.014185427251692077,False
full_day,403->486,3222,20,bezier_ipopt,19.22954768600175,mse,0.000331164395400723,False
full_day,403->486,3222,20,bezier_nm,42.123943441023584,mse,0.2708572070241349,False
full_day,403->529,3222,20,bezier_pgd,0.004570315999444574,mse,0.017072506711936036,False
full_day,403->529,3222,20,bezier_ipopt,,mse,,True
full_day,403->529,3222,20,bezier_nm,42.87348418799229,mse,0.2865780754738558,False
full_day,404->462,3222,20,bezier_pgd,0.005293109978083521,mse,0.018715875811685826,False
full_day,404->462,3222,20,bezier_ipopt,16.823800100013614,mse,0.00024015108588477035,False
full_day,404->462,3222,20,bezier_nm,41.939739055000246,mse,0.2952129221420323,False
full_day,404->507,3222,20,bezier_pgd,0.005232398980297148,mse,0.009508841447161104,False
full_day,404->507,3222,20,bezier_ipopt,24.018742740969174,mse,0.0001958893432380319,False
full_day,404->507,3222,20,bezier_nm,43.771137807983905,mse,0.27787921518117564,False
full_day,405->161,3222,20,bezier_pgd,0.003958899003919214,mse,0.0022492209939540104,False
full_day,405->161,3222,20,bezier_ipopt,19.293820114980917,mse,0.0002490692697071585,False
full_day,405->161,3222,20,bezier_nm,45.43846785800997,mse,0.1824680617295002,False
full_day,405->301,3222,20,bezier_pgd,0.003074066014960408,mse,0.00020418456312225919,False
full_day,405->301,3222,20,bezier_ipopt,19.194223265978508,mse,0.00014416909864854404,False
full_day,405->301,3222,20,bezier_nm,69.0980759219965,mse,0.0022960013738266326,False
full_day,405->360,3222,20,bezier_pgd,0.004161618009675294,mse,0.015851351637901034,False
full_day,405->360,3222,20,bezier_ipopt,,mse,,True
full_day,405->360,3222,20,bezier_nm,42.80411617603386,mse,0.2980514161548256,False
full_day,406->500,3222,20,bezier_pgd,0.004242038994561881,mse,0.004066841382181858,False
full_day,406->500,3222,20,bezier_ipopt,24.43532361398684,mse,0.000190088557261225,False
full_day,406->500,3222,20,bezier_nm,42.352530497009866,mse,0.22657342029570354,False
full_day,406->512,3222,20,bezier_pgd,0.004417372983880341,mse,0.001373658055846176,False
full_day,406->512,3222,20,bezier_ipopt,17.82031001802534,mse,0.00016959495255946185,False
full_day,406->512,3222,20,bezier_nm,42.010591088968795,mse,0.22314523966656813,False
full_day,407->505,3222,20,bezier_pgd,0.005139645014423877,mse,0.003244826902246265,False
full_day,407->505,3222,20,bezier_ipopt,,mse,,True
full_day,407->505,3222,20,bezier_nm,42.519673558999784,mse,0.2602035196951911,False
full_day,407->511,3222,20,bezier_pgd,0.005382718984037638,mse,0.009534584474339282,False
full_day,407->511,3222,20,bezier_ipopt,18.097851845028345,mse,0.00019426109163089958,False
full_day,407->511,3222,20,bezier_nm,43.174337382020894,mse,0.2603208454325278,False
full_day,407->532,3222,20,bezier_pgd,0.00563687999965623,mse,0.01452590066882908,False
full_day,407->532,3222,20,bezier_ipopt,20.458128357015084,mse,0.00021693503015982009,False
full_day,407->532,3222,20,bezier_nm,41.90770170104224,mse,0.2758807220689632,False
full_day,408->292,3222,20,bezier_pgd,0.002798546978738159,mse,1.3011318370994328e-05,False
full_day,408->292,3222,20,bezier_ipopt,13.555010435986333,mse,3.889283251912067e-06,False
full_day,408->292,3222,20,bezier_nm,60.23158520599827,mse,0.00035392629227581066,False
full_day,408->36,3222,20,bezier_pgd,0.003149107040371746,mse,0.0001644608492933855,False
full_day,408->36,3222,20,bezier_ipopt,,mse,,True
full_day,408->36,3222,20,bezier_nm,69.21549174096435,mse,0.0015299678220064236,False
full_day,408->91,3222,20,bezier_pgd,0.0027317770291119814,mse,9.960133856183022e-06,False
full_day,408->91,3222,20,bezier_ipopt,25.096201108011883,mse,3.846833410151676e-06,False
full_day,408->91,3222,20,bezier_nm,61.407059519027825,mse,0.0003826196308739247,False
full_day,409->313,3222,20,bezier_pgd,0.005717157036997378,mse,0.29543702714969544,False
full_day,409->313,3222,20,bezier_ipopt,20.826090054993983,mse,5.4252115293245527e-05,False
full_day,409->313,3222,20,bezier_nm,39.80975825700443,mse,0.49200318764292644,False
full_day,409->418,3222,20,bezier_pgd,0.0038862439687363803,mse,0.1945604577279511,False
full_day,409->418,3222,20,bezier_ipopt,,mse,,True
full_day,409->418,3222,20,bezier_nm,42.78629166196333,mse,0.5098768960619161,False
full_day,41->112,6444,20,bezier_pgd,0.004819652996957302,mse,9.141176698516172e-06,False
full_day,41->112,6444,20,bezier_ipopt,30.68392398901051,mse,3.3796992056546718e-06,False
full_day,41->112,6444,20,bezier_nm,138.05145924299723,mse,0.00016417202257872998,False
full_day,410->198,3222,20,bezier_pgd,0.005430010030977428,mse,0.012509993997435808,False
full_day,410->198,3222,20,bezier_ipopt,17.808012943016365,mse,0.00018636418319426925,False
full_day,410->198,3222,20,bezier_nm,43.4349827929982,mse,0.2813921781126075,False
full_day,410->354,3222,20,bezier_pgd,0.004478735034354031,mse,0.007013295095179846,False
full_day,410->354,3222,20,bezier_ipopt,,mse,,True
full_day,410->354,3222,20,bezier_nm,43.815648084972054,mse,0.22408839416836707,False
full_day,411->316,3222,20,bezier_pgd,0.004040902014821768,mse,0.0022794480967705437,False
full_day,411->316,3222,20,bezier_ipopt,18.99381849396741,mse,0.0002673783524036741,False
full_day,411->316,3222,20,bezier_nm,44.672133335028775,mse,0.17811419510713405,False
full_day,411->361,3222,20,bezier_pgd,0.005669426987878978,mse,0.018528355886739907,False
full_day,411->361,3222,20,bezier_ipopt,27.148681649006903,mse,0.00034490715888896024,False
full_day,411->361,3222,20,bezier_nm,43.05181494599674,mse,0.2891949702103713,False
full_day,412->419,3222,20,bezier_pgd,0.004059044003952295,mse,0.001120417474629278,False
full_day,412->419,3222,20,bezier_ipopt,,mse,,True
full_day,412->419,3222,20,bezier_nm,47.13172406895319,mse,0.09374116318684915,False
full_day,412->529,3222,20,bezier_pgd,0.004373805015347898,mse,0.009421139725809519,False
full_day,412->529,3222,20,bezier_ipopt,18.72105808800552,mse,0.000236397264590801,False
full_day,412->529,3222,20,bezier_nm,42.36551955505274,mse,0.261362872542471,False
full_day,412->533,6444,20,bezier_pgd,0.005814700969494879,mse,0.00020789089713351083,False
full_day,412->533,6444,20,bezier_ipopt,43.89004887198098,mse,0.00016318909437824296,False
full_day,412->533,6444,20,bezier_nm,136.74325064901495,mse,0.0019968859427895824,False
full_day,413->414,3222,20,bezier_pgd,0.0043455109698697925,mse,0.01131374263823267,False
full_day,413->414,3222,20,bezier_ipopt,,mse,,True
full_day,413->414,3222,20,bezier_nm,43.059124659979716,mse,0.2943721971720175,False
full_day,413->493,6444,20,bezier_pgd,0.00722547696204856,mse,0.012812048321167927,False
full_day,413->493,6444,20,bezier_ipopt,,mse,,True
full_day,413->493,6444,20,bezier_nm,85.96854327101028,mse,0.29764589811605996,False
full_day,414->413,3222,20,bezier_pgd,0.00435082899639383,mse,0.01464019706005592,False
full_day,414->413,3222,20,bezier_ipopt,41.86899589700624,mse,0.00017231621376560756,False
full_day,414->413,3222,20,bezier_nm,41.38691330997972,mse,0.3037552418829923,False
full_day,414->450,3222,20,bezier_pgd,0.004518478992395103,mse,0.009423389761803265,False
full_day,414->450,3222,20,bezier_ipopt,,mse,,True
full_day,414->450,3222,20,bezier_nm,42.85628375405213,mse,0.2876899822831585,False
full_day,415->122,3222,20,bezier_pgd,0.004858475993387401,mse,0.007388636752958788,False
full_day,415->122,3222,20,bezier_ipopt,107.42624025500845,mse,0.00021316749806298785,False
full_day,415->122,3222,20,bezier_nm,42.089612937008496,mse,0.2571335997051702,False
full_day,415->143,3222,20,bezier_pgd,0.004233131010551006,mse,0.0003982965867301534,False
full_day,415->143,3222,20,bezier_ipopt,20.717696242034435,mse,0.0002268992811900302,False
full_day,415->143,3222,20,bezier_nm,45.060848470951896,mse,0.12851598424193963,False
full_day,415->146,3222,20,bezier_pgd,0.00522580201504752,mse,0.00801319347881909,False
full_day,415->146,3222,20,bezier_ipopt,19.577038794988766,mse,0.00016143915571510293,False
full_day,415->146,3222,20,bezier_nm,42.28513567504706,mse,0.23272452136662605,False
full_day,416->401,3222,20,bezier_pgd,0.00431827298598364,mse,0.003398449667478907,False
full_day,416->401,3222,20,bezier_ipopt,,mse,,True
full_day,416->401,3222,20,bezier_nm,42.38336513994727,mse,0.25120045321152634,False
full_day,416->474,3222,20,bezier_pgd,0.004389734996948391,mse,0.0011001467122116004,False
full_day,416->474,3222,20,bezier_ipopt,23.20116392802447,mse,0.00018656418372173204,False
full_day,416->474,3222,20,bezier_nm,44.10225899104262,mse,0.20451408215789138,False
full_day,417->229,3222,20,bezier_pgd,0.0034025220084004104,mse,0.02136118747218737,False
full_day,417->229,3222,20,bezier_ipopt,,mse,,True
full_day,417->229,3222,20,bezier_nm,44.20836517598946,mse,0.3840054489488114,False
full_day,417->430,3222,20,bezier_pgd,0.0049712019972503185,mse,0.1654729713638421,False
full_day,417->430,3222,20,bezier_ipopt,,mse,,True
full_day,417->430,3222,20,bezier_nm,42.79980312398402,mse,0.3673486928061998,False
full_day,417->451,3222,20,bezier_pgd,0.0030856759985908866,mse,9.796596851209985e-06,False
full_day,417->451,3222,20,bezier_ipopt,12.19048898696201,mse,2.234572651980946e-06,False
full_day,417->451,3222,20,bezier_nm,63.538637477962766,mse,0.00043644566852453454,False
full_day,418->409,3222,20,bezier_pgd,0.005438758991658688,mse,0.335964110046753,False
full_day,418->409,3222,20,bezier_ipopt,110.45057083701249,mse,0.4150833794927963,False
full_day,418->409,3222,20,bezier_nm,42.31057284696726,mse,0.5574869345635384,False
full_day,418->430,3222,20,bezier_pgd,0.0037653070176020265,mse,0.20737979054048958,False
full_day,418->430,3222,20,bezier_ipopt,14.983817353029735,mse,3.899223572603658e-05,False
full_day,418->430,3222,20,bezier_nm,42.75500139099313,mse,0.5726139347118059,False
full_day,419->412,3222,20,bezier_pgd,0.0042279710178263485,mse,0.0010231488832638134,False
full_day,419->412,3222,20,bezier_ipopt,19.00554139201995,mse,1.8367846762325193e-05,False
full_day,419->412,3222,20,bezier_nm,44.68491518800147,mse,0.12773438514443566,False
full_day,419->529,3222,20,bezier_pgd,0.003824851999524981,mse,0.0047908360265033435,False
full_day,419->529,3222,20,bezier_ipopt,,mse,,True
full_day,419->529,3222,20,bezier_nm,49.2794775509974,mse,0.5223637906136123,False
full_day,42->112,3222,20,bezier_pgd,0.002906887966673821,mse,9.290170263742667e-06,False
full_day,42->112,3222,20,bezier_ipopt,12.674497119965963,mse,3.116144473903965e-06,False
full_day,42->112,3222,20,bezier_nm,65.23539427097421,mse,8.473576739689532e-05,False
full_day,42->43,3222,20,bezier_pgd,0.0027280180365778506,mse,1.0996752609188008e-05,False
full_day,42->43,3222,20,bezier_ipopt,13.363741969980765,mse,2.881798974668952e-06,False
full_day,42->43,3222,20,bezier_nm,60.92088359303307,mse,0.0003520895953581718,False
full_day,420->192,3222,20,bezier_pgd,0.0045234550489112735,mse,0.0032555176715078223,False
full_day,420->192,3222,20,bezier_ipopt,19.690385381982196,mse,0.00023892364768590801,False
full_day,420->192,3222,20,bezier_nm,44.836387582006864,mse,0.1894166688959404,False
full_day,420->199,3222,20,bezier_pgd,0.004025951027870178,mse,0.0004421474664909135,False
full_day,420->199,3222,20,bezier_ipopt,22.92966195504414,mse,0.00011394772681321856,False
full_day,420->199,3222,20,bezier_nm,44.874376764986664,mse,0.12287330178559651,False
full_day,420->376,3222,20,bezier_pgd,0.004455619025975466,mse,0.01831380400508516,False
full_day,420->376,3222,20,bezier_ipopt,,mse,,True
full_day,420->376,3222,20,bezier_nm,42.84403627301799,mse,0.30627459396652673,False
full_day,421->264,3222,20,bezier_pgd,0.007698671019170433,mse,0.01596277752118552,False
full_day,421->264,3222,20,bezier_ipopt,,mse,,True
full_day,421->264,3222,20,bezier_nm,42.84620263695251,mse,0.2824805184991456,False
full_day,421->334,3222,20,bezier_pgd,0.004347481008153409,mse,0.0006328544049131878,False
full_day,421->334,3222,20,bezier_ipopt,22.163731648004614,mse,0.00015707062552791274,False
full_day,421->334,3222,20,bezier_nm,44.99713434599107,mse,0.13927680918330373,False
full_day,422->138,3222,20,bezier_pgd,0.004328814975451678,mse,0.00033547962853893804,False
full_day,422->138,3222,20,bezier_ipopt,,mse,,True
full_day,422->138,3222,20,bezier_nm,45.93013615801465,mse,0.13946698339199598,False
full_day,422->396,3222,20,bezier_pgd,0.0052557000308297575,mse,0.015897561341644745,False
full_day,422->396,3222,20,bezier_ipopt,24.749036812980194,mse,0.00021715730728542843,False
full_day,422->396,3222,20,bezier_nm,43.419567741046194,mse,0.2873003913346385,False
full_day,422->449,3222,20,bezier_pgd,0.002956540964078158,mse,2.096427241360049e-05,False
full_day,422->449,3222,20,bezier_ipopt,13.186184357036836,mse,7.715030194000025e-06,False
full_day,422->449,3222,20,bezier_nm,66.1989528319682,mse,0.0005689980538115559,False
full_day,423->116,3222,20,bezier_pgd,0.005783515051007271,mse,0.019839309162835807,False
full_day,423->116,3222,20,bezier_ipopt,16.68354934704257,mse,0.000271435588126244,False
full_day,423->116,3222,20,bezier_nm,42.5893856069888,mse,0.28505232272302927,False
full_day,423->121,3222,20,bezier_pgd,0.005048179998993874,mse,0.01951989446225623,False
full_day,423->121,3222,20,bezier_ipopt,18.968567734002136,mse,0.0002197255687450979,False
full_day,423->121,3222,20,bezier_nm,41.32498016097816,mse,0.29091900552867944,False
full_day,423->330,3222,20,bezier_pgd,0.006090534036047757,mse,0.00029846709207951015,False
full_day,423->330,3222,20,bezier_ipopt,20.61195966397645,mse,0.00012291957672977871,False
full_day,423->330,3222,20,bezier_nm,79.95203789003426,mse,0.001602752367246454,False
full_day,424->504,3222,20,bezier_pgd,0.0038888909621164203,mse,0.0016209871710236381,False
full_day,424->504,3222,20,bezier_ipopt,23.46754352399148,mse,0.00010709787086685214,False
full_day,424->504,3222,20,bezier_nm,44.60721009597182,mse,0.1689812691362302,False
full_day,424->507,3222,20,bezier_pgd,0.004595736972987652,mse,0.012193683028143163,False
full_day,424->507,3222,20,bezier_ipopt,19.014815962000284,mse,9.18792262123205e-05,False
full_day,424->507,3222,20,bezier_nm,42.31003990600584,mse,0.2704368672847152,False
full_day,425->289,3222,20,bezier_pgd,0.005158676009159535,mse,0.0007016063732108275,False
full_day,425->289,3222,20,bezier_ipopt,19.323066419980023,mse,0.00013926035185033128,False
full_day,425->289,3222,20,bezier_nm,45.456116480985656,mse,0.12574624341880622,False
full_day,425->331,3222,20,bezier_pgd,0.0045448989840224385,mse,0.008822667660993062,False
full_day,425->331,3222,20,bezier_ipopt,,mse,,True
full_day,425->331,3222,20,bezier_nm,43.3248668119777,mse,0.2493408550551022,False
full_day,425->93,3222,20,bezier_pgd,0.002799685054924339,mse,8.086081521264725e-06,False
full_day,425->93,3222,20,bezier_ipopt,14.781198151002172,mse,2.618895009423191e-06,False
full_day,425->93,3222,20,bezier_nm,60.33208931598347,mse,0.0002662217087929382,False
full_day,426->217,3222,20,bezier_pgd,0.005728730000555515,mse,0.5588047728794086,False
full_day,426->217,3222,20,bezier_ipopt,22.85542749398155,mse,5.7723402680813e-06,False
full_day,426->217,3222,20,bezier_nm,41.14873236598214,mse,0.7644918636900477,False
full_day,426->375,3222,20,bezier_pgd,0.004392041999381036,mse,0.10240464851009376,False
full_day,426->375,3222,20,bezier_ipopt,,mse,,True
full_day,426->375,3222,20,bezier_nm,43.02038848702796,mse,0.3709841777437059,False
full_day,426->429,3222,20,bezier_pgd,0.005106177006382495,mse,0.007457656743558756,False
full_day,426->429,3222,20,bezier_ipopt,,mse,,True
full_day,426->429,3222,20,bezier_nm,43.33756573102437,mse,0.22185238333204174,False
full_day,427->165,3222,20,bezier_pgd,0.004054677963722497,mse,0.0005334922281090639,False
full_day,427->165,3222,20,bezier_ipopt,36.304143582994584,mse,0.00013098892226274606,False
full_day,427->165,3222,20,bezier_nm,45.24465374700958,mse,0.12216231549477115,False
full_day,427->300,3222,20,bezier_pgd,0.005441199988126755,mse,0.011724538619971279,False
full_day,427->300,3222,20,bezier_ipopt,21.605176698998548,mse,0.00019141890875478424,False
full_day,427->300,3222,20,bezier_nm,42.9173541199998,mse,0.2688171361526254,False
full_day,427->399,3222,20,bezier_pgd,0.004574107006192207,mse,0.003704817650272054,False
full_day,427->399,3222,20,bezier_ipopt,23.567162469029427,mse,0.0002194334515322807,False
full_day,427->399,3222,20,bezier_nm,43.93805516598513,mse,0.21682575963103284,False
full_day,428->442,3222,20,bezier_pgd,0.004891757038421929,mse,0.014800459559904439,False
full_day,428->442,3222,20,bezier_ipopt,,mse,,True
full_day,428->442,3222,20,bezier_nm,43.51714707998326,mse,0.29511635542067427,False
full_day,428->508,3222,20,bezier_pgd,0.0028860809979960322,mse,1.5531132501337987e-05,False
full_day,428->508,3222,20,bezier_ipopt,17.775131972972304,mse,2.8792490312452118e-06,False
full_day,428->508,3222,20,bezier_nm,63.728461609978694,mse,0.000312046946841346,False
full_day,428->76,3222,20,bezier_pgd,0.005187443981412798,mse,0.01115773618537724,False
full_day,428->76,3222,20,bezier_ipopt,,mse,,True
full_day,428->76,3222,20,bezier_nm,44.028144042997155,mse,0.2725220469047372,False
full_day,429->125,3222,20,bezier_pgd,0.005240395024884492,mse,0.014971379567909159,False
full_day,429->125,3222,20,bezier_ipopt,16.041688741010148,mse,0.0002772517752400544,False
full_day,429->125,3222,20,bezier_nm,44.379249749996234,mse,0.27544298041707405,False
full_day,429->181,3222,20,bezier_pgd,0.002670314977876842,mse,9.295575175678653e-06,False
full_day,429->181,3222,20,bezier_ipopt,11.203262827009894,mse,2.822351068846151e-06,False
full_day,429->181,3222,20,bezier_nm,59.343155378999654,mse,0.00031955582161716505,False
full_day,429->426,3222,20,bezier_pgd,0.004144667997024953,mse,0.0028122392837592355,False
full_day,429->426,3222,20,bezier_ipopt,20.76384883496212,mse,0.00019372689388742049,False
full_day,429->426,3222,20,bezier_nm,44.378501458035316,mse,0.23061929176921003,False
full_day,43->42,3222,20,bezier_pgd,0.00498216605046764,mse,0.0008489182404916279,False
full_day,43->42,3222,20,bezier_ipopt,,mse,,True
full_day,43->42,3222,20,bezier_nm,44.646215451008175,mse,0.13855365919951346,False
full_day,43->480,3222,20,bezier_pgd,0.0028949189581908286,mse,1.1488394358839269e-05,False
full_day,43->480,3222,20,bezier_ipopt,12.619536971964408,mse,2.9488450769737475e-06,False
full_day,43->480,3222,20,bezier_nm,64.51529507397208,mse,0.0005381611710997664,False
full_day,430->417,3222,20,bezier_pgd,0.004719975986517966,mse,0.09933285859805936,False
full_day,430->417,3222,20,bezier_ipopt,,mse,,True
full_day,430->417,3222,20,bezier_nm,42.33643476100406,mse,0.3149196709765295,False
full_day,430->418,3222,20,bezier_pgd,0.003583717974834144,mse,0.18137915318681375,False
full_day,430->418,3222,20,bezier_ipopt,18.666366455028765,mse,3.494071480344483e-05,False
full_day,430->418,3222,20,bezier_nm,42.74305808899226,mse,0.5751710754872232,False
full_day,430->77,3222,20,bezier_pgd,0.0027708859997801483,mse,9.801597978463563e-06,False
full_day,430->77,3222,20,bezier_ipopt,13.32494990399573,mse,3.4164317609670093e-06,False
full_day,430->77,3222,20,bezier_nm,65.04948253300972,mse,8.63803181258193e-05,False
full_day,431->455,3222,20,bezier_pgd,0.003413590951822698,mse,0.13644830963116972,False
full_day,431->455,3222,20,bezier_ipopt,,mse,,True
full_day,431->455,3222,20,bezier_nm,42.315031880978495,mse,0.5359627977404341,False
full_day,431->496,3222,20,bezier_pgd,0.004549520032014698,mse,0.010121812722435092,False
full_day,431->496,3222,20,bezier_ipopt,21.832780078984797,mse,0.00017541689105467903,False
full_day,431->496,3222,20,bezier_nm,42.39767298701918,mse,0.26479003962584957,False
full_day,431->497,3222,20,bezier_pgd,0.0050698500126600266,mse,0.0005408788182240279,False
full_day,431->497,3222,20,bezier_ipopt,22.910131444979925,mse,0.00014420807019025942,False
full_day,431->497,3222,20,bezier_nm,43.706721127964556,mse,0.20112850168942656,False
full_day,432->24,3222,20,bezier_pgd,0.004469709005206823,mse,0.0030661832816394016,False
full_day,432->24,3222,20,bezier_ipopt,16.615080413001124,mse,0.0001359828317982804,False
full_day,432->24,3222,20,bezier_nm,42.452019472955726,mse,0.22830338442513087,False
full_day,432->436,3222,20,bezier_pgd,0.006325026974081993,mse,0.0005293430297834954,False
full_day,432->436,3222,20,bezier_ipopt,,mse,,True
full_day,432->436,3222,20,bezier_nm,43.0961791559821,mse,0.2421668170095518,False
full_day,432->438,3222,20,bezier_pgd,0.006303797010332346,mse,0.0059840971265546165,False
full_day,432->438,3222,20,bezier_ipopt,20.443603880994488,mse,8.846699339540069e-05,False
full_day,432->438,3222,20,bezier_nm,42.70708398905117,mse,0.2658032234140957,False
full_day,433->182,3222,20,bezier_pgd,0.003644921991508454,mse,0.00018254842524732343,False
full_day,433->182,3222,20,bezier_ipopt,,mse,,True
full_day,433->182,3222,20,bezier_nm,66.83446828799788,mse,0.0022215573776082037,False
full_day,433->346,3222,20,bezier_pgd,0.004559835011605173,mse,0.014875094055325845,False
full_day,433->346,3222,20,bezier_ipopt,,mse,,True
full_day,433->346,3222,20,bezier_nm,42.48104561801301,mse,0.2975478416983822,False
full_day,433->368,3222,20,bezier_pgd,0.004171337001025677,mse,0.011153348764191454,False
full_day,433->368,3222,20,bezier_ipopt,15.714843823981937,mse,0.00016242367404909806,False
full_day,433->368,3222,20,bezier_nm,41.83660386502743,mse,0.2989252276287785,False
full_day,434->154,3222,20,bezier_pgd,0.004121588950511068,mse,0.003217207365065312,False
full_day,434->154,3222,20,bezier_ipopt,19.390849876974244,mse,0.00030653005734054286,False
full_day,434->154,3222,20,bezier_nm,43.814285814005416,mse,0.20716578296457228,False
full_day,434->262,3222,20,bezier_pgd,0.0047001870116218925,mse,0.0112814540898685,False
full_day,434->262,3222,20,bezier_ipopt,30.36396024900023,mse,0.00019648043616914777,False
full_day,434->262,3222,20,bezier_nm,42.0755527470028,mse,0.2711376902715962,False
full_day,434->40,6444,20,bezier_pgd,0.0047409829567186534,mse,8.441818401292101e-06,False
full_day,434->40,6444,20,bezier_ipopt,23.60989373701159,mse,1.840548952046178e-06,False
full_day,434->40,6444,20,bezier_nm,123.46782563900342,mse,0.00032498091640991957,False
full_day,435->10,3222,20,bezier_pgd,0.004239126050379127,mse,0.005682780985777078,False
full_day,435->10,3222,20,bezier_ipopt,19.225067515973933,mse,0.00016233591522559068,False
full_day,435->10,3222,20,bezier_nm,42.43815951095894,mse,0.23227544344541853,False
full_day,435->21,3222,20,bezier_pgd,0.003926719014998525,mse,0.002836407917385417,False
full_day,435->21,3222,20,bezier_ipopt,16.376997733023018,mse,0.000285081445932179,False
full_day,435->21,3222,20,bezier_nm,43.93888265400892,mse,0.20380422128429257,False
full_day,435->23,3222,20,bezier_pgd,0.004166748956777155,mse,0.0037339210839790124,False
full_day,435->23,3222,20,bezier_ipopt,34.73041344800731,mse,0.00016923577076459706,False
full_day,435->23,3222,20,bezier_nm,42.755098171008285,mse,0.24521993398139322,False
full_day,435->537,3222,20,bezier_pgd,0.004055779019836336,mse,0.008372547675421373,False
full_day,435->537,3222,20,bezier_ipopt,17.59394686698215,mse,9.311089582620986e-05,False
full_day,435->537,3222,20,bezier_nm,42.36208736000117,mse,0.23740758997288894,False
full_day,436->432,3222,20,bezier_pgd,0.004823810013476759,mse,0.00024989861157191797,False
full_day,436->432,3222,20,bezier_ipopt,19.16140577098122,mse,8.095229075776578e-05,False
full_day,436->432,3222,20,bezier_nm,43.859488262969535,mse,0.122675878055107,False
full_day,436->452,3222,20,bezier_pgd,0.002824896015226841,mse,9.684614056638995e-06,False
full_day,436->452,3222,20,bezier_ipopt,12.171615813975222,mse,4.15388521321288e-06,False
full_day,436->452,3222,20,bezier_nm,61.960491575999185,mse,0.00028972599715517826,False
full_day,436->475,3222,20,bezier_pgd,0.005270260968245566,mse,0.0007313118743990009,False
full_day,436->475,3222,20,bezier_ipopt,,mse,,True
full_day,436->475,3222,20,bezier_nm,43.22643597400747,mse,0.22146499326436916,False
full_day,437->22,3222,20,bezier_pgd,0.005004238977562636,mse,0.0048683793281602715,False
full_day,437->22,3222,20,bezier_ipopt,,mse,,True
full_day,437->22,3222,20,bezier_nm,43.81979453499662,mse,0.23863045403868036,False
full_day,437->392,3222,20,bezier_pgd,0.004013257042970508,mse,0.0005766681571347989,False
full_day,437->392,3222,20,bezier_ipopt,,mse,,True
full_day,437->392,3222,20,bezier_nm,44.23587191599654,mse,0.09659219602362672,False
full_day,437->525,3222,20,bezier_pgd,0.005760804051533341,mse,0.023028185393342497,False
full_day,437->525,3222,20,bezier_ipopt,,mse,,True
full_day,437->525,3222,20,bezier_nm,45.64608835300896,mse,0.2825314243208431,False
full_day,437->536,3222,20,bezier_pgd,0.004219644004479051,mse,0.0004961754692741633,False
full_day,437->536,3222,20,bezier_ipopt,42.49470530601684,mse,0.0001192232176810713,False
full_day,437->536,3222,20,bezier_nm,44.94698397204047,mse,0.08683240171036084,False
full_day,438->172,3222,20,bezier_pgd,0.005590197979472578,mse,0.01044887891547176,False
full_day,438->172,3222,20,bezier_ipopt,,mse,,True
full_day,438->172,3222,20,bezier_nm,42.90791710698977,mse,0.2590580326686647,False
full_day,438->432,3222,20,bezier_pgd,0.0045656340080313385,mse,0.00433535025876292,False
full_day,438->432,3222,20,bezier_ipopt,16.59856774803484,mse,0.00015027295985774994,False
full_day,438->432,3222,20,bezier_nm,41.625108667998575,mse,0.23938648213021027,False
full_day,438->528,6444,20,bezier_pgd,0.0067548759980127215,mse,0.05055805680493954,False
full_day,438->528,6444,20,bezier_ipopt,,mse,,True
full_day,438->528,6444,20,bezier_nm,87.15846317494288,mse,0.43476174277698604,False
full_day,439->252,3222,20,bezier_pgd,0.005264520994387567,mse,0.0029603398816189525,False
full_day,439->252,3222,20,bezier_ipopt,23.097100177023094,mse,9.941249391482137e-05,False
full_day,439->252,3222,20,bezier_nm,41.74754364800174,mse,0.2579459161471193,False
full_day,439->471,3222,20,bezier_pgd,0.004511214036028832,mse,0.008977413107161089,False
full_day,439->471,3222,20,bezier_ipopt,17.85863520100247,mse,0.00023841997464834984,False
full_day,439->471,3222,20,bezier_nm,42.66474333801307,mse,0.2510030818983462,False
full_day,44->480,3222,20,bezier_pgd,0.0028795810067094862,mse,1.666893362984132e-05,False
full_day,44->480,3222,20,bezier_ipopt,11.77626951597631,mse,3.100310971667867e-06,False
full_day,44->480,3222,20,bezier_nm,62.476535369991325,mse,0.00037346595452875315,False
full_day,44->529,3222,20,bezier_pgd,0.005445564980618656,mse,0.014999798926312329,False
full_day,44->529,3222,20,bezier_ipopt,,mse,,True
full_day,44->529,3222,20,bezier_nm,42.330086913949344,mse,0.2731481018183262,False
full_day,440->265,3222,20,bezier_pgd,0.004724868980702013,mse,0.006641520461240901,False
full_day,440->265,3222,20,bezier_ipopt,16.11683042399818,mse,0.00011332118146231041,False
full_day,440->265,3222,20,bezier_nm,42.006428028980736,mse,0.2546474266925689,False
full_day,440->283,3222,20,bezier_pgd,0.004116555966902524,mse,0.018116703681975085,False
full_day,440->283,3222,20,bezier_ipopt,29.191164500953164,mse,0.0001461476636513114,False
full_day,440->283,3222,20,bezier_nm,41.979814457008615,mse,0.29488785606519163,False
full_day,440->285,3222,20,bezier_pgd,0.0037663609837181866,mse,0.028985478997535268,False
full_day,440->285,3222,20,bezier_ipopt,12.808636424015276,mse,3.098297029621099e-06,False
full_day,440->285,3222,20,bezier_nm,46.438918858009856,mse,0.49398060530485516,False
full_day,441->274,3222,20,bezier_pgd,0.004370145034044981,mse,0.05248775458035316,False
full_day,441->274,3222,20,bezier_ipopt,,mse,,True
full_day,441->274,3222,20,bezier_nm,42.03719664399978,mse,0.3153779302388903,False
full_day,441->332,3222,20,bezier_pgd,0.0038853849982842803,mse,0.020276919195257512,False
full_day,441->332,3222,20,bezier_ipopt,,mse,,True
full_day,441->332,3222,20,bezier_nm,44.36754695296986,mse,0.34580844718502474,False
full_day,441->535,3222,20,bezier_pgd,0.004308842995669693,mse,0.020531002558100503,False
full_day,441->535,3222,20,bezier_ipopt,,mse,,True
full_day,441->535,3222,20,bezier_nm,44.719054356974084,mse,0.3689198325288137,False
full_day,442->372,3222,20,bezier_pgd,0.004274174978490919,mse,0.010218120011897253,False
full_day,442->372,3222,20,bezier_ipopt,25.498740690993145,mse,0.0012899542653743371,False
full_day,442->372,3222,20,bezier_nm,42.06995792000089,mse,0.2995468125540173,False
full_day,442->428,3222,20,bezier_pgd,0.004300625005271286,mse,0.002508282910626958,False
full_day,442->428,3222,20,bezier_ipopt,17.901015466020908,mse,0.00022805860333095432,False
full_day,442->428,3222,20,bezier_nm,44.36698107898701,mse,0.229488820764548,False
full_day,442->445,3222,20,bezier_pgd,0.005218525999225676,mse,0.014800459559904453,False
full_day,442->445,3222,20,bezier_ipopt,,mse,,True
full_day,442->445,3222,20,bezier_nm,44.65437926695449,mse,0.2950927128288178,False
full_day,442->508,3222,20,bezier_pgd,0.00468968297354877,mse,0.006782530399396899,False
full_day,442->508,3222,20,bezier_ipopt,142.43019833404105,mse,0.08347644261564349,False
full_day,442->508,3222,20,bezier_nm,45.4149351939559,mse,0.28800071517184705,False
full_day,443->452,3222,20,bezier_pgd,0.0036643039784394205,mse,0.018758472948633195,False
full_day,443->452,3222,20,bezier_ipopt,,mse,,True
full_day,443->452,3222,20,bezier_nm,46.29199436795898,mse,0.04261065279348716,False
full_day,443->461,3222,20,bezier_pgd,0.004912707954645157,mse,0.002534880992705888,False
full_day,443->461,3222,20,bezier_ipopt,19.382822462997865,mse,0.000252203562616837,False
full_day,443->461,3222,20,bezier_nm,46.39386303402716,mse,0.2329057919935218,False
full_day,443->530,3222,20,bezier_pgd,0.005868579028174281,mse,0.01216894134132244,False
full_day,443->530,3222,20,bezier_ipopt,,mse,,True
full_day,443->530,3222,20,bezier_nm,48.76921791199129,mse,0.33693051468876406,False
full_day,444->136,3222,20,bezier_pgd,0.004714323033113033,mse,0.014241239580297469,False
full_day,444->136,3222,20,bezier_ipopt,23.504460232972633,mse,0.00025016036840160743,False
full_day,444->136,3222,20,bezier_nm,44.88210423401324,mse,0.2581126991650711,False
full_day,444->270,3222,20,bezier_pgd,0.006151730020064861,mse,0.012794325645382085,False
full_day,444->270,3222,20,bezier_ipopt,19.90998909098562,mse,0.0002641050977970862,False
full_day,444->270,3222,20,bezier_nm,50.41405094502261,mse,0.2554700261538924,False
full_day,444->352,3222,20,bezier_pgd,0.005418493994511664,mse,0.003391670556489135,False
full_day,444->352,3222,20,bezier_ipopt,21.95436673599761,mse,0.00013558340010232816,False
full_day,444->352,3222,20,bezier_nm,47.401288757973816,mse,0.2525422247716202,False
full_day,444->481,3222,20,bezier_pgd,0.004748848034068942,mse,0.00327775821554219,False
full_day,444->481,3222,20,bezier_ipopt,25.129237753048074,mse,0.00013647124038805,False
full_day,444->481,3222,20,bezier_nm,43.30719270801637,mse,0.23118609796022718,False
full_day,445->442,3222,20,bezier_pgd,0.004498732974752784,mse,0.002508282910626946,False
full_day,445->442,3222,20,bezier_ipopt,16.57981863099849,mse,0.00022805875451398225,False
full_day,445->442,3222,20,bezier_nm,43.34943367296364,mse,0.2301105959748223,False
full_day,445->446,3222,20,bezier_pgd,0.004709666012786329,mse,0.010791364221831568,False
full_day,445->446,3222,20,bezier_ipopt,20.413416247989517,mse,0.00015376983036458061,False
full_day,445->446,3222,20,bezier_nm,42.395504323998466,mse,0.2781585954750452,False
full_day,445->515,3222,20,bezier_pgd,0.00556748901726678,mse,0.0008417771291115878,False
full_day,445->515,3222,20,bezier_ipopt,,mse,,True
full_day,445->515,3222,20,bezier_nm,47.452625681005884,mse,0.08439635239129953,False
full_day,445->528,3222,20,bezier_pgd,0.00570185697870329,mse,0.014800459559904416,False
full_day,445->528,3222,20,bezier_ipopt,,mse,,True
full_day,445->528,3222,20,bezier_nm,43.11111134500243,mse,0.294959148073815,False
full_day,446->24,3222,20,bezier_pgd,0.004186342004686594,mse,0.005729137039297755,False
full_day,446->24,3222,20,bezier_ipopt,17.27371794800274,mse,0.00017243685423248717,False
full_day,446->24,3222,20,bezier_nm,47.063649640011135,mse,0.24573056489312795,False
full_day,446->393,3222,20,bezier_pgd,0.0059816050343215466,mse,0.01131337243919886,False
full_day,446->393,3222,20,bezier_ipopt,22.04602355300449,mse,0.0001585300666372115,False
full_day,446->393,3222,20,bezier_nm,47.03061834402615,mse,0.27095607084587864,False
full_day,446->445,3222,20,bezier_pgd,0.004356032004579902,mse,0.0008417771291116009,False
full_day,446->445,3222,20,bezier_ipopt,23.679347724013496,mse,7.806602457406618e-05,False
full_day,446->445,3222,20,bezier_nm,46.55284971097717,mse,0.08671068714828045,False
full_day,446->508,3222,20,bezier_pgd,0.004747407976537943,mse,0.0030661832816393964,False
full_day,446->508,3222,20,bezier_ipopt,20.298679122002795,mse,0.00013598324022201917,False
full_day,446->508,3222,20,bezier_nm,42.98926494899206,mse,0.23040474769709232,False
full_day,447->153,3222,20,bezier_pgd,0.004175369045697153,mse,0.010659639325672106,False
full_day,447->153,3222,20,bezier_ipopt,19.54547273903154,mse,0.00020474215861767504,False
full_day,447->153,3222,20,bezier_nm,41.698593681969214,mse,0.2601608417068847,False
full_day,447->327,3222,20,bezier_pgd,0.005032301007304341,mse,0.0019130044078215125,False
full_day,447->327,3222,20,bezier_ipopt,,mse,,True
full_day,447->327,3222,20,bezier_nm,43.98002166999504,mse,0.21099910555515225,False
full_day,447->41,6444,20,bezier_pgd,0.00500060198828578,mse,8.963314842427278e-06,False
full_day,447->41,6444,20,bezier_ipopt,22.566215472994372,mse,1.2415354509887963e-06,False
full_day,447->41,6444,20,bezier_nm,125.21152190701105,mse,0.00044362246014432966,False
full_day,448->337,3222,20,bezier_pgd,0.0044041749788448215,mse,0.013083792774716756,False
full_day,448->337,3222,20,bezier_ipopt,21.229677318013273,mse,0.0002603371766974207,False
full_day,448->337,3222,20,bezier_nm,41.862295920960605,mse,0.29389392628903127,False
full_day,448->449,3222,20,bezier_pgd,0.002626480010803789,mse,1.035015321803099e-05,False
full_day,448->449,3222,20,bezier_ipopt,12.034569334995467,mse,1.9769037881151e-06,False
full_day,448->449,3222,20,bezier_nm,65.37329164805124,mse,0.0003695743350884886,False
full_day,448->45,3222,20,bezier_pgd,0.002665346022695303,mse,1.0694420483461285e-05,False
full_day,448->45,3222,20,bezier_ipopt,14.888189949968364,mse,2.0118011347842767e-06,False
full_day,448->45,3222,20,bezier_nm,66.60571729304502,mse,0.0002759301754429112,False
full_day,448->93,3222,20,bezier_pgd,0.003221867955289781,mse,1.3131377166975352e-05,False
full_day,448->93,3222,20,bezier_ipopt,15.142108378000557,mse,2.9682466347757045e-06,False
full_day,448->93,3222,20,bezier_nm,71.23364405694883,mse,0.0004728815814894431,False
full_day,449->422,3222,20,bezier_pgd,0.0031370719661936164,mse,1.3050214970198262e-05,False
full_day,449->422,3222,20,bezier_ipopt,12.833807166025508,mse,3.521260878519344e-06,False
full_day,449->422,3222,20,bezier_nm,75.53380162402755,mse,0.00034477908253029935,False
full_day,449->448,3222,20,bezier_pgd,0.0039462699787691236,mse,0.14707349924678448,False
full_day,449->448,3222,20,bezier_ipopt,20.912288650055416,mse,7.710094743936508e-06,False
full_day,449->448,3222,20,bezier_nm,45.036869606992695,mse,0.4887136219383762,False
full_day,449->49,3222,20,bezier_pgd,0.0027743169921450317,mse,1.1590884299324615e-05,False
full_day,449->49,3222,20,bezier_ipopt,15.065437877026852,mse,4.5367243751474e-06,False
full_day,449->49,3222,20,bezier_nm,69.9668626000057,mse,0.00033990873387796506,False
full_day,449->57,3222,20,bezier_pgd,0.003004819038324058,mse,5.954601983942998e-06,False
full_day,449->57,3222,20,bezier_ipopt,13.992450541001745,mse,2.6552953080650595e-06,False
full_day,449->57,3222,20,bezier_nm,66.468922068947,mse,0.0002732764878983227,False
full_day,45->448,3222,20,bezier_pgd,0.0027819440001621842,mse,9.20779769913165e-06,False
full_day,45->448,3222,20,bezier_ipopt,14.265860029030591,mse,3.1690545726199576e-06,False
full_day,45->448,3222,20,bezier_nm,63.73885666002752,mse,0.00025154885569092706,False
full_day,45->61,3222,20,bezier_pgd,0.0027658840408548713,mse,1.3211148292285265e-05,False
full_day,45->61,3222,20,bezier_ipopt,9.959947911964264,mse,4.123437082483212e-06,False
full_day,45->61,3222,20,bezier_nm,64.44949743099278,mse,0.0004173237867231069,False
full_day,450->130,3222,20,bezier_pgd,0.0049785919836722314,mse,0.07880315792309364,False
full_day,450->130,3222,20,bezier_ipopt,,mse,,True
full_day,450->130,3222,20,bezier_nm,40.94685876194853,mse,0.30745564789285185,False
full_day,450->414,3222,20,bezier_pgd,0.005104199983179569,mse,0.0011671698661757058,False
full_day,450->414,3222,20,bezier_ipopt,73.378098117013,mse,0.00022547943568127396,False
full_day,450->414,3222,20,bezier_nm,43.804788656998426,mse,0.1791442446497762,False
full_day,450->60,3222,20,bezier_pgd,0.003047623031307012,mse,2.7684163095640788e-05,False
full_day,450->60,3222,20,bezier_ipopt,22.24152735102689,mse,2.2296988616250756e-06,False
full_day,450->60,3222,20,bezier_nm,66.89691759797279,mse,0.0005116533392328651,False
full_day,450->66,3222,20,bezier_pgd,0.0027860879781655967,mse,7.90557331006441e-06,False
full_day,450->66,3222,20,bezier_ipopt,14.896945625019725,mse,3.885197064664142e-06,False
full_day,450->66,3222,20,bezier_nm,67.01889899600064,mse,0.00010903125029849002,False
full_day,451->16,3222,20,bezier_pgd,0.0028174329781904817,mse,1.0984082581521191e-05,False
full_day,451->16,3222,20,bezier_ipopt,10.944929484976456,mse,4.632029042371879e-06,False
full_day,451->16,3222,20,bezier_nm,68.73704946500948,mse,9.487449644158704e-05,False
full_day,451->224,3222,20,bezier_pgd,0.004668636946007609,mse,0.01162132785814295,False
full_day,451->224,3222,20,bezier_ipopt,,mse,,True
full_day,451->224,3222,20,bezier_nm,44.06222494202666,mse,0.26653306674121,False
full_day,451->247,3222,20,bezier_pgd,0.004127606051042676,mse,0.0010868030899734964,False
full_day,451->247,3222,20,bezier_ipopt,,mse,,True
full_day,451->247,3222,20,bezier_nm,43.449287672003265,mse,0.1833605043037309,False
full_day,451->417,3222,20,bezier_pgd,0.002721438999287784,mse,8.77589411940962e-06,False
full_day,451->417,3222,20,bezier_ipopt,10.207450289046392,mse,3.599210649978737e-06,False
full_day,451->417,3222,20,bezier_nm,62.37075763900066,mse,0.00027105328323609625,False
full_day,452->172,3222,20,bezier_pgd,0.004487450991291553,mse,0.004197238318687944,False
full_day,452->172,3222,20,bezier_ipopt,18.214685523009393,mse,0.00012222557154976994,False
full_day,452->172,3222,20,bezier_nm,42.4308491940028,mse,0.24273679857367314,False
full_day,452->387,3222,20,bezier_pgd,0.004173975961748511,mse,0.0013586561694315003,False
full_day,452->387,3222,20,bezier_ipopt,,mse,,True
full_day,452->387,3222,20,bezier_nm,49.19480461900821,mse,0.13775520846066175,False
full_day,452->436,3222,20,bezier_pgd,0.003111497964709997,mse,8.435987393012088e-06,False
full_day,452->436,3222,20,bezier_ipopt,11.89769490697654,mse,2.471212464905029e-06,False
full_day,452->436,3222,20,bezier_nm,72.69960118597373,mse,0.0003222175041123058,False
full_day,452->443,3222,20,bezier_pgd,0.006819130037911236,mse,0.012168941341322449,False
full_day,452->443,3222,20,bezier_ipopt,,mse,,True
full_day,452->443,3222,20,bezier_nm,49.142444608034566,mse,0.33514544727990525,False
full_day,453->124,3222,20,bezier_pgd,0.004675741016399115,mse,0.0044294334650715,False
full_day,453->124,3222,20,bezier_ipopt,27.764134110999294,mse,0.00016877537377489281,False
full_day,453->124,3222,20,bezier_nm,45.15983458800474,mse,0.24551900174038474,False
full_day,453->226,3222,20,bezier_pgd,0.004516554996371269,mse,0.01068111003909001,False
full_day,453->226,3222,20,bezier_ipopt,25.87064455798827,mse,0.0002403580469222356,False
full_day,453->226,3222,20,bezier_nm,44.322365053987596,mse,0.2621847367506604,False
full_day,453->277,3222,20,bezier_pgd,0.005316522961948067,mse,0.014255069415644445,False
full_day,453->277,3222,20,bezier_ipopt,20.944003062031697,mse,0.0002327022343266158,False
full_day,453->277,3222,20,bezier_nm,48.06527707801433,mse,0.2821700304534255,False
full_day,453->81,3222,20,bezier_pgd,0.0028605639818124473,mse,7.79197678820167e-06,False
full_day,453->81,3222,20,bezier_ipopt,12.69602702598786,mse,2.4159147522364422e-06,False
full_day,453->81,3222,20,bezier_nm,66.83502380899154,mse,0.0003170407005026009,False
full_day,454->187,3222,20,bezier_pgd,0.00582737399963662,mse,0.011223441188661094,False
full_day,454->187,3222,20,bezier_ipopt,71.9032052810071,mse,0.0001609295458594549,False
full_day,454->187,3222,20,bezier_nm,41.6876589480089,mse,0.2859776804634519,False
full_day,454->357,3222,20,bezier_pgd,0.004613939963746816,mse,0.004443636090797196,False
full_day,454->357,3222,20,bezier_ipopt,,mse,,True
full_day,454->357,3222,20,bezier_nm,48.012598472996615,mse,0.24602570694844583,False
full_day,454->374,3222,20,bezier_pgd,0.004464149009436369,mse,0.015671873922084138,False
full_day,454->374,3222,20,bezier_ipopt,,mse,,True
full_day,454->374,3222,20,bezier_nm,47.45566032797797,mse,0.3037276598224558,False
full_day,454->4,3222,20,bezier_pgd,0.0027214650181122124,mse,1.411639862236493e-05,False
full_day,454->4,3222,20,bezier_ipopt,13.118316727981437,mse,8.811530722694996e-06,False
full_day,454->4,3222,20,bezier_nm,66.0414594860049,mse,0.000299319523553522,False
full_day,455->324,3222,20,bezier_pgd,0.005253874987829477,mse,0.013344172335479266,False
full_day,455->324,3222,20,bezier_ipopt,26.73888212098973,mse,0.0002495179561710428,False
full_day,455->324,3222,20,bezier_nm,46.08816291898256,mse,0.2765142573704053,False
full_day,455->431,3222,20,bezier_pgd,0.002977121970616281,mse,8.554987005933279e-06,False
full_day,455->431,3222,20,bezier_ipopt,11.954138508008327,mse,2.576652038509491e-06,False
full_day,455->431,3222,20,bezier_nm,69.24327744898619,mse,0.00042366790728663565,False
full_day,455->496,3222,20,bezier_pgd,0.00658324098912999,mse,0.022315148260962564,False
full_day,455->496,3222,20,bezier_ipopt,16.349586663010996,mse,0.0003599938786192014,False
full_day,455->496,3222,20,bezier_nm,46.22949674696429,mse,0.2931045084250053,False
full_day,455->98,3222,20,bezier_pgd,0.0030596459982916713,mse,1.1987515042858382e-05,False
full_day,455->98,3222,20,bezier_ipopt,10.701389618974645,mse,4.069978043915419e-06,False
full_day,455->98,3222,20,bezier_nm,63.41958742495626,mse,0.00039280614551811133,False
full_day,456->238,3222,20,bezier_pgd,0.005347401020117104,mse,0.012274083104457531,False
full_day,456->238,3222,20,bezier_ipopt,21.91754779702751,mse,0.0001637449251122407,False
full_day,456->238,3222,20,bezier_nm,43.203103157982696,mse,0.2858709048983428,False
full_day,456->347,3222,20,bezier_pgd,0.004474554967600852,mse,0.0052071339815717025,False
full_day,456->347,3222,20,bezier_ipopt,19.38604640698759,mse,0.00020841562710072968,False
full_day,456->347,3222,20,bezier_nm,42.67810878402088,mse,0.24910111430320153,False
full_day,456->98,3222,20,bezier_pgd,0.0028298819670453668,mse,1.2599474277357876e-05,False
full_day,456->98,3222,20,bezier_ipopt,11.465040370996576,mse,3.1631649731077404e-06,False
full_day,456->98,3222,20,bezier_nm,61.22688260598807,mse,0.0003994917759597638,False
full_day,456->99,3222,20,bezier_pgd,0.0027161809848621488,mse,1.5415603809642054e-05,False
full_day,456->99,3222,20,bezier_ipopt,13.391910183010623,mse,2.777509609178844e-06,False
full_day,456->99,3222,20,bezier_nm,61.266939268040005,mse,0.00038580132700275144,False
full_day,457->101,3222,20,bezier_pgd,0.0028260339749976993,mse,1.629976693313554e-05,False
full_day,457->101,3222,20,bezier_ipopt,16.15826613799436,mse,1.9873758994533623e-06,False
full_day,457->101,3222,20,bezier_nm,63.61467293900205,mse,0.00039342207378246006,False
full_day,457->131,3222,20,bezier_pgd,0.004327573988121003,mse,0.007821157214635745,False
full_day,457->131,3222,20,bezier_ipopt,20.76637261698488,mse,0.00017374851380516055,False
full_day,457->131,3222,20,bezier_nm,42.20876165002119,mse,0.26297859766964315,False
full_day,457->481,3222,20,bezier_pgd,0.005765098030678928,mse,0.006403656978255257,False
full_day,457->481,3222,20,bezier_ipopt,23.5804139150423,mse,0.00014256979399707414,False
full_day,457->481,3222,20,bezier_nm,42.95306359604001,mse,0.2717374249086881,False
full_day,457->524,3222,20,bezier_pgd,0.0027764459955506027,mse,1.4693537331118446e-05,False
full_day,457->524,3222,20,bezier_ipopt,17.592492080002557,mse,2.6778307533159006e-06,False
full_day,457->524,3222,20,bezier_nm,67.21838414197555,mse,0.00034148085361754526,False
full_day,458->19,3222,20,bezier_pgd,0.0028044190257787704,mse,8.052036488878047e-06,False
full_day,458->19,3222,20,bezier_ipopt,16.39176937501179,mse,2.7478315445967866e-06,False
full_day,458->19,3222,20,bezier_nm,69.4607621479663,mse,6.524759792717295e-05,False
full_day,458->295,3222,20,bezier_pgd,0.004192283959127963,mse,0.002732953936248042,False
full_day,458->295,3222,20,bezier_ipopt,20.980452371004503,mse,0.000165178082871993,False
full_day,458->295,3222,20,bezier_nm,47.62406332901446,mse,0.1456937391462441,False
full_day,458->314,3222,20,bezier_pgd,0.004824929987080395,mse,0.0014952950507164115,False
full_day,458->314,3222,20,bezier_ipopt,,mse,,True
full_day,458->314,3222,20,bezier_nm,48.17185331200017,mse,0.1802109916456136,False
full_day,458->506,3222,20,bezier_pgd,0.004300070984754711,mse,0.011691437838029938,False
full_day,458->506,3222,20,bezier_ipopt,,mse,,True
full_day,458->506,3222,20,bezier_nm,42.94029799901182,mse,0.31687336074278166,False
full_day,459->115,3222,20,bezier_pgd,0.006054720957763493,mse,0.015730743523521468,False
full_day,459->115,3222,20,bezier_ipopt,,mse,,True
full_day,459->115,3222,20,bezier_nm,44.36177941597998,mse,0.29789328555293143,False
full_day,459->295,3222,20,bezier_pgd,0.004321699030697346,mse,0.002362965100828741,False
full_day,459->295,3222,20,bezier_ipopt,,mse,,True
full_day,459->295,3222,20,bezier_nm,46.06446404499002,mse,0.16959585218272705,False
full_day,459->395,3222,20,bezier_pgd,0.005316092981956899,mse,0.014469194303105897,False
full_day,459->395,3222,20,bezier_ipopt,,mse,,True
full_day,459->395,3222,20,bezier_nm,47.88383208995219,mse,0.2977183596384794,False
full_day,459->469,3222,20,bezier_pgd,0.005136596970260143,mse,0.0017536229291519434,False
full_day,459->469,3222,20,bezier_ipopt,,mse,,True
full_day,459->469,3222,20,bezier_nm,44.19996884802822,mse,0.19172233880239342,False
full_day,46->47,3222,20,bezier_pgd,0.0027096730191260576,mse,6.275344522081978e-06,False
full_day,46->47,3222,20,bezier_ipopt,10.404474969021976,mse,2.125161741368925e-06,False
full_day,46->47,3222,20,bezier_nm,63.82389763899846,mse,0.00027295039531209414,False
full_day,46->75,3222,20,bezier_pgd,0.002641661965753883,mse,9.057844632417043e-06,False
full_day,46->75,3222,20,bezier_ipopt,17.0871515290346,mse,2.01938517704109e-06,False
full_day,46->75,3222,20,bezier_nm,62.38279990898445,mse,0.00028127844254407906,False
full_day,460->117,3222,20,bezier_pgd,0.007306654995772988,mse,0.013376326407591052,False
full_day,460->117,3222,20,bezier_ipopt,22.277239350019954,mse,0.00018581323733107277,False
full_day,460->117,3222,20,bezier_nm,44.39957335096551,mse,0.28659391619833113,False
full_day,460->248,3222,20,bezier_pgd,0.004137632029596716,mse,0.0004992270754634469,False
full_day,460->248,3222,20,bezier_ipopt,24.57183873601025,mse,0.0001542589548428604,False
full_day,460->248,3222,20,bezier_nm,46.67400150705362,mse,0.12161188037450837,False
full_day,460->279,3222,20,bezier_pgd,0.005213172000367194,mse,0.008852793655616076,False
full_day,460->279,3222,20,bezier_ipopt,21.032177687971853,mse,0.00013491156511676836,False
full_day,460->279,3222,20,bezier_nm,42.838112526980694,mse,0.2662719620079228,False
full_day,460->306,3222,20,bezier_pgd,0.004371439979877323,mse,0.003570194409809824,False
full_day,460->306,3222,20,bezier_ipopt,20.157839803025126,mse,0.00019111441913198795,False
full_day,460->306,3222,20,bezier_nm,44.50321801000973,mse,0.20721431001735852,False
full_day,461->20,3222,20,bezier_pgd,0.004340013023465872,mse,0.0036412916988591997,False
full_day,461->20,3222,20,bezier_ipopt,18.371354771021288,mse,0.00020831929046064883,False
full_day,461->20,3222,20,bezier_nm,43.03685825696448,mse,0.2511293637737796,False
full_day,461->523,3222,20,bezier_pgd,0.005629668943583965,mse,0.014182222886126548,False
full_day,461->523,3222,20,bezier_ipopt,,mse,,True
full_day,461->523,3222,20,bezier_nm,43.697430175030604,mse,0.293039581701988,False
full_day,462->120,3222,20,bezier_pgd,0.004258624976500869,mse,0.0004986171971921367,False
full_day,462->120,3222,20,bezier_ipopt,24.26919647102477,mse,0.00018282403655356917,False
full_day,462->120,3222,20,bezier_nm,44.12821549200453,mse,0.09313286090468206,False
full_day,462->310,3222,20,bezier_pgd,0.005027911975048482,mse,0.009906911344511996,False
full_day,462->310,3222,20,bezier_ipopt,19.85381757299183,mse,0.00016323332672036342,False
full_day,462->310,3222,20,bezier_nm,42.704383236996364,mse,0.27382617172874724,False
full_day,462->368,3222,20,bezier_pgd,0.004957958997692913,mse,0.016078402329130707,False
full_day,462->368,3222,20,bezier_ipopt,19.04107199399732,mse,0.00021432635125083775,False
full_day,462->368,3222,20,bezier_nm,42.49987824301934,mse,0.28292165552097204,False
full_day,462->404,3222,20,bezier_pgd,0.004088491958100349,mse,0.004261770092113728,False
full_day,462->404,3222,20,bezier_ipopt,18.91443874099059,mse,0.00020210560157102233,False
full_day,462->404,3222,20,bezier_nm,45.31982415198581,mse,0.20309517817567893,False
full_day,463->123,3222,20,bezier_pgd,0.004389551002532244,mse,0.0076730158403504655,False
full_day,463->123,3222,20,bezier_ipopt,19.134941179014277,mse,0.00020998786317278126,False
full_day,463->123,3222,20,bezier_nm,43.922729771002196,mse,0.24543893138199507,False
full_day,463->309,3222,20,bezier_pgd,0.005884020996745676,mse,0.00855743319985304,False
full_day,463->309,3222,20,bezier_ipopt,21.70735559699824,mse,0.0001329838084787172,False
full_day,463->309,3222,20,bezier_nm,44.132666416990105,mse,0.27686164554999226,False
full_day,463->359,3222,20,bezier_pgd,0.0039778389618732035,mse,0.0009493882830699507,False
full_day,463->359,3222,20,bezier_ipopt,,mse,,True
full_day,463->359,3222,20,bezier_nm,55.47115108795697,mse,0.15494456434087103,False
full_day,463->402,3222,20,bezier_pgd,0.004841446992941201,mse,0.0004381156360085759,False
full_day,463->402,3222,20,bezier_ipopt,23.569868421996944,mse,0.00013629358057549721,False
full_day,463->402,3222,20,bezier_nm,47.63713478296995,mse,0.156681186768935,False
full_day,464->126,3222,20,bezier_pgd,0.004532696970272809,mse,0.0007695872506917976,False
full_day,464->126,3222,20,bezier_ipopt,19.459306818956975,mse,0.000193841567096524,False
full_day,464->126,3222,20,bezier_nm,47.59727368201129,mse,0.1572993340386846,False
full_day,464->162,3222,20,bezier_pgd,0.004246313008479774,mse,0.00620888304609843,False
full_day,464->162,3222,20,bezier_ipopt,22.192202762002125,mse,9.592262522884243e-05,False
full_day,464->162,3222,20,bezier_nm,43.846803196007386,mse,0.24870000779164586,False
full_day,464->342,3222,20,bezier_pgd,0.0052110489923506975,mse,0.01231936798040816,False
full_day,464->342,3222,20,bezier_ipopt,24.23868492100155,mse,0.00016660062599038012,False
full_day,464->342,3222,20,bezier_nm,45.47516615601489,mse,0.27152769287498335,False
full_day,464->378,3222,20,bezier_pgd,0.005470459989737719,mse,0.0171030873086114,False
full_day,464->378,3222,20,bezier_ipopt,28.340200065053068,mse,0.00032368052140500215,False
full_day,464->378,3222,20,bezier_nm,42.754786184988916,mse,0.27726408789459156,False
full_day,465->128,3222,20,bezier_pgd,0.004454697947949171,mse,0.0026537671232377473,False
full_day,465->128,3222,20,bezier_ipopt,18.84789889602689,mse,0.000161641736363735,False
full_day,465->128,3222,20,bezier_nm,44.951725406979676,mse,0.20533254015032723,False
full_day,465->273,3222,20,bezier_pgd,0.0051379980286583304,mse,0.004702048563463208,False
full_day,465->273,3222,20,bezier_ipopt,16.92312833899632,mse,0.00011374065384150437,False
full_day,465->273,3222,20,bezier_nm,45.19982080295449,mse,0.24256686602283287,False
full_day,465->298,3222,20,bezier_pgd,0.004206941986922175,mse,0.02774810234498301,False
full_day,465->298,3222,20,bezier_ipopt,,mse,,True
full_day,465->298,3222,20,bezier_nm,40.95016573299654,mse,0.29797403824129937,False
full_day,465->362,3222,20,bezier_pgd,0.004429723019711673,mse,0.021936632193245254,False
full_day,465->362,3222,20,bezier_ipopt,26.234474692028016,mse,0.0002864159713825168,False
full_day,465->362,3222,20,bezier_nm,43.72515974700218,mse,0.30912080466780373,False
full_day,466->137,3222,20,bezier_pgd,0.003936074965167791,mse,0.0003887613460228213,False
full_day,466->137,3222,20,bezier_ipopt,21.18895977298962,mse,0.00020023334763693754,False
full_day,466->137,3222,20,bezier_nm,44.263350315974094,mse,0.11579397843716656,False
full_day,466->331,3222,20,bezier_pgd,0.004800826020073146,mse,0.014081806823658786,False
full_day,466->331,3222,20,bezier_ipopt,27.173855157976504,mse,0.00011913378773104965,False
full_day,466->331,3222,20,bezier_nm,41.73966702102916,mse,0.2945457673625511,False
full_day,466->336,3222,20,bezier_pgd,0.004430968023370951,mse,0.014248233098935314,False
full_day,466->336,3222,20,bezier_ipopt,23.384605339029804,mse,0.00020114148427772947,False
full_day,466->336,3222,20,bezier_nm,42.36378185095964,mse,0.2686103532796989,False
full_day,466->339,3222,20,bezier_pgd,0.005422795016784221,mse,0.01202319219950653,False
full_day,466->339,3222,20,bezier_ipopt,,mse,,True
full_day,466->339,3222,20,bezier_nm,46.97031391900964,mse,0.2727735396595403,False
full_day,467->138,3222,20,bezier_pgd,0.008947200025431812,mse,0.01880023056737086,False
full_day,467->138,3222,20,bezier_ipopt,,mse,,True
full_day,467->138,3222,20,bezier_nm,49.09414698998444,mse,0.22581404309163125,False
full_day,467->337,3222,20,bezier_pgd,0.004791084036696702,mse,0.012438140148541194,False
full_day,467->337,3222,20,bezier_ipopt,,mse,,True
full_day,467->337,3222,20,bezier_nm,46.950559860037174,mse,0.2897430283610446,False
full_day,467->339,3222,20,bezier_pgd,0.00426404201425612,mse,0.0003302603605047658,False
full_day,467->339,3222,20,bezier_ipopt,23.498925469000824,mse,0.0002133286369382629,False
full_day,467->339,3222,20,bezier_nm,52.51874064200092,mse,0.09071789784461709,False
full_day,467->349,3222,20,bezier_pgd,0.006477824004832655,mse,0.00225041960423631,False
full_day,467->349,3222,20,bezier_ipopt,,mse,,True
full_day,467->349,3222,20,bezier_nm,50.8912613579887,mse,0.22119422925763646,False
full_day,468->139,3222,20,bezier_pgd,0.006128060980699956,mse,0.016485844528887215,False
full_day,468->139,3222,20,bezier_ipopt,21.31583804899128,mse,0.0002090376286121428,False
full_day,468->139,3222,20,bezier_nm,48.80958207900403,mse,0.2915989675251742,False
full_day,468->264,3222,20,bezier_pgd,0.005549884983338416,mse,0.0011192616236450083,False
full_day,468->264,3222,20,bezier_ipopt,25.47549868497299,mse,0.00016845692601438888,False
full_day,468->264,3222,20,bezier_nm,50.76996213005623,mse,0.19354484832463142,False
full_day,468->286,3222,20,bezier_pgd,0.004962143022567034,mse,0.0002663340410325718,False
full_day,468->286,3222,20,bezier_ipopt,,mse,,True
full_day,468->286,3222,20,bezier_nm,46.000662654987536,mse,0.08103627822343311,False
full_day,468->346,3222,20,bezier_pgd,0.005204778979532421,mse,0.011114712957934503,False
full_day,468->346,3222,20,bezier_ipopt,,mse,,True
full_day,468->346,3222,20,bezier_nm,45.443754758976866,mse,0.2770673455025538,False
full_day,469->140,3222,20,bezier_pgd,0.005679098947439343,mse,0.02129717958811145,False
full_day,469->140,3222,20,bezier_ipopt,,mse,,True
full_day,469->140,3222,20,bezier_nm,42.920750291028526,mse,0.2972121251861809,False
full_day,469->156,3222,20,bezier_pgd,0.004524363030213863,mse,0.01513872214813159,False
full_day,469->156,3222,20,bezier_ipopt,,mse,,True
full_day,469->156,3222,20,bezier_nm,42.896417014009785,mse,0.288715075899142,False
full_day,469->211,3222,20,bezier_pgd,0.005081947019789368,mse,0.002010556717936047,False
full_day,469->211,3222,20,bezier_ipopt,22.08976533601526,mse,0.0002601356183020706,False
full_day,469->211,3222,20,bezier_nm,43.39722752798116,mse,0.1745618476831236,False
full_day,469->459,3222,20,bezier_pgd,0.004499230009969324,mse,0.003969906582038865,False
full_day,469->459,3222,20,bezier_ipopt,,mse,,True
full_day,469->459,3222,20,bezier_nm,44.92267391696805,mse,0.2267610535749172,False
full_day,47->46,3222,20,bezier_pgd,0.0026620040298439562,mse,9.872996351960715e-06,False
full_day,47->46,3222,20,bezier_ipopt,13.495965702983085,mse,2.7650060403162695e-06,False
full_day,47->46,3222,20,bezier_nm,63.4841844040202,mse,0.0003411122362767461,False
full_day,47->48,3222,20,bezier_pgd,0.0028695730143226683,mse,9.224584698511565e-06,False
full_day,47->48,3222,20,bezier_ipopt,13.17901886999607,mse,2.8809795053173143e-06,False
full_day,47->48,3222,20,bezier_nm,63.49896856799023,mse,0.00038179303429691986,False
full_day,470->142,3222,20,bezier_pgd,0.00440903304843232,mse,0.012121849786374799,False
full_day,470->142,3222,20,bezier_ipopt,20.115094660024624,mse,0.00014281385792349238,False
full_day,470->142,3222,20,bezier_nm,42.64673771196976,mse,0.29127462873772547,False
full_day,470->154,3222,20,bezier_pgd,0.004772804968524724,mse,0.00607462817944857,False
full_day,470->154,3222,20,bezier_ipopt,21.6969266969827,mse,0.00015646413687185606,False
full_day,470->154,3222,20,bezier_nm,42.23645953700179,mse,0.2596725034650575,False
full_day,470->235,3222,20,bezier_pgd,0.004705206956714392,mse,0.019577362189373337,False
full_day,470->235,3222,20,bezier_ipopt,21.164795297023375,mse,0.0002468842214327558,False
full_day,470->235,3222,20,bezier_nm,42.848340558004566,mse,0.2975628421994284,False
full_day,470->509,3222,20,bezier_pgd,0.003141862980555743,mse,0.00012029627306706987,False
full_day,470->509,3222,20,bezier_ipopt,31.87157273699995,mse,7.650130851077218e-05,False
full_day,470->509,3222,20,bezier_nm,68.13477400800912,mse,0.0015203824284626914,False
full_day,471->127,3222,20,bezier_pgd,0.0044990130118094385,mse,0.004599365289820675,False
full_day,471->127,3222,20,bezier_ipopt,,mse,,True
full_day,471->127,3222,20,bezier_nm,43.1419958609622,mse,0.23171857065147128,False
full_day,471->228,3222,20,bezier_pgd,0.004699026001617312,mse,0.012473866746135653,False
full_day,471->228,3222,20,bezier_ipopt,19.08668246603338,mse,0.0001772846378741828,False
full_day,471->228,3222,20,bezier_nm,44.1450937250047,mse,0.2661202653825016,False
full_day,471->393,3222,20,bezier_pgd,0.004136400006245822,mse,0.0002642138766550345,False
full_day,471->393,3222,20,bezier_ipopt,19.12570430705091,mse,0.00013551927315918558,False
full_day,471->393,3222,20,bezier_nm,44.97242256894242,mse,0.08471836964575477,False
full_day,471->439,3222,20,bezier_pgd,0.004290155018679798,mse,0.004712790927124638,False
full_day,471->439,3222,20,bezier_ipopt,16.661140682990663,mse,0.000231575395355911,False
full_day,471->439,3222,20,bezier_nm,42.60781539801974,mse,0.23976111187286928,False
full_day,472->148,3222,20,bezier_pgd,0.004873797995969653,mse,0.00041282364619995427,False
full_day,472->148,3222,20,bezier_ipopt,21.982991581026,mse,0.00014715788970135765,False
full_day,472->148,3222,20,bezier_nm,44.43945497495588,mse,0.16809602502783233,False
full_day,472->191,3222,20,bezier_pgd,0.004130086046643555,mse,0.01609917897098574,False
full_day,472->191,3222,20,bezier_ipopt,,mse,,True
full_day,472->191,3222,20,bezier_nm,41.56235056195874,mse,0.30593581475601556,False
full_day,472->204,3222,20,bezier_pgd,0.004175386973656714,mse,0.0005224988917973732,False
full_day,472->204,3222,20,bezier_ipopt,,mse,,True
full_day,472->204,3222,20,bezier_nm,45.243616249994375,mse,0.12492551960692554,False
full_day,472->243,3222,20,bezier_pgd,0.00419181800680235,mse,0.015499915321449563,False
full_day,472->243,3222,20,bezier_ipopt,21.265606997010764,mse,0.00015891714715801143,False
full_day,472->243,3222,20,bezier_nm,41.422664391982835,mse,0.3085244816377544,False
full_day,473->151,3222,20,bezier_pgd,0.005322518991306424,mse,0.014619514879588617,False
full_day,473->151,3222,20,bezier_ipopt,18.585622006037738,mse,0.00022517768714866115,False
full_day,473->151,3222,20,bezier_nm,42.860712013964076,mse,0.2801381892361685,False
full_day,473->244,3222,20,bezier_pgd,0.005319531017448753,mse,0.013501938096032754,False
full_day,473->244,3222,20,bezier_ipopt,16.807981521997135,mse,0.00020397422307882236,False
full_day,473->244,3222,20,bezier_nm,43.3699325210182,mse,0.27651720269011065,False
full_day,473->258,3222,20,bezier_pgd,0.004004627000540495,mse,0.0006118945400068708,False
full_day,473->258,3222,20,bezier_ipopt,22.505735537037253,mse,0.00022066934842753996,False
full_day,473->258,3222,20,bezier_nm,44.05784609797411,mse,0.12079586137523826,False
full_day,473->260,3222,20,bezier_pgd,0.004951987008098513,mse,0.005096934357651226,False
full_day,473->260,3222,20,bezier_ipopt,29.142912532028276,mse,0.00015292386149287342,False
full_day,473->260,3222,20,bezier_nm,42.29983291099779,mse,0.2601847607918253,False
full_day,474->153,3222,20,bezier_pgd,0.004528373014181852,mse,0.009021566218773506,False
full_day,474->153,3222,20,bezier_ipopt,26.961935913015623,mse,0.00010232043996588948,False
full_day,474->153,3222,20,bezier_nm,44.036861773987766,mse,0.2589658013971994,False
full_day,474->235,3222,20,bezier_pgd,0.004760295967571437,mse,0.015975153252235627,False
full_day,474->235,3222,20,bezier_ipopt,22.364426093001384,mse,0.00017997186191220409,False
full_day,474->235,3222,20,bezier_nm,42.499649867997505,mse,0.2742556143093784,False
full_day,474->258,3222,20,bezier_pgd,0.0048340269713662565,mse,0.010001341081467647,False
full_day,474->258,3222,20,bezier_ipopt,25.987043808971066,mse,0.0002094243943701211,False
full_day,474->258,3222,20,bezier_nm,42.470636213955004,mse,0.27044753969802005,False
full_day,474->416,3222,20,bezier_pgd,0.0048475139774382114,mse,0.005251382051440796,False
full_day,474->416,3222,20,bezier_ipopt,18.368509535037447,mse,0.00016030298365781094,False
full_day,474->416,3222,20,bezier_nm,41.46763456001645,mse,0.25736096140789694,False
full_day,475->194,3222,20,bezier_pgd,0.004819170047994703,mse,0.008803589018882693,False
full_day,475->194,3222,20,bezier_ipopt,18.276871491980273,mse,0.00019000538297144984,False
full_day,475->194,3222,20,bezier_nm,43.28379173198482,mse,0.2629690746242482,False
full_day,475->256,3222,20,bezier_pgd,0.0042997830314561725,mse,0.0005105110254158497,False
full_day,475->256,3222,20,bezier_ipopt,18.966036700003315,mse,0.0002048882967597996,False
full_day,475->256,3222,20,bezier_nm,45.57748103403719,mse,0.12431965780874536,False
full_day,475->387,3222,20,bezier_pgd,0.0041476309997960925,mse,0.007563040157174348,False
full_day,475->387,3222,20,bezier_ipopt,18.315121596038807,mse,0.00021392434931717506,False
full_day,475->387,3222,20,bezier_nm,42.35283669701312,mse,0.22486426466744594,False
full_day,475->436,3222,20,bezier_pgd,0.004317640035878867,mse,0.0006917852512138188,False
full_day,475->436,3222,20,bezier_ipopt,,mse,,True
full_day,475->436,3222,20,bezier_nm,44.923066608957015,mse,0.1625661831828054,False
full_day,476->157,3222,20,bezier_pgd,0.0056618970120325685,mse,0.0012048425291736821,False
full_day,476->157,3222,20,bezier_ipopt,,mse,,True
full_day,476->157,3222,20,bezier_nm,46.81624148203991,mse,0.1992052598023238,False
full_day,476->171,3222,20,bezier_pgd,0.0028392650419846177,mse,0.00019319867555830702,False
full_day,476->171,3222,20,bezier_ipopt,28.0605355919688,mse,0.0001502525171436146,False
full_day,476->171,3222,20,bezier_nm,66.83248407801148,mse,0.0013662913135974793,False
full_day,476->201,3222,20,bezier_pgd,0.006035753001924604,mse,0.0014892346082465474,False
full_day,476->201,3222,20,bezier_ipopt,,mse,,True
full_day,476->201,3222,20,bezier_nm,44.96116730500944,mse,0.034523604638993996,False
full_day,476->310,3222,20,bezier_pgd,0.0043796650134027,mse,0.03118424397880871,False
full_day,476->310,3222,20,bezier_ipopt,521.0855099750333,mse,0.0021439295062241443,False
full_day,476->310,3222,20,bezier_nm,40.58592410600977,mse,0.3092180442228832,False
full_day,477->483,3222,20,bezier_pgd,0.004340280022006482,mse,0.017101287770578205,False
full_day,477->483,3222,20,bezier_ipopt,,mse,,True
full_day,477->483,3222,20,bezier_nm,43.50241753400769,mse,0.3316835334030399,False
full_day,477->525,3222,20,bezier_pgd,0.00536658801138401,mse,0.010395309560196277,False
full_day,477->525,3222,20,bezier_ipopt,,mse,,True
full_day,477->525,3222,20,bezier_nm,42.32131470902823,mse,0.27910233418415015,False
full_day,477->527,3222,20,bezier_pgd,0.004245664982590824,mse,0.010023171431269289,False
full_day,477->527,3222,20,bezier_ipopt,,mse,,True
full_day,477->527,3222,20,bezier_nm,44.63376019796124,mse,0.27662483953459455,False
full_day,477->534,3222,20,bezier_pgd,0.004382451996207237,mse,0.004640563774029057,False
full_day,477->534,3222,20,bezier_ipopt,16.582486579020042,mse,0.00027477627581501234,False
full_day,477->534,3222,20,bezier_nm,43.20918523200089,mse,0.2319478339543292,False
full_day,478->247,3222,20,bezier_pgd,0.0049284459673799574,mse,0.010171495711585413,False
full_day,478->247,3222,20,bezier_ipopt,20.363432206970174,mse,0.0001598754231128735,False
full_day,478->247,3222,20,bezier_nm,42.55109098600224,mse,0.26794303931005764,False
full_day,478->316,3222,20,bezier_pgd,0.004650899034459144,mse,0.010256272563098556,False
full_day,478->316,3222,20,bezier_ipopt,15.410333435982466,mse,0.00027931845084216717,False
full_day,478->316,3222,20,bezier_nm,42.109224384010304,mse,0.26676357614679386,False
full_day,478->391,3222,20,bezier_pgd,0.0048953809891827404,mse,0.005748263108875819,False
full_day,478->391,3222,20,bezier_ipopt,,mse,,True
full_day,478->391,3222,20,bezier_nm,44.36425785499159,mse,0.20790921876765492,False
full_day,478->77,3222,20,bezier_pgd,0.005559127021115273,mse,0.006806547309068394,False
full_day,478->77,3222,20,bezier_ipopt,,mse,,True
full_day,478->77,3222,20,bezier_nm,43.50575085298624,mse,0.27142328291833334,False
full_day,479->133,3222,20,bezier_pgd,0.004303658031858504,mse,0.01880325650004975,False
full_day,479->133,3222,20,bezier_ipopt,,mse,,True
full_day,479->133,3222,20,bezier_nm,44.45768639497692,mse,0.2507337557562385,False
full_day,479->135,3222,20,bezier_pgd,0.004982135025784373,mse,0.0017079318595208135,False
full_day,479->135,3222,20,bezier_ipopt,,mse,,True
full_day,479->135,3222,20,bezier_nm,45.36809827701654,mse,0.2078810031551814,False
full_day,479->218,3222,20,bezier_pgd,0.005666895012836903,mse,0.016477880928350987,False
full_day,479->218,3222,20,bezier_ipopt,,mse,,True
full_day,479->218,3222,20,bezier_nm,43.32782963803038,mse,0.29691562828127377,False
full_day,479->513,3222,20,bezier_pgd,0.004454757028724998,mse,0.0027266562380918874,False
full_day,479->513,3222,20,bezier_ipopt,67.48054870701162,mse,0.0005016036338768465,False
full_day,479->513,3222,20,bezier_nm,43.88692664098926,mse,0.17807126993444014,False
full_day,48->47,3222,20,bezier_pgd,0.0028865920030511916,mse,1.057909634616625e-05,False
full_day,48->47,3222,20,bezier_ipopt,12.138128691993188,mse,2.451509415280281e-06,False
full_day,48->47,3222,20,bezier_nm,61.01998576603364,mse,0.00032516062130419707,False
full_day,48->49,3222,20,bezier_pgd,0.0027306419797241688,mse,8.694423665855479e-06,False
full_day,48->49,3222,20,bezier_ipopt,12.333983720978722,mse,2.431231554170849e-06,False
full_day,48->49,3222,20,bezier_nm,63.474804489989765,mse,0.00027319859791862644,False
full_day,480->155,3222,20,bezier_pgd,0.00548290298320353,mse,0.010771579678765648,False
full_day,480->155,3222,20,bezier_ipopt,,mse,,True
full_day,480->155,3222,20,bezier_nm,44.51135754596908,mse,0.28280273821688523,False
full_day,480->359,3222,20,bezier_pgd,0.005029766994994134,mse,0.004516024238988316,False
full_day,480->359,3222,20,bezier_ipopt,21.31248136603972,mse,0.000125081466628414,False
full_day,480->359,3222,20,bezier_nm,41.867890445981175,mse,0.26308619535097594,False
full_day,480->43,3222,20,bezier_pgd,0.003808647976256907,mse,9.866743654018656e-05,False
full_day,480->43,3222,20,bezier_ipopt,23.468457740033045,mse,3.097894096442209e-05,False
full_day,480->43,3222,20,bezier_nm,69.19678935804404,mse,0.0010848948486256338,False
full_day,480->44,3222,20,bezier_pgd,0.002876697981264442,mse,1.1369342983340638e-05,False
full_day,480->44,3222,20,bezier_ipopt,14.533845068013761,mse,3.946253504567555e-06,False
full_day,480->44,3222,20,bezier_nm,61.05450208199909,mse,0.0002675106348761941,False
full_day,481->350,3222,20,bezier_pgd,0.004971792048308998,mse,0.00887324535051973,False
full_day,481->350,3222,20,bezier_ipopt,18.94455748301698,mse,0.00015546729579403706,False
full_day,481->350,3222,20,bezier_nm,43.34184083895525,mse,0.2683737577405199,False
full_day,481->444,3222,20,bezier_pgd,0.004215643974021077,mse,0.0009268532013611883,False
full_day,481->444,3222,20,bezier_ipopt,,mse,,True
full_day,481->444,3222,20,bezier_nm,43.27235667902278,mse,0.18806390886795926,False
full_day,481->457,3222,20,bezier_pgd,0.0055054849945008755,mse,0.019906895335623065,False
full_day,481->457,3222,20,bezier_ipopt,19.034657826006878,mse,0.00020903665108336326,False
full_day,481->457,3222,20,bezier_nm,42.62269170797663,mse,0.2816316529673162,False
full_day,481->524,3222,20,bezier_pgd,0.0048720999620854855,mse,0.007710707279676294,False
full_day,481->524,3222,20,bezier_ipopt,,mse,,True
full_day,481->524,3222,20,bezier_nm,41.64222423901083,mse,0.2543243971461334,False
full_day,482->496,3222,20,bezier_pgd,0.004863088019192219,mse,0.005401417067903309,False
full_day,482->496,3222,20,bezier_ipopt,24.23536430101376,mse,0.00016592729817984346,False
full_day,482->496,3222,20,bezier_nm,42.13741156295873,mse,0.24911223226612056,False
full_day,482->502,3222,20,bezier_pgd,0.00409542495617643,mse,0.006972130679510933,False
full_day,482->502,3222,20,bezier_ipopt,25.99710717605194,mse,0.00018880954908298924,False
full_day,482->502,3222,20,bezier_nm,42.65149780805223,mse,0.23809463097668712,False
full_day,482->511,3222,20,bezier_pgd,0.004311915021389723,mse,0.005156924682896691,False
full_day,482->511,3222,20,bezier_ipopt,,mse,,True
full_day,482->511,3222,20,bezier_nm,42.84469882398844,mse,0.24039768500748637,False
full_day,482->520,3222,20,bezier_pgd,0.005950442049652338,mse,0.010996921607347268,False
full_day,482->520,3222,20,bezier_ipopt,18.11807387403678,mse,0.0002694354984743697,False
full_day,482->520,3222,20,bezier_nm,42.00797075795708,mse,0.2518199720724593,False
full_day,483->477,3222,20,bezier_pgd,0.00593330996343866,mse,0.005885254919152544,False
full_day,483->477,3222,20,bezier_ipopt,16.908360338013154,mse,5.0706044909658314e-05,False
full_day,483->477,3222,20,bezier_nm,44.38731151097454,mse,0.29010315884087945,False
full_day,483->519,3222,20,bezier_pgd,0.0031897309818305075,mse,0.04162553766025729,False
full_day,483->519,3222,20,bezier_ipopt,122.92759165598545,mse,0.011890232695797991,False
full_day,483->519,3222,20,bezier_nm,44.35535162402084,mse,0.5164151417368105,False
full_day,483->526,3222,20,bezier_pgd,0.004628655966371298,mse,0.002542698901603292,False
full_day,483->526,3222,20,bezier_ipopt,44.93887285399251,mse,0.00023551434705590385,False
full_day,483->526,3222,20,bezier_nm,43.782097900053486,mse,0.21686914331818405,False
full_day,483->531,3222,20,bezier_pgd,0.004442311997991055,mse,0.006667830011647489,False
full_day,483->531,3222,20,bezier_ipopt,47.32381529797567,mse,0.0001452912131855646,False
full_day,483->531,3222,20,bezier_nm,42.92968193703564,mse,0.23359498343739177,False
full_day,484->117,3222,20,bezier_pgd,0.0040726070292294025,mse,0.0011418078586987023,False
full_day,484->117,3222,20,bezier_ipopt,,mse,,True
full_day,484->117,3222,20,bezier_nm,42.50101047503995,mse,0.18407514917409823,False
full_day,484->176,3222,20,bezier_pgd,0.004410521010868251,mse,0.009388782154972844,False
full_day,484->176,3222,20,bezier_ipopt,19.75629161699908,mse,0.00019308871603606882,False
full_day,484->176,3222,20,bezier_nm,41.48185982101131,mse,0.2591751399215732,False
full_day,484->195,3222,20,bezier_pgd,0.0049844629829749465,mse,0.013680005372489121,False
full_day,484->195,3222,20,bezier_ipopt,,mse,,True
full_day,484->195,3222,20,bezier_nm,44.46392545598792,mse,0.282539488033796,False
full_day,484->254,3222,20,bezier_pgd,0.004602309025358409,mse,0.016497098851273834,False
full_day,484->254,3222,20,bezier_ipopt,17.70904118200997,mse,0.000222692918284962,False
full_day,484->254,3222,20,bezier_nm,42.65360509802122,mse,0.26872867707618703,False
full_day,485->184,3222,20,bezier_pgd,0.0029530859901569784,mse,0.00023825884506411217,False
full_day,485->184,3222,20,bezier_ipopt,19.71554541704245,mse,0.00016243494464375808,False
full_day,485->184,3222,20,bezier_nm,69.9457875849912,mse,0.0020813345495554604,False
full_day,485->188,3222,20,bezier_pgd,0.004532952036242932,mse,0.0030049324419640622,False
full_day,485->188,3222,20,bezier_ipopt,,mse,,True
full_day,485->188,3222,20,bezier_nm,44.43486988899531,mse,0.16757221648155146,False
full_day,485->227,3222,20,bezier_pgd,0.005050181003753096,mse,0.012152003618065422,False
full_day,485->227,3222,20,bezier_ipopt,18.230649309,mse,0.0001544276725024484,False
full_day,485->227,3222,20,bezier_nm,42.36959531600587,mse,0.2870046070442465,False
full_day,485->489,3222,20,bezier_pgd,0.004327875969465822,mse,0.003821762818335597,False
full_day,485->489,3222,20,bezier_ipopt,18.72863112395862,mse,0.00021559158778952092,False
full_day,485->489,3222,20,bezier_nm,41.516137004015036,mse,0.23089330990887594,False
full_day,486->123,3222,20,bezier_pgd,0.005114440980833024,mse,0.010219555960836763,False
full_day,486->123,3222,20,bezier_ipopt,16.94551254599355,mse,0.0001972558385766785,False
full_day,486->123,3222,20,bezier_nm,42.548544190009125,mse,0.26818179861662816,False
full_day,486->194,3222,20,bezier_pgd,0.0051357930060476065,mse,0.010711547975111245,False
full_day,486->194,3222,20,bezier_ipopt,20.505770945979748,mse,0.00017206482026730412,False
full_day,486->194,3222,20,bezier_nm,43.656468709988985,mse,0.2723074267125186,False
full_day,486->363,3222,20,bezier_pgd,0.005254751013126224,mse,0.020493322389574263,False
full_day,486->363,3222,20,bezier_ipopt,24.700683822040446,mse,0.0002017113941727043,False
full_day,486->363,3222,20,bezier_nm,42.57586967101088,mse,0.2945948172761377,False
full_day,486->403,3222,20,bezier_pgd,0.004423668025992811,mse,0.016210512544798276,False
full_day,486->403,3222,20,bezier_ipopt,21.96515168400947,mse,0.0002140169929992827,False
full_day,486->403,3222,20,bezier_nm,42.013820023974404,mse,0.27603857441501006,False
full_day,487->201,3222,20,bezier_pgd,0.004873852012678981,mse,0.009497821569729007,False
full_day,487->201,3222,20,bezier_ipopt,,mse,,True
full_day,487->201,3222,20,bezier_nm,47.14594755298458,mse,0.11391879740912263,False
full_day,487->293,3222,20,bezier_pgd,0.005016680981498212,mse,0.002166326511863425,False
full_day,487->293,3222,20,bezier_ipopt,16.323815969983116,mse,0.00011483635669752054,False
full_day,487->293,3222,20,bezier_nm,44.36195316299563,mse,0.2246669882023485,False
full_day,487->302,3222,20,bezier_pgd,0.005081656971015036,mse,0.010563281953774612,False
full_day,487->302,3222,20,bezier_ipopt,17.397623369004577,mse,9.751970055418609e-05,False
full_day,487->302,3222,20,bezier_nm,42.59172901901184,mse,0.27951088123632356,False
full_day,487->317,3222,20,bezier_pgd,0.00530893902759999,mse,0.010744436575392364,False
full_day,487->317,3222,20,bezier_ipopt,14.845137474010698,mse,0.0001442090884088472,False
full_day,487->317,3222,20,bezier_nm,44.97134803200606,mse,0.2760916764927017,False
full_day,488->21,3222,20,bezier_pgd,0.004286747018340975,mse,0.006971084514267532,False
full_day,488->21,3222,20,bezier_ipopt,,mse,,True
full_day,488->21,3222,20,bezier_nm,43.720600451983046,mse,0.2445110884673127,False
full_day,488->212,3222,20,bezier_pgd,0.004706486011855304,mse,0.0004895708986699634,False
full_day,488->212,3222,20,bezier_ipopt,,mse,,True
full_day,488->212,3222,20,bezier_nm,46.168892846035305,mse,0.0690868665532994,False
full_day,488->505,3222,20,bezier_pgd,0.00649579701712355,mse,0.00020325532940400316,False
full_day,488->505,3222,20,bezier_ipopt,,mse,,True
full_day,488->505,3222,20,bezier_nm,44.96712965401821,mse,0.06694660676132515,False
full_day,488->531,3222,20,bezier_pgd,0.0043720820103771985,mse,0.00028490665779222984,False
full_day,488->531,3222,20,bezier_ipopt,33.56218608102063,mse,0.00016196292636741665,False
full_day,488->531,3222,20,bezier_nm,42.52155432902509,mse,0.15134067343784913,False
full_day,489->218,3222,20,bezier_pgd,0.005500234023202211,mse,0.01337226634528315,False
full_day,489->218,3222,20,bezier_ipopt,17.091992839996237,mse,0.00016361000604252492,False
full_day,489->218,3222,20,bezier_nm,41.09587531699799,mse,0.2847143619065517,False
full_day,489->311,3222,20,bezier_pgd,0.005106071999762207,mse,0.007658704160133763,False
full_day,489->311,3222,20,bezier_ipopt,68.81624987197574,mse,0.0001529156363871931,False
full_day,489->311,3222,20,bezier_nm,42.302942888985854,mse,0.26017901182568476,False
full_day,489->338,3222,20,bezier_pgd,0.004302085028029978,mse,0.0021896765323284645,False
full_day,489->338,3222,20,bezier_ipopt,20.386661089025438,mse,0.00017416110762297104,False
full_day,489->338,3222,20,bezier_nm,44.568116105976515,mse,0.18061369021770096,False
full_day,489->485,3222,20,bezier_pgd,0.004820705042220652,mse,0.009696989178658692,False
full_day,489->485,3222,20,bezier_ipopt,18.104403249977622,mse,0.0002306884252175396,False
full_day,489->485,3222,20,bezier_nm,41.81424258701736,mse,0.2689178825385056,False
full_day,49->449,3222,20,bezier_pgd,0.0027527500060386956,mse,1.2414692810248707e-05,False
full_day,49->449,3222,20,bezier_ipopt,10.835005928995088,mse,4.212009625860952e-06,False
full_day,49->449,3222,20,bezier_nm,64.29821980500128,mse,0.0003621315013490841,False
full_day,49->48,3222,20,bezier_pgd,0.0027602529735304415,mse,1.008322175686512e-05,False
full_day,49->48,3222,20,bezier_ipopt,24.12848261097679,mse,2.83632922166865e-06,False
full_day,49->48,3222,20,bezier_nm,63.8275289410376,mse,0.00027566705076312396,False
full_day,490->120,3222,20,bezier_pgd,0.004737706971354783,mse,0.009229086379067034,False
full_day,490->120,3222,20,bezier_ipopt,,mse,,True
full_day,490->120,3222,20,bezier_nm,43.41489199496573,mse,0.2662795426725651,False
full_day,490->207,3222,20,bezier_pgd,0.0057949519832618535,mse,0.006044505632418519,False
full_day,490->207,3222,20,bezier_ipopt,17.493114360026084,mse,0.00011412291330228698,False
full_day,490->207,3222,20,bezier_nm,42.768555567017756,mse,0.26789356879701753,False
full_day,490->286,3222,20,bezier_pgd,0.004396272997837514,mse,0.010931792250084456,False
full_day,490->286,3222,20,bezier_ipopt,26.449514668958727,mse,0.00010768992875865351,False
full_day,490->286,3222,20,bezier_nm,41.79426329198759,mse,0.2841155985312354,False
full_day,490->366,3222,20,bezier_pgd,0.005377196008339524,mse,0.005392041929245764,False
full_day,490->366,3222,20,bezier_ipopt,,mse,,True
full_day,490->366,3222,20,bezier_nm,43.38529915700201,mse,0.28334326708151486,False
full_day,491->219,3222,20,bezier_pgd,0.004840227018576115,mse,0.015424420145801398,False
full_day,491->219,3222,20,bezier_ipopt,16.83835270802956,mse,0.00026048303359793514,False
full_day,491->219,3222,20,bezier_nm,44.290936058037914,mse,0.2767093212049995,False
full_day,491->492,3222,20,bezier_pgd,0.0040688259759917855,mse,0.018515635526733267,False
full_day,491->492,3222,20,bezier_ipopt,25.730716946010944,mse,0.00020713756189573996,False
full_day,491->492,3222,20,bezier_nm,41.418881621037144,mse,0.3046708822406221,False
full_day,491->501,3222,20,bezier_pgd,0.004574831982608885,mse,0.0346768717493543,False
full_day,491->501,3222,20,bezier_ipopt,,mse,,True
full_day,491->501,3222,20,bezier_nm,42.705159467004705,mse,0.3546534817801114,False
full_day,491->503,3222,20,bezier_pgd,0.0046540419571101665,mse,0.0003811336300524047,False
full_day,491->503,3222,20,bezier_ipopt,16.876689506985713,mse,8.258204000230194e-05,False
full_day,491->503,3222,20,bezier_nm,42.588050796010066,mse,0.11823956496887227,False
full_day,492->17,3222,20,bezier_pgd,0.00422958197304979,mse,0.0037929696343347824,False
full_day,492->17,3222,20,bezier_ipopt,,mse,,True
full_day,492->17,3222,20,bezier_nm,43.50059853697894,mse,0.22437586614885316,False
full_day,492->491,3222,20,bezier_pgd,0.003533947980031371,mse,0.00035034871371237127,False
full_day,492->491,3222,20,bezier_ipopt,,mse,,True
full_day,492->491,3222,20,bezier_nm,67.83202285401057,mse,0.003063908273768429,False
full_day,492->501,3222,20,bezier_pgd,0.0049518109881319106,mse,0.011432339525102538,False
full_day,492->501,3222,20,bezier_ipopt,23.06188268295955,mse,0.00019261599278144897,False
full_day,492->501,3222,20,bezier_nm,42.05144331394695,mse,0.287148296530464,False
full_day,493->132,3222,20,bezier_pgd,0.004951776994857937,mse,0.018088642253317633,False
full_day,493->132,3222,20,bezier_ipopt,20.505331530992407,mse,0.00021578945406614634,False
full_day,493->132,3222,20,bezier_nm,42.24295292398892,mse,0.2882862629888221,False
full_day,493->394,3222,20,bezier_pgd,0.004148487001657486,mse,0.010228953114126445,False
full_day,493->394,3222,20,bezier_ipopt,22.650857798988,mse,0.00035782236318412057,False
full_day,493->394,3222,20,bezier_nm,42.139584474032745,mse,0.2983770763986772,False
full_day,493->413,3222,20,bezier_pgd,0.004154586989898235,mse,0.029329752836501844,False
full_day,493->413,3222,20,bezier_ipopt,28.37565825798083,mse,0.0012084955917925466,False
full_day,493->413,3222,20,bezier_nm,40.78795101697324,mse,0.3078411738379246,False
full_day,494->220,3222,20,bezier_pgd,0.0052327190060168505,mse,0.012586053744229423,False
full_day,494->220,3222,20,bezier_ipopt,,mse,,True
full_day,494->220,3222,20,bezier_nm,41.75206058402546,mse,0.27603781762761714,False
full_day,494->257,3222,20,bezier_pgd,0.005029842024669051,mse,0.013682781814816119,False
full_day,494->257,3222,20,bezier_ipopt,20.300611364014912,mse,0.0002279364706861564,False
full_day,494->257,3222,20,bezier_nm,43.30667878803797,mse,0.2774508642547823,False
full_day,494->268,3222,20,bezier_pgd,0.0030434689833782613,mse,0.00016312925484335207,False
full_day,494->268,3222,20,bezier_ipopt,23.389201276993845,mse,0.00012791814968228976,False
full_day,494->268,3222,20,bezier_nm,67.99038801901042,mse,0.0024642892854773754,False
full_day,494->371,3222,20,bezier_pgd,0.00540032604476437,mse,0.006728353605930248,False
full_day,494->371,3222,20,bezier_ipopt,26.356013589014765,mse,0.00015771066327599566,False
full_day,494->371,3222,20,bezier_nm,41.594237346958835,mse,0.2827125337274744,False
full_day,495->190,3222,20,bezier_pgd,0.005298597039654851,mse,0.018929535586592397,False
full_day,495->190,3222,20,bezier_ipopt,16.486953454033937,mse,0.0003333132983322871,False
full_day,495->190,3222,20,bezier_nm,43.90159042098094,mse,0.27765916649400785,False
full_day,495->226,3222,20,bezier_pgd,0.005348575010430068,mse,0.012994780749920748,False
full_day,495->226,3222,20,bezier_ipopt,17.118600109999534,mse,0.00036456098620958106,False
full_day,495->226,3222,20,bezier_nm,41.30517770501319,mse,0.2591180191046321,False
full_day,495->237,3222,20,bezier_pgd,0.0052437009871937335,mse,0.009179957459096628,False
full_day,495->237,3222,20,bezier_ipopt,20.525632017001044,mse,0.00021358732113422265,False
full_day,495->237,3222,20,bezier_nm,42.56460243999027,mse,0.28880825954268535,False
full_day,495->282,3222,20,bezier_pgd,0.006079496000893414,mse,0.0015947949489587608,False
full_day,495->282,3222,20,bezier_ipopt,,mse,,True
full_day,495->282,3222,20,bezier_nm,45.37978177896002,mse,0.17133148943836243,False
full_day,496->431,3222,20,bezier_pgd,0.0044426300446502864,mse,0.007592955866024654,False
full_day,496->431,3222,20,bezier_ipopt,,mse,,True
full_day,496->431,3222,20,bezier_nm,42.59963097295258,mse,0.24835625714031329,False
full_day,496->455,3222,20,bezier_pgd,0.004631547024473548,mse,0.01014591503156908,False
full_day,496->455,3222,20,bezier_ipopt,21.864382317988202,mse,0.00020704563896000447,False
full_day,496->455,3222,20,bezier_nm,42.88604624004802,mse,0.261323249413254,False
full_day,496->482,3222,20,bezier_pgd,0.005079091992229223,mse,0.0012104877637546191,False
full_day,496->482,3222,20,bezier_ipopt,17.451853610982653,mse,0.0001210604926963369,False
full_day,496->482,3222,20,bezier_nm,42.81430626602378,mse,0.23274835802997546,False
full_day,496->511,3222,20,bezier_pgd,0.004679645004216582,mse,0.01600946108489528,False
full_day,496->511,3222,20,bezier_ipopt,17.313403381034732,mse,0.00025116259697126813,False
full_day,496->511,3222,20,bezier_nm,43.533397694991436,mse,0.282547372414414,False
full_day,497->263,3222,20,bezier_pgd,0.004645144974347204,mse,0.0058052698713428,False
full_day,497->263,3222,20,bezier_ipopt,21.78591396601405,mse,0.00017987278359658812,False
full_day,497->263,3222,20,bezier_nm,43.568689420004375,mse,0.2581208027899567,False
full_day,497->287,3222,20,bezier_pgd,0.007427292002830654,mse,0.0008510474327569721,False
full_day,497->287,3222,20,bezier_ipopt,17.97559905902017,mse,0.0002604857019773508,False
full_day,497->287,3222,20,bezier_nm,44.28776687802747,mse,0.15786162562126455,False
full_day,497->431,3222,20,bezier_pgd,0.004744593985378742,mse,0.0010276703966514214,False
full_day,497->431,3222,20,bezier_ipopt,21.556473492004443,mse,9.991638709543354e-05,False
full_day,497->431,3222,20,bezier_nm,42.448985246010125,mse,0.23805478556346207,False
full_day,497->535,3222,20,bezier_pgd,0.005162567016668618,mse,0.009245437156054645,False
full_day,497->535,3222,20,bezier_ipopt,26.327424759976566,mse,0.00015313424157745474,False
full_day,497->535,3222,20,bezier_nm,44.89035291201435,mse,0.2768461486726811,False
full_day,498->148,3222,20,bezier_pgd,0.004088103014510125,mse,0.00043107189909500504,False
full_day,498->148,3222,20,bezier_ipopt,,mse,,True
full_day,498->148,3222,20,bezier_nm,45.56302732496988,mse,0.10171562294679036,False
full_day,498->236,3222,20,bezier_pgd,0.004388981033116579,mse,0.0006690959823530486,False
full_day,498->236,3222,20,bezier_ipopt,,mse,,True
full_day,498->236,3222,20,bezier_nm,45.026272663031705,mse,0.18173299260078726,False
full_day,498->257,3222,20,bezier_pgd,0.005381000984925777,mse,0.01843701421256591,False
full_day,498->257,3222,20,bezier_ipopt,20.55064069997752,mse,0.00023044071726833186,False
full_day,498->257,3222,20,bezier_nm,42.37836904497817,mse,0.28772924153565954,False
full_day,498->369,3222,20,bezier_pgd,0.004051052033901215,mse,0.0005602924088933221,False
full_day,498->369,3222,20,bezier_ipopt,,mse,,True
full_day,498->369,3222,20,bezier_nm,47.55439003300853,mse,0.12547097462363233,False
full_day,499->303,3222,20,bezier_pgd,0.005528670968487859,mse,0.007841121975751018,False
full_day,499->303,3222,20,bezier_ipopt,,mse,,True
full_day,499->303,3222,20,bezier_nm,44.44990275101736,mse,0.28727094057895175,False
full_day,499->360,3222,20,bezier_pgd,0.004346125992015004,mse,0.0006350171118788386,False
full_day,499->360,3222,20,bezier_ipopt,,mse,,True
full_day,499->360,3222,20,bezier_nm,44.57724775496172,mse,0.15816334640924948,False
full_day,499->362,3222,20,bezier_pgd,0.0059645879664458334,mse,0.005782902889341825,False
full_day,499->362,3222,20,bezier_ipopt,,mse,,True
full_day,499->362,3222,20,bezier_nm,42.8896007220028,mse,0.2712854084688233,False
full_day,499->9,3222,20,bezier_pgd,0.004224026983138174,mse,0.0031985613814793042,False
full_day,499->9,3222,20,bezier_ipopt,20.282912111957557,mse,0.00016496712676132162,False
full_day,499->9,3222,20,bezier_nm,42.79578553698957,mse,0.20044430701330512,False
full_day,5->106,3222,20,bezier_pgd,0.002805932017508894,mse,9.921118678713028e-06,False
full_day,5->106,3222,20,bezier_ipopt,13.089862113003619,mse,3.162144422996983e-06,False
full_day,5->106,3222,20,bezier_nm,63.12089616700541,mse,0.0003132917144778422,False
full_day,50->51,3222,20,bezier_pgd,0.002659388992469758,mse,1.0725034331417403e-05,False
full_day,50->51,3222,20,bezier_ipopt,10.951953119016252,mse,3.0235651215736714e-06,False
full_day,50->51,3222,20,bezier_nm,65.57438128301874,mse,0.0003525114752978177,False
full_day,50->55,3222,20,bezier_pgd,0.00298514700261876,mse,1.0937668417202916e-05,False
full_day,50->55,3222,20,bezier_ipopt,12.19254739297321,mse,3.9249451033250575e-06,False
full_day,50->55,3222,20,bezier_nm,63.97402827203041,mse,0.00031174165843516667,False
full_day,500->253,3222,20,bezier_pgd,0.004582439956720918,mse,0.008949139608391615,False
full_day,500->253,3222,20,bezier_ipopt,16.46710422297474,mse,0.00022115523083823322,False
full_day,500->253,3222,20,bezier_nm,42.625291077943984,mse,0.24617361720134115,False
full_day,500->304,3222,20,bezier_pgd,0.0046237060450948775,mse,0.009692404391729146,False
full_day,500->304,3222,20,bezier_ipopt,,mse,,True
full_day,500->304,3222,20,bezier_nm,44.18912965798518,mse,0.29181933151612205,False
full_day,500->309,3222,20,bezier_pgd,0.004291748977266252,mse,0.004546970184174267,False
full_day,500->309,3222,20,bezier_ipopt,22.467670478043146,mse,0.00019513745110329983,False
full_day,500->309,3222,20,bezier_nm,42.84475739102345,mse,0.2483448274885245,False
full_day,500->406,3222,20,bezier_pgd,0.004523127980064601,mse,0.007650204670390739,False
full_day,500->406,3222,20,bezier_ipopt,17.626208552042954,mse,0.0002423604262403079,False
full_day,500->406,3222,20,bezier_nm,43.917015211016405,mse,0.23817240901534453,False
full_day,501->256,3222,20,bezier_pgd,0.0044948639697395265,mse,0.0005879555462273605,False
full_day,501->256,3222,20,bezier_ipopt,17.11064589198213,mse,0.00016899144125927533,False
full_day,501->256,3222,20,bezier_nm,44.18850179098081,mse,0.16772325401243465,False
full_day,501->382,3222,20,bezier_pgd,0.005260085046757013,mse,0.017189614620730445,False
full_day,501->382,3222,20,bezier_ipopt,17.449192257015966,mse,0.00020920894478975758,False
full_day,501->382,3222,20,bezier_nm,42.65246925596148,mse,0.2694974957896399,False
full_day,501->491,3222,20,bezier_pgd,0.004855712002608925,mse,0.007919346877685881,False
full_day,501->491,3222,20,bezier_ipopt,22.4963541799807,mse,0.00013648506850578784,False
full_day,501->491,3222,20,bezier_nm,43.68039742595283,mse,0.24604667922967816,False
full_day,501->492,3222,20,bezier_pgd,0.004072242008987814,mse,0.0004189342055327219,False
full_day,501->492,3222,20,bezier_ipopt,,mse,,True
full_day,501->492,3222,20,bezier_nm,46.503427613002714,mse,0.13076953699409924,False
full_day,502->367,3222,20,bezier_pgd,0.00545144802890718,mse,0.011034021947959454,False
full_day,502->367,3222,20,bezier_ipopt,21.359927507990506,mse,0.00022536503821604255,False
full_day,502->367,3222,20,bezier_nm,41.64342403796036,mse,0.2590874155206417,False
full_day,502->379,3222,20,bezier_pgd,0.004720332974102348,mse,0.005546068126616043,False
full_day,502->379,3222,20,bezier_ipopt,19.067336980020627,mse,0.00015858161210859548,False
full_day,502->379,3222,20,bezier_nm,42.52662386704469,mse,0.26145429009156734,False
full_day,502->482,3222,20,bezier_pgd,0.005279609002172947,mse,0.0005004371905719233,False
full_day,502->482,3222,20,bezier_ipopt,20.10739390697563,mse,0.00010618769671752713,False
full_day,502->482,3222,20,bezier_nm,42.94136745901778,mse,0.2275370649562705,False
full_day,502->520,3222,20,bezier_pgd,0.004716249997727573,mse,0.0009544977854906792,False
full_day,502->520,3222,20,bezier_ipopt,20.168260841979645,mse,0.00011292464950244296,False
full_day,502->520,3222,20,bezier_nm,44.745422773004975,mse,0.2141339898392719,False
full_day,503->296,3222,20,bezier_pgd,0.004995309980586171,mse,0.006803853227518006,False
full_day,503->296,3222,20,bezier_ipopt,,mse,,True
full_day,503->296,3222,20,bezier_nm,43.29740507400129,mse,0.2808896030605373,False
full_day,503->395,3222,20,bezier_pgd,0.004304239002522081,mse,0.017457947397828574,False
full_day,503->395,3222,20,bezier_ipopt,,mse,,True
full_day,503->395,3222,20,bezier_nm,43.21924467099598,mse,0.30866148959606793,False
full_day,503->491,3222,20,bezier_pgd,0.005824115010909736,mse,0.005918990859159537,False
full_day,503->491,3222,20,bezier_ipopt,22.239904924994335,mse,0.00014625910654096763,False
full_day,503->491,3222,20,bezier_nm,43.55046428903006,mse,0.2765299266956319,False
full_day,503->512,3222,20,bezier_pgd,0.004616727004759014,mse,0.001480093434315237,False
full_day,503->512,3222,20,bezier_ipopt,,mse,,True
full_day,503->512,3222,20,bezier_nm,50.126828262000345,mse,0.1664079405509049,False
full_day,504->206,3222,20,bezier_pgd,0.004892944009043276,mse,0.0009542665636010046,False
full_day,504->206,3222,20,bezier_ipopt,21.902481560013257,mse,0.00015906381716311656,False
full_day,504->206,3222,20,bezier_nm,50.906899532012176,mse,0.19692481909514964,False
full_day,504->207,3222,20,bezier_pgd,0.006394980009645224,mse,0.004100539399521498,False
full_day,504->207,3222,20,bezier_ipopt,,mse,,True
full_day,504->207,3222,20,bezier_nm,53.745720179984346,mse,0.15329625659347715,False
full_day,504->343,3222,20,bezier_pgd,0.004237372020725161,mse,0.002704506566353957,False
full_day,504->343,3222,20,bezier_ipopt,,mse,,True
full_day,504->343,3222,20,bezier_nm,46.667431081004906,mse,0.17205450455927682,False
full_day,504->424,3222,20,bezier_pgd,0.004216661036480218,mse,0.008174340469477511,False
full_day,504->424,3222,20,bezier_ipopt,15.471885943959933,mse,0.00021244024234954684,False
full_day,504->424,3222,20,bezier_nm,43.18597952101845,mse,0.24414369230839614,False
full_day,505->263,3222,20,bezier_pgd,0.004271209007129073,mse,0.0031408904321894213,False
full_day,505->263,3222,20,bezier_ipopt,27.730727569025476,mse,0.0002729435331215534,False
full_day,505->263,3222,20,bezier_nm,49.857870226027444,mse,0.18847459683069143,False
full_day,505->407,3222,20,bezier_pgd,0.005353123997338116,mse,0.0006736948192258906,False
full_day,505->407,3222,20,bezier_ipopt,55.31326435302617,mse,0.00010848116395026337,False
full_day,505->407,3222,20,bezier_nm,43.721598620992154,mse,0.23295840335590826,False
full_day,505->488,3222,20,bezier_pgd,0.004252794024068862,mse,0.008367154519031531,False
full_day,505->488,3222,20,bezier_ipopt,,mse,,True
full_day,505->488,3222,20,bezier_nm,43.80118605704047,mse,0.2579631209764523,False
full_day,505->532,3222,20,bezier_pgd,0.005762863962445408,mse,0.0013570222734399576,False
full_day,505->532,3222,20,bezier_ipopt,21.21612004202325,mse,0.00013015645586921228,False
full_day,505->532,3222,20,bezier_nm,44.03680164401885,mse,0.21636526482431226,False
full_day,506->19,3222,20,bezier_pgd,0.004395031020976603,mse,0.011260968698034952,False
full_day,506->19,3222,20,bezier_ipopt,,mse,,True
full_day,506->19,3222,20,bezier_nm,43.46538295701612,mse,0.29925269694725265,False
full_day,506->296,3222,20,bezier_pgd,0.0053368170047178864,mse,0.00046407559319466173,False
full_day,506->296,3222,20,bezier_ipopt,20.409784957009833,mse,0.0001373118088331891,False
full_day,506->296,3222,20,bezier_nm,43.73098818497965,mse,0.15268128987902196,False
full_day,506->304,3222,20,bezier_pgd,0.004061791987624019,mse,0.0003593812654501628,False
full_day,506->304,3222,20,bezier_ipopt,20.143786850967444,mse,0.0001904102351987369,False
full_day,506->304,3222,20,bezier_nm,45.59618708898779,mse,0.14288525905508828,False
full_day,506->458,3222,20,bezier_pgd,0.004981889971531928,mse,0.019772995769284634,False
full_day,506->458,3222,20,bezier_ipopt,,mse,,True
full_day,506->458,3222,20,bezier_nm,43.7439886899665,mse,0.3100013887486461,False
full_day,507->150,3222,20,bezier_pgd,0.004063845961354673,mse,0.0018329484325909952,False
full_day,507->150,3222,20,bezier_ipopt,22.11018892901484,mse,0.00012008430786794423,False
full_day,507->150,3222,20,bezier_nm,44.5179066240089,mse,0.1956074712370037,False
full_day,507->302,3222,20,bezier_pgd,0.004283203044906259,mse,0.0018328693334823353,False
full_day,507->302,3222,20,bezier_ipopt,20.9453614790109,mse,0.00016031581349229044,False
full_day,507->302,3222,20,bezier_nm,44.35220793902408,mse,0.18811775451988674,False
full_day,507->404,3222,20,bezier_pgd,0.004271662037353963,mse,0.00158478469122581,False
full_day,507->404,3222,20,bezier_ipopt,,mse,,True
full_day,507->404,3222,20,bezier_nm,46.39403151301667,mse,0.1807999119331601,False
full_day,507->424,3222,20,bezier_pgd,0.0038877319893799722,mse,0.005646603958881804,False
full_day,507->424,3222,20,bezier_ipopt,26.40131692198338,mse,0.00016566741270588326,False
full_day,507->424,3222,20,bezier_nm,43.654098138038535,mse,0.21246630202354844,False
full_day,508->230,3222,20,bezier_pgd,0.004440663033165038,mse,0.07901647460284693,False
full_day,508->230,3222,20,bezier_ipopt,,mse,,True
full_day,508->230,3222,20,bezier_nm,42.23636169900419,mse,0.32930054254190466,False
full_day,508->428,3222,20,bezier_pgd,0.0029061129898764193,mse,0.042584648052796756,False
full_day,508->428,3222,20,bezier_ipopt,,mse,,True
full_day,508->428,3222,20,bezier_nm,44.03775344399037,mse,0.5649723182380185,False
full_day,508->442,3222,20,bezier_pgd,0.004265245981514454,mse,0.010218120011897267,False
full_day,508->442,3222,20,bezier_ipopt,,mse,,True
full_day,508->442,3222,20,bezier_nm,41.99273062299471,mse,0.299292109317495,False
full_day,508->446,3222,20,bezier_pgd,0.004214066953863949,mse,0.005729137039297749,False
full_day,508->446,3222,20,bezier_ipopt,16.839558153995313,mse,0.00017249670611881778,False
full_day,508->446,3222,20,bezier_nm,44.020267872023396,mse,0.2452740408837039,False
full_day,509->145,3222,20,bezier_pgd,0.0043567270040512085,mse,0.018796102536984945,False
full_day,509->145,3222,20,bezier_ipopt,16.533820968994405,mse,0.00018560171071749858,False
full_day,509->145,3222,20,bezier_nm,43.385746005980764,mse,0.30997479535071154,False
full_day,509->290,3222,20,bezier_pgd,0.004708553024102002,mse,0.009226482096682306,False
full_day,509->290,3222,20,bezier_ipopt,,mse,,True
full_day,509->290,3222,20,bezier_nm,42.812363846984226,mse,0.2863453817203823,False
full_day,509->315,3222,20,bezier_pgd,0.004847580974455923,mse,0.004303701342925553,False
full_day,509->315,3222,20,bezier_ipopt,18.180918518977705,mse,0.00014755115088322068,False
full_day,509->315,3222,20,bezier_nm,42.751357097993605,mse,0.22829621824681154,False
full_day,509->470,3222,20,bezier_pgd,0.004320160020142794,mse,0.007150671495231932,False
full_day,509->470,3222,20,bezier_ipopt,,mse,,True
full_day,509->470,3222,20,bezier_nm,43.37760483199963,mse,0.2916159409113264,False
full_day,51->241,3222,20,bezier_pgd,0.003562552039511502,mse,0.33470271073626945,False
full_day,51->241,3222,20,bezier_ipopt,14.006532929022796,mse,3.8633169731874225e-06,False
full_day,51->241,3222,20,bezier_nm,43.50740830996074,mse,0.785137559745166,False
full_day,51->50,3222,20,bezier_pgd,0.0031249680323526263,mse,9.060677516659037e-06,False
full_day,51->50,3222,20,bezier_ipopt,14.976954960031435,mse,2.4330368587749033e-06,False
full_day,51->50,3222,20,bezier_nm,65.31756015698193,mse,0.00032996873194241405,False
full_day,510->108,3222,20,bezier_pgd,0.0029067329596728086,mse,0.00023673768243184502,False
full_day,510->108,3222,20,bezier_ipopt,28.52829078398645,mse,0.00015349788156302538,False
full_day,510->108,3222,20,bezier_nm,67.04649171599885,mse,0.00123592395197018,False
full_day,510->141,3222,20,bezier_pgd,0.004212140047457069,mse,0.008121456331750966,False
full_day,510->141,3222,20,bezier_ipopt,15.930063962005079,mse,0.0001633278900433244,False
full_day,510->141,3222,20,bezier_nm,44.681278442032635,mse,0.19596262836138445,False
full_day,510->84,3222,20,bezier_pgd,0.006307641044259071,mse,0.013267078056016136,False
full_day,510->84,3222,20,bezier_ipopt,,mse,,True
full_day,510->84,3222,20,bezier_nm,43.440519454015885,mse,0.32897284783370295,False
full_day,511->129,3222,20,bezier_pgd,0.005340855976101011,mse,0.013675595459977125,False
full_day,511->129,3222,20,bezier_ipopt,20.948595035995822,mse,0.0002171319056867709,False
full_day,511->129,3222,20,bezier_nm,42.9228911770042,mse,0.2936960229416769,False
full_day,511->407,3222,20,bezier_pgd,0.0072890380397439,mse,0.014483684049614216,False
full_day,511->407,3222,20,bezier_ipopt,19.61771545303054,mse,0.00017245630140980136,False
full_day,511->407,3222,20,bezier_nm,42.34063684998546,mse,0.2718233252129901,False
full_day,511->482,3222,20,bezier_pgd,0.004156169015914202,mse,0.005167982772839537,False
full_day,511->482,3222,20,bezier_ipopt,17.214908288035076,mse,0.0002018282760553179,False
full_day,511->482,3222,20,bezier_nm,42.27024592098314,mse,0.23317552441101091,False
full_day,511->496,3222,20,bezier_pgd,0.004649122012779117,mse,0.0008399862859520507,False
full_day,511->496,3222,20,bezier_ipopt,,mse,,True
full_day,511->496,3222,20,bezier_nm,45.166455067985225,mse,0.12524422490494508,False
full_day,512->363,3222,20,bezier_pgd,0.004200327035505325,mse,0.004660637088619538,False
full_day,512->363,3222,20,bezier_ipopt,98.65302579500712,mse,0.25126994999989793,False
full_day,512->363,3222,20,bezier_nm,44.682594793033786,mse,0.21490160650744783,False
full_day,512->382,3222,20,bezier_pgd,0.004714025999419391,mse,0.0082172717897509,False
full_day,512->382,3222,20,bezier_ipopt,15.481374380993657,mse,0.00012265072868988778,False
full_day,512->382,3222,20,bezier_nm,43.389792364963796,mse,0.2743549291612462,False
full_day,512->406,3222,20,bezier_pgd,0.00551549403462559,mse,0.006425553929755921,False
full_day,512->406,3222,20,bezier_ipopt,,mse,,True
full_day,512->406,3222,20,bezier_nm,44.194416195037775,mse,0.2675963403431348,False
full_day,512->503,3222,20,bezier_pgd,0.0041397769819013774,mse,0.013550772133141056,False
full_day,512->503,3222,20,bezier_ipopt,21.546534084016457,mse,0.00011644676600060538,False
full_day,512->503,3222,20,bezier_nm,41.58078913902864,mse,0.30318652770558435,False
full_day,513->179,3222,20,bezier_pgd,0.004183565964922309,mse,0.0007925817493305943,False
full_day,513->179,3222,20,bezier_ipopt,,mse,,True
full_day,513->179,3222,20,bezier_nm,45.70247599197319,mse,0.16339560131601055,False
full_day,513->188,3222,20,bezier_pgd,0.004717016010545194,mse,0.014997732472753607,False
full_day,513->188,3222,20,bezier_ipopt,,mse,,True
full_day,513->188,3222,20,bezier_nm,43.66651239100611,mse,0.3018552287903199,False
full_day,513->365,3222,20,bezier_pgd,0.004512074985541403,mse,0.006016072776987812,False
full_day,513->365,3222,20,bezier_ipopt,,mse,,True
full_day,513->365,3222,20,bezier_nm,43.58545742300339,mse,0.2728775540543289,False
full_day,513->479,3222,20,bezier_pgd,0.004710557986982167,mse,0.003636669592892231,False
full_day,513->479,3222,20,bezier_ipopt,,mse,,True
full_day,513->479,3222,20,bezier_nm,45.899464905960485,mse,0.2020297539993085,False
full_day,514->187,3222,20,bezier_pgd,0.003961038019042462,mse,0.0048135863262539,False
full_day,514->187,3222,20,bezier_ipopt,21.965514182986226,mse,0.00026447032567117123,False
full_day,514->187,3222,20,bezier_nm,43.83468945196364,mse,0.18802550133120283,False
full_day,514->303,3222,20,bezier_pgd,0.004425307037308812,mse,0.007761216146030923,False
full_day,514->303,3222,20,bezier_ipopt,,mse,,True
full_day,514->303,3222,20,bezier_nm,42.37369954603491,mse,0.2639168033221683,False
full_day,514->342,3222,20,bezier_pgd,0.004406591004226357,mse,0.005064692822637975,False
full_day,514->342,3222,20,bezier_ipopt,25.66429311601678,mse,0.000259345125773465,False
full_day,514->342,3222,20,bezier_nm,45.63108054699842,mse,0.21260284318899636,False
full_day,514->366,3222,20,bezier_pgd,0.00482891796855256,mse,0.003954088062191031,False
full_day,514->366,3222,20,bezier_ipopt,64.86981442698743,mse,0.00014444407746604947,False
full_day,514->366,3222,20,bezier_nm,42.24198897299357,mse,0.25424689727803057,False
full_day,515->372,3222,20,bezier_pgd,0.0029975679935887456,mse,1.1337326758010483e-05,False
full_day,515->372,3222,20,bezier_ipopt,13.534800339024514,mse,2.938575858817647e-06,False
full_day,515->372,3222,20,bezier_nm,68.94120724598179,mse,0.0001690088331112299,False
full_day,515->445,3222,20,bezier_pgd,0.004809756006579846,mse,0.010791364221831566,False
full_day,515->445,3222,20,bezier_ipopt,19.909100323042367,mse,0.0001537696989260133,False
full_day,515->445,3222,20,bezier_nm,44.85386453499086,mse,0.2785885565495204,False
full_day,515->528,3222,20,bezier_pgd,0.004237561021000147,mse,0.013673628550069504,False
full_day,515->528,3222,20,bezier_ipopt,,mse,,True
full_day,515->528,3222,20,bezier_nm,42.351395406003576,mse,0.2765816896579967,False
full_day,515->6,3222,20,bezier_pgd,0.00457022397313267,mse,0.005196898547264208,False
full_day,515->6,3222,20,bezier_ipopt,17.826797162997536,mse,0.0001102049312420185,False
full_day,515->6,3222,20,bezier_nm,44.50461096200161,mse,0.1745710747375887,False
full_day,516->15,3222,20,bezier_pgd,0.004028142022434622,mse,0.06854957191258616,False
full_day,516->15,3222,20,bezier_ipopt,,mse,,True
full_day,516->15,3222,20,bezier_nm,42.75501524901483,mse,0.36115398180285296,False
full_day,516->22,3222,20,bezier_pgd,0.0044835779699496925,mse,0.12690795601707833,False
full_day,516->22,3222,20,bezier_ipopt,14.846788774011657,mse,4.00078512336395e-05,False
full_day,516->22,3222,20,bezier_nm,41.886652900022455,mse,0.410587741800708,False
full_day,516->536,6444,20,bezier_pgd,0.00721927999984473,mse,0.03857168068590699,False
full_day,516->536,6444,20,bezier_ipopt,,mse,,True
full_day,516->536,6444,20,bezier_nm,88.21314720698865,mse,0.4134580753163504,False
full_day,517->11,3222,20,bezier_pgd,0.004641929001081735,mse,0.0003960172652539158,False
full_day,517->11,3222,20,bezier_ipopt,22.500108780979645,mse,0.0001585405067266275,False
full_day,517->11,3222,20,bezier_nm,44.834019865025766,mse,0.14404547698150988,False
full_day,517->136,3222,20,bezier_pgd,0.005657210014760494,mse,0.014823882020856667,False
full_day,517->136,3222,20,bezier_ipopt,,mse,,True
full_day,517->136,3222,20,bezier_nm,44.185085124045145,mse,0.2745454945543575,False
full_day,517->164,3222,20,bezier_pgd,0.004800554015673697,mse,0.007012105322495726,False
full_day,517->164,3222,20,bezier_ipopt,16.749507547996473,mse,0.0001771296370090162,False
full_day,517->164,3222,20,bezier_nm,41.9424739999813,mse,0.2571188720139228,False
full_day,517->175,3222,20,bezier_pgd,0.005289150984026492,mse,0.012616096185485436,False
full_day,517->175,3222,20,bezier_ipopt,,mse,,True
full_day,517->175,3222,20,bezier_nm,43.60870697902283,mse,0.2727684554177035,False
full_day,517->305,3222,20,bezier_pgd,0.004193584027234465,mse,0.0008313445916574218,False
full_day,517->305,3222,20,bezier_ipopt,24.35978818498552,mse,0.00025744991499220747,False
full_day,517->305,3222,20,bezier_nm,44.74764292303007,mse,0.12932298491127045,False
full_day,517->350,3222,20,bezier_pgd,0.005012292007450014,mse,0.016410613714424108,False
full_day,517->350,3222,20,bezier_ipopt,17.793793145974632,mse,0.0002878096963396019,False
full_day,517->350,3222,20,bezier_nm,44.66002149198903,mse,0.27410556605741415,False
full_day,518->525,3222,20,bezier_pgd,0.004393841023556888,mse,0.005863632096523186,False
full_day,518->525,3222,20,bezier_ipopt,17.78028040600475,mse,4.204376190831635e-05,False
full_day,518->525,3222,20,bezier_nm,42.77847883902723,mse,0.23283206963266215,False
full_day,518->527,6444,20,bezier_pgd,0.007847267028409988,mse,0.003889965379603635,False
full_day,518->527,6444,20,bezier_ipopt,,mse,,True
full_day,518->527,6444,20,bezier_nm,86.14462571195327,mse,0.2490913407849514,False
full_day,518->6,3222,20,bezier_pgd,0.004185686993878335,mse,0.01159903491219105,False
full_day,518->6,3222,20,bezier_ipopt,16.465654317988083,mse,5.9190214157766994e-05,False
full_day,518->6,3222,20,bezier_nm,42.17775256099412,mse,0.2604652206025115,False
full_day,519->483,3222,20,bezier_pgd,0.0036211140104569495,mse,0.05065489885615659,False
full_day,519->483,3222,20,bezier_ipopt,,mse,,True
full_day,519->483,3222,20,bezier_nm,43.55744749301812,mse,0.466419335899233,False
full_day,519->523,3222,20,bezier_pgd,0.005031313979998231,mse,0.004650569587155452,False
full_day,519->523,3222,20,bezier_ipopt,,mse,,True
full_day,519->523,3222,20,bezier_nm,44.10177295602625,mse,0.19506296475028792,False
full_day,519->530,3222,20,bezier_pgd,0.003756856021936983,mse,0.02409465876341618,False
full_day,519->530,3222,20,bezier_ipopt,16.197359389043413,mse,1.0394598047108042e-05,False
full_day,519->530,3222,20,bezier_nm,42.94697232596809,mse,0.4094905417899734,False
full_day,52->53,3222,20,bezier_pgd,0.0028420659946277738,mse,1.0167223298949046e-05,False
full_day,52->53,3222,20,bezier_ipopt,10.324047835019883,mse,3.506782484620473e-06,False
full_day,52->53,3222,20,bezier_nm,65.58141499600606,mse,0.000307251920893767,False
full_day,52->54,3222,20,bezier_pgd,0.002732470049522817,mse,1.3276521124059557e-05,False
full_day,52->54,3222,20,bezier_ipopt,17.775480826967396,mse,3.1689046552536642e-06,False
full_day,52->54,3222,20,bezier_nm,65.03277297096793,mse,0.0003810612153657853,False
full_day,520->214,3222,20,bezier_pgd,0.004713270987849683,mse,0.004289962155734767,False
full_day,520->214,3222,20,bezier_ipopt,44.489015671017114,mse,0.0001806767463540158,False
full_day,520->214,3222,20,bezier_nm,42.21866238198709,mse,0.24383387521822808,False
full_day,520->250,3222,20,bezier_pgd,0.00451431202236563,mse,0.017717244063743816,False
full_day,520->250,3222,20,bezier_ipopt,,mse,,True
full_day,520->250,3222,20,bezier_nm,42.7331160850008,mse,0.30672441971181236,False
full_day,520->482,3222,20,bezier_pgd,0.004405753978062421,mse,0.009851279460717653,False
full_day,520->482,3222,20,bezier_ipopt,21.577437757048756,mse,0.0002551093457976982,False
full_day,520->482,3222,20,bezier_nm,42.687665569013916,mse,0.24897073966384625,False
full_day,520->502,3222,20,bezier_pgd,0.0051073929644189775,mse,0.01578818354238196,False
full_day,520->502,3222,20,bezier_ipopt,22.378878904040903,mse,0.00024569100109960655,False
full_day,520->502,3222,20,bezier_nm,43.80162664101226,mse,0.284388206747872,False
full_day,521->175,3222,20,bezier_pgd,0.0057237810106016695,mse,0.01357824915074438,False
full_day,521->175,3222,20,bezier_ipopt,20.625987759034615,mse,0.00019818807559354257,False
full_day,521->175,3222,20,bezier_nm,43.4238577230135,mse,0.2783836566581762,False
full_day,521->246,3222,20,bezier_pgd,0.005223799031227827,mse,0.012411255660510469,False
full_day,521->246,3222,20,bezier_ipopt,13.587658722011838,mse,0.00017436871813433517,False
full_day,521->246,3222,20,bezier_nm,42.947586869006045,mse,0.2733746103002901,False
full_day,521->400,3222,20,bezier_pgd,0.004272046033293009,mse,0.0003263448600303453,False
full_day,521->400,3222,20,bezier_ipopt,16.44901481200941,mse,6.12604424899887e-05,False
full_day,521->400,3222,20,bezier_nm,45.363186141010374,mse,0.09581104593224063,False
full_day,522->210,3222,20,bezier_pgd,0.004426906991284341,mse,0.018344424944899688,False
full_day,522->210,3222,20,bezier_ipopt,,mse,,True
full_day,522->210,3222,20,bezier_nm,42.76379133597948,mse,0.29979065487394924,False
full_day,522->266,3222,20,bezier_pgd,0.0037483620108105242,mse,0.0004914093695629634,False
full_day,522->266,3222,20,bezier_ipopt,18.347180229029618,mse,0.0001950590182284974,False
full_day,522->266,3222,20,bezier_nm,43.109942453040276,mse,0.06589959730599032,False
full_day,522->344,3222,20,bezier_pgd,0.005650116014294326,mse,0.010843899985429194,False
full_day,522->344,3222,20,bezier_ipopt,21.101509170024656,mse,0.0001665225921140631,False
full_day,522->344,3222,20,bezier_nm,42.4528216960025,mse,0.27926380004019863,False
full_day,522->354,3222,20,bezier_pgd,0.004960724036209285,mse,0.013544803723045805,False
full_day,522->354,3222,20,bezier_ipopt,16.29944918997353,mse,0.00020846670329684026,False
full_day,522->354,3222,20,bezier_nm,45.24215994699625,mse,0.2658518406017974,False
full_day,523->461,3222,20,bezier_pgd,0.005826340988278389,mse,0.013599241791442679,False
full_day,523->461,3222,20,bezier_ipopt,,mse,,True
full_day,523->461,3222,20,bezier_nm,42.99735778197646,mse,0.29321896607696496,False
full_day,523->519,3222,20,bezier_pgd,0.0034578900085762143,mse,0.03962672041565924,False
full_day,523->519,3222,20,bezier_ipopt,,mse,,True
full_day,523->519,3222,20,bezier_nm,45.92119911505142,mse,0.4818358136284784,False
full_day,523->526,3222,20,bezier_pgd,0.004200399969704449,mse,0.013338316579475535,False
full_day,523->526,3222,20,bezier_ipopt,17.890711348038167,mse,2.4904624163682376e-05,False
full_day,523->526,3222,20,bezier_nm,43.29158707597526,mse,0.26040028595555287,False
full_day,523->530,3222,20,bezier_pgd,0.0043094209977425635,mse,0.014427254208436208,False
full_day,523->530,3222,20,bezier_ipopt,,mse,,True
full_day,523->530,3222,20,bezier_nm,43.19462274201214,mse,0.2899617457904718,False
full_day,524->100,3222,20,bezier_pgd,0.0030137650319375098,mse,1.2319279814843025e-05,False
full_day,524->100,3222,20,bezier_ipopt,18.307239532994572,mse,2.7610583393459273e-06,False
full_day,524->100,3222,20,bezier_nm,65.14643918297952,mse,0.0004206594551943437,False
full_day,524->189,3222,20,bezier_pgd,0.005012772977352142,mse,0.017763188165865397,False
full_day,524->189,3222,20,bezier_ipopt,19.23471603897633,mse,0.0002508005511199745,False
full_day,524->189,3222,20,bezier_nm,45.03383140999358,mse,0.268630880535388,False
full_day,524->457,3222,20,bezier_pgd,0.002803938987199217,mse,1.1567927527342615e-05,False
full_day,524->457,3222,20,bezier_ipopt,13.851576863962691,mse,2.671279321061915e-06,False
full_day,524->457,3222,20,bezier_nm,64.12220077001257,mse,0.0004810930566110067,False
full_day,524->481,3222,20,bezier_pgd,0.0045263320207595825,mse,0.003934374157338813,False
full_day,524->481,3222,20,bezier_ipopt,16.20990418299334,mse,0.00017865447756511055,False
full_day,524->481,3222,20,bezier_nm,41.870793127978686,mse,0.24594867668283207,False
full_day,525->437,3222,20,bezier_pgd,0.00497959298081696,mse,0.0048683793281602385,False
full_day,525->437,3222,20,bezier_ipopt,,mse,,True
full_day,525->437,3222,20,bezier_nm,45.46249522198923,mse,0.2380843379312944,False
full_day,525->477,3222,20,bezier_pgd,0.00423087301896885,mse,0.008610608771428073,False
full_day,525->477,3222,20,bezier_ipopt,24.75566698698094,mse,0.00027264415145355055,False
full_day,525->477,3222,20,bezier_nm,43.29079836799065,mse,0.2513525769069751,False
full_day,525->518,3222,20,bezier_pgd,0.004250969970598817,mse,0.009214125018040734,False
full_day,525->518,3222,20,bezier_ipopt,19.210065863037016,mse,6.88633490427444e-05,False
full_day,525->518,3222,20,bezier_nm,42.48333498399006,mse,0.24812667517456802,False
full_day,525->537,3222,20,bezier_pgd,0.004271286015864462,mse,0.005863632096523189,False
full_day,525->537,3222,20,bezier_ipopt,19.02765762596391,mse,4.204375178085273e-05,False
full_day,525->537,3222,20,bezier_nm,42.69773531897226,mse,0.23310106039720258,False
full_day,526->20,3222,20,bezier_pgd,0.00457224395358935,mse,0.0025426989016033032,False
full_day,526->20,3222,20,bezier_ipopt,26.097419051046018,mse,0.00023551484157971066,False
full_day,526->20,3222,20,bezier_nm,43.5397015879862,mse,0.21720843660165062,False
full_day,526->483,3222,20,bezier_pgd,0.0045376470079645514,mse,0.0035537759683762064,False
full_day,526->483,3222,20,bezier_ipopt,,mse,,True
full_day,526->483,3222,20,bezier_nm,43.16638527199393,mse,0.2108072030483156,False
full_day,526->523,6444,20,bezier_pgd,0.008160430006682873,mse,0.003889965379603661,False
full_day,526->523,6444,20,bezier_ipopt,41.53678212797968,mse,0.00019683265481123418,False
full_day,526->523,6444,20,bezier_nm,86.79354779596906,mse,0.25074452570590106,False
full_day,526->527,3222,20,bezier_pgd,0.004172760993242264,mse,0.013338316579475576,False
full_day,526->527,3222,20,bezier_ipopt,17.408712866948918,mse,2.4904626218519796e-05,False
full_day,526->527,3222,20,bezier_nm,42.61654340400128,mse,0.2604002859555531,False
full_day,527->25,3222,20,bezier_pgd,0.004421358986292034,mse,0.010023171431269278,False
full_day,527->25,3222,20,bezier_ipopt,19.92166624701349,mse,8.894841581778232e-05,False
full_day,527->25,3222,20,bezier_nm,42.397461926040705,mse,0.27763420463348476,False
full_day,527->477,3222,20,bezier_pgd,0.0048916510422714055,mse,0.001570249382113978,False
full_day,527->477,3222,20,bezier_ipopt,,mse,,True
full_day,527->477,3222,20,bezier_nm,45.40076810802566,mse,0.20959812268750203,False
full_day,527->518,3222,20,bezier_pgd,0.004143281024880707,mse,0.01333831657947555,False
full_day,527->518,3222,20,bezier_ipopt,17.391837190953083,mse,2.4904605669387877e-05,False
full_day,527->518,3222,20,bezier_nm,43.149766465998255,mse,0.2624970330540922,False
full_day,527->526,6444,20,bezier_pgd,0.007405732001643628,mse,0.003889965379603644,False
full_day,527->526,6444,20,bezier_ipopt,38.71900847699726,mse,0.00019683270839505974,False
full_day,527->526,6444,20,bezier_nm,87.03465073899133,mse,0.2507445257059014,False
full_day,528->24,3222,20,bezier_pgd,0.010203291953075677,mse,0.0031216857878538637,False
full_day,528->24,3222,20,bezier_ipopt,,mse,,True
full_day,528->24,3222,20,bezier_nm,43.4944116200204,mse,0.26835706965453754,False
full_day,528->25,3222,20,bezier_pgd,0.006110162008553743,mse,0.0015702493821139808,False
full_day,528->25,3222,20,bezier_ipopt,,mse,,True
full_day,528->25,3222,20,bezier_nm,45.95346618600888,mse,0.20938377279122508,False
full_day,528->438,3222,20,bezier_pgd,0.002822981041390449,mse,8.790336781413332e-06,False
full_day,528->438,3222,20,bezier_ipopt,12.54456307500368,mse,2.002212185350664e-06,False
full_day,528->438,3222,20,bezier_nm,68.82336972403573,mse,9.805755445893781e-05,False
full_day,528->445,3222,20,bezier_pgd,0.004347665992099792,mse,0.002508282910626947,False
full_day,528->445,3222,20,bezier_ipopt,15.5124095689971,mse,0.00023069529271494804,False
full_day,528->445,3222,20,bezier_nm,43.80126325599849,mse,0.22942069286964437,False
full_day,528->515,3222,20,bezier_pgd,0.007704980962444097,mse,0.015148966728940673,False
full_day,528->515,3222,20,bezier_ipopt,,mse,,True
full_day,528->515,3222,20,bezier_nm,44.98682900797576,mse,0.3438357161879226,False
full_day,529->160,3222,20,bezier_pgd,0.005373903957661241,mse,0.009083866623708742,False
full_day,529->160,3222,20,bezier_ipopt,21.727646505984012,mse,0.00016023016530421322,False
full_day,529->160,3222,20,bezier_nm,43.46670686302241,mse,0.2714905775861368,False
full_day,529->403,3222,20,bezier_pgd,0.005065483041107655,mse,0.01725183897844293,False
full_day,529->403,3222,20,bezier_ipopt,15.76181557396194,mse,0.0001804244844828928,False
full_day,529->403,3222,20,bezier_nm,44.482517907978036,mse,0.29079122531576257,False
full_day,529->412,3222,20,bezier_pgd,0.004352902993559837,mse,0.0035858031282566343,False
full_day,529->412,3222,20,bezier_ipopt,,mse,,True
full_day,529->412,3222,20,bezier_nm,44.73368969699368,mse,0.23140937785740345,False
full_day,529->419,3222,20,bezier_pgd,0.004696914984378964,mse,0.008344681892768198,False
full_day,529->419,3222,20,bezier_ipopt,17.49351304100128,mse,0.00018194923361958338,False
full_day,529->419,3222,20,bezier_nm,43.81408558099065,mse,0.07745356805600517,False
full_day,529->44,3222,20,bezier_pgd,0.004298123996704817,mse,0.0011724567126672975,False
full_day,529->44,3222,20,bezier_ipopt,24.150356654950883,mse,0.00048301929787416745,False
full_day,529->44,3222,20,bezier_nm,43.75300253700698,mse,0.03279448139385692,False
full_day,53->52,3222,20,bezier_pgd,0.002783403033390641,mse,1.2617384075625158e-05,False
full_day,53->52,3222,20,bezier_ipopt,13.100990539009217,mse,4.4576086986693546e-06,False
full_day,53->52,3222,20,bezier_nm,64.65239418396959,mse,0.00036152985978590466,False
full_day,53->56,3222,20,bezier_pgd,0.0026578789693303406,mse,1.125908366252454e-05,False
full_day,53->56,3222,20,bezier_ipopt,12.723036337993108,mse,5.13216994338079e-06,False
full_day,53->56,3222,20,bezier_nm,67.93495256802998,mse,0.000257772023136344,False
full_day,530->443,3222,20,bezier_pgd,0.0036576850106939673,mse,0.018758472948633198,False
full_day,530->443,3222,20,bezier_ipopt,,mse,,True
full_day,530->443,3222,20,bezier_nm,41.52214773604646,mse,0.04192499377995724,False
full_day,530->523,3222,20,bezier_pgd,0.004364820022601634,mse,0.0011175324948075915,False
full_day,530->523,3222,20,bezier_ipopt,16.965302256983705,mse,0.0001157139922773022,False
full_day,530->523,3222,20,bezier_nm,45.197481092007365,mse,0.19981330115184337,False
full_day,530->533,6444,20,bezier_pgd,0.010836503992322832,mse,0.003758911462005675,False
full_day,530->533,6444,20,bezier_ipopt,40.731855320045725,mse,8.869836668179209e-05,False
full_day,530->533,6444,20,bezier_nm,84.84283794200746,mse,0.2744492894004995,False
full_day,531->113,3222,20,bezier_pgd,0.0032274750410579145,mse,8.628734815346782e-06,False
full_day,531->113,3222,20,bezier_ipopt,11.789303330006078,mse,3.1977079450706695e-06,False
full_day,531->113,3222,20,bezier_nm,67.11250576196471,mse,7.517338027889863e-05,False
full_day,531->483,3222,20,bezier_pgd,0.005070006009191275,mse,0.0010257472124381277,False
full_day,531->483,3222,20,bezier_ipopt,18.442768159031402,mse,0.00021833760129421443,False
full_day,531->483,3222,20,bezier_nm,42.83469641499687,mse,0.21628600853856828,False
full_day,531->488,3222,20,bezier_pgd,0.004447779036127031,mse,0.0008798892695906463,False
full_day,531->488,3222,20,bezier_ipopt,,mse,,True
full_day,531->488,3222,20,bezier_nm,45.5507295409916,mse,0.1519801428987062,False
full_day,531->534,6444,20,bezier_pgd,0.007528763031587005,mse,0.015600112504005212,False
full_day,531->534,6444,20,bezier_ipopt,,mse,,True
full_day,531->534,6444,20,bezier_nm,89.76525455398951,mse,0.257050042408745,False
full_day,532->113,3222,20,bezier_pgd,0.00293018197407946,mse,1.2128531098227233e-05,False
full_day,532->113,3222,20,bezier_ipopt,11.899991936981678,mse,3.830329964118423e-06,False
full_day,532->113,3222,20,bezier_nm,63.97937302698847,mse,0.0004574796932732027,False
full_day,532->13,3222,20,bezier_pgd,0.005614378023892641,mse,0.014525900668829084,False
full_day,532->13,3222,20,bezier_ipopt,,mse,,True
full_day,532->13,3222,20,bezier_nm,43.51877753000008,mse,0.2757829283000109,False
full_day,532->407,3222,20,bezier_pgd,0.0057640899904072285,mse,0.0008298425513794768,False
full_day,532->407,3222,20,bezier_ipopt,21.808556252042763,mse,0.00034373946273666504,False
full_day,532->407,3222,20,bezier_nm,44.34762351302197,mse,0.14979661869242958,False
full_day,532->505,3222,20,bezier_pgd,0.004471432999707758,mse,0.006048602684366553,False
full_day,532->505,3222,20,bezier_ipopt,22.144459035014734,mse,0.0002465127984632708,False
full_day,532->505,3222,20,bezier_nm,43.9409704169957,mse,0.2403804874790561,False
full_day,532->533,3222,20,bezier_pgd,0.0042516590328887105,mse,0.0017142779079479962,False
full_day,532->533,3222,20,bezier_ipopt,17.74182539602043,mse,0.0002545569211598718,False
full_day,532->533,3222,20,bezier_nm,45.10745242598932,mse,0.20409110021674548,False
full_day,533->387,3222,20,bezier_pgd,0.003948013007175177,mse,0.009475281609421857,False
full_day,533->387,3222,20,bezier_ipopt,20.247821535973344,mse,0.0003207285842839701,False
full_day,533->387,3222,20,bezier_nm,43.38262699905317,mse,0.2534236289932733,False
full_day,533->412,6444,20,bezier_pgd,0.007877930998802185,mse,0.0010167106663260407,False
full_day,533->412,6444,20,bezier_ipopt,39.310297274030745,mse,0.00015372468969348428,False
full_day,533->412,6444,20,bezier_nm,88.65860487299506,mse,0.1960092406722345,False
full_day,533->530,6444,20,bezier_pgd,0.00647875398863107,mse,0.02465808136751983,False
full_day,533->530,6444,20,bezier_ipopt,,mse,,True
full_day,533->530,6444,20,bezier_nm,87.98969511600444,mse,0.3420987952993526,False
full_day,533->532,3222,20,bezier_pgd,0.004359610960818827,mse,0.0008671249685167136,False
full_day,533->532,3222,20,bezier_ipopt,21.79235308698844,mse,0.00017585628027417383,False
full_day,533->532,3222,20,bezier_nm,42.61489831603831,mse,0.1554915560028081,False
full_day,534->21,3222,20,bezier_pgd,0.004271727986633778,mse,0.004640563774029082,False
full_day,534->21,3222,20,bezier_ipopt,14.5532744419761,mse,0.0002747759942710018,False
full_day,534->21,3222,20,bezier_nm,42.67594489996554,mse,0.23167469391955614,False
full_day,534->477,3222,20,bezier_pgd,0.004258666012901813,mse,0.0005779660670616147,False
full_day,534->477,3222,20,bezier_ipopt,22.81417071900796,mse,0.00014577929646474039,False
full_day,534->477,3222,20,bezier_nm,43.19192001404008,mse,0.19033461292072354,False
full_day,534->531,6444,20,bezier_pgd,0.00793415296357125,mse,0.0035090799419508793,False
full_day,534->531,6444,20,bezier_ipopt,36.9388772000093,mse,0.00017366829130446775,False
full_day,534->531,6444,20,bezier_nm,86.16581498499727,mse,0.21075454501019353,False
full_day,534->537,6444,20,bezier_pgd,0.008644899004139006,mse,0.0035207453111785894,False
full_day,534->537,6444,20,bezier_ipopt,45.22575212997617,mse,0.00018217638680384903,False
full_day,534->537,6444,20,bezier_nm,84.77401143999305,mse,0.21178561947844962,False
full_day,535->212,3222,20,bezier_pgd,0.005137027008458972,mse,0.0174475104191781,False
full_day,535->212,3222,20,bezier_ipopt,20.689640505996067,mse,0.0002598150714999534,False
full_day,535->212,3222,20,bezier_nm,42.434704568993766,mse,0.2677407798738128,False
full_day,535->441,3222,20,bezier_pgd,0.003561354009434581,mse,0.01714392103789679,False
full_day,535->441,3222,20,bezier_ipopt,39.07101099402644,mse,0.0001539636487256234,False
full_day,535->441,3222,20,bezier_nm,45.9697816830012,mse,0.3392273824502122,False
full_day,535->497,3222,20,bezier_pgd,0.005279854987747967,mse,0.008435423458521933,False
full_day,535->497,3222,20,bezier_ipopt,20.567947864998132,mse,0.0001774721779073034,False
full_day,535->497,3222,20,bezier_nm,42.118394971999805,mse,0.276814318248456,False
full_day,536->23,3222,20,bezier_pgd,0.003993918013293296,mse,0.006367029404568975,False
full_day,536->23,3222,20,bezier_ipopt,20.180244365008548,mse,0.00026825399475774095,False
full_day,536->23,3222,20,bezier_nm,42.80362015898572,mse,0.25118328443025684,False
full_day,536->437,3222,20,bezier_pgd,0.0038514190237037838,mse,0.0005766681571348039,False
full_day,536->437,3222,20,bezier_ipopt,28.98160875198664,mse,0.00015767560726565882,False
full_day,536->437,3222,20,bezier_nm,45.20733405801002,mse,0.09611161773932828,False
full_day,536->516,6444,20,bezier_pgd,0.006240179005544633,mse,0.01197133504680339,False
full_day,536->516,6444,20,bezier_ipopt,,mse,,True
full_day,536->516,6444,20,bezier_nm,93.62632616597693,mse,0.19189432652428948,False
full_day,536->537,6444,20,bezier_pgd,0.00768504902953282,mse,0.0030277321452757146,False
full_day,536->537,6444,20,bezier_ipopt,48.57823953597108,mse,0.00017674125567909352,False
full_day,536->537,6444,20,bezier_nm,85.1846528989845,mse,0.20256900117444546,False
full_day,537->435,3222,20,bezier_pgd,0.004161302000284195,mse,0.005682780985777086,False
full_day,537->435,3222,20,bezier_ipopt,17.81437915598508,mse,0.000162335933765396,False
full_day,537->435,3222,20,bezier_nm,42.674367959960364,mse,0.23008343013950133,False
full_day,537->525,3222,20,bezier_pgd,0.004387759021483362,mse,0.009214125018040724,False
full_day,537->525,3222,20,bezier_ipopt,18.54544028401142,mse,6.893978423914065e-05,False
full_day,537->525,3222,20,bezier_nm,42.712763763032854,mse,0.24667924674039549,False
full_day,537->534,6444,20,bezier_pgd,0.008451650966890156,mse,0.0015211141260676332,False
full_day,537->534,6444,20,bezier_ipopt,38.98843900102656,mse,0.0002311303585107054,False
full_day,537->534,6444,20,bezier_nm,86.94195399200544,mse,0.20736937473350373,False
full_day,537->536,6444,20,bezier_pgd,0.007883306010626256,mse,0.0021644117747372463,False
full_day,537->536,6444,20,bezier_ipopt,45.88079931499669,mse,0.00020111833413313977,False
full_day,537->536,6444,20,bezier_nm,84.39754737104522,mse,0.22734114537139427,False
full_day,54->52,3222,20,bezier_pgd,0.0027100349543616176,mse,7.379546275216948e-06,False
full_day,54->52,3222,20,bezier_ipopt,10.440768364991527,mse,4.869646392894834e-06,False
full_day,54->52,3222,20,bezier_nm,64.64258753601462,mse,0.00023513707616381086,False
full_day,54->55,3222,20,bezier_pgd,0.0028004509513266385,mse,1.5850221689418812e-05,False
full_day,54->55,3222,20,bezier_ipopt,12.999542702978943,mse,4.160556304654256e-06,False
full_day,54->55,3222,20,bezier_nm,66.90743363898946,mse,0.00041169515163405905,False
full_day,55->50,3222,20,bezier_pgd,0.0027486159815452993,mse,7.2629908340346565e-06,False
full_day,55->50,3222,20,bezier_ipopt,13.39383098698454,mse,2.765660739634595e-06,False
full_day,55->50,3222,20,bezier_nm,63.238804324006196,mse,0.0003095243974889043,False
full_day,55->54,3222,20,bezier_pgd,0.002715101989451796,mse,9.399039120701908e-06,False
full_day,55->54,3222,20,bezier_ipopt,10.26849189598579,mse,3.358185500241701e-06,False
full_day,55->54,3222,20,bezier_nm,64.10465757001657,mse,0.0003145089806817324,False
full_day,56->53,3222,20,bezier_pgd,0.0029054179904051125,mse,7.912195315793678e-06,False
full_day,56->53,3222,20,bezier_ipopt,12.071973028010689,mse,4.265417330677497e-06,False
full_day,56->53,3222,20,bezier_nm,67.28773186600301,mse,0.0002628188238672266,False
full_day,56->57,3222,20,bezier_pgd,0.0027407670277170837,mse,5.541498680468431e-06,False
full_day,56->57,3222,20,bezier_ipopt,14.153387935017236,mse,2.2946404637003264e-06,False
full_day,56->57,3222,20,bezier_nm,63.619779035041574,mse,0.00021289919742596632,False
full_day,57->449,3222,20,bezier_pgd,0.002650564012583345,mse,9.791912866008016e-06,False
full_day,57->449,3222,20,bezier_ipopt,11.933597896015272,mse,2.8608159611412643e-06,False
full_day,57->449,3222,20,bezier_nm,65.77872307196958,mse,0.00024842301294902304,False
full_day,57->56,3222,20,bezier_pgd,0.002726843988057226,mse,1.2725991375348497e-05,False
full_day,57->56,3222,20,bezier_ipopt,15.793016619980335,mse,2.1773952017210677e-06,False
full_day,57->56,3222,20,bezier_nm,63.4832174910116,mse,0.000337085142185639,False
full_day,58->59,3222,20,bezier_pgd,0.0026721589965745807,mse,8.971587902561803e-06,False
full_day,58->59,3222,20,bezier_ipopt,12.140424468030687,mse,2.754939733008381e-06,False
full_day,58->59,3222,20,bezier_nm,61.570265712973196,mse,0.0003699135015108428,False
full_day,58->80,3222,20,bezier_pgd,0.0027986550121568143,mse,1.3182733930546081e-05,False
full_day,58->80,3222,20,bezier_ipopt,11.206199674983509,mse,2.717859166447095e-06,False
full_day,58->80,3222,20,bezier_nm,65.92023128201254,mse,0.00037607691326935227,False
full_day,59->58,3222,20,bezier_pgd,0.003122952999547124,mse,2.000770302907787e-05,False
full_day,59->58,3222,20,bezier_ipopt,12.181920486036688,mse,2.888643702516059e-06,False
full_day,59->58,3222,20,bezier_nm,65.65798162098508,mse,0.0006140817940264485,False
full_day,59->86,3222,20,bezier_pgd,0.003048326005227864,mse,1.1487633433652297e-05,False
full_day,59->86,3222,20,bezier_ipopt,11.551319769001566,mse,2.3699499904831872e-06,False
full_day,59->86,3222,20,bezier_nm,62.83815972402226,mse,0.0004260169131517101,False
full_day,6->515,3222,20,bezier_pgd,0.004497350018937141,mse,0.011599034912190987,False
full_day,6->515,3222,20,bezier_ipopt,20.589603441010695,mse,5.9189886212775085e-05,False
full_day,6->515,3222,20,bezier_nm,43.84084267902654,mse,0.25995002761136615,False
full_day,6->518,3222,20,bezier_pgd,0.004611061012838036,mse,0.0051968985472641924,False
full_day,6->518,3222,20,bezier_ipopt,17.624209903995506,mse,0.00011020637601299688,False
full_day,6->518,3222,20,bezier_nm,44.23423844098579,mse,0.17460304028786675,False
full_day,60->2,3222,20,bezier_pgd,0.002736869966611266,mse,1.0248021638094912e-05,False
full_day,60->2,3222,20,bezier_ipopt,14.188417800993193,mse,1.9016390707324705e-06,False
full_day,60->2,3222,20,bezier_nm,61.91837408102583,mse,0.00028046375180761063,False
full_day,60->450,3222,20,bezier_pgd,0.002898120030295104,mse,8.273720634783968e-06,False
full_day,60->450,3222,20,bezier_ipopt,10.504191998043098,mse,3.110296241379496e-06,False
full_day,60->450,3222,20,bezier_nm,64.09619230095996,mse,0.0002855387616384155,False
full_day,61->45,3222,20,bezier_pgd,0.0029537660302594304,mse,1.0413214893745717e-05,False
full_day,61->45,3222,20,bezier_ipopt,10.232390001008753,mse,2.573172596665139e-06,False
full_day,61->45,3222,20,bezier_nm,64.57149575196672,mse,0.00036279380096026267,False
full_day,61->75,3222,20,bezier_pgd,0.0033027949975803494,mse,1.4284932351858306e-05,False
full_day,61->75,3222,20,bezier_ipopt,14.796098040998913,mse,1.6324898055631261e-06,False
full_day,61->75,3222,20,bezier_nm,64.09410400001798,mse,0.0003232883843428903,False
full_day,62->63,3222,20,bezier_pgd,0.0027510630316101015,mse,7.757586776536863e-06,False
full_day,62->63,3222,20,bezier_ipopt,20.255301311961375,mse,2.059787054305023e-06,False
full_day,62->63,3222,20,bezier_nm,63.72558486601338,mse,0.0002785897861360201,False
full_day,62->75,3222,20,bezier_pgd,0.002940890030004084,mse,8.1091340083266e-06,False
full_day,62->75,3222,20,bezier_ipopt,11.869299806014169,mse,2.8437578075347126e-06,False
full_day,62->75,3222,20,bezier_nm,63.37912894098554,mse,0.0002491472267276652,False
full_day,63->62,3222,20,bezier_pgd,0.002774930966552347,mse,7.520176201101781e-06,False
full_day,63->62,3222,20,bezier_ipopt,25.60052545601502,mse,2.878577828156209e-06,False
full_day,63->62,3222,20,bezier_nm,64.64780414797133,mse,0.00032027930427894327,False
full_day,63->64,3222,20,bezier_pgd,0.00288190197898075,mse,1.1775445896223551e-05,False
full_day,63->64,3222,20,bezier_ipopt,11.574104597966652,mse,3.649483603011424e-06,False
full_day,63->64,3222,20,bezier_nm,62.81674135202775,mse,0.00034516749603937875,False
full_day,64->63,3222,20,bezier_pgd,0.0029477450298145413,mse,1.2107540327855732e-05,False
full_day,64->63,3222,20,bezier_ipopt,12.623208931996487,mse,3.5828979655297384e-06,False
full_day,64->63,3222,20,bezier_nm,60.71282248903299,mse,0.0002975381868946705,False
full_day,64->65,3222,20,bezier_pgd,0.0026107659796252847,mse,6.4421958468348334e-06,False
full_day,64->65,3222,20,bezier_ipopt,10.045480067026801,mse,3.646304797783876e-06,False
full_day,64->65,3222,20,bezier_nm,60.32483273302205,mse,0.0002965948381413335,False
full_day,65->130,3222,20,bezier_pgd,0.0030614070128649473,mse,6.569255051920522e-05,False
full_day,65->130,3222,20,bezier_ipopt,18.677361982990988,mse,3.3149633160165076e-05,False
full_day,65->130,3222,20,bezier_nm,71.10583585698623,mse,0.001249226041895915,False
full_day,65->64,3222,20,bezier_pgd,0.002730920969042927,mse,1.581675964895801e-05,False
full_day,65->64,3222,20,bezier_ipopt,13.921764178026933,mse,2.5453394535131773e-06,False
full_day,65->64,3222,20,bezier_nm,64.18768808600726,mse,0.00043915816827721295,False
full_day,66->450,3222,20,bezier_pgd,0.002794151019770652,mse,9.643760915716e-06,False
full_day,66->450,3222,20,bezier_ipopt,10.934528505953494,mse,4.050858073866473e-06,False
full_day,66->450,3222,20,bezier_nm,66.5037849630462,mse,0.00012231132207096048,False
full_day,66->67,3222,20,bezier_pgd,0.002854575985111296,mse,8.790974111068645e-06,False
full_day,66->67,3222,20,bezier_ipopt,11.979975345020648,mse,2.947046770246432e-06,False
full_day,66->67,3222,20,bezier_nm,66.5958525990136,mse,8.514546889523098e-05,False
full_day,67->66,3222,20,bezier_pgd,0.0031219740048982203,mse,2.3922193573881488e-05,False
full_day,67->66,3222,20,bezier_ipopt,12.968822010967415,mse,3.2872666249010824e-06,False
full_day,67->66,3222,20,bezier_nm,68.06209043500712,mse,0.00035049084092914485,False
full_day,67->68,3222,20,bezier_pgd,0.0029049389995634556,mse,8.568295574686153e-06,False
full_day,67->68,3222,20,bezier_ipopt,13.798880890011787,mse,1.7995355080248085e-06,False
full_day,67->68,3222,20,bezier_nm,63.211432074953336,mse,0.0004125630547658679,False
full_day,68->67,3222,20,bezier_pgd,0.002730846987105906,mse,9.380431634441702e-06,False
full_day,68->67,3222,20,bezier_ipopt,12.945442832016852,mse,3.6504117446843824e-06,False
full_day,68->67,3222,20,bezier_nm,60.60017704998609,mse,0.00030720652600558146,False
full_day,68->69,3222,20,bezier_pgd,0.0030172819970175624,mse,1.2906900611116599e-05,False
full_day,68->69,3222,20,bezier_ipopt,11.89898755098693,mse,2.82894715626073e-06,False
full_day,68->69,3222,20,bezier_nm,64.07451836002292,mse,0.00034909750987785395,False
full_day,69->68,3222,20,bezier_pgd,0.0026975430082529783,mse,8.01523586446888e-06,False
full_day,69->68,3222,20,bezier_ipopt,14.168085770041216,mse,2.8196216566252885e-06,False
full_day,69->68,3222,20,bezier_nm,63.16595478402451,mse,0.00031085143349930005,False
full_day,69->70,3222,20,bezier_pgd,0.002832076046615839,mse,1.1894814326635466e-05,False
full_day,69->70,3222,20,bezier_ipopt,11.725776962994132,mse,4.347966029984854e-06,False
full_day,69->70,3222,20,bezier_nm,68.14068321004743,mse,0.00011012341908196226,False
full_day,7->107,3222,20,bezier_pgd,0.0051811630255542696,mse,0.022388023959069123,False
full_day,7->107,3222,20,bezier_ipopt,,mse,,True
full_day,7->107,3222,20,bezier_nm,43.444430183037184,mse,0.26516109611683464,False
full_day,7->108,3222,20,bezier_pgd,0.003124898998066783,mse,1.4649866365297652e-05,False
full_day,7->108,3222,20,bezier_ipopt,44.192707471956965,mse,3.267609267305156e-06,False
full_day,7->108,3222,20,bezier_nm,68.34435031894827,mse,0.00023767123118665154,False
full_day,7->225,3222,20,bezier_pgd,0.005890647997148335,mse,0.0019117907085926564,False
full_day,7->225,3222,20,bezier_ipopt,16.981070245965384,mse,0.00012158056338288722,False
full_day,7->225,3222,20,bezier_nm,42.98193371697562,mse,0.21990103625989413,False
full_day,70->69,3222,20,bezier_pgd,0.0028498609899543226,mse,8.426422084785922e-06,False
full_day,70->69,3222,20,bezier_ipopt,10.643884506018367,mse,2.0800035535182068e-06,False
full_day,70->69,3222,20,bezier_nm,65.98407066997606,mse,0.00012621656798757845,False
full_day,70->71,3222,20,bezier_pgd,0.0029583610012196004,mse,1.0217457772494816e-05,False
full_day,70->71,3222,20,bezier_ipopt,13.120411903015338,mse,3.2414930904278486e-06,False
full_day,70->71,3222,20,bezier_nm,68.5059475179878,mse,0.00015457737733378044,False
full_day,71->70,3222,20,bezier_pgd,0.0027610030374489725,mse,1.757749057710156e-05,False
full_day,71->70,3222,20,bezier_ipopt,14.627714072004892,mse,3.1600287530030513e-06,False
full_day,71->70,3222,20,bezier_nm,67.97252289298922,mse,0.00019173493388885426,False
full_day,71->72,3222,20,bezier_pgd,0.002649501955602318,mse,1.2859440644533475e-05,False
full_day,71->72,3222,20,bezier_ipopt,9.560312577988952,mse,3.6901244164059423e-06,False
full_day,71->72,3222,20,bezier_nm,65.63445596199017,mse,0.0003485240644772372,False
full_day,72->202,3222,20,bezier_pgd,0.0030088049825280905,mse,9.518762736927264e-06,False
full_day,72->202,3222,20,bezier_ipopt,14.533827799954452,mse,2.6438767767480832e-06,False
full_day,72->202,3222,20,bezier_nm,64.74045962898526,mse,0.00046980043270661076,False
full_day,72->71,3222,20,bezier_pgd,0.0028406089986674488,mse,9.971334886782311e-06,False
full_day,72->71,3222,20,bezier_ipopt,10.727736683038529,mse,3.013997518975734e-06,False
full_day,72->71,3222,20,bezier_nm,64.83179550402565,mse,0.00030475120935232397,False
full_day,73->74,3222,20,bezier_pgd,0.0028610090375877917,mse,1.115576088486375e-05,False
full_day,73->74,3222,20,bezier_ipopt,10.68226978299208,mse,5.977154926016504e-06,False
full_day,73->74,3222,20,bezier_nm,63.464590968971606,mse,0.00024822362169654185,False
full_day,73->80,3222,20,bezier_pgd,0.00302379101049155,mse,1.2162149060188808e-05,False
full_day,73->80,3222,20,bezier_ipopt,14.191371497989167,mse,2.3276961128353325e-06,False
full_day,73->80,3222,20,bezier_nm,62.67996148497332,mse,0.0004036794283354019,False
full_day,74->143,3222,20,bezier_pgd,0.00449555495288223,mse,0.002418436392045396,False
full_day,74->143,3222,20,bezier_ipopt,16.084665395028424,mse,0.0002167711182009759,False
full_day,74->143,3222,20,bezier_nm,44.12196063599549,mse,0.1973772355321018,False
full_day,74->73,3222,20,bezier_pgd,0.0027001480339094996,mse,1.089753285068159e-05,False
full_day,74->73,3222,20,bezier_ipopt,11.891835775983054,mse,6.699913299893283e-06,False
full_day,74->73,3222,20,bezier_nm,63.671595749037806,mse,0.00016488393834899201,False
full_day,75->46,3222,20,bezier_pgd,0.0028941520140506327,mse,1.1295441751905761e-05,False
full_day,75->46,3222,20,bezier_ipopt,18.037320473988075,mse,3.2337789597421985e-06,False
full_day,75->46,3222,20,bezier_nm,65.10861520498293,mse,0.00034101833472829847,False
full_day,75->61,3222,20,bezier_pgd,0.0026707850047387183,mse,9.552939498535437e-06,False
full_day,75->61,3222,20,bezier_ipopt,10.935597752977628,mse,1.8041290564562504e-06,False
full_day,75->61,3222,20,bezier_nm,63.37319966801442,mse,0.00030625285686042085,False
full_day,75->62,3222,20,bezier_pgd,0.002787224017083645,mse,1.616874218752637e-05,False
full_day,75->62,3222,20,bezier_ipopt,12.996832803008147,mse,3.3627512529877776e-06,False
full_day,75->62,3222,20,bezier_nm,66.078617916035,mse,0.00040814866134782784,False
full_day,76->14,3222,20,bezier_pgd,0.002942414954304695,mse,1.2572424051947186e-05,False
full_day,76->14,3222,20,bezier_ipopt,13.739712652983144,mse,4.61865667221523e-06,False
full_day,76->14,3222,20,bezier_nm,67.61801107198698,mse,0.00011720890259162036,False
full_day,76->276,3222,20,bezier_pgd,0.005228516994975507,mse,0.011157736185377251,False
full_day,76->276,3222,20,bezier_ipopt,,mse,,True
full_day,76->276,3222,20,bezier_nm,44.579041010001674,mse,0.2722035782044484,False
full_day,76->428,3222,20,bezier_pgd,0.005098816996905953,mse,0.01991553597307314,False
full_day,76->428,3222,20,bezier_ipopt,,mse,,True
full_day,76->428,3222,20,bezier_nm,46.469571513996925,mse,0.30052061194770857,False
full_day,77->430,3222,20,bezier_pgd,0.0027090319781564176,mse,1.1208910439021494e-05,False
full_day,77->430,3222,20,bezier_ipopt,11.560858951997943,mse,2.7002665910923387e-06,False
full_day,77->430,3222,20,bezier_nm,65.47284180601127,mse,0.00010034320907841826,False
full_day,77->478,3222,20,bezier_pgd,0.0046023690374568105,mse,0.00040068452221017956,False
full_day,77->478,3222,20,bezier_ipopt,,mse,,True
full_day,77->478,3222,20,bezier_nm,44.72074371698545,mse,0.1434245423230963,False
full_day,78->109,3222,20,bezier_pgd,0.002671549969818443,mse,9.062290660647974e-06,False
full_day,78->109,3222,20,bezier_ipopt,11.978135417040903,mse,5.161220950929093e-06,False
full_day,78->109,3222,20,bezier_nm,63.5847328529926,mse,0.0002625247313523549,False
full_day,78->79,3222,20,bezier_pgd,0.002691339992452413,mse,7.8573573567837e-06,False
full_day,78->79,3222,20,bezier_ipopt,12.695972081972286,mse,2.3655775842996666e-06,False
full_day,78->79,3222,20,bezier_nm,61.416735518025234,mse,0.00028789514818304177,False
full_day,79->110,3222,20,bezier_pgd,0.0028095009620301425,mse,1.1065254574493068e-05,False
full_day,79->110,3222,20,bezier_ipopt,12.23095196398208,mse,3.8150691319146965e-06,False
full_day,79->110,3222,20,bezier_nm,62.2831745739677,mse,0.00027673061268527826,False
full_day,79->78,3222,20,bezier_pgd,0.0032704019686207175,mse,1.1061921577240859e-05,False
full_day,79->78,3222,20,bezier_ipopt,10.018506629974581,mse,5.29278306712378e-06,False
full_day,79->78,3222,20,bezier_nm,62.310709482000675,mse,0.00040015450979574306,False
full_day,8->96,3222,20,bezier_pgd,0.009771267010364681,mse,0.007055345540057188,False
full_day,8->96,3222,20,bezier_ipopt,,mse,,True
full_day,8->96,3222,20,bezier_nm,40.73205804399913,mse,0.09780698922462384,False
full_day,80->202,3222,20,bezier_pgd,0.00264270999468863,mse,7.927824509374025e-06,False
full_day,80->202,3222,20,bezier_ipopt,11.547634499962442,mse,4.298732048252486e-06,False
full_day,80->202,3222,20,bezier_nm,64.11125660600374,mse,0.0002716405683172682,False
full_day,80->58,3222,20,bezier_pgd,0.002954915980808437,mse,1.3436664277486816e-05,False
full_day,80->58,3222,20,bezier_ipopt,13.870899255038239,mse,3.830517659418917e-06,False
full_day,80->58,3222,20,bezier_nm,65.65519268700154,mse,0.00046445127947532483,False
full_day,80->73,3222,20,bezier_pgd,0.002743070013821125,mse,7.01484438117564e-06,False
full_day,80->73,3222,20,bezier_ipopt,9.641004723031074,mse,3.5275660016242948e-06,False
full_day,80->73,3222,20,bezier_nm,60.41524668503553,mse,0.00031096016329109374,False
full_day,81->453,3222,20,bezier_pgd,0.0027118409634567797,mse,9.684436006833538e-06,False
full_day,81->453,3222,20,bezier_ipopt,13.589809874014463,mse,3.327954848972389e-06,False
full_day,81->453,3222,20,bezier_nm,60.41477514302824,mse,0.0002644834033331705,False
full_day,81->82,3222,20,bezier_pgd,0.00629504001699388,mse,0.0023839394581928685,False
full_day,81->82,3222,20,bezier_ipopt,21.269942604994867,mse,0.00018399516291468817,False
full_day,81->82,3222,20,bezier_nm,43.35950150201097,mse,0.2521077395008638,False
full_day,82->81,3222,20,bezier_pgd,0.0028820380102843046,mse,1.1825136233352808e-05,False
full_day,82->81,3222,20,bezier_ipopt,12.741456952993758,mse,3.2292478367897073e-06,False
full_day,82->81,3222,20,bezier_nm,61.91583643795457,mse,0.00035501594681405357,False
full_day,82->83,3222,20,bezier_pgd,0.0027825869619846344,mse,1.3714432149920743e-05,False
full_day,82->83,3222,20,bezier_ipopt,15.01581036800053,mse,2.2981179762418013e-06,False
full_day,82->83,3222,20,bezier_nm,61.3627729860018,mse,0.00030534670002917673,False
full_day,83->82,3222,20,bezier_pgd,0.002845978015102446,mse,9.119312396259413e-06,False
full_day,83->82,3222,20,bezier_ipopt,15.46262065396877,mse,4.08076034140029e-06,False
full_day,83->82,3222,20,bezier_nm,63.55413884902373,mse,0.0003007476124866609,False
full_day,83->85,3222,20,bezier_pgd,0.00545303599210456,mse,0.0071768631626890666,False
full_day,83->85,3222,20,bezier_ipopt,17.989675752003677,mse,0.00012207705526398005,False
full_day,83->85,3222,20,bezier_nm,42.84046302101342,mse,0.2607770895305735,False
full_day,84->510,3222,20,bezier_pgd,0.0054273990099318326,mse,0.002450807530939304,False
full_day,84->510,3222,20,bezier_ipopt,,mse,,True
full_day,84->510,3222,20,bezier_nm,42.94376752304379,mse,0.24917219445847041,False
full_day,84->85,3222,20,bezier_pgd,0.002753156004473567,mse,8.091933439151584e-06,False
full_day,84->85,3222,20,bezier_ipopt,13.053401454992127,mse,2.5664629267115944e-06,False
full_day,84->85,3222,20,bezier_nm,68.20768271497218,mse,7.358384322499893e-05,False
full_day,85->83,3222,20,bezier_pgd,0.004419254022650421,mse,0.001045808099073543,False
full_day,85->83,3222,20,bezier_ipopt,,mse,,True
full_day,85->83,3222,20,bezier_nm,44.9904265240184,mse,0.15465832415975792,False
full_day,85->84,3222,20,bezier_pgd,0.004705721978098154,mse,0.01185063910498851,False
full_day,85->84,3222,20,bezier_ipopt,,mse,,True
full_day,85->84,3222,20,bezier_nm,42.13730395800667,mse,0.2505044458168621,False
full_day,86->142,3222,20,bezier_pgd,0.0043223550310358405,mse,0.008744612456552945,False
full_day,86->142,3222,20,bezier_ipopt,,mse,,True
full_day,86->142,3222,20,bezier_nm,42.05964384699473,mse,0.28833049360743135,False
full_day,86->59,3222,20,bezier_pgd,0.0028825949993915856,mse,0.03886503707411887,False
full_day,86->59,3222,20,bezier_ipopt,17.23195043997839,mse,5.193203432589414e-06,False
full_day,86->59,3222,20,bezier_nm,43.00771934300428,mse,0.6525830894538673,False
full_day,87->88,3222,20,bezier_pgd,0.003728401963599026,mse,8.48395414314706e-06,False
full_day,87->88,3222,20,bezier_ipopt,18.88180623902008,mse,2.837572297120965e-06,False
full_day,87->88,3222,20,bezier_nm,68.5503454550053,mse,0.00021341997299996848,False
full_day,87->97,3222,20,bezier_pgd,0.002729189000092447,mse,7.627630160413517e-06,False
full_day,87->97,3222,20,bezier_ipopt,11.34309401398059,mse,3.404223646738826e-06,False
full_day,87->97,3222,20,bezier_nm,60.729617433971725,mse,0.00033092909191893605,False
full_day,88->16,3222,20,bezier_pgd,0.0029177620308473706,mse,1.684302501629474e-05,False
full_day,88->16,3222,20,bezier_ipopt,14.603113373043016,mse,3.5910179092419872e-06,False
full_day,88->16,3222,20,bezier_nm,68.1735161569668,mse,0.00033665198112329224,False
full_day,88->87,3222,20,bezier_pgd,0.002837840002030134,mse,7.364276155429257e-06,False
full_day,88->87,3222,20,bezier_ipopt,13.503891669970471,mse,1.7866574763952481e-06,False
full_day,88->87,3222,20,bezier_nm,68.74980081000831,mse,8.333374964640616e-05,False
full_day,89->297,3222,20,bezier_pgd,0.0027377549558877945,mse,1.6771952650803047e-05,False
full_day,89->297,3222,20,bezier_ipopt,12.690795806003734,mse,5.585863128919425e-06,False
full_day,89->297,3222,20,bezier_nm,60.473882414982654,mse,0.0003736182315207311,False
full_day,89->90,3222,20,bezier_pgd,0.0028715739608742297,mse,1.2784751791917685e-05,False
full_day,89->90,3222,20,bezier_ipopt,15.01582218403928,mse,2.5046615611209717e-06,False
full_day,89->90,3222,20,bezier_nm,63.6927325570141,mse,0.00047728388223122113,False
full_day,9->499,3222,20,bezier_pgd,0.004662169958464801,mse,0.015112903203719866,False
full_day,9->499,3222,20,bezier_ipopt,23.20264281798154,mse,0.00019818713174218948,False
full_day,9->499,3222,20,bezier_nm,42.81708999100374,mse,0.279229373876277,False
full_day,90->216,3222,20,bezier_pgd,0.003514434036333114,mse,1.652992810098128e-05,False
full_day,90->216,3222,20,bezier_ipopt,,mse,,True
full_day,90->216,3222,20,bezier_nm,68.87775782000972,mse,0.0005292990968260524,False
full_day,90->89,3222,20,bezier_pgd,0.0027974870172329247,mse,9.579515163594642e-06,False
full_day,90->89,3222,20,bezier_ipopt,13.243402702035382,mse,2.5287502668551908e-06,False
full_day,90->89,3222,20,bezier_nm,60.26566369802458,mse,0.00026901885251015046,False
full_day,91->408,3222,20,bezier_pgd,0.005206956993788481,mse,0.0992761973052752,False
full_day,91->408,3222,20,bezier_ipopt,28.064262382977176,mse,0.0038707983911260503,False
full_day,91->408,3222,20,bezier_nm,40.121917532000225,mse,0.315492675508487,False
full_day,91->92,3222,20,bezier_pgd,0.0028316070092841983,mse,1.2036179703998548e-05,False
full_day,91->92,3222,20,bezier_ipopt,9.823024614015594,mse,3.5752460603930477e-06,False
full_day,91->92,3222,20,bezier_nm,65.71290933998534,mse,0.00034816779007650154,False
full_day,92->259,3222,20,bezier_pgd,0.004323471977841109,mse,0.0077454111622467835,False
full_day,92->259,3222,20,bezier_ipopt,,mse,,True
full_day,92->259,3222,20,bezier_nm,46.56938057800289,mse,0.3444989715525572,False
full_day,92->91,3222,20,bezier_pgd,0.005064224998932332,mse,0.10024230307392978,False
full_day,92->91,3222,20,bezier_ipopt,,mse,,True
full_day,92->91,3222,20,bezier_nm,41.094395819993224,mse,0.3157456889085121,False
full_day,93->425,3222,20,bezier_pgd,0.0028437930159270763,mse,1.078188770350174e-05,False
full_day,93->425,3222,20,bezier_ipopt,11.311452611000277,mse,4.762027584694139e-06,False
full_day,93->425,3222,20,bezier_nm,62.363725397968665,mse,0.0003437868236405415,False
full_day,93->448,3222,20,bezier_pgd,0.0030369929736480117,mse,1.1369076156049007e-05,False
full_day,93->448,3222,20,bezier_ipopt,12.836063141003251,mse,3.2119985415832864e-06,False
full_day,93->448,3222,20,bezier_nm,63.6018958259956,mse,0.0004014037153443444,False
full_day,94->209,3222,20,bezier_pgd,0.004208270984236151,mse,0.019822781157444472,False
full_day,94->209,3222,20,bezier_ipopt,25.282823999004904,mse,0.00017466820410172538,False
full_day,94->209,3222,20,bezier_nm,43.79593087401008,mse,0.2955136468575517,False
full_day,94->95,3222,20,bezier_pgd,0.0026980729890055954,mse,1.1724050597907754e-05,False
full_day,94->95,3222,20,bezier_ipopt,12.780411362997256,mse,3.159992810078916e-06,False
full_day,94->95,3222,20,bezier_nm,60.183063274016604,mse,0.00032147635572040247,False
full_day,95->94,3222,20,bezier_pgd,0.00681498198537156,mse,1.2099879097720641e-05,False
full_day,95->94,3222,20,bezier_ipopt,16.72758127003908,mse,2.6171868988406457e-06,False
full_day,95->94,3222,20,bezier_nm,62.79728744196473,mse,0.0004422626325156714,False
full_day,95->96,3222,20,bezier_pgd,0.002989861008245498,mse,7.812182718933524e-06,False
full_day,95->96,3222,20,bezier_ipopt,10.175134193035774,mse,3.0879817612464698e-06,False
full_day,95->96,3222,20,bezier_nm,62.61714701598976,mse,0.00031433818080211,False
full_day,96->8,3222,20,bezier_pgd,0.004720254975836724,mse,0.009708646883823054,False
full_day,96->8,3222,20,bezier_ipopt,27.222924365953077,mse,1.365124848301575e-05,False
full_day,96->8,3222,20,bezier_nm,45.437500628991984,mse,0.3372619390218917,False
full_day,96->95,3222,20,bezier_pgd,0.00273680203827098,mse,1.1574031521005928e-05,False
full_day,96->95,3222,20,bezier_ipopt,14.084542372031137,mse,3.1004113833985975e-06,False
full_day,96->95,3222,20,bezier_nm,63.65561938600149,mse,0.0002575097011136972,False
full_day,97->17,3222,20,bezier_pgd,0.0026420120266266167,mse,1.2459647623689062e-05,False
full_day,97->17,3222,20,bezier_ipopt,16.885138478013687,mse,2.616065830589521e-06,False
full_day,97->17,3222,20,bezier_nm,63.07237658300437,mse,0.0003517722635073474,False
full_day,97->87,3222,20,bezier_pgd,0.002870625990908593,mse,1.2262965214342904e-05,False
full_day,97->87,3222,20,bezier_ipopt,15.495046705007553,mse,2.9110210515602127e-06,False
full_day,97->87,3222,20,bezier_nm,62.19448148005176,mse,0.0003351752822287462,False
full_day,98->455,3222,20,bezier_pgd,0.00278227700619027,mse,9.790457404692462e-06,False
full_day,98->455,3222,20,bezier_ipopt,14.33928629104048,mse,4.50937978343068e-06,False
full_day,98->455,3222,20,bezier_nm,62.25602740200702,mse,0.0002512600952424908,False
full_day,98->456,3222,20,bezier_pgd,0.0026457590283825994,mse,1.0040542985011373e-05,False
full_day,98->456,3222,20,bezier_ipopt,11.865066415979527,mse,4.691115422375649e-06,False
full_day,98->456,3222,20,bezier_nm,61.849531717947684,mse,0.0002800908027698356,False
full_day,99->100,3222,20,bezier_pgd,0.0027506769984029233,mse,7.923494295974491e-06,False
full_day,99->100,3222,20,bezier_ipopt,12.266372391022742,mse,3.7046790525371105e-06,False
full_day,99->100,3222,20,bezier_nm,60.43980496498989,mse,0.0002456619398174324,False
full_day,99->456,3222,20,bezier_pgd,0.00415328296367079,mse,6.802680251097146e-06,False
full_day,99->456,3222,20,bezier_ipopt,11.47988996800268,mse,2.406243493923192e-06,False
full_day,99->456,3222,20,bezier_nm,62.28970400698017,mse,0.0003263982886087673,False
