regime,arc,n_samples,n_bezier,method,time_s,metric_name,metric,failed
rush_hour,1->31,542,10,bezier_pgd,0.0019179219962097704,mse,5.163971161259523e-05,False
rush_hour,1->31,542,10,bezier_ipopt,1.532413380977232,mse,2.6682474939199666e-05,False
rush_hour,1->31,542,10,bezier_nm,7.661014778946992,mse,0.0007507363387763118,False
rush_hour,10->435,542,10,bezier_pgd,0.0014845870318822563,mse,0.000961115697027816,False
rush_hour,10->435,542,10,bezier_ipopt,1.0171847940073349,mse,6.507236375747828e-05,False
rush_hour,10->435,542,10,bezier_nm,7.551831749966368,mse,0.005730856731791272,False
rush_hour,100->524,542,10,bezier_pgd,0.0012021579896099865,mse,7.17290561270096e-05,False
rush_hour,100->524,542,10,bezier_ipopt,0.869322630984243,mse,3.6355054831945984e-05,False
rush_hour,100->524,542,10,bezier_nm,8.204387662990484,mse,0.00024393990724146548,False
rush_hour,100->99,542,10,bezier_pgd,0.0014016979839652777,mse,8.648895756427175e-05,False
rush_hour,100->99,542,10,bezier_ipopt,0.9645882360055111,mse,1.452826119641833e-05,False
rush_hour,100->99,542,10,bezier_nm,11.641538536001462,mse,0.0002257213015009454,False
rush_hour,101->102,542,10,bezier_pgd,0.0011041649850085378,mse,4.604783098395546e-05,False
rush_hour,101->102,542,10,bezier_ipopt,1.2135114659904502,mse,2.3090369490002163e-05,False
rush_hour,101->102,542,10,bezier_nm,11.596616920956876,mse,0.0001937566890456492,False
rush_hour,101->457,542,10,bezier_pgd,0.00091118598356843,mse,2.8859129546960964e-05,False
rush_hour,101->457,542,10,bezier_ipopt,1.1979017740231939,mse,2.0077449212886836e-05,False
rush_hour,101->457,542,10,bezier_nm,11.620001049013808,mse,9.143740966323611e-05,False
rush_hour,102->101,542,10,bezier_pgd,0.0015735769993625581,mse,5.6325908598372654e-05,False
rush_hour,102->101,542,10,bezier_ipopt,1.0546957550104707,mse,1.5394095336472463e-05,False
rush_hour,102->101,542,10,bezier_nm,10.348355849040672,mse,0.00026130106410888457,False
rush_hour,102->103,542,10,bezier_pgd,0.0010522110387682915,mse,6.0002471724967816e-05,False
rush_hour,102->103,542,10,bezier_ipopt,1.0248601050116122,mse,1.545588025714132e-05,False
rush_hour,102->103,542,10,bezier_nm,14.686080104962457,mse,0.000283271017141278,False
rush_hour,103->102,542,10,bezier_pgd,0.00099242600845173,mse,4.325161321712052e-05,False
rush_hour,103->102,542,10,bezier_ipopt,0.8245602159877308,mse,2.451652590445978e-05,False
rush_hour,103->102,542,10,bezier_nm,8.317823963996489,mse,0.0002272430554092214,False
rush_hour,103->104,542,10,bezier_pgd,0.0011149199563078582,mse,4.587352920004395e-05,False
rush_hour,103->104,542,10,bezier_ipopt,0.9474221160053276,mse,1.574631004310811e-05,False
rush_hour,103->104,542,10,bezier_nm,8.262934984988533,mse,0.00020804853998394922,False
rush_hour,104->103,542,10,bezier_pgd,0.0008583330200053751,mse,4.528804590136876e-05,False
rush_hour,104->103,542,10,bezier_ipopt,0.8756504659540951,mse,2.8570570502763103e-05,False
rush_hour,104->103,542,10,bezier_nm,8.03147267102031,mse,0.00015590867450359746,False
rush_hour,104->105,542,10,bezier_pgd,0.0009152559796348214,mse,2.6130228629542834e-05,False
rush_hour,104->105,542,10,bezier_ipopt,1.4091279360000044,mse,1.1775115884330347e-05,False
rush_hour,104->105,542,10,bezier_nm,7.970110538997687,mse,3.6606782140290666e-05,False
rush_hour,105->104,542,10,bezier_pgd,0.0010356170241720974,mse,8.463352815028322e-05,False
rush_hour,105->104,542,10,bezier_ipopt,1.0237547649885528,mse,2.3397750971863074e-05,False
rush_hour,105->104,542,10,bezier_nm,8.76792137598386,mse,0.00036813603960557894,False
rush_hour,105->18,542,10,bezier_pgd,0.0016252060304395854,mse,3.258843376570092e-05,False
rush_hour,105->18,542,10,bezier_ipopt,0.8393251679954119,mse,1.4887520807437636e-05,False
rush_hour,105->18,542,10,bezier_nm,8.670100122981239,mse,0.0001832042780136029,False
rush_hour,106->216,542,10,bezier_pgd,0.00513988797320053,mse,0.8209162606148228,False
rush_hour,106->216,542,10,bezier_ipopt,,mse,,True
rush_hour,106->216,542,10,bezier_nm,5.639199622964952,mse,0.8288917296105577,False
rush_hour,106->5,542,10,bezier_pgd,0.0011799469939433038,mse,7.330961984513733e-05,False
rush_hour,106->5,542,10,bezier_ipopt,0.9141877749934793,mse,3.835101533144968e-05,False
rush_hour,106->5,542,10,bezier_nm,7.805160042946227,mse,0.00032369786944749096,False
rush_hour,107->111,542,10,bezier_pgd,0.0008175669936463237,mse,5.2888225889060636e-05,False
rush_hour,107->111,542,10,bezier_ipopt,0.84003387397388,mse,2.2038994541699586e-05,False
rush_hour,107->111,542,10,bezier_nm,8.750358471996151,mse,8.600424434615709e-05,False
rush_hour,107->7,542,10,bezier_pgd,0.001076245040167123,mse,6.343639328306988e-05,False
rush_hour,107->7,542,10,bezier_ipopt,0.8539112049620599,mse,2.079879173243307e-05,False
rush_hour,107->7,542,10,bezier_nm,8.843218511028681,mse,0.0003775265523814929,False
rush_hour,108->510,542,10,bezier_pgd,0.0011020209640264511,mse,0.014111902653047874,False
rush_hour,108->510,542,10,bezier_ipopt,0.6485328639973886,mse,0.0003907830885906139,False
rush_hour,108->510,542,10,bezier_nm,7.489614993974101,mse,0.13621308732268947,False
rush_hour,108->7,542,10,bezier_pgd,0.001180074003059417,mse,0.007413465190827625,False
rush_hour,108->7,542,10,bezier_ipopt,,mse,,True
rush_hour,108->7,542,10,bezier_nm,7.273361169034615,mse,0.06127098692687847,False
rush_hour,109->341,542,10,bezier_pgd,0.0017596539692021906,mse,0.0006685983659451309,False
rush_hour,109->341,542,10,bezier_ipopt,1.0071946550160646,mse,0.00024239729972400312,False
rush_hour,109->341,542,10,bezier_nm,7.590766859007999,mse,0.024371700212272387,False
rush_hour,109->78,542,10,bezier_pgd,0.0007681770366616547,mse,2.5984653789409045e-05,False
rush_hour,109->78,542,10,bezier_ipopt,0.8342132190009579,mse,1.893760030313411e-05,False
rush_hour,109->78,542,10,bezier_nm,7.22176375600975,mse,0.0009157787165703627,False
rush_hour,11->517,542,10,bezier_pgd,0.0012008270132355392,mse,0.00206060647450771,False
rush_hour,11->517,542,10,bezier_ipopt,0.8349290650221519,mse,0.00023130678747510669,False
rush_hour,11->517,542,10,bezier_nm,7.3636912459624,mse,0.130986531352479,False
rush_hour,110->345,542,10,bezier_pgd,0.0013206779840402305,mse,3.967285571440295e-05,False
rush_hour,110->345,542,10,bezier_ipopt,1.7217125779716298,mse,1.2143595091779094e-05,False
rush_hour,110->345,542,10,bezier_nm,6.737079210986849,mse,0.0011031287541633543,False
rush_hour,110->79,542,10,bezier_pgd,0.0008404579712077975,mse,5.620494679773203e-05,False
rush_hour,110->79,542,10,bezier_ipopt,0.9421622160007246,mse,2.3162546525882363e-05,False
rush_hour,110->79,542,10,bezier_nm,8.170522177999374,mse,0.0001608168312568576,False
rush_hour,111->107,542,10,bezier_pgd,0.0009905340266413987,mse,0.13369896838069192,False
rush_hour,111->107,542,10,bezier_ipopt,,mse,,True
rush_hour,111->107,542,10,bezier_nm,7.166455274040345,mse,0.3847888649041607,False
rush_hour,111->239,542,10,bezier_pgd,0.001215051976032555,mse,0.0004161028198276129,False
rush_hour,111->239,542,10,bezier_ipopt,0.7452255610260181,mse,0.00024935004866724473,False
rush_hour,111->239,542,10,bezier_nm,8.360866318980698,mse,0.0008209551648465951,False
rush_hour,112->42,542,10,bezier_pgd,0.0014827619888819754,mse,3.438679324546399e-05,False
rush_hour,112->42,542,10,bezier_ipopt,1.128348881029524,mse,1.8089122229003295e-05,False
rush_hour,112->42,542,10,bezier_nm,8.002515267988201,mse,0.00016929792795353782,False
rush_hour,113->531,542,10,bezier_pgd,0.0007744560134597123,mse,0.015710074734869187,False
rush_hour,113->531,542,10,bezier_ipopt,,mse,,True
rush_hour,113->531,542,10,bezier_nm,7.543563771992922,mse,0.2713555445242241,False
rush_hour,113->532,542,10,bezier_pgd,0.001057320972904563,mse,5.1846694865893094e-05,False
rush_hour,113->532,542,10,bezier_ipopt,0.9047904339968227,mse,2.4693996875701892e-05,False
rush_hour,113->532,542,10,bezier_nm,7.982151884993073,mse,0.00016367371403668146,False
rush_hour,114->280,542,10,bezier_pgd,0.0008627909701317549,mse,0.03488723676402487,False
rush_hour,114->280,542,10,bezier_ipopt,,mse,,True
rush_hour,114->280,542,10,bezier_nm,8.543991634971462,mse,0.2804726440359116,False
rush_hour,114->297,542,10,bezier_pgd,0.0007571079768240452,mse,3.409533703827282e-05,False
rush_hour,114->297,542,10,bezier_ipopt,1.7788068240042776,mse,1.8339777766337718e-05,False
rush_hour,114->297,542,10,bezier_nm,8.300933929975145,mse,0.000137993808918118,False
rush_hour,115->353,542,10,bezier_pgd,0.001342379953712225,mse,0.0004266077688510978,False
rush_hour,115->353,542,10,bezier_ipopt,1.1075360959512182,mse,0.000247210283489838,False
rush_hour,115->353,542,10,bezier_nm,7.803915137948934,mse,0.006755176580002264,False
rush_hour,115->459,542,10,bezier_pgd,0.0011634930269792676,mse,0.010865824637799611,False
rush_hour,115->459,542,10,bezier_ipopt,0.7946710340329446,mse,0.00015572092465405954,False
rush_hour,115->459,542,10,bezier_nm,7.604724019009154,mse,0.15040183606854662,False
rush_hour,116->177,542,10,bezier_pgd,0.0009687830461189151,mse,0.011964274342933175,False
rush_hour,116->177,542,10,bezier_ipopt,0.8060938460403122,mse,0.0003250803686499333,False
rush_hour,116->177,542,10,bezier_nm,7.015660711971577,mse,0.158213184911052,False
rush_hour,116->423,542,10,bezier_pgd,0.0014424410182982683,mse,0.0004458964863043341,False
rush_hour,116->423,542,10,bezier_ipopt,1.3207000639522448,mse,0.00025001713597773943,False
rush_hour,116->423,542,10,bezier_nm,8.221106369048357,mse,0.0014643387828666963,False
rush_hour,117->460,542,10,bezier_pgd,0.001202341984026134,mse,0.00022785937035162945,False
rush_hour,117->460,542,10,bezier_ipopt,0.7933828249806538,mse,0.000194989550618717,False
rush_hour,117->460,542,10,bezier_nm,7.593709900975227,mse,0.0004722940703197498,False
rush_hour,117->484,542,10,bezier_pgd,0.0007846339722163975,mse,0.004405527760332871,False
rush_hour,117->484,542,10,bezier_ipopt,0.7342718070140108,mse,0.0004282189002793817,False
rush_hour,117->484,542,10,bezier_nm,7.061800063995179,mse,0.04365443453412456,False
rush_hour,118->119,542,10,bezier_pgd,0.001169846043922007,mse,0.00023656432386316782,False
rush_hour,118->119,542,10,bezier_ipopt,0.8692246389691718,mse,0.00013864197844952404,False
rush_hour,118->119,542,10,bezier_nm,8.324753913038876,mse,0.0006061050151315704,False
rush_hour,118->137,542,10,bezier_pgd,0.0013483840157277882,mse,0.00030760191617375417,False
rush_hour,118->137,542,10,bezier_ipopt,0.8759471330558881,mse,0.00024466779641633274,False
rush_hour,118->137,542,10,bezier_nm,7.421066629001871,mse,0.001159935337187186,False
rush_hour,119->118,542,10,bezier_pgd,0.0010722230072133243,mse,0.008082860885290392,False
rush_hour,119->118,542,10,bezier_ipopt,0.7951158600044437,mse,0.00030161030321625913,False
rush_hour,119->118,542,10,bezier_nm,7.029939931991976,mse,0.1510424289595263,False
rush_hour,119->311,542,10,bezier_pgd,0.0011983679723925889,mse,0.00020793399523245696,False
rush_hour,119->311,542,10,bezier_ipopt,0.754965039959643,mse,0.000144667284022032,False
rush_hour,119->311,542,10,bezier_nm,8.432472406013403,mse,0.0009210195793494262,False
rush_hour,12->443,542,10,bezier_pgd,0.001235592004377395,mse,0.0007796307066003611,False
rush_hour,12->443,542,10,bezier_ipopt,1.1278532699798234,mse,0.00011228190387785775,False
rush_hour,12->443,542,10,bezier_nm,7.270097280968912,mse,0.011636575678425501,False
rush_hour,12->533,542,10,bezier_pgd,0.001066291006281972,mse,0.009566518457773438,False
rush_hour,12->533,542,10,bezier_ipopt,0.7854751939885318,mse,0.00036259943153817267,False
rush_hour,12->533,542,10,bezier_nm,7.208252231997903,mse,0.15966004196187114,False
rush_hour,120->462,542,10,bezier_pgd,0.0015580419567413628,mse,0.0002714071233001076,False
rush_hour,120->462,542,10,bezier_ipopt,0.8160275080008432,mse,0.00020211576238285113,False
rush_hour,120->462,542,10,bezier_nm,8.159941174031701,mse,0.0007852632319237181,False
rush_hour,120->490,542,10,bezier_pgd,0.0011469490127637982,mse,0.02029383620759285,False
rush_hour,120->490,542,10,bezier_ipopt,0.6745373170124367,mse,0.00030264430027697724,False
rush_hour,120->490,542,10,bezier_nm,6.8439553279895335,mse,0.20139287534933645,False
rush_hour,121->299,542,10,bezier_pgd,0.001004316029138863,mse,0.006690845057778534,False
rush_hour,121->299,542,10,bezier_ipopt,0.8077507800189778,mse,0.0005430596732947031,False
rush_hour,121->299,542,10,bezier_nm,7.954920744989067,mse,0.0679800993818429,False
rush_hour,121->423,542,10,bezier_pgd,0.0010268909973092377,mse,0.0001353531466783671,False
rush_hour,121->423,542,10,bezier_ipopt,,mse,,True
rush_hour,121->423,542,10,bezier_nm,8.491165551007725,mse,0.00076626658314388,False
rush_hour,122->348,542,10,bezier_pgd,0.0008937020320445299,mse,0.0002038260901340272,False
rush_hour,122->348,542,10,bezier_ipopt,1.0041375879663974,mse,0.0001238686469539616,False
rush_hour,122->348,542,10,bezier_nm,8.304615922970697,mse,0.00042462088083082143,False
rush_hour,122->415,542,10,bezier_pgd,0.002043465035967529,mse,0.0004615692301209969,False
rush_hour,122->415,542,10,bezier_ipopt,0.8030193130252883,mse,0.0001595645607019961,False
rush_hour,122->415,542,10,bezier_nm,8.63975589495385,mse,0.0037514517132133064,False
rush_hour,123->463,542,10,bezier_pgd,0.0007368259830400348,mse,0.08992805278996707,False
rush_hour,123->463,542,10,bezier_ipopt,0.8591502080089413,mse,0.0005580791926416692,False
rush_hour,123->463,542,10,bezier_nm,7.360229219018947,mse,0.39017404785388093,False
rush_hour,123->486,542,10,bezier_pgd,0.00134537200210616,mse,0.00018999353645954726,False
rush_hour,123->486,542,10,bezier_ipopt,0.8804568250197917,mse,0.00015401084150434578,False
rush_hour,123->486,542,10,bezier_nm,7.759691946033854,mse,0.0007564333150313439,False
rush_hour,124->125,542,10,bezier_pgd,0.0009232989978045225,mse,0.06592365014176806,False
rush_hour,124->125,542,10,bezier_ipopt,1.0212548659765162,mse,0.00022537864201449081,False
rush_hour,124->125,542,10,bezier_nm,8.496952122019138,mse,0.2733059283071783,False
rush_hour,124->453,542,10,bezier_pgd,0.0013871999690309167,mse,0.00018591434704525952,False
rush_hour,124->453,542,10,bezier_ipopt,0.9906076330225915,mse,0.00012981394713727657,False
rush_hour,124->453,542,10,bezier_nm,7.0788273609941825,mse,0.0004663875383657025,False
rush_hour,125->124,542,10,bezier_pgd,0.001008728053420782,mse,0.0055024611748975445,False
rush_hour,125->124,542,10,bezier_ipopt,0.9211432239972055,mse,0.00041075920895663885,False
rush_hour,125->124,542,10,bezier_nm,6.9407753180130385,mse,0.10079644888767539,False
rush_hour,125->429,542,10,bezier_pgd,0.0008610649965703487,mse,0.00938355415246771,False
rush_hour,125->429,542,10,bezier_ipopt,0.8197943750419654,mse,0.0006987853378622673,False
rush_hour,125->429,542,10,bezier_nm,6.7389961940352805,mse,0.08893685902825861,False
rush_hour,126->343,542,10,bezier_pgd,0.001466731948312372,mse,0.0005839229265154844,False
rush_hour,126->343,542,10,bezier_ipopt,0.9139058609725907,mse,0.000315704989375655,False
rush_hour,126->343,542,10,bezier_nm,6.617042185040191,mse,0.003975694999258264,False
rush_hour,126->464,542,10,bezier_pgd,0.001333565975073725,mse,0.0003791435053834651,False
rush_hour,126->464,542,10,bezier_ipopt,0.8250762850511819,mse,0.0002275650659925223,False
rush_hour,126->464,542,10,bezier_nm,9.104799897992052,mse,0.0012011174501157578,False
rush_hour,127->17,542,10,bezier_pgd,0.001223015016876161,mse,0.008246885867782928,False
rush_hour,127->17,542,10,bezier_ipopt,1.4120679590268992,mse,0.00012089558262112284,False
rush_hour,127->17,542,10,bezier_nm,7.12307004496688,mse,0.18696669381772507,False
rush_hour,127->471,542,10,bezier_pgd,0.0008806510013528168,mse,0.0006193829702379159,False
rush_hour,127->471,542,10,bezier_ipopt,0.6952832750394009,mse,0.00017415143642201086,False
rush_hour,127->471,542,10,bezier_nm,6.787776067969389,mse,0.006358361989681538,False
rush_hour,128->357,542,10,bezier_pgd,0.0014982940047048032,mse,0.0051774491132882796,False
rush_hour,128->357,542,10,bezier_ipopt,,mse,,True
rush_hour,128->357,542,10,bezier_nm,6.925904256990179,mse,0.13930984959594306,False
rush_hour,128->465,542,10,bezier_pgd,0.000744887045584619,mse,0.0002582900882647207,False
rush_hour,128->465,542,10,bezier_ipopt,1.0330014339997433,mse,0.00019020074905981172,False
rush_hour,128->465,542,10,bezier_nm,8.121074678027071,mse,0.00364045225904237,False
rush_hour,129->160,542,10,bezier_pgd,0.0025097039761021733,mse,0.0004973946269229083,False
rush_hour,129->160,542,10,bezier_ipopt,0.8221872809808701,mse,0.00027308732415951177,False
rush_hour,129->160,542,10,bezier_nm,10.158315095002763,mse,0.0024772540287184217,False
rush_hour,129->511,542,10,bezier_pgd,0.0009050459484569728,mse,0.0014237560949229395,False
rush_hour,129->511,542,10,bezier_ipopt,0.8935842550126836,mse,0.00015214571490515226,False
rush_hour,129->511,542,10,bezier_nm,7.438158976030536,mse,0.0632069809193816,False
rush_hour,13->530,542,10,bezier_pgd,0.0006066389614716172,mse,0.0003360364935874335,False
rush_hour,13->530,542,10,bezier_ipopt,0.8333781430264935,mse,0.0002897022080640574,False
rush_hour,13->530,542,10,bezier_nm,7.347527267993428,mse,0.0004120151699167263,False
rush_hour,13->532,542,10,bezier_pgd,0.0012209779815748334,mse,0.009227704794918306,False
rush_hour,13->532,542,10,bezier_ipopt,4.915794054977596,mse,0.007395132633300454,False
rush_hour,13->532,542,10,bezier_nm,6.950683168019168,mse,0.08172379326095751,False
rush_hour,130->450,542,10,bezier_pgd,0.0007017350289970636,mse,0.00016680404988471146,False
rush_hour,130->450,542,10,bezier_ipopt,1.1487644420121796,mse,0.00014146077992503812,False
rush_hour,130->450,542,10,bezier_nm,8.469725930015557,mse,0.0008556768538110575,False
rush_hour,130->65,542,10,bezier_pgd,0.0009246470290236175,mse,0.020258160693224447,False
rush_hour,130->65,542,10,bezier_ipopt,1.2417278689681552,mse,0.00039581008278563666,False
rush_hour,130->65,542,10,bezier_nm,8.106277704006061,mse,0.23371645855581635,False
rush_hour,131->221,542,10,bezier_pgd,0.0009281740058213472,mse,0.00022039534597189896,False
rush_hour,131->221,542,10,bezier_ipopt,1.0504074009950273,mse,0.00017638379015679146,False
rush_hour,131->221,542,10,bezier_nm,7.402589565026574,mse,0.00042434959131566324,False
rush_hour,131->457,542,10,bezier_pgd,0.0009012049995362759,mse,0.003159990888712176,False
rush_hour,131->457,542,10,bezier_ipopt,0.9451088829664513,mse,0.0002452886162069269,False
rush_hour,131->457,542,10,bezier_nm,7.064061670971569,mse,0.07832230205767585,False
rush_hour,132->133,542,10,bezier_pgd,0.0013574020122177899,mse,0.02943085831730504,False
rush_hour,132->133,542,10,bezier_ipopt,0.9378352530184202,mse,0.00025880770550183285,False
rush_hour,132->133,542,10,bezier_nm,6.938207878032699,mse,0.23394528922469224,False
rush_hour,132->493,542,10,bezier_pgd,0.0012963199988007545,mse,0.006859230893880329,False
rush_hour,132->493,542,10,bezier_ipopt,1.1147676489781588,mse,0.0002954663058861519,False
rush_hour,132->493,542,10,bezier_nm,7.400893699959852,mse,0.1830397101137672,False
rush_hour,133->132,542,10,bezier_pgd,0.0012720039812847972,mse,0.006859230893880361,False
rush_hour,133->132,542,10,bezier_ipopt,1.3345868039759807,mse,0.0002954662752849962,False
rush_hour,133->132,542,10,bezier_nm,7.736178380961064,mse,0.18303971011376532,False
rush_hour,133->479,542,10,bezier_pgd,0.0013115900219418108,mse,0.003282406849694642,False
rush_hour,133->479,542,10,bezier_ipopt,0.7616338519728743,mse,0.0005061477083233865,False
rush_hour,133->479,542,10,bezier_nm,7.506381481012795,mse,0.10279124278230961,False
rush_hour,134->135,542,10,bezier_pgd,0.0010437320452183485,mse,0.004356232644389418,False
rush_hour,134->135,542,10,bezier_ipopt,0.8670230360003188,mse,0.00015613295337052184,False
rush_hour,134->135,542,10,bezier_nm,6.7344679340021685,mse,0.10177663444461643,False
rush_hour,134->320,542,10,bezier_pgd,0.0012081550084985793,mse,0.013032969919838166,False
rush_hour,134->320,542,10,bezier_ipopt,0.8170525919995271,mse,0.000286492528683236,False
rush_hour,134->320,542,10,bezier_nm,8.503713309008162,mse,0.1869005081865344,False
rush_hour,135->134,542,10,bezier_pgd,0.0018124229973182082,mse,0.00045091934735698414,False
rush_hour,135->134,542,10,bezier_ipopt,1.0714510949910618,mse,0.00021782889411002171,False
rush_hour,135->134,542,10,bezier_nm,9.230066789023113,mse,0.007501202239800517,False
rush_hour,135->479,542,10,bezier_pgd,0.0030351889436133206,mse,0.000497947588712131,False
rush_hour,135->479,542,10,bezier_ipopt,0.896378488978371,mse,0.00017476421268295328,False
rush_hour,135->479,542,10,bezier_nm,9.294082692009397,mse,0.005651545234625572,False
rush_hour,136->444,542,10,bezier_pgd,0.0011105769663117826,mse,0.000370328444592493,False
rush_hour,136->444,542,10,bezier_ipopt,0.8442872050218284,mse,0.00025462795851949923,False
rush_hour,136->444,542,10,bezier_nm,8.794834385975264,mse,0.0006868151075617025,False
rush_hour,136->517,542,10,bezier_pgd,0.0011429490405134857,mse,0.0004554938999324719,False
rush_hour,136->517,542,10,bezier_ipopt,1.077810267044697,mse,0.0003694148297368198,False
rush_hour,136->517,542,10,bezier_nm,7.90776166098658,mse,0.0008279033005822371,False
rush_hour,137->118,542,10,bezier_pgd,0.0008249740349128842,mse,0.0003108991110437414,False
rush_hour,137->118,542,10,bezier_ipopt,0.6730682339984924,mse,0.0002580956035148517,False
rush_hour,137->118,542,10,bezier_nm,8.646719916025177,mse,0.0009389275371417489,False
rush_hour,137->466,542,10,bezier_pgd,0.0016251509659923613,mse,0.0002598273082157421,False
rush_hour,137->466,542,10,bezier_ipopt,0.9366880640154704,mse,0.00016607668820276447,False
rush_hour,137->466,542,10,bezier_nm,10.086617616994772,mse,0.0012691863624232109,False
rush_hour,138->422,542,10,bezier_pgd,0.0010995659977197647,mse,0.00024569508670881416,False
rush_hour,138->422,542,10,bezier_ipopt,1.0443322240025736,mse,0.00020299262547915795,False
rush_hour,138->422,542,10,bezier_nm,8.428301579027902,mse,0.00042404442393638154,False
rush_hour,138->467,542,10,bezier_pgd,0.0017973600188270211,mse,0.0003902341020451903,False
rush_hour,138->467,542,10,bezier_ipopt,,mse,,True
rush_hour,138->467,542,10,bezier_nm,9.013999218994286,mse,0.0017641160796081168,False
rush_hour,139->374,542,10,bezier_pgd,0.0013761339941993356,mse,0.0015963211827198286,False
rush_hour,139->374,542,10,bezier_ipopt,0.9540390929905698,mse,6.35705874009201e-05,False
rush_hour,139->374,542,10,bezier_nm,6.505084537027869,mse,0.049085797601987,False
rush_hour,139->468,542,10,bezier_pgd,0.0014873140025883913,mse,0.05932888222950436,False
rush_hour,139->468,542,10,bezier_ipopt,0.8378822900122032,mse,0.00023284180250254281,False
rush_hour,139->468,542,10,bezier_nm,7.194592118030414,mse,0.25943687098040097,False
rush_hour,14->392,542,10,bezier_pgd,0.0011510970070958138,mse,3.665469046588282e-05,False
rush_hour,14->392,542,10,bezier_ipopt,1.107367670047097,mse,1.6975766922260354e-05,False
rush_hour,14->392,542,10,bezier_nm,8.342748738010414,mse,0.0003106836181381866,False
rush_hour,14->76,542,10,bezier_pgd,0.0010606430005282164,mse,3.795805630992161e-05,False
rush_hour,14->76,542,10,bezier_ipopt,1.0566029710462317,mse,2.2289482706018873e-05,False
rush_hour,14->76,542,10,bezier_nm,10.260155007010326,mse,0.00033648401166177524,False
rush_hour,140->152,542,10,bezier_pgd,0.0011592209921218455,mse,0.0002482378587074706,False
rush_hour,140->152,542,10,bezier_ipopt,0.9327277039992623,mse,0.0002028620389299874,False
rush_hour,140->152,542,10,bezier_nm,8.714605599001516,mse,0.002108228759468134,False
rush_hour,140->469,542,10,bezier_pgd,0.0010983279789797962,mse,0.001955103017956375,False
rush_hour,140->469,542,10,bezier_ipopt,0.846833303978201,mse,8.971903772136204e-05,False
rush_hour,140->469,542,10,bezier_nm,8.602413981978316,mse,0.05928190833101751,False
rush_hour,141->399,542,10,bezier_pgd,0.0007734810351394117,mse,0.0002897801533633662,False
rush_hour,141->399,542,10,bezier_ipopt,0.822178772999905,mse,0.0001694409931525305,False
rush_hour,141->399,542,10,bezier_nm,8.539885688980576,mse,0.0006124487313075511,False
rush_hour,141->510,542,10,bezier_pgd,0.0008035429636947811,mse,0.0004686185684490158,False
rush_hour,141->510,542,10,bezier_ipopt,1.154118983016815,mse,0.00043513136779113805,False
rush_hour,141->510,542,10,bezier_nm,8.394817804044578,mse,0.0006319252599651075,False
rush_hour,142->470,542,10,bezier_pgd,0.001217960030771792,mse,0.00015004993220944066,False
rush_hour,142->470,542,10,bezier_ipopt,0.9844098559697159,mse,9.042312811711828e-05,False
rush_hour,142->470,542,10,bezier_nm,9.478563300042879,mse,0.001352526292523346,False
rush_hour,142->86,542,10,bezier_pgd,0.001507356995716691,mse,0.0003542771194748979,False
rush_hour,142->86,542,10,bezier_ipopt,1.1263147959834896,mse,0.00022347215088687445,False
rush_hour,142->86,542,10,bezier_nm,9.265739716996904,mse,0.00047945860109832226,False
rush_hour,143->415,542,10,bezier_pgd,0.0013424539938569069,mse,0.006996817085898401,False
rush_hour,143->415,542,10,bezier_ipopt,1.1768442909815349,mse,0.0004328212485777948,False
rush_hour,143->415,542,10,bezier_nm,7.423734662006609,mse,0.1254509219682583,False
rush_hour,143->74,542,10,bezier_pgd,0.0011262850021012127,mse,0.016127176375105336,False
rush_hour,143->74,542,10,bezier_ipopt,1.1317898310371675,mse,0.0002468075118928162,False
rush_hour,143->74,542,10,bezier_nm,7.148454396985471,mse,0.22176815029069852,False
rush_hour,144->145,542,10,bezier_pgd,0.0011164569878019392,mse,0.0004591905922133727,False
rush_hour,144->145,542,10,bezier_ipopt,1.3541097000124864,mse,0.00037760465226317584,False
rush_hour,144->145,542,10,bezier_nm,7.857880812021904,mse,0.0011314022237145982,False
rush_hour,144->383,542,10,bezier_pgd,0.0006748870364390314,mse,0.0006272939440722629,False
rush_hour,144->383,542,10,bezier_ipopt,0.9403277679812163,mse,0.0003139650096780364,False
rush_hour,144->383,542,10,bezier_nm,8.86187768302625,mse,0.0007860993470896702,False
rush_hour,145->144,542,10,bezier_pgd,0.0017501029651612043,mse,0.0004470248319584278,False
rush_hour,145->144,542,10,bezier_ipopt,1.3511182919610292,mse,0.00019374345940419992,False
rush_hour,145->144,542,10,bezier_nm,8.74017772701336,mse,0.0027172709427448066,False
rush_hour,145->509,542,10,bezier_pgd,0.0012864189920946956,mse,0.0369972287664897,False
rush_hour,145->509,542,10,bezier_ipopt,0.925618642999325,mse,0.00018793033268996637,False
rush_hour,145->509,542,10,bezier_nm,6.786536868021358,mse,0.24825844180241852,False
rush_hour,146->147,542,10,bezier_pgd,0.0009764590067788959,mse,0.00026348744417396927,False
rush_hour,146->147,542,10,bezier_ipopt,0.7589423210010864,mse,0.00015793967583034046,False
rush_hour,146->147,542,10,bezier_nm,7.823660437017679,mse,0.0014124355541934115,False
rush_hour,146->415,542,10,bezier_pgd,0.0015288490103557706,mse,0.021381845412033314,False
rush_hour,146->415,542,10,bezier_ipopt,0.7218929859809577,mse,0.00033044439408723804,False
rush_hour,146->415,542,10,bezier_nm,6.698248208034784,mse,0.22926497348720737,False
rush_hour,147->146,542,10,bezier_pgd,0.0009755889768712223,mse,0.018189130909941238,False
rush_hour,147->146,542,10,bezier_ipopt,0.8228858570219018,mse,0.0007110474113372279,False
rush_hour,147->146,542,10,bezier_nm,7.606781273032539,mse,0.22123691833758546,False
rush_hour,147->198,542,10,bezier_pgd,0.0009184459922835231,mse,0.0070222942920563055,False
rush_hour,147->198,542,10,bezier_ipopt,1.1835571349947713,mse,0.0004289222610496627,False
rush_hour,147->198,542,10,bezier_nm,6.764687545015477,mse,0.07471113103798183,False
rush_hour,148->472,542,10,bezier_pgd,0.0013242630520835519,mse,0.0003841928470871121,False
rush_hour,148->472,542,10,bezier_ipopt,1.010990344977472,mse,0.00016687275636086455,False
rush_hour,148->472,542,10,bezier_nm,8.19195997301722,mse,0.0008642630793138386,False
rush_hour,148->498,542,10,bezier_pgd,0.0008805340039543808,mse,0.0002596739687941778,False
rush_hour,148->498,542,10,bezier_ipopt,0.9148273289902136,mse,0.0001733294381382295,False
rush_hour,148->498,542,10,bezier_nm,7.119082011980936,mse,0.006326446883234279,False
rush_hour,149->150,542,10,bezier_pgd,0.0010321260197088122,mse,0.000386141126443879,False
rush_hour,149->150,542,10,bezier_ipopt,0.792570727004204,mse,0.00025782301697950256,False
rush_hour,149->150,542,10,bezier_nm,8.128866860992275,mse,0.0012172401666973684,False
rush_hour,149->215,542,10,bezier_pgd,0.0014378229971043766,mse,0.0004540373385434217,False
rush_hour,149->215,542,10,bezier_ipopt,1.1612408669898286,mse,0.00017835965168855471,False
rush_hour,149->215,542,10,bezier_nm,6.988482097047381,mse,0.02049922053001671,False
rush_hour,15->23,542,10,bezier_pgd,0.000913392985239625,mse,6.669561629168191e-05,False
rush_hour,15->23,542,10,bezier_ipopt,0.9073781099868938,mse,3.122997122718e-05,False
rush_hour,15->23,542,10,bezier_nm,8.752479396993294,mse,0.0001329993516733572,False
rush_hour,15->234,542,10,bezier_pgd,0.001126904971897602,mse,0.30945153527496727,False
rush_hour,15->234,542,10,bezier_ipopt,,mse,,True
rush_hour,15->234,542,10,bezier_nm,6.569161807012279,mse,0.4642554257202692,False
rush_hour,15->516,542,10,bezier_pgd,0.0010332780075259507,mse,0.0014701529765347241,False
rush_hour,15->516,542,10,bezier_ipopt,0.733779238013085,mse,0.00015206366490781788,False
rush_hour,15->516,542,10,bezier_nm,6.803729880019091,mse,0.09254630954606788,False
rush_hour,150->149,542,10,bezier_pgd,0.0009289460140280426,mse,0.0001600535814510851,False
rush_hour,150->149,542,10,bezier_ipopt,0.8786991040105931,mse,6.966143685386299e-05,False
rush_hour,150->149,542,10,bezier_nm,7.618040161032695,mse,0.0005922871390418205,False
rush_hour,150->507,542,10,bezier_pgd,0.0009888699860312045,mse,0.0006166840641345217,False
rush_hour,150->507,542,10,bezier_ipopt,1.1542536030174233,mse,0.0002983816513962804,False
rush_hour,150->507,542,10,bezier_nm,7.377506512973923,mse,0.010380487301167838,False
rush_hour,151->290,542,10,bezier_pgd,0.0009475200204178691,mse,0.037447179584548754,False
rush_hour,151->290,542,10,bezier_ipopt,,mse,,True
rush_hour,151->290,542,10,bezier_nm,6.405315804993734,mse,0.2312375022741173,False
rush_hour,151->473,542,10,bezier_pgd,0.0017759259790182114,mse,0.00046021589446558627,False
rush_hour,151->473,542,10,bezier_ipopt,0.7921119390521199,mse,0.00015429875206998073,False
rush_hour,151->473,542,10,bezier_nm,9.834541475982405,mse,0.0017548045247032721,False
rush_hour,152->140,542,10,bezier_pgd,0.0010036090388894081,mse,0.00022944067511008093,False
rush_hour,152->140,542,10,bezier_ipopt,1.0902297760476358,mse,0.00014802105698793499,False
rush_hour,152->140,542,10,bezier_nm,7.8037956050247885,mse,0.0014085364531502393,False
rush_hour,152->220,542,10,bezier_pgd,0.0012675519683398306,mse,0.000355042021571345,False
rush_hour,152->220,542,10,bezier_ipopt,0.8679797520162538,mse,0.0002045865984070904,False
rush_hour,152->220,542,10,bezier_nm,8.561339266016148,mse,0.00070518109851681,False
rush_hour,153->447,542,10,bezier_pgd,0.0008319480111822486,mse,0.00021457649520868999,False
rush_hour,153->447,542,10,bezier_ipopt,,mse,,True
rush_hour,153->447,542,10,bezier_nm,8.083756911044475,mse,0.0006371677641345559,False
rush_hour,153->474,542,10,bezier_pgd,0.000913880008738488,mse,0.002619766577506493,False
rush_hour,153->474,542,10,bezier_ipopt,0.9508986300206743,mse,0.00024805037291507207,False
rush_hour,153->474,542,10,bezier_nm,5.991859049012419,mse,0.09010320063292986,False
rush_hour,154->434,542,10,bezier_pgd,0.0013903170474804938,mse,0.0008532324999252916,False
rush_hour,154->434,542,10,bezier_ipopt,0.9403416310087778,mse,0.00018907296197357752,False
rush_hour,154->434,542,10,bezier_nm,7.330487357976381,mse,0.04030015351514138,False
rush_hour,154->470,542,10,bezier_pgd,0.001821151003241539,mse,0.0004507628726844732,False
rush_hour,154->470,542,10,bezier_ipopt,0.8973481920547783,mse,0.0002526377183883521,False
rush_hour,154->470,542,10,bezier_nm,7.828961779014207,mse,0.0008493163087803195,False
rush_hour,155->398,542,10,bezier_pgd,0.0011447150027379394,mse,0.0068125581435816525,False
rush_hour,155->398,542,10,bezier_ipopt,1.1900089499540627,mse,0.0002571128928654062,False
rush_hour,155->398,542,10,bezier_nm,6.655443227966316,mse,0.170471744947524,False
rush_hour,155->480,542,10,bezier_pgd,0.0015298440121114254,mse,0.00045034164181273506,False
rush_hour,155->480,542,10,bezier_ipopt,0.8384317049640231,mse,0.00017588600180048962,False
rush_hour,155->480,542,10,bezier_nm,7.866373994969763,mse,0.0528690226796064,False
rush_hour,156->391,542,10,bezier_pgd,0.0009896020055748522,mse,0.08098764394026065,False
rush_hour,156->391,542,10,bezier_ipopt,,mse,,True
rush_hour,156->391,542,10,bezier_nm,6.63991263700882,mse,0.27413855873185444,False
rush_hour,156->469,542,10,bezier_pgd,0.001234108000062406,mse,0.0030745020085602218,False
rush_hour,156->469,542,10,bezier_ipopt,,mse,,True
rush_hour,156->469,542,10,bezier_nm,6.395752776996233,mse,0.08890389181296249,False
rush_hour,157->390,542,10,bezier_pgd,0.0011447420110926032,mse,0.0004729749328572674,False
rush_hour,157->390,542,10,bezier_ipopt,1.238000702986028,mse,0.00021686659520814706,False
rush_hour,157->390,542,10,bezier_nm,8.532634691044223,mse,0.0006838481896972721,False
rush_hour,157->476,542,10,bezier_pgd,0.0018877880065701902,mse,0.09144823679905756,False
rush_hour,157->476,542,10,bezier_ipopt,3.1045001659658737,mse,0.06425690659184809,False
rush_hour,157->476,542,10,bezier_nm,7.113234199001454,mse,0.24740587885027446,False
rush_hour,158->159,542,10,bezier_pgd,0.002809729950968176,mse,0.0006307611715392486,False
rush_hour,158->159,542,10,bezier_ipopt,0.8133864789851941,mse,0.0002452083932143187,False
rush_hour,158->159,542,10,bezier_nm,8.79779507801868,mse,0.0011592900037567817,False
rush_hour,158->244,542,10,bezier_pgd,0.0015646739630028605,mse,0.005808744443173346,False
rush_hour,158->244,542,10,bezier_ipopt,,mse,,True
rush_hour,158->244,542,10,bezier_nm,6.644571080978494,mse,0.10906581403407385,False
rush_hour,159->158,542,10,bezier_pgd,0.000848381023388356,mse,0.033634599021457545,False
rush_hour,159->158,542,10,bezier_ipopt,0.9605742950225249,mse,0.0007056210407387787,False
rush_hour,159->158,542,10,bezier_nm,6.699565393966623,mse,0.24048130036701798,False
rush_hour,159->253,542,10,bezier_pgd,0.002296617953106761,mse,0.0007633633090508216,False
rush_hour,159->253,542,10,bezier_ipopt,0.9958927929983474,mse,0.00026460965715721294,False
rush_hour,159->253,542,10,bezier_nm,8.913206756988075,mse,0.0030765996164314104,False
rush_hour,16->228,542,10,bezier_pgd,0.0011262579937465489,mse,0.0002641061510150237,False
rush_hour,16->228,542,10,bezier_ipopt,1.0504859710345045,mse,0.0001625480729640329,False
rush_hour,16->228,542,10,bezier_nm,7.133188953972422,mse,0.0005741411582014344,False
rush_hour,16->451,542,10,bezier_pgd,0.0010371239623054862,mse,3.703621848273353e-05,False
rush_hour,16->451,542,10,bezier_ipopt,0.86736347299302,mse,1.5747762293657983e-05,False
rush_hour,16->451,542,10,bezier_nm,9.140429925988428,mse,0.0002560466295111088,False
rush_hour,16->88,542,10,bezier_pgd,0.0008450640016235411,mse,8.177143750831835e-05,False
rush_hour,16->88,542,10,bezier_ipopt,0.7992160780122504,mse,3.188717975431598e-05,False
rush_hour,16->88,542,10,bezier_nm,8.787592102016788,mse,0.00023390365609601935,False
rush_hour,160->129,542,10,bezier_pgd,0.0008313690195791423,mse,0.030669664034589796,False
rush_hour,160->129,542,10,bezier_ipopt,0.7387124400120229,mse,0.00040639455613011453,False
rush_hour,160->129,542,10,bezier_nm,7.432563120964915,mse,0.24779874037205896,False
rush_hour,160->529,542,10,bezier_pgd,0.0008457479998469353,mse,0.003057748829471071,False
rush_hour,160->529,542,10,bezier_ipopt,0.7591548439813778,mse,0.0001370837955577506,False
rush_hour,160->529,542,10,bezier_nm,7.280804814014118,mse,0.07057835352436781,False
rush_hour,161->162,542,10,bezier_pgd,0.004091454029548913,mse,0.0012398209296340741,False
rush_hour,161->162,542,10,bezier_ipopt,1.0408435270073824,mse,0.0003810406943093312,False
rush_hour,161->162,542,10,bezier_nm,6.426416657981463,mse,0.003372378415496932,False
rush_hour,161->405,542,10,bezier_pgd,0.0016731079667806625,mse,0.0012818473285999838,False
rush_hour,161->405,542,10,bezier_ipopt,0.6956933500478044,mse,0.00045600290405259787,False
rush_hour,161->405,542,10,bezier_nm,8.582290504011326,mse,0.00499379716234132,False
rush_hour,162->161,542,10,bezier_pgd,0.0010886569507420063,mse,0.000348108270020683,False
rush_hour,162->161,542,10,bezier_ipopt,1.0072823170339689,mse,0.00021419061071149427,False
rush_hour,162->161,542,10,bezier_nm,7.481996474030893,mse,0.0013786188916805773,False
rush_hour,162->464,542,10,bezier_pgd,0.0011070119799114764,mse,0.018529760480121813,False
rush_hour,162->464,542,10,bezier_ipopt,0.8117819500039332,mse,0.00023328287427787066,False
rush_hour,162->464,542,10,bezier_nm,7.216778268979397,mse,0.1840669909558543,False
rush_hour,163->164,542,10,bezier_pgd,0.0010019259643740952,mse,0.0022959821919467786,False
rush_hour,163->164,542,10,bezier_ipopt,0.9129850500030443,mse,0.00021523521566788344,False
rush_hour,163->164,542,10,bezier_nm,6.9037474090000615,mse,0.11136395882720293,False
rush_hour,163->166,542,10,bezier_pgd,0.0021157030132599175,mse,0.0002802334431296909,False
rush_hour,163->166,542,10,bezier_ipopt,0.8346254359930754,mse,0.0001970432906700813,False
rush_hour,163->166,542,10,bezier_nm,8.697164184995927,mse,0.0009243609109267695,False
rush_hour,164->163,542,10,bezier_pgd,0.0012307860306464136,mse,0.0007878894851886085,False
rush_hour,164->163,542,10,bezier_ipopt,0.8235398650285788,mse,0.00026844780898791697,False
rush_hour,164->163,542,10,bezier_nm,8.97970239399001,mse,0.0026598204498966944,False
rush_hour,164->517,542,10,bezier_pgd,0.0011809620191343129,mse,0.0003080712672674798,False
rush_hour,164->517,542,10,bezier_ipopt,0.8843933899770491,mse,0.0001894351931249305,False
rush_hour,164->517,542,10,bezier_nm,8.25796795100905,mse,0.0008067719362739015,False
rush_hour,165->240,542,10,bezier_pgd,0.0007361979805864394,mse,0.00020541488563814912,False
rush_hour,165->240,542,10,bezier_ipopt,1.1319103080313653,mse,9.634152689141909e-05,False
rush_hour,165->240,542,10,bezier_nm,7.026541133003775,mse,0.006610233919754593,False
rush_hour,165->427,542,10,bezier_pgd,0.0013878819881938398,mse,0.0003207172651279148,False
rush_hour,165->427,542,10,bezier_ipopt,0.7154108809772879,mse,0.00014357740544704216,False
rush_hour,165->427,542,10,bezier_nm,10.027636356011499,mse,0.004752859433168503,False
rush_hour,166->163,542,10,bezier_pgd,0.00129238999215886,mse,0.0002402562366968762,False
rush_hour,166->163,542,10,bezier_ipopt,0.7991136950440705,mse,0.00016060771238829967,False
rush_hour,166->163,542,10,bezier_nm,8.89659145299811,mse,0.0004752190187145687,False
rush_hour,166->307,542,10,bezier_pgd,0.0009645720128901303,mse,0.00032424035222638223,False
rush_hour,166->307,542,10,bezier_ipopt,1.0810613060020842,mse,0.00016894618149872027,False
rush_hour,166->307,542,10,bezier_nm,9.926910111971665,mse,0.0006386979780859203,False
rush_hour,167->168,542,10,bezier_pgd,0.0014829729916527867,mse,0.01968201514675867,False
rush_hour,167->168,542,10,bezier_ipopt,,mse,,True
rush_hour,167->168,542,10,bezier_nm,6.353537219983991,mse,0.21004016647655582,False
rush_hour,167->397,542,10,bezier_pgd,0.0010105390101671219,mse,4.682884600164985e-05,False
rush_hour,167->397,542,10,bezier_ipopt,0.905526676971931,mse,3.171724865715711e-05,False
rush_hour,167->397,542,10,bezier_nm,7.731819526001345,mse,0.00024112503971254076,False
rush_hour,168->167,542,10,bezier_pgd,0.0009736969950608909,mse,3.5033879047687534e-05,False
rush_hour,168->167,542,10,bezier_ipopt,0.8542770829517394,mse,1.691574845009901e-05,False
rush_hour,168->167,542,10,bezier_nm,8.433001907018479,mse,0.0002311679836896118,False
rush_hour,168->285,542,10,bezier_pgd,0.0014411360025405884,mse,0.00029972485579393454,False
rush_hour,168->285,542,10,bezier_ipopt,0.8069265360245481,mse,0.00018535571259740546,False
rush_hour,168->285,542,10,bezier_nm,8.289285026025027,mse,0.0006670449602500815,False
rush_hour,169->170,542,10,bezier_pgd,0.002043061947915703,mse,0.0005229194368503767,False
rush_hour,169->170,542,10,bezier_ipopt,0.7976414019940421,mse,0.00014792070476716128,False
rush_hour,169->170,542,10,bezier_nm,9.124356791027822,mse,0.003394104920310915,False
rush_hour,169->279,542,10,bezier_pgd,0.0005969630437903106,mse,0.000182640509333581,False
rush_hour,169->279,542,10,bezier_ipopt,0.9925934789935127,mse,0.00014116157186040018,False
rush_hour,169->279,542,10,bezier_nm,7.61594122403767,mse,0.00028484049001123506,False
rush_hour,17->127,542,10,bezier_pgd,0.0010301630245521665,mse,0.003961582222736913,False
rush_hour,17->127,542,10,bezier_ipopt,0.8943326720036566,mse,0.00021634822713243807,False
rush_hour,17->127,542,10,bezier_nm,7.180259828979615,mse,0.1306372007830478,False
rush_hour,17->492,542,10,bezier_pgd,0.001274540030863136,mse,0.008246885867782916,False
rush_hour,17->492,542,10,bezier_ipopt,1.6142169180093333,mse,0.0001208958354826938,False
rush_hour,17->492,542,10,bezier_nm,7.831668490020093,mse,0.1664417342326414,False
rush_hour,17->97,542,10,bezier_pgd,0.0010365020134486258,mse,2.8368486480906906e-05,False
rush_hour,17->97,542,10,bezier_ipopt,1.1672213340061717,mse,1.378541444087408e-05,False
rush_hour,17->97,542,10,bezier_nm,7.271281136025209,mse,0.00013498527176187107,False
rush_hour,170->169,542,10,bezier_pgd,0.0010885539813898504,mse,0.0005469785189450712,False
rush_hour,170->169,542,10,bezier_ipopt,1.0661435640067793,mse,0.00019293171788897076,False
rush_hour,170->169,542,10,bezier_nm,7.139700711006299,mse,0.03252022170768685,False
rush_hour,170->348,542,10,bezier_pgd,0.0010175060015171766,mse,0.00016043798582080586,False
rush_hour,170->348,542,10,bezier_ipopt,0.9515484910225496,mse,0.00011032610173188083,False
rush_hour,170->348,542,10,bezier_nm,8.03315102198394,mse,0.0005355383931456293,False
rush_hour,171->231,542,10,bezier_pgd,0.0014740069746039808,mse,0.0007798901961141285,False
rush_hour,171->231,542,10,bezier_ipopt,0.8806074769818224,mse,0.0001376801320806509,False
rush_hour,171->231,542,10,bezier_nm,9.57410432305187,mse,0.002098765582604376,False
rush_hour,171->476,542,10,bezier_pgd,0.0009863160084933043,mse,0.0004330353097904431,False
rush_hour,171->476,542,10,bezier_ipopt,1.0825997299980372,mse,0.00021783318332311614,False
rush_hour,171->476,542,10,bezier_nm,7.695766999968328,mse,0.0006162201911612494,False
rush_hour,172->438,542,10,bezier_pgd,0.0011027449509128928,mse,0.013018467506629192,False
rush_hour,172->438,542,10,bezier_ipopt,,mse,,True
rush_hour,172->438,542,10,bezier_nm,7.0744784330017865,mse,0.1454596960211002,False
rush_hour,172->452,542,10,bezier_pgd,0.0014595520333386958,mse,0.0004844188468180437,False
rush_hour,172->452,542,10,bezier_ipopt,1.5209056200110354,mse,0.00022989237662107787,False
rush_hour,172->452,542,10,bezier_nm,8.43341534002684,mse,0.0009904656820846091,False
rush_hour,173->174,542,10,bezier_pgd,0.0011028010048903525,mse,0.00028657708941909793,False
rush_hour,173->174,542,10,bezier_ipopt,1.3052123200031929,mse,0.00017484293388288777,False
rush_hour,173->174,542,10,bezier_nm,7.4796873810119,mse,0.0005755550858236655,False
rush_hour,173->275,542,10,bezier_pgd,0.0010439030011184514,mse,0.023078031156044086,False
rush_hour,173->275,542,10,bezier_ipopt,,mse,,True
rush_hour,173->275,542,10,bezier_nm,6.873479440982919,mse,0.17954227487995722,False
rush_hour,174->173,542,10,bezier_pgd,0.0012560840114019811,mse,0.0002760414370383795,False
rush_hour,174->173,542,10,bezier_ipopt,0.7917962140054442,mse,0.00023723825031973209,False
rush_hour,174->173,542,10,bezier_nm,8.41537739202613,mse,0.0008939351870907225,False
rush_hour,174->284,542,10,bezier_pgd,0.0007630480104126036,mse,0.00013101509407051505,False
rush_hour,174->284,542,10,bezier_ipopt,0.9466952519724146,mse,0.0001047298982788015,False
rush_hour,174->284,542,10,bezier_nm,8.08613544004038,mse,0.0003286340355328989,False
rush_hour,175->517,542,10,bezier_pgd,0.0008216630085371435,mse,0.00036775318700635155,False
rush_hour,175->517,542,10,bezier_ipopt,1.1178402560180984,mse,0.0001278562250065684,False
rush_hour,175->517,542,10,bezier_nm,6.402356875012629,mse,0.0254667579001706,False
rush_hour,175->521,542,10,bezier_pgd,0.000847563031129539,mse,0.000481975792996991,False
rush_hour,175->521,542,10,bezier_ipopt,1.0078155639930628,mse,0.00033792622005698707,False
rush_hour,175->521,542,10,bezier_nm,7.367617575975601,mse,0.0008084258911770904,False
rush_hour,176->333,542,10,bezier_pgd,0.0007374869892373681,mse,0.00024504636879005764,False
rush_hour,176->333,542,10,bezier_ipopt,0.9496648050262593,mse,0.00018113704737256298,False
rush_hour,176->333,542,10,bezier_nm,8.781720771978144,mse,0.000314367260008896,False
rush_hour,176->484,542,10,bezier_pgd,0.001330465020146221,mse,0.0003733112401771166,False
rush_hour,176->484,542,10,bezier_ipopt,0.8072077800170518,mse,0.00027746217687035963,False
rush_hour,176->484,542,10,bezier_nm,6.2990716530475765,mse,0.028840206290911222,False
rush_hour,177->116,542,10,bezier_pgd,0.001738500955980271,mse,0.00030424157139419283,False
rush_hour,177->116,542,10,bezier_ipopt,0.7860462000244297,mse,0.00020288068381207384,False
rush_hour,177->116,542,10,bezier_nm,8.920004384999629,mse,0.0009198856458050776,False
rush_hour,177->178,542,10,bezier_pgd,0.0008847549906931818,mse,0.0009540203935612167,False
rush_hour,177->178,542,10,bezier_ipopt,0.9697812179801986,mse,0.000365196386873894,False
rush_hour,177->178,542,10,bezier_nm,6.207948768977076,mse,0.038626283010114934,False
rush_hour,178->177,542,10,bezier_pgd,0.0008896549697965384,mse,0.0012264107897600998,False
rush_hour,178->177,542,10,bezier_ipopt,0.745789912994951,mse,0.0002847651389634781,False
rush_hour,178->177,542,10,bezier_nm,6.978743903979193,mse,0.0572309391716832,False
rush_hour,178->385,542,10,bezier_pgd,0.0009592180140316486,mse,0.0003409825325565211,False
rush_hour,178->385,542,10,bezier_ipopt,1.040620666986797,mse,0.0002166882715512073,False
rush_hour,178->385,542,10,bezier_nm,8.184795128006954,mse,0.0009609227933970657,False
rush_hour,179->394,542,10,bezier_pgd,0.0008361939690075815,mse,0.000781993264844143,False
rush_hour,179->394,542,10,bezier_ipopt,,mse,,True
rush_hour,179->394,542,10,bezier_nm,6.951915149984416,mse,0.001011095634251603,False
rush_hour,179->513,542,10,bezier_pgd,0.002307266986463219,mse,0.0017455008099317966,False
rush_hour,179->513,542,10,bezier_ipopt,2.276053744019009,mse,0.0013226901012635707,False
rush_hour,179->513,542,10,bezier_nm,7.008696069999132,mse,0.12363728604535736,False
rush_hour,18->105,542,10,bezier_pgd,0.001396943989675492,mse,4.7901707876610946e-05,False
rush_hour,18->105,542,10,bezier_ipopt,0.7171850169543177,mse,2.264231984364092e-05,False
rush_hour,18->105,542,10,bezier_nm,7.722983452025801,mse,0.00024277515825582682,False
rush_hour,18->291,542,10,bezier_pgd,0.0009160339832305908,mse,0.1426170766878895,False
rush_hour,18->291,542,10,bezier_ipopt,,mse,,True
rush_hour,18->291,542,10,bezier_nm,7.595185404992662,mse,0.3415264670889556,False
rush_hour,18->326,542,10,bezier_pgd,0.0011100709671154618,mse,0.017867479204236678,False
rush_hour,18->326,542,10,bezier_ipopt,,mse,,True
rush_hour,18->326,542,10,bezier_nm,6.758951310010161,mse,0.18207525776315392,False
rush_hour,180->181,542,10,bezier_pgd,0.0011498309904709458,mse,0.003359968925137129,False
rush_hour,180->181,542,10,bezier_ipopt,0.8456714790081605,mse,0.00021475372410314846,False
rush_hour,180->181,542,10,bezier_nm,7.107247464999091,mse,0.12447536396755451,False
rush_hour,180->373,542,10,bezier_pgd,0.0009390729828737676,mse,0.0004904126311590049,False
rush_hour,180->373,542,10,bezier_ipopt,0.9054669340257533,mse,0.00024043631335467686,False
rush_hour,180->373,542,10,bezier_nm,7.449975731025916,mse,0.014404594761390525,False
rush_hour,181->180,542,10,bezier_pgd,0.001016590977087617,mse,0.003577260109080643,False
rush_hour,181->180,542,10,bezier_ipopt,0.7598244799883105,mse,0.00031699884798832504,False
rush_hour,181->180,542,10,bezier_nm,6.432090110029094,mse,0.12917428898649938,False
rush_hour,181->429,542,10,bezier_pgd,0.0009045689948834479,mse,0.017559737138078065,False
rush_hour,181->429,542,10,bezier_ipopt,0.7320324130123481,mse,0.0003427259864816699,False
rush_hour,181->429,542,10,bezier_nm,8.160756013006903,mse,0.23865179104074136,False
rush_hour,182->390,542,10,bezier_pgd,0.0019231970072723925,mse,0.0005361251838387393,False
rush_hour,182->390,542,10,bezier_ipopt,,mse,,True
rush_hour,182->390,542,10,bezier_nm,8.254454552021343,mse,0.006276654642539617,False
rush_hour,182->433,542,10,bezier_pgd,0.0022997820051386952,mse,0.0008821219531005024,False
rush_hour,182->433,542,10,bezier_ipopt,0.8028150349855423,mse,0.00038358897593610507,False
rush_hour,182->433,542,10,bezier_nm,7.0002081480342895,mse,0.09608154893751049,False
rush_hour,183->184,542,10,bezier_pgd,0.0017401500372216105,mse,0.00043850397145643165,False
rush_hour,183->184,542,10,bezier_ipopt,0.8957513290224597,mse,0.00015276184637017442,False
rush_hour,183->184,542,10,bezier_nm,9.063087459013332,mse,0.00145618500544595,False
rush_hour,183->267,542,10,bezier_pgd,0.0011052420013584197,mse,0.000196106605358645,False
rush_hour,183->267,542,10,bezier_ipopt,0.8379554949933663,mse,0.00014825401984288442,False
rush_hour,183->267,542,10,bezier_nm,7.873659475997556,mse,0.0005046523349791879,False
rush_hour,184->183,542,10,bezier_pgd,0.0019233119674026966,mse,0.001132307372114307,False
rush_hour,184->183,542,10,bezier_ipopt,0.9517250030185096,mse,0.000186707071111113,False
rush_hour,184->183,542,10,bezier_nm,6.459230038046371,mse,0.06565390923727088,False
rush_hour,184->485,542,10,bezier_pgd,0.0013851330149918795,mse,0.0003658789928851677,False
rush_hour,184->485,542,10,bezier_ipopt,1.0892920180340298,mse,0.00015199289962832755,False
rush_hour,184->485,542,10,bezier_nm,7.826770230021793,mse,0.0013706220461502001,False
rush_hour,185->186,542,10,bezier_pgd,0.0012060219887644053,mse,0.0006985261939879907,False
rush_hour,185->186,542,10,bezier_ipopt,0.8917832850129344,mse,0.0002134864892086594,False
rush_hour,185->186,542,10,bezier_nm,8.50321111397352,mse,0.0031014159899693497,False
rush_hour,185->227,542,10,bezier_pgd,0.00119779200758785,mse,0.00033214197915779135,False
rush_hour,185->227,542,10,bezier_ipopt,1.024386505014263,mse,0.00021257218452046242,False
rush_hour,185->227,542,10,bezier_nm,7.378263960999902,mse,0.0029171817923511257,False
rush_hour,186->185,542,10,bezier_pgd,0.001188405032735318,mse,0.003741013308300134,False
rush_hour,186->185,542,10,bezier_ipopt,0.9275154749630019,mse,0.00030528014046680415,False
rush_hour,186->185,542,10,bezier_nm,6.401547499001026,mse,0.13898775228665694,False
rush_hour,186->19,542,10,bezier_pgd,0.0011098929680883884,mse,0.012961040089661459,False
rush_hour,186->19,542,10,bezier_ipopt,1.181212755967863,mse,0.0002610820196632184,False
rush_hour,186->19,542,10,bezier_nm,6.73654502700083,mse,0.18636736444031052,False
rush_hour,187->454,542,10,bezier_pgd,0.0013794400147162378,mse,0.0006217633817737514,False
rush_hour,187->454,542,10,bezier_ipopt,0.6052989329909906,mse,0.0003234436041125246,False
rush_hour,187->454,542,10,bezier_nm,8.024486319045536,mse,0.004136607167494204,False
rush_hour,187->514,542,10,bezier_pgd,0.0008891570032574236,mse,0.002752158641099981,False
rush_hour,187->514,542,10,bezier_ipopt,0.8492949389619753,mse,0.0001398057538459312,False
rush_hour,187->514,542,10,bezier_nm,6.9222128259716555,mse,0.06027114318083455,False
rush_hour,188->485,542,10,bezier_pgd,0.0007587450090795755,mse,0.000864590862364061,False
rush_hour,188->485,542,10,bezier_ipopt,0.8524756379774772,mse,0.0007750754427546492,False
rush_hour,188->485,542,10,bezier_nm,8.081388150982093,mse,0.000879662923771743,False
rush_hour,188->513,542,10,bezier_pgd,0.0013393500121310353,mse,0.1208793600149094,False
rush_hour,188->513,542,10,bezier_ipopt,0.9242778680054471,mse,0.002058939704867043,False
rush_hour,188->513,542,10,bezier_nm,7.308249392022844,mse,0.2756697938829578,False
rush_hour,189->190,542,10,bezier_pgd,0.0017790870042517781,mse,0.003373030846495248,False
rush_hour,189->190,542,10,bezier_ipopt,0.9466950829955749,mse,0.00036310006725130515,False
rush_hour,189->190,542,10,bezier_nm,6.526966225006618,mse,0.05430779415180592,False
rush_hour,189->524,542,10,bezier_pgd,0.001078713044989854,mse,0.0019262678112681162,False
rush_hour,189->524,542,10,bezier_ipopt,0.7679084949777462,mse,0.0003117039370271902,False
rush_hour,189->524,542,10,bezier_nm,6.013188876968343,mse,0.043028011129769436,False
rush_hour,19->186,542,10,bezier_pgd,0.0010506670223549008,mse,0.10590921734956334,False
rush_hour,19->186,542,10,bezier_ipopt,0.9557308729854412,mse,0.0005225979550329748,False
rush_hour,19->186,542,10,bezier_nm,7.012231683998834,mse,0.28796550547350325,False
rush_hour,19->458,542,10,bezier_pgd,0.0011688179802149534,mse,4.9573685514949494e-05,False
rush_hour,19->458,542,10,bezier_ipopt,0.7737953109899536,mse,3.023087489950571e-05,False
rush_hour,19->458,542,10,bezier_nm,7.397799764003139,mse,0.00011372615500923124,False
rush_hour,19->506,542,10,bezier_pgd,0.001175143988803029,mse,0.012961040089661455,False
rush_hour,19->506,542,10,bezier_ipopt,1.0293213410186581,mse,0.00026108201619089356,False
rush_hour,19->506,542,10,bezier_nm,7.092035715002567,mse,0.1862903236069339,False
rush_hour,190->189,542,10,bezier_pgd,0.00111445999937132,mse,0.00035663071332779704,False
rush_hour,190->189,542,10,bezier_ipopt,0.7357455620076507,mse,0.00023601978709409584,False
rush_hour,190->189,542,10,bezier_nm,7.721118860994466,mse,0.0006697039199280087,False
rush_hour,190->495,542,10,bezier_pgd,0.0021727409912273288,mse,0.00033554328113198314,False
rush_hour,190->495,542,10,bezier_ipopt,0.7773371689836495,mse,0.00015095173199327442,False
rush_hour,190->495,542,10,bezier_nm,8.634415155043826,mse,0.0009623871898317469,False
rush_hour,191->269,542,10,bezier_pgd,0.0008940700208768249,mse,0.08866762968290332,False
rush_hour,191->269,542,10,bezier_ipopt,0.717009706015233,mse,0.0004343430798250034,False
rush_hour,191->269,542,10,bezier_nm,6.077975536987651,mse,0.2816870237998403,False
rush_hour,191->472,542,10,bezier_pgd,0.0017103459686040878,mse,0.0035624206017338404,False
rush_hour,191->472,542,10,bezier_ipopt,0.8189273669850081,mse,0.00014950927865098782,False
rush_hour,191->472,542,10,bezier_nm,7.846789632982109,mse,0.1050316126208548,False
rush_hour,192->193,542,10,bezier_pgd,0.0017512940103188157,mse,0.00041715961653617114,False
rush_hour,192->193,542,10,bezier_ipopt,0.9661440599593334,mse,0.0002213333052938193,False
rush_hour,192->193,542,10,bezier_nm,8.573116256971844,mse,0.0064312293219932065,False
rush_hour,192->420,542,10,bezier_pgd,0.0012549550156109035,mse,0.0011737668502276725,False
rush_hour,192->420,542,10,bezier_ipopt,0.9977068880107254,mse,0.00048823357381225886,False
rush_hour,192->420,542,10,bezier_nm,6.279358141997363,mse,0.09437580569349957,False
rush_hour,193->192,542,10,bezier_pgd,0.0016680909902788699,mse,0.0005178337166967757,False
rush_hour,193->192,542,10,bezier_ipopt,,mse,,True
rush_hour,193->192,542,10,bezier_nm,8.670270952978171,mse,0.0016100783446764773,False
rush_hour,193->300,542,10,bezier_pgd,0.0012105909991078079,mse,0.00034392109769665704,False
rush_hour,193->300,542,10,bezier_ipopt,0.9250557480263524,mse,0.00015622552439885752,False
rush_hour,193->300,542,10,bezier_nm,7.843362431973219,mse,0.0011528349812877992,False
rush_hour,194->475,542,10,bezier_pgd,0.0011475110077299178,mse,0.00027304355394336795,False
rush_hour,194->475,542,10,bezier_ipopt,0.7221436960389838,mse,0.00021231466886530547,False
rush_hour,194->475,542,10,bezier_nm,8.947220714006107,mse,0.0005822146118520505,False
rush_hour,194->486,542,10,bezier_pgd,0.0018369060126133263,mse,0.00022522601734751554,False
rush_hour,194->486,542,10,bezier_ipopt,0.7946176169789396,mse,7.640450301453617e-05,False
rush_hour,194->486,542,10,bezier_nm,7.550682555011008,mse,0.0005308088494545851,False
rush_hour,195->196,542,10,bezier_pgd,0.0017466360004618764,mse,0.0004957351613691694,False
rush_hour,195->196,542,10,bezier_ipopt,0.628366102988366,mse,0.0002483934373694598,False
rush_hour,195->196,542,10,bezier_nm,8.556667933997232,mse,0.0012704509789720911,False
rush_hour,195->484,542,10,bezier_pgd,0.002056445984635502,mse,0.0003300901633914979,False
rush_hour,195->484,542,10,bezier_ipopt,0.8830763650476001,mse,0.00017167486173569517,False
rush_hour,195->484,542,10,bezier_nm,8.080453520000447,mse,0.0004937461780391656,False
rush_hour,196->195,542,10,bezier_pgd,0.0009173100115731359,mse,0.000316346010735827,False
rush_hour,196->195,542,10,bezier_ipopt,0.8992528500384651,mse,0.00020700405301958227,False
rush_hour,196->195,542,10,bezier_nm,8.726069561962504,mse,0.0005596242253528402,False
rush_hour,196->328,542,10,bezier_pgd,0.0009442120208404958,mse,0.00029210933196940556,False
rush_hour,196->328,542,10,bezier_ipopt,0.7501121539971791,mse,0.0001882731939273336,False
rush_hour,196->328,542,10,bezier_nm,8.265456547029316,mse,0.0004967223845179082,False
rush_hour,197->340,542,10,bezier_pgd,0.0009968109661713243,mse,0.010417747474002977,False
rush_hour,197->340,542,10,bezier_ipopt,0.6957860899856314,mse,0.0003899483701120999,False
rush_hour,197->340,542,10,bezier_nm,6.8929481860250235,mse,0.16522639295669558,False
rush_hour,197->389,542,10,bezier_pgd,0.0011513990466482937,mse,0.00022147518949218166,False
rush_hour,197->389,542,10,bezier_ipopt,1.2004030580283143,mse,0.0001542319128206339,False
rush_hour,197->389,542,10,bezier_nm,7.785121346998494,mse,0.0006151522473062647,False
rush_hour,198->147,542,10,bezier_pgd,0.0018983770278282464,mse,0.00032835788449092466,False
rush_hour,198->147,542,10,bezier_ipopt,,mse,,True
rush_hour,198->147,542,10,bezier_nm,8.174758001987357,mse,0.0022635680856819586,False
rush_hour,198->410,542,10,bezier_pgd,0.0011767290416173637,mse,0.0009384273502122198,False
rush_hour,198->410,542,10,bezier_ipopt,0.921629885036964,mse,0.0004760997404949442,False
rush_hour,198->410,542,10,bezier_nm,7.90964922204148,mse,0.0021855436424032615,False
rush_hour,199->200,542,10,bezier_pgd,0.0009223429951816797,mse,0.0004337179712003085,False
rush_hour,199->200,542,10,bezier_ipopt,0.9585515919607133,mse,0.0003144025722670591,False
rush_hour,199->200,542,10,bezier_nm,7.9566443510120735,mse,0.0010768325892371675,False
rush_hour,199->420,542,10,bezier_pgd,0.0017561709973961115,mse,0.0008226657683423371,False
rush_hour,199->420,542,10,bezier_ipopt,0.9675420229905285,mse,0.00021547733413114842,False
rush_hour,199->420,542,10,bezier_nm,6.305854016041849,mse,0.059098425211062865,False
rush_hour,2->60,542,10,bezier_pgd,0.0010862229974009097,mse,6.843854804502631e-05,False
rush_hour,2->60,542,10,bezier_ipopt,0.8648877340019681,mse,1.9480452036945368e-05,False
rush_hour,2->60,542,10,bezier_nm,8.77701201097807,mse,0.00030727170538577287,False
rush_hour,20->25,542,10,bezier_pgd,0.0018163929926231503,mse,0.0004848851724085829,False
rush_hour,20->25,542,10,bezier_ipopt,1.026726120035164,mse,0.00019437185343908856,False
rush_hour,20->25,542,10,bezier_nm,6.801535202015657,mse,0.008313686138760034,False
rush_hour,20->526,542,10,bezier_pgd,0.001247338019311428,mse,0.0007716250021813354,False
rush_hour,20->526,542,10,bezier_ipopt,0.9986761499894783,mse,0.0005447363126881496,False
rush_hour,20->526,542,10,bezier_nm,8.00465489499038,mse,0.0017281612915716897,False
rush_hour,200->199,542,10,bezier_pgd,0.0014073739876039326,mse,0.00035343382924418905,False
rush_hour,200->199,542,10,bezier_ipopt,0.8893070619669743,mse,0.00019775735069901652,False
rush_hour,200->199,542,10,bezier_nm,7.828125633997843,mse,0.002321045478686366,False
rush_hour,200->384,542,10,bezier_pgd,0.0009516350110061467,mse,0.02521488792927711,False
rush_hour,200->384,542,10,bezier_ipopt,,mse,,True
rush_hour,200->384,542,10,bezier_nm,6.851244520046748,mse,0.12540577764594812,False
rush_hour,201->476,542,10,bezier_pgd,0.0023193079978227615,mse,0.0008171385207350923,False
rush_hour,201->476,542,10,bezier_ipopt,,mse,,True
rush_hour,201->476,542,10,bezier_nm,4.771779500006232,mse,0.011623359619882213,False
rush_hour,201->487,542,10,bezier_pgd,0.000920834019780159,mse,0.19763976900123295,False
rush_hour,201->487,542,10,bezier_ipopt,,mse,,True
rush_hour,201->487,542,10,bezier_nm,6.399421592999715,mse,0.4022010998138268,False
rush_hour,202->203,542,10,bezier_pgd,0.0009763790294528008,mse,0.0014962218305627605,False
rush_hour,202->203,542,10,bezier_ipopt,1.14800688799005,mse,0.00022285620718232184,False
rush_hour,202->203,542,10,bezier_nm,6.556866616010666,mse,0.07442119863580424,False
rush_hour,202->72,542,10,bezier_pgd,0.0006902930326759815,mse,2.7721843264299142e-05,False
rush_hour,202->72,542,10,bezier_ipopt,1.2969835870317183,mse,1.3927586249366976e-05,False
rush_hour,202->72,542,10,bezier_nm,7.1598424799740314,mse,5.305172974019674e-05,False
rush_hour,202->80,542,10,bezier_pgd,0.0009120460017584264,mse,3.0191792939963052e-05,False
rush_hour,202->80,542,10,bezier_ipopt,0.8420480719651096,mse,1.307890946920767e-05,False
rush_hour,202->80,542,10,bezier_nm,6.80585331004113,mse,0.000501692612276934,False
rush_hour,203->202,542,10,bezier_pgd,0.0012137279845774174,mse,0.0004467179958294564,False
rush_hour,203->202,542,10,bezier_ipopt,0.8915451539796777,mse,0.00028401401852337296,False
rush_hour,203->202,542,10,bezier_nm,7.451821665978059,mse,0.005069938356392389,False
rush_hour,203->315,542,10,bezier_pgd,0.0009833909571170807,mse,0.0007871799327999415,False
rush_hour,203->315,542,10,bezier_ipopt,1.0781815350055695,mse,0.000274650089659595,False
rush_hour,203->315,542,10,bezier_nm,6.597951918956824,mse,0.07958967799321191,False
rush_hour,204->288,542,10,bezier_pgd,0.0010450289701111615,mse,0.003364063688109279,False
rush_hour,204->288,542,10,bezier_ipopt,,mse,,True
rush_hour,204->288,542,10,bezier_nm,6.8253556080162525,mse,0.0979111948620531,False
rush_hour,204->472,542,10,bezier_pgd,0.0013620289973914623,mse,0.000321326047349725,False
rush_hour,204->472,542,10,bezier_ipopt,0.7736651430022903,mse,0.00026262182096923556,False
rush_hour,204->472,542,10,bezier_nm,7.723435969965067,mse,0.0008878280549234269,False
rush_hour,205->206,542,10,bezier_pgd,0.001353300001937896,mse,0.016670729577548678,False
rush_hour,205->206,542,10,bezier_ipopt,0.8380342440214008,mse,0.0004979295112971971,False
rush_hour,205->206,542,10,bezier_nm,6.375882415974047,mse,0.1979667904189824,False
rush_hour,205->294,542,10,bezier_pgd,0.0013175220228731632,mse,0.000331102363467788,False
rush_hour,205->294,542,10,bezier_ipopt,1.2626234729541466,mse,0.00022473399689134694,False
rush_hour,205->294,542,10,bezier_nm,8.355512490030378,mse,0.0007842133272275466,False
rush_hour,206->205,542,10,bezier_pgd,0.0009844040032476187,mse,0.0029788364957564544,False
rush_hour,206->205,542,10,bezier_ipopt,0.7313240219955333,mse,0.0001602116491774658,False
rush_hour,206->205,542,10,bezier_nm,6.583746143965982,mse,0.11604280812888966,False
rush_hour,206->504,542,10,bezier_pgd,0.0011686239740811288,mse,0.001731081068636023,False
rush_hour,206->504,542,10,bezier_ipopt,0.6764421580010094,mse,0.0002973151418601504,False
rush_hour,206->504,542,10,bezier_nm,6.719677998975385,mse,0.12021411814720799,False
rush_hour,207->490,542,10,bezier_pgd,0.0012188550317659974,mse,0.0009287310377495449,False
rush_hour,207->490,542,10,bezier_ipopt,0.7024753769510426,mse,0.0002916185654367297,False
rush_hour,207->490,542,10,bezier_nm,6.139291224011686,mse,0.02901564507748434,False
rush_hour,207->504,542,10,bezier_pgd,0.001521115016657859,mse,0.00016482558253036673,False
rush_hour,207->504,542,10,bezier_ipopt,0.7681740400148556,mse,7.451667457409281e-05,False
rush_hour,207->504,542,10,bezier_nm,9.532435695989989,mse,0.0010917913478996869,False
rush_hour,208->358,542,10,bezier_pgd,0.0016477539902552962,mse,0.014257365019707301,False
rush_hour,208->358,542,10,bezier_ipopt,2.4457082229782827,mse,0.006353309610252714,False
rush_hour,208->358,542,10,bezier_nm,8.523165190999862,mse,0.06624751950529359,False
rush_hour,208->390,542,10,bezier_pgd,0.0010635979706421494,mse,0.001766269461259621,False
rush_hour,208->390,542,10,bezier_ipopt,,mse,,True
rush_hour,208->390,542,10,bezier_nm,5.17753210599767,mse,0.005331800736210141,False
rush_hour,209->210,542,10,bezier_pgd,0.0008792220032773912,mse,0.006878868399029724,False
rush_hour,209->210,542,10,bezier_ipopt,1.7887750589870848,mse,0.0031238286013092888,False
rush_hour,209->210,542,10,bezier_nm,8.372593439999036,mse,0.20805222618935626,False
rush_hour,209->94,542,10,bezier_pgd,0.0009839929989539087,mse,0.0002323505774331521,False
rush_hour,209->94,542,10,bezier_ipopt,,mse,,True
rush_hour,209->94,542,10,bezier_nm,8.130902933015022,mse,0.0031334068644034707,False
rush_hour,21->435,542,10,bezier_pgd,0.0008629589574411511,mse,0.009395400301092885,False
rush_hour,21->435,542,10,bezier_ipopt,0.9099131019902416,mse,0.0002495643302748857,False
rush_hour,21->435,542,10,bezier_nm,6.378881245967932,mse,0.09002014857205543,False
rush_hour,21->488,542,10,bezier_pgd,0.0008488459861837327,mse,0.007441605856339627,False
rush_hour,21->488,542,10,bezier_ipopt,0.675120698986575,mse,0.0005000011731469982,False
rush_hour,21->488,542,10,bezier_nm,7.13255494897021,mse,0.11785487442232083,False
rush_hour,21->534,542,10,bezier_pgd,0.001200732949655503,mse,0.0002811781279762987,False
rush_hour,21->534,542,10,bezier_ipopt,0.7813888050150126,mse,0.00011229371739532037,False
rush_hour,21->534,542,10,bezier_nm,7.899573504982982,mse,0.0014987935252342044,False
rush_hour,210->209,542,10,bezier_pgd,0.0011113730142824352,mse,0.014674569415075956,False
rush_hour,210->209,542,10,bezier_ipopt,1.06514334800886,mse,0.00044662339331922137,False
rush_hour,210->209,542,10,bezier_nm,7.032332110975403,mse,0.1803003345003144,False
rush_hour,210->522,542,10,bezier_pgd,0.0010491120046935976,mse,0.006204421881483792,False
rush_hour,210->522,542,10,bezier_ipopt,0.8796302039991133,mse,0.0002984607861688713,False
rush_hour,210->522,542,10,bezier_nm,6.727894692972768,mse,0.12448340120765637,False
rush_hour,211->219,542,10,bezier_pgd,0.0012866570032201707,mse,0.0023482443568724294,False
rush_hour,211->219,542,10,bezier_ipopt,0.776896094030235,mse,0.0002460593471196314,False
rush_hour,211->219,542,10,bezier_nm,6.445230153971352,mse,0.03443990183537996,False
rush_hour,211->469,542,10,bezier_pgd,0.0010085649555549026,mse,0.007879374609797266,False
rush_hour,211->469,542,10,bezier_ipopt,0.7918383340002038,mse,0.00033628704288298807,False
rush_hour,211->469,542,10,bezier_nm,6.754927531001158,mse,0.15731783168522204,False
rush_hour,212->488,542,10,bezier_pgd,0.0011593510280363262,mse,0.00017362761689283213,False
rush_hour,212->488,542,10,bezier_ipopt,0.8282022299827076,mse,0.00015314613548398506,False
rush_hour,212->488,542,10,bezier_nm,7.098892601963598,mse,0.00026620472562031945,False
rush_hour,212->535,542,10,bezier_pgd,0.0010948990238830447,mse,0.00044207816254378707,False
rush_hour,212->535,542,10,bezier_ipopt,1.0491988280555233,mse,0.0003042921823990831,False
rush_hour,212->535,542,10,bezier_nm,8.713713218981866,mse,0.0031099249693155146,False
rush_hour,213->214,542,10,bezier_pgd,0.001306000049225986,mse,0.0008997774534882802,False
rush_hour,213->214,542,10,bezier_ipopt,0.9770380239933729,mse,0.0001513387948651614,False
rush_hour,213->214,542,10,bezier_nm,8.38591146597173,mse,0.0048407876158132425,False
rush_hour,213->270,542,10,bezier_pgd,0.001133819983806461,mse,0.0011555137421833607,False
rush_hour,213->270,542,10,bezier_ipopt,0.7469180690241046,mse,0.00041613941939486605,False
rush_hour,213->270,542,10,bezier_nm,7.126091539976187,mse,0.06008334328169796,False
rush_hour,214->213,542,10,bezier_pgd,0.0012958450242877007,mse,0.000498110822407979,False
rush_hour,214->213,542,10,bezier_ipopt,1.095880958950147,mse,0.00028210149695972065,False
rush_hour,214->213,542,10,bezier_nm,7.5132814480457455,mse,0.0013630704010753544,False
rush_hour,214->520,542,10,bezier_pgd,0.0006498839939013124,mse,0.00025353191584390856,False
rush_hour,214->520,542,10,bezier_ipopt,0.8170585709740408,mse,0.00016917661909986116,False
rush_hour,214->520,542,10,bezier_nm,7.290184114011936,mse,0.0006668300304062754,False
rush_hour,215->149,542,10,bezier_pgd,0.0008980560232885182,mse,0.005209373344051019,False
rush_hour,215->149,542,10,bezier_ipopt,0.9697561910143122,mse,0.00032360197226086965,False
rush_hour,215->149,542,10,bezier_nm,6.987208125996403,mse,0.09732898687478542,False
rush_hour,215->236,542,10,bezier_pgd,0.0010582300019450486,mse,0.002020393942962316,False
rush_hour,215->236,542,10,bezier_ipopt,0.7641170069691725,mse,0.0001228830435361556,False
rush_hour,215->236,542,10,bezier_nm,6.442409600014798,mse,0.024019555654174837,False
rush_hour,216->106,542,10,bezier_pgd,0.0010338769643567502,mse,0.000248774182999155,False
rush_hour,216->106,542,10,bezier_ipopt,0.7898847520118579,mse,0.00018569646038565604,False
rush_hour,216->106,542,10,bezier_nm,7.631942712003365,mse,0.0004783175122022414,False
rush_hour,216->90,542,10,bezier_pgd,0.0008852569735608995,mse,0.06992821238582264,False
rush_hour,216->90,542,10,bezier_ipopt,,mse,,True
rush_hour,216->90,542,10,bezier_nm,6.607590772036929,mse,0.28790448180475553,False
rush_hour,217->239,542,10,bezier_pgd,0.0014715780271217227,mse,0.4857650333606867,False
rush_hour,217->239,542,10,bezier_ipopt,,mse,,True
rush_hour,217->239,542,10,bezier_nm,8.409759622998536,mse,0.7550937186132889,False
rush_hour,217->426,542,10,bezier_pgd,0.0014381909859366715,mse,0.06751502116703612,False
rush_hour,217->426,542,10,bezier_ipopt,,mse,,True
rush_hour,217->426,542,10,bezier_nm,7.980365430994425,mse,0.2198522096289633,False
rush_hour,218->479,542,10,bezier_pgd,0.0011924789869226515,mse,0.0002700135254994012,False
rush_hour,218->479,542,10,bezier_ipopt,0.836697394028306,mse,0.00019772207862026452,False
rush_hour,218->479,542,10,bezier_nm,8.356060641992372,mse,0.0004887795656772014,False
rush_hour,218->489,542,10,bezier_pgd,0.001380914996843785,mse,0.0004155302391670097,False
rush_hour,218->489,542,10,bezier_ipopt,0.7850543920067139,mse,0.0003090877032412364,False
rush_hour,218->489,542,10,bezier_nm,8.127622758969665,mse,0.0017100228415251847,False
rush_hour,219->211,542,10,bezier_pgd,0.001241913007106632,mse,0.0008147220815012717,False
rush_hour,219->211,542,10,bezier_ipopt,0.723792128963396,mse,0.00027757822403756666,False
rush_hour,219->211,542,10,bezier_nm,7.382901379023679,mse,0.004305633397432079,False
rush_hour,219->491,542,10,bezier_pgd,0.0016368500073440373,mse,0.0005125578099901027,False
rush_hour,219->491,542,10,bezier_ipopt,1.0600763899856247,mse,0.00022802367917521698,False
rush_hour,219->491,542,10,bezier_nm,5.8023348150309175,mse,0.004953813874546548,False
rush_hour,22->364,542,10,bezier_pgd,0.000887732021510601,mse,0.002975456149958836,False
rush_hour,22->364,542,10,bezier_ipopt,0.8313314040424302,mse,0.00010520071807372408,False
rush_hour,22->364,542,10,bezier_nm,6.664279436983634,mse,0.004592913104083821,False
rush_hour,22->437,542,10,bezier_pgd,0.0010011180420406163,mse,0.0027518166307017463,False
rush_hour,22->437,542,10,bezier_ipopt,0.7957631720346399,mse,0.00021218304057690353,False
rush_hour,22->437,542,10,bezier_nm,6.762186812993605,mse,0.1350419163864726,False
rush_hour,22->516,542,10,bezier_pgd,0.0012092700344510376,mse,0.31533696970903463,False
rush_hour,22->516,542,10,bezier_ipopt,,mse,,True
rush_hour,22->516,542,10,bezier_nm,6.306211004965007,mse,0.44119243835248534,False
rush_hour,220->152,542,10,bezier_pgd,0.0014508719905279577,mse,0.011536103738213161,False
rush_hour,220->152,542,10,bezier_ipopt,0.8489884340087883,mse,0.00020268265056766306,False
rush_hour,220->152,542,10,bezier_nm,6.897551735979505,mse,0.211528220399828,False
rush_hour,220->494,542,10,bezier_pgd,0.0011794359888881445,mse,0.0005171356954749435,False
rush_hour,220->494,542,10,bezier_ipopt,0.8537557880044915,mse,0.0003273842680595348,False
rush_hour,220->494,542,10,bezier_nm,8.683436071965843,mse,0.002515171945277047,False
rush_hour,221->131,542,10,bezier_pgd,0.0010183090344071388,mse,0.001173183746177185,False
rush_hour,221->131,542,10,bezier_ipopt,0.9383403630345128,mse,0.0003138658852589481,False
rush_hour,221->131,542,10,bezier_nm,6.721259339014068,mse,0.038849195706873195,False
rush_hour,221->376,542,10,bezier_pgd,0.0015787730226293206,mse,0.0004322415237496614,False
rush_hour,221->376,542,10,bezier_ipopt,0.7249884989578277,mse,0.00028172331944272287,False
rush_hour,221->376,542,10,bezier_nm,8.011701211973559,mse,0.0008878497093458438,False
rush_hour,222->223,542,10,bezier_pgd,0.001031608961056918,mse,0.000656743237740218,False
rush_hour,222->223,542,10,bezier_ipopt,0.9229506109841168,mse,0.00026847144820865546,False
rush_hour,222->223,542,10,bezier_nm,6.487365479988512,mse,0.03065509473690433,False
rush_hour,222->344,542,10,bezier_pgd,0.0027270150021649897,mse,0.0003131428032714365,False
rush_hour,222->344,542,10,bezier_ipopt,0.7248101509758271,mse,0.00015071973727479677,False
rush_hour,222->344,542,10,bezier_nm,8.027274146967102,mse,0.0010578703032279055,False
rush_hour,223->222,542,10,bezier_pgd,0.0010543669923208654,mse,0.0016702584424938868,False
rush_hour,223->222,542,10,bezier_ipopt,0.8071205559535883,mse,0.00015317275904019482,False
rush_hour,223->222,542,10,bezier_nm,7.380256970995106,mse,0.05109825925776276,False
rush_hour,223->329,542,10,bezier_pgd,0.0011405909899622202,mse,0.0003479798233030971,False
rush_hour,223->329,542,10,bezier_ipopt,0.8441380459698848,mse,0.0002727239641239673,False
rush_hour,223->329,542,10,bezier_nm,8.721698632987682,mse,0.0005411530167802292,False
rush_hour,224->252,542,10,bezier_pgd,0.0009641880169510841,mse,0.0033990659765727542,False
rush_hour,224->252,542,10,bezier_ipopt,0.6953418349730782,mse,0.00024975049490139376,False
rush_hour,224->252,542,10,bezier_nm,7.369183166010771,mse,0.06179881105147698,False
rush_hour,224->451,542,10,bezier_pgd,0.001296101021580398,mse,0.0005883359770241501,False
rush_hour,224->451,542,10,bezier_ipopt,0.8739183269790374,mse,0.0002693117678438204,False
rush_hour,224->451,542,10,bezier_nm,7.786575410980731,mse,0.00216577461703787,False
rush_hour,225->251,542,10,bezier_pgd,0.0009305250132456422,mse,0.009616784579339387,False
rush_hour,225->251,542,10,bezier_ipopt,0.9378258300130256,mse,0.00023958683997597782,False
rush_hour,225->251,542,10,bezier_nm,7.674345495994203,mse,0.14490217732477811,False
rush_hour,225->7,542,10,bezier_pgd,0.000638313009403646,mse,0.00013975792888113375,False
rush_hour,225->7,542,10,bezier_ipopt,0.9832851589890197,mse,0.00010428187591765641,False
rush_hour,225->7,542,10,bezier_nm,6.882491672993638,mse,0.0004723896819267084,False
rush_hour,226->453,542,10,bezier_pgd,0.0013200059765949845,mse,0.00030247894331121247,False
rush_hour,226->453,542,10,bezier_ipopt,0.7997212229529396,mse,0.0001376102820369915,False
rush_hour,226->453,542,10,bezier_nm,7.767273849982303,mse,0.000765794887420444,False
rush_hour,226->495,542,10,bezier_pgd,0.0009710669983178377,mse,0.00035249975609119176,False
rush_hour,226->495,542,10,bezier_ipopt,,mse,,True
rush_hour,226->495,542,10,bezier_nm,7.634359481045976,mse,0.0004677699936410236,False
rush_hour,227->185,542,10,bezier_pgd,0.0009496490238234401,mse,0.00019024447520437317,False
rush_hour,227->185,542,10,bezier_ipopt,1.037139504973311,mse,0.0001242428183826554,False
rush_hour,227->185,542,10,bezier_nm,8.955801486968994,mse,0.0005226542461006994,False
rush_hour,227->485,542,10,bezier_pgd,0.0015689730062149465,mse,0.00027876054019781944,False
rush_hour,227->485,542,10,bezier_ipopt,0.9415188190178014,mse,0.00017345680057390274,False
rush_hour,227->485,542,10,bezier_nm,7.9145109400269575,mse,0.0004945210634624063,False
rush_hour,228->16,542,10,bezier_pgd,0.0009647969854995608,mse,0.0003433179743710126,False
rush_hour,228->16,542,10,bezier_ipopt,0.9264245260274038,mse,0.0002496788507316878,False
rush_hour,228->16,542,10,bezier_nm,8.182973417977337,mse,0.0004954503290811179,False
rush_hour,228->471,542,10,bezier_pgd,0.0012250510044395924,mse,0.00023265217413456923,False
rush_hour,228->471,542,10,bezier_ipopt,0.8565371219883673,mse,0.00011867784826092524,False
rush_hour,228->471,542,10,bezier_nm,7.634257087018341,mse,0.000632925788801008,False
rush_hour,229->230,542,10,bezier_pgd,0.0012329750461503863,mse,0.1498001776494315,False
rush_hour,229->230,542,10,bezier_ipopt,,mse,,True
rush_hour,229->230,542,10,bezier_nm,7.22462541499408,mse,0.2946618258335192,False
rush_hour,229->417,542,10,bezier_pgd,0.0007421760237775743,mse,0.03921024797017163,False
rush_hour,229->417,542,10,bezier_ipopt,,mse,,True
rush_hour,229->417,542,10,bezier_nm,6.405662029981613,mse,0.36513898111621496,False
rush_hour,23->15,542,10,bezier_pgd,0.0008961320272646844,mse,0.00039009555714046416,False
rush_hour,23->15,542,10,bezier_ipopt,1.037878370960243,mse,0.00012844355681001355,False
rush_hour,23->15,542,10,bezier_nm,6.550715236982796,mse,0.02547663957944907,False
rush_hour,23->435,542,10,bezier_pgd,0.0010398700251244009,mse,5.220226367890623e-05,False
rush_hour,23->435,542,10,bezier_ipopt,0.8660867239814252,mse,2.256082732088781e-05,False
rush_hour,23->435,542,10,bezier_nm,7.797876389988232,mse,0.00017529763740864603,False
rush_hour,23->536,542,10,bezier_pgd,0.0016885389923118055,mse,0.0005358213280516171,False
rush_hour,23->536,542,10,bezier_ipopt,0.8028043170343153,mse,0.00019410172890643325,False
rush_hour,23->536,542,10,bezier_nm,6.138328763016034,mse,0.0425126953635688,False
rush_hour,230->229,542,10,bezier_pgd,0.000939553021453321,mse,0.026540578621939575,False
rush_hour,230->229,542,10,bezier_ipopt,1.0619658220093697,mse,0.00020090033464528368,False
rush_hour,230->229,542,10,bezier_nm,7.012623214046471,mse,0.208238282577383,False
rush_hour,230->508,542,10,bezier_pgd,0.0012384779984131455,mse,0.005700503820121684,False
rush_hour,230->508,542,10,bezier_ipopt,0.8893358419882134,mse,0.00014669983894925772,False
rush_hour,230->508,542,10,bezier_nm,6.838991327036638,mse,0.15097726707022502,False
rush_hour,231->171,542,10,bezier_pgd,0.001464792003389448,mse,0.0005567265342843,False
rush_hour,231->171,542,10,bezier_ipopt,0.8960308050154708,mse,0.0002194469892404891,False
rush_hour,231->171,542,10,bezier_nm,6.558075027016457,mse,0.09137087746806925,False
rush_hour,231->349,542,10,bezier_pgd,0.0011616909760050476,mse,0.008699404888455928,False
rush_hour,231->349,542,10,bezier_ipopt,1.6371538349776529,mse,0.00018379195422430292,False
rush_hour,231->349,542,10,bezier_nm,6.437909182976,mse,0.14805648425907122,False
rush_hour,232->233,542,10,bezier_pgd,0.0028418820002116263,mse,0.0005573442483496281,False
rush_hour,232->233,542,10,bezier_ipopt,0.7806366800214164,mse,0.00031361518198162524,False
rush_hour,232->233,542,10,bezier_nm,8.203112818999216,mse,0.0063445667778103485,False
rush_hour,232->340,542,10,bezier_pgd,0.0009533719858154655,mse,0.006781178964898964,False
rush_hour,232->340,542,10,bezier_ipopt,0.8965139479842037,mse,0.00024018797776477878,False
rush_hour,232->340,542,10,bezier_nm,7.01941984903533,mse,0.14765716654608035,False
rush_hour,233->232,542,10,bezier_pgd,0.002758258953690529,mse,0.00045247480935966486,False
rush_hour,233->232,542,10,bezier_ipopt,0.8500520410016179,mse,0.0002489073745396148,False
rush_hour,233->232,542,10,bezier_nm,9.514334496983793,mse,0.0036621865912801507,False
rush_hour,233->378,542,10,bezier_pgd,0.0037890399689786136,mse,0.00046795337310438345,False
rush_hour,233->378,542,10,bezier_ipopt,1.0382414070190862,mse,0.0002458522795083667,False
rush_hour,233->378,542,10,bezier_nm,7.778551271010656,mse,0.0009746147410696158,False
rush_hour,234->15,542,10,bezier_pgd,0.0010107450070790946,mse,0.0014701529765347259,False
rush_hour,234->15,542,10,bezier_ipopt,0.7187234409502707,mse,0.00015206330846888607,False
rush_hour,234->15,542,10,bezier_nm,6.965286731021479,mse,0.09696118897231741,False
rush_hour,234->332,542,10,bezier_pgd,0.000983336998615414,mse,0.03494685033540598,False
rush_hour,234->332,542,10,bezier_ipopt,,mse,,True
rush_hour,234->332,542,10,bezier_nm,6.758242006006185,mse,0.18395621284332894,False
rush_hour,235->470,542,10,bezier_pgd,0.0013331560185179114,mse,0.0004474084333184608,False
rush_hour,235->470,542,10,bezier_ipopt,0.9077736330218613,mse,0.00023202129622454238,False
rush_hour,235->470,542,10,bezier_nm,7.750250464945566,mse,0.0012299768627603925,False
rush_hour,235->474,542,10,bezier_pgd,0.0008187350467778742,mse,0.0010181677314370686,False
rush_hour,235->474,542,10,bezier_ipopt,0.8905010090093128,mse,0.0002312262419707254,False
rush_hour,235->474,542,10,bezier_nm,6.998547422001138,mse,0.023715105629906474,False
rush_hour,236->215,542,10,bezier_pgd,0.0011093170032836497,mse,0.0011507611795339167,False
rush_hour,236->215,542,10,bezier_ipopt,0.9897803190397099,mse,0.0002242911723485765,False
rush_hour,236->215,542,10,bezier_nm,7.450496391043998,mse,0.07684579773876142,False
rush_hour,236->498,542,10,bezier_pgd,0.0008711570408195257,mse,0.00022859772579687692,False
rush_hour,236->498,542,10,bezier_ipopt,0.8195719179930165,mse,0.0001442131601531891,False
rush_hour,236->498,542,10,bezier_nm,6.899925610981882,mse,0.0005080294734391242,False
rush_hour,237->238,542,10,bezier_pgd,0.0013518269988708198,mse,0.00023945476074108994,False
rush_hour,237->238,542,10,bezier_ipopt,1.0346160790068097,mse,0.00018499919898448843,False
rush_hour,237->238,542,10,bezier_nm,8.179044492018875,mse,0.0011653528588917465,False
rush_hour,237->495,542,10,bezier_pgd,0.001471594034228474,mse,0.0006071419495594143,False
rush_hour,237->495,542,10,bezier_ipopt,,mse,,True
rush_hour,237->495,542,10,bezier_nm,7.378207197994925,mse,0.0028752456042001138,False
rush_hour,238->237,542,10,bezier_pgd,0.0010779289877973497,mse,0.00015630129100837367,False
rush_hour,238->237,542,10,bezier_ipopt,0.8483541430323385,mse,0.0001011269017199795,False
rush_hour,238->237,542,10,bezier_nm,7.843474690977018,mse,0.0003817216293446695,False
rush_hour,238->456,542,10,bezier_pgd,0.0005802420200780034,mse,0.00015151634589153477,False
rush_hour,238->456,542,10,bezier_ipopt,0.8634887509979308,mse,9.309600099499099e-05,False
rush_hour,238->456,542,10,bezier_nm,7.955360880994704,mse,0.00030241232576495863,False
rush_hour,239->111,542,10,bezier_pgd,0.0009426409960724413,mse,0.03382369987381744,False
rush_hour,239->111,542,10,bezier_ipopt,,mse,,True
rush_hour,239->111,542,10,bezier_nm,8.394208993995562,mse,0.19490864532012242,False
rush_hour,239->217,542,10,bezier_pgd,0.0019410859677009284,mse,0.1506270254502831,False
rush_hour,239->217,542,10,bezier_ipopt,,mse,,True
rush_hour,239->217,542,10,bezier_nm,6.446018687041942,mse,0.2731188309254519,False
rush_hour,24->432,542,10,bezier_pgd,0.0010294910171069205,mse,0.0038588220847235472,False
rush_hour,24->432,542,10,bezier_ipopt,0.9528633650043048,mse,0.00014948641057252815,False
rush_hour,24->432,542,10,bezier_nm,6.718089500966016,mse,0.018325127397108572,False
rush_hour,24->446,542,10,bezier_pgd,0.0009127139928750694,mse,0.007275476029606302,False
rush_hour,24->446,542,10,bezier_ipopt,0.9724284560070373,mse,0.00022518758559300945,False
rush_hour,24->446,542,10,bezier_nm,6.744571489980444,mse,0.140208075375551,False
rush_hour,24->528,542,10,bezier_pgd,0.000903609034139663,mse,0.004098568055505765,False
rush_hour,24->528,542,10,bezier_ipopt,1.063178265991155,mse,0.00018321405748194982,False
rush_hour,24->528,542,10,bezier_nm,7.2729011090123095,mse,0.09000849473970234,False
rush_hour,240->165,542,10,bezier_pgd,0.0010012169950641692,mse,0.0001389725831173166,False
rush_hour,240->165,542,10,bezier_ipopt,0.9851469470304437,mse,8.449222814786406e-05,False
rush_hour,240->165,542,10,bezier_nm,7.843474989000242,mse,0.0006459464137926668,False
rush_hour,240->281,542,10,bezier_pgd,0.0013891540002077818,mse,0.00013520603620040676,False
rush_hour,240->281,542,10,bezier_ipopt,0.8837437650072388,mse,0.00010345705314589186,False
rush_hour,240->281,542,10,bezier_nm,7.692576531029772,mse,0.000791361291601377,False
rush_hour,241->242,542,10,bezier_pgd,0.0008712930139154196,mse,0.3692190899771965,False
rush_hour,241->242,542,10,bezier_ipopt,,mse,,True
rush_hour,241->242,542,10,bezier_nm,6.3841661990154535,mse,0.6463016913988103,False
rush_hour,241->51,542,10,bezier_pgd,0.0008314729784615338,mse,0.012278900357232432,False
rush_hour,241->51,542,10,bezier_ipopt,0.698929630976636,mse,0.0007134513271485554,False
rush_hour,241->51,542,10,bezier_nm,6.19067045598058,mse,0.2250408609537618,False
rush_hour,242->241,542,10,bezier_pgd,0.0006398900295607746,mse,0.04994498656305203,False
rush_hour,242->241,542,10,bezier_ipopt,,mse,,True
rush_hour,242->241,542,10,bezier_nm,7.268005452991929,mse,0.45379803860292467,False
rush_hour,242->345,542,10,bezier_pgd,0.0012926110066473484,mse,0.0008395647663088457,False
rush_hour,242->345,542,10,bezier_ipopt,1.0288693910115398,mse,0.00040822561388704614,False
rush_hour,242->345,542,10,bezier_nm,8.48552526498679,mse,0.0031079395346608183,False
rush_hour,243->308,542,10,bezier_pgd,0.0008824759861454368,mse,0.008715077052671992,False
rush_hour,243->308,542,10,bezier_ipopt,1.034918858029414,mse,0.0001506011989256415,False
rush_hour,243->308,542,10,bezier_nm,7.239048241986893,mse,0.0934137610744366,False
rush_hour,243->472,542,10,bezier_pgd,0.0007977359928190708,mse,0.0008135899653515603,False
rush_hour,243->472,542,10,bezier_ipopt,0.7552409089985304,mse,0.0006760321365786228,False
rush_hour,243->472,542,10,bezier_nm,6.396166862978134,mse,0.00266573442465534,False
rush_hour,244->158,542,10,bezier_pgd,0.0016450420371256769,mse,0.0077610902205314984,False
rush_hour,244->158,542,10,bezier_ipopt,,mse,,True
rush_hour,244->158,542,10,bezier_nm,6.051721730967984,mse,0.10261726391237078,False
rush_hour,244->473,542,10,bezier_pgd,0.0011400270159356296,mse,0.008898839058264454,False
rush_hour,244->473,542,10,bezier_ipopt,0.8607132940087467,mse,0.00027945674756824735,False
rush_hour,244->473,542,10,bezier_nm,6.923884588002693,mse,0.17220051687527693,False
rush_hour,245->246,542,10,bezier_pgd,0.0008793190354481339,mse,0.02224295831884425,False
rush_hour,245->246,542,10,bezier_ipopt,0.7983270550030284,mse,0.0003621150462766525,False
rush_hour,245->246,542,10,bezier_nm,6.030030661029741,mse,0.22354551502217485,False
rush_hour,245->326,542,10,bezier_pgd,0.0016862399643287063,mse,0.02814628358371954,False
rush_hour,245->326,542,10,bezier_ipopt,,mse,,True
rush_hour,245->326,542,10,bezier_nm,4.8236643970012665,mse,0.045353842217008306,False
rush_hour,246->245,542,10,bezier_pgd,0.0009719369700178504,mse,0.0012201262917914406,False
rush_hour,246->245,542,10,bezier_ipopt,0.9769906459841877,mse,0.0003313537549037074,False
rush_hour,246->245,542,10,bezier_nm,6.535395802988205,mse,0.06410313975860397,False
rush_hour,246->521,542,10,bezier_pgd,0.0012927009956911206,mse,0.0003028997872205738,False
rush_hour,246->521,542,10,bezier_ipopt,1.1117534080403857,mse,0.0002655880800642258,False
rush_hour,246->521,542,10,bezier_nm,7.543992707040161,mse,0.0059709827878004105,False
rush_hour,247->451,542,10,bezier_pgd,0.0008920929976738989,mse,0.029342293095143534,False
rush_hour,247->451,542,10,bezier_ipopt,0.8451934619806707,mse,0.0004230654755691897,False
rush_hour,247->451,542,10,bezier_nm,6.509004009014461,mse,0.23905484765065788,False
rush_hour,247->478,542,10,bezier_pgd,0.0010586040443740785,mse,0.0002034077518520681,False
rush_hour,247->478,542,10,bezier_ipopt,0.9288304469664581,mse,0.0001586866114775012,False
rush_hour,247->478,542,10,bezier_nm,7.995128350972664,mse,0.0003944885080605606,False
rush_hour,248->249,542,10,bezier_pgd,0.002024126995820552,mse,0.0003864923616513537,False
rush_hour,248->249,542,10,bezier_ipopt,0.9562228259746917,mse,0.00027284573984669467,False
rush_hour,248->249,542,10,bezier_nm,9.106422461976763,mse,0.0019360542292465967,False
rush_hour,248->460,542,10,bezier_pgd,0.0020085659925825894,mse,0.007810301682111836,False
rush_hour,248->460,542,10,bezier_ipopt,1.0216406380059198,mse,0.00010693224713611282,False
rush_hour,248->460,542,10,bezier_nm,6.950779398030136,mse,0.16017619496108965,False
rush_hour,249->248,542,10,bezier_pgd,0.0009008609922602773,mse,0.004342764677097152,False
rush_hour,249->248,542,10,bezier_ipopt,1.0386055250419304,mse,0.00018766003525443653,False
rush_hour,249->248,542,10,bezier_nm,6.504105422005523,mse,0.07599606519112038,False
rush_hour,249->262,542,10,bezier_pgd,0.0015766650321893394,mse,0.0005267583851902521,False
rush_hour,249->262,542,10,bezier_ipopt,1.0274141649715602,mse,0.00017563139090499355,False
rush_hour,249->262,542,10,bezier_nm,7.150688386987895,mse,0.05140916067482583,False
rush_hour,25->527,542,10,bezier_pgd,0.0009434259845875204,mse,0.017140484070727106,False
rush_hour,25->527,542,10,bezier_ipopt,0.8544131819508038,mse,0.00016927218122191867,False
rush_hour,25->527,542,10,bezier_nm,6.56204275903292,mse,0.16214835186413504,False
rush_hour,25->528,542,10,bezier_pgd,0.0015939009608700871,mse,0.0008111617889595907,False
rush_hour,25->528,542,10,bezier_ipopt,,mse,,True
rush_hour,25->528,542,10,bezier_nm,6.637867140991148,mse,0.0018654001379235466,False
rush_hour,25->6,542,10,bezier_pgd,0.001762264990247786,mse,0.0004848851724085803,False
rush_hour,25->6,542,10,bezier_ipopt,0.8899188369978219,mse,0.00019439545851779089,False
rush_hour,25->6,542,10,bezier_nm,6.974876694963314,mse,0.014273834324714215,False
rush_hour,250->347,542,10,bezier_pgd,0.0008421579841524363,mse,0.013623836968968244,False
rush_hour,250->347,542,10,bezier_ipopt,1.0705777499824762,mse,0.0006663679291172325,False
rush_hour,250->347,542,10,bezier_nm,7.259434859035537,mse,0.2167555662154036,False
rush_hour,250->520,542,10,bezier_pgd,0.0011900980025529861,mse,0.008453599271738587,False
rush_hour,250->520,542,10,bezier_ipopt,0.9889335759798996,mse,0.00014323325222011268,False
rush_hour,250->520,542,10,bezier_nm,7.54404536599759,mse,0.17517131481731216,False
rush_hour,251->225,542,10,bezier_pgd,0.001779672980774194,mse,0.0001805569742213511,False
rush_hour,251->225,542,10,bezier_ipopt,0.8017713730223477,mse,0.00011747999850430579,False
rush_hour,251->225,542,10,bezier_nm,7.737719982978888,mse,0.000548482111964604,False
rush_hour,251->30,542,10,bezier_pgd,0.0006704240222461522,mse,0.000178917431942935,False
rush_hour,251->30,542,10,bezier_ipopt,0.820820806955453,mse,0.00014759290924964532,False
rush_hour,251->30,542,10,bezier_nm,7.621885459986515,mse,0.00028523182127815285,False
rush_hour,252->224,542,10,bezier_pgd,0.0008340179920196533,mse,0.04333297822950878,False
rush_hour,252->224,542,10,bezier_ipopt,1.0233135689632036,mse,0.00022461722066786458,False
rush_hour,252->224,542,10,bezier_nm,6.865199736959767,mse,0.2444520215273041,False
rush_hour,252->439,542,10,bezier_pgd,0.0017914620111696422,mse,0.0004982692219800469,False
rush_hour,252->439,542,10,bezier_ipopt,,mse,,True
rush_hour,252->439,542,10,bezier_nm,7.470876053033862,mse,0.0008824512788680608,False
rush_hour,253->159,542,10,bezier_pgd,0.0009007590124383569,mse,0.012465268519414928,False
rush_hour,253->159,542,10,bezier_ipopt,0.8407456700224429,mse,0.0002543655402450152,False
rush_hour,253->159,542,10,bezier_nm,6.514673780999146,mse,0.20048916905558054,False
rush_hour,253->500,542,10,bezier_pgd,0.0010632300400175154,mse,0.00038144079622574916,False
rush_hour,253->500,542,10,bezier_ipopt,0.739135634037666,mse,0.0002193309549556338,False
rush_hour,253->500,542,10,bezier_nm,7.369071809982415,mse,0.0008463967736035883,False
rush_hour,254->255,542,10,bezier_pgd,0.0015653709997422993,mse,0.0005948092562345275,False
rush_hour,254->255,542,10,bezier_ipopt,0.8219546839827672,mse,0.0002629057839038273,False
rush_hour,254->255,542,10,bezier_nm,6.855335452011786,mse,0.029481140904067282,False
rush_hour,254->484,542,10,bezier_pgd,0.0007477820036001503,mse,0.00037460322435437426,False
rush_hour,254->484,542,10,bezier_ipopt,0.8470917840022594,mse,0.00030933261630211253,False
rush_hour,254->484,542,10,bezier_nm,9.035157919977792,mse,0.0006297633470008392,False
rush_hour,255->254,542,10,bezier_pgd,0.0015055490075610578,mse,0.0004990335916978846,False
rush_hour,255->254,542,10,bezier_ipopt,1.2177154489909299,mse,0.0002528463825685549,False
rush_hour,255->254,542,10,bezier_nm,8.93076401000144,mse,0.0011209216379746637,False
rush_hour,255->352,542,10,bezier_pgd,0.001173052005469799,mse,0.0004626604798353139,False
rush_hour,255->352,542,10,bezier_ipopt,0.939186034956947,mse,0.00013226869541706888,False
rush_hour,255->352,542,10,bezier_nm,9.112750764004886,mse,0.0024756940774530002,False
rush_hour,256->475,542,10,bezier_pgd,0.0007230230257846415,mse,0.00036012934287654475,False
rush_hour,256->475,542,10,bezier_ipopt,0.8407507080119103,mse,0.00026793884060552145,False
rush_hour,256->475,542,10,bezier_nm,8.114108401001431,mse,0.0004805456875748339,False
rush_hour,256->501,542,10,bezier_pgd,0.0008449569577351213,mse,0.007621016297895259,False
rush_hour,256->501,542,10,bezier_ipopt,0.9211198289995082,mse,0.0005595333714541792,False
rush_hour,256->501,542,10,bezier_nm,6.669365659006871,mse,0.11520066415496384,False
rush_hour,257->494,542,10,bezier_pgd,0.0006838359986431897,mse,0.00031583405433042305,False
rush_hour,257->494,542,10,bezier_ipopt,0.915346704015974,mse,0.0002700981898273457,False
rush_hour,257->494,542,10,bezier_nm,6.926084084028844,mse,0.000353361432583016,False
rush_hour,257->498,542,10,bezier_pgd,0.0019301330321468413,mse,0.00028857250044660626,False
rush_hour,257->498,542,10,bezier_ipopt,1.0334631240111776,mse,0.00021077866622659983,False
rush_hour,257->498,542,10,bezier_nm,8.763664669007994,mse,0.0005845182367925747,False
rush_hour,258->473,542,10,bezier_pgd,0.0007137620123103261,mse,0.00026801267854248976,False
rush_hour,258->473,542,10,bezier_ipopt,1.1031716470024548,mse,0.0001720987017097638,False
rush_hour,258->473,542,10,bezier_nm,7.883581126050558,mse,0.0005548081930968776,False
rush_hour,258->474,542,10,bezier_pgd,0.0014998979750089347,mse,0.0004988911020325942,False
rush_hour,258->474,542,10,bezier_ipopt,0.9173080809996463,mse,0.0001808631909120016,False
rush_hour,258->474,542,10,bezier_nm,6.630942514981143,mse,0.03820462834569195,False
rush_hour,259->384,542,10,bezier_pgd,0.0008315700106322765,mse,0.00047205362127196167,False
rush_hour,259->384,542,10,bezier_ipopt,1.101217193994671,mse,0.0003761995100083199,False
rush_hour,259->384,542,10,bezier_nm,7.078840412024874,mse,0.0006050584917998116,False
rush_hour,259->92,542,10,bezier_pgd,0.002004921028856188,mse,0.2867290888838428,False
rush_hour,259->92,542,10,bezier_ipopt,,mse,,True
rush_hour,259->92,542,10,bezier_nm,7.98372505500447,mse,0.35505904332874044,False
rush_hour,26->27,542,10,bezier_pgd,0.0009354650392197073,mse,5.07114154843954e-05,False
rush_hour,26->27,542,10,bezier_ipopt,0.9642745549790561,mse,2.8134967023791286e-05,False
rush_hour,26->27,542,10,bezier_nm,7.984962690039538,mse,0.00012906802894949485,False
rush_hour,26->39,542,10,bezier_pgd,0.0010411639814265072,mse,0.0003670796505053972,False
rush_hour,26->39,542,10,bezier_ipopt,0.8955180459888652,mse,0.0002891158795618668,False
rush_hour,26->39,542,10,bezier_nm,7.896210804989096,mse,0.0007242513755026354,False
rush_hour,260->261,542,10,bezier_pgd,0.001510799047537148,mse,0.0013180242144543444,False
rush_hour,260->261,542,10,bezier_ipopt,0.8466153090121225,mse,0.00020149619490979068,False
rush_hour,260->261,542,10,bezier_nm,6.414386668999214,mse,0.034345767622192144,False
rush_hour,260->473,542,10,bezier_pgd,0.0011133169755339622,mse,0.00021538375617268177,False
rush_hour,260->473,542,10,bezier_ipopt,0.9868697879719548,mse,0.0001775915851799005,False
rush_hour,260->473,542,10,bezier_nm,8.110937928955536,mse,0.00032850868264373666,False
rush_hour,261->260,542,10,bezier_pgd,0.0009045340120792389,mse,0.0015721073393030285,False
rush_hour,261->260,542,10,bezier_ipopt,0.8294350610231049,mse,0.00028779405260672964,False
rush_hour,261->260,542,10,bezier_nm,7.110200394003186,mse,0.11370431817613749,False
rush_hour,261->267,542,10,bezier_pgd,0.0010059340274892747,mse,0.07868485392830364,False
rush_hour,261->267,542,10,bezier_ipopt,0.986199637001846,mse,0.0002561019677160448,False
rush_hour,261->267,542,10,bezier_nm,6.865824046020862,mse,0.27627750364718956,False
rush_hour,262->249,542,10,bezier_pgd,0.0011693339911289513,mse,0.00034841738615523686,False
rush_hour,262->249,542,10,bezier_ipopt,0.8097862030263059,mse,0.00021752644165919436,False
rush_hour,262->249,542,10,bezier_nm,8.479253627010621,mse,0.0006025548020686717,False
rush_hour,262->434,542,10,bezier_pgd,0.0009812149801291525,mse,0.0002416512589515673,False
rush_hour,262->434,542,10,bezier_ipopt,0.8075925959856249,mse,0.0001896317762325416,False
rush_hour,262->434,542,10,bezier_nm,8.874080834037159,mse,0.0003563905676443183,False
rush_hour,263->497,542,10,bezier_pgd,0.0009769700118340552,mse,0.014942538650727302,False
rush_hour,263->497,542,10,bezier_ipopt,0.8173402110114694,mse,0.0003665654532140719,False
rush_hour,263->497,542,10,bezier_nm,6.561797650996596,mse,0.15382161193537586,False
rush_hour,263->505,542,10,bezier_pgd,0.001167065987829119,mse,0.023427292559828783,False
rush_hour,263->505,542,10,bezier_ipopt,0.77872629504418,mse,0.00024696064483698275,False
rush_hour,263->505,542,10,bezier_nm,7.037469945033081,mse,0.1941902014623732,False
rush_hour,264->421,542,10,bezier_pgd,0.0009889680077321827,mse,0.004230925497371894,False
rush_hour,264->421,542,10,bezier_ipopt,0.8086895580054261,mse,0.00036320810719818935,False
rush_hour,264->421,542,10,bezier_nm,6.599996723001823,mse,0.1296126921463022,False
rush_hour,264->468,542,10,bezier_pgd,0.0011084649595431983,mse,0.0003095145011662169,False
rush_hour,264->468,542,10,bezier_ipopt,0.7877374279778451,mse,0.0002593168796035359,False
rush_hour,264->468,542,10,bezier_nm,7.797011132992338,mse,0.0006352153108546523,False
rush_hour,265->266,542,10,bezier_pgd,0.0008173459791578352,mse,0.00023482989309897423,False
rush_hour,265->266,542,10,bezier_ipopt,1.261358801042661,mse,0.00016489969261952506,False
rush_hour,265->266,542,10,bezier_nm,8.673164559004363,mse,0.0007926683479161883,False
rush_hour,265->440,542,10,bezier_pgd,0.0007737950072623789,mse,0.0002737036704474104,False
rush_hour,265->440,542,10,bezier_ipopt,1.271188638987951,mse,0.00020570545020314244,False
rush_hour,265->440,542,10,bezier_nm,9.22232579998672,mse,0.0008326761838117688,False
rush_hour,266->265,542,10,bezier_pgd,0.0020185780012980103,mse,0.001095037931792301,False
rush_hour,266->265,542,10,bezier_ipopt,0.7644752010237426,mse,0.0002505150674292032,False
rush_hour,266->265,542,10,bezier_nm,6.587507085991092,mse,0.060113194786221784,False
rush_hour,266->522,542,10,bezier_pgd,0.0011289289686828852,mse,0.00022224943149671975,False
rush_hour,266->522,542,10,bezier_ipopt,0.6486105510266498,mse,0.00011591822160583199,False
rush_hour,266->522,542,10,bezier_nm,7.332505534985103,mse,0.0006259881572535755,False
rush_hour,267->183,542,10,bezier_pgd,0.0010698550031520426,mse,0.0002885597402253964,False
rush_hour,267->183,542,10,bezier_ipopt,1.0127280380111188,mse,0.00020952962583874662,False
rush_hour,267->183,542,10,bezier_nm,8.954126066004392,mse,0.0010802399630417308,False
rush_hour,267->261,542,10,bezier_pgd,0.0006981369806453586,mse,0.00018003292249013636,False
rush_hour,267->261,542,10,bezier_ipopt,0.7830651890253648,mse,0.0001301755983678441,False
rush_hour,267->261,542,10,bezier_nm,8.65929831401445,mse,0.001288618931886391,False
rush_hour,268->388,542,10,bezier_pgd,0.0009512779652141035,mse,0.0001865863930664438,False
rush_hour,268->388,542,10,bezier_ipopt,1.0155912669724785,mse,0.00013490397748128324,False
rush_hour,268->388,542,10,bezier_nm,8.064310122048482,mse,0.0005669897390099685,False
rush_hour,268->494,542,10,bezier_pgd,0.0007522800005972385,mse,0.000302372711094657,False
rush_hour,268->494,542,10,bezier_ipopt,1.0388746060198173,mse,0.0002059250259356908,False
rush_hour,268->494,542,10,bezier_nm,8.599800530995708,mse,0.000837991581200917,False
rush_hour,269->191,542,10,bezier_pgd,0.000945904990658164,mse,0.00044685151695211686,False
rush_hour,269->191,542,10,bezier_ipopt,0.9978232180001214,mse,0.00012020822279187236,False
rush_hour,269->191,542,10,bezier_nm,6.384720508009195,mse,0.0480798940943992,False
rush_hour,269->321,542,10,bezier_pgd,0.0010819979943335056,mse,0.00022566385169681718,False
rush_hour,269->321,542,10,bezier_ipopt,0.8767181140137836,mse,0.0001856574337990928,False
rush_hour,269->321,542,10,bezier_nm,7.846584796032403,mse,0.0005656908643695298,False
rush_hour,27->26,542,10,bezier_pgd,0.0009753869962878525,mse,0.00010325386207756772,False
rush_hour,27->26,542,10,bezier_ipopt,1.1396193010150455,mse,3.166478205490465e-05,False
rush_hour,27->26,542,10,bezier_nm,8.431612254993524,mse,0.0003466614342656887,False
rush_hour,27->28,542,10,bezier_pgd,0.002720613032579422,mse,0.0004536000933810418,False
rush_hour,27->28,542,10,bezier_ipopt,0.8279219469986856,mse,0.0003020447881080085,False
rush_hour,27->28,542,10,bezier_nm,8.349314566003159,mse,0.001470254032823412,False
rush_hour,270->213,542,10,bezier_pgd,0.0020423519890755415,mse,0.00041844550533660284,False
rush_hour,270->213,542,10,bezier_ipopt,0.8801407509599812,mse,0.00010307073865900586,False
rush_hour,270->213,542,10,bezier_nm,6.913640337996185,mse,0.006688932713222765,False
rush_hour,270->444,542,10,bezier_pgd,0.001040739007294178,mse,0.00034532392229184167,False
rush_hour,270->444,542,10,bezier_ipopt,,mse,,True
rush_hour,270->444,542,10,bezier_nm,7.322823165974114,mse,0.0005103002289525853,False
rush_hour,271->272,542,10,bezier_pgd,0.0008532149950042367,mse,0.0007103494280275025,False
rush_hour,271->272,542,10,bezier_ipopt,1.166899269039277,mse,0.00014786004392169298,False
rush_hour,271->272,542,10,bezier_nm,8.818667407962494,mse,0.0018962197658852547,False
rush_hour,271->375,542,10,bezier_pgd,0.0012464919709600508,mse,0.6227646193914775,False
rush_hour,271->375,542,10,bezier_ipopt,,mse,,True
rush_hour,271->375,542,10,bezier_nm,6.811158747994341,mse,0.7731011169353934,False
rush_hour,272->271,542,10,bezier_pgd,0.0010429670219309628,mse,0.13285963572423606,False
rush_hour,272->271,542,10,bezier_ipopt,,mse,,True
rush_hour,272->271,542,10,bezier_nm,7.627699803037103,mse,0.320551679739022,False
rush_hour,272->274,542,10,bezier_pgd,0.001091739977709949,mse,0.002891873911723923,False
rush_hour,272->274,542,10,bezier_ipopt,1.39963663299568,mse,0.0020649433588151816,False
rush_hour,272->274,542,10,bezier_nm,7.5154420410399325,mse,0.023971444325478587,False
rush_hour,273->351,542,10,bezier_pgd,0.0009929199586622417,mse,0.00025139287417846347,False
rush_hour,273->351,542,10,bezier_ipopt,1.015378335956484,mse,0.00021664943954847468,False
rush_hour,273->351,542,10,bezier_nm,7.462123422010336,mse,0.0010604191207373476,False
rush_hour,273->465,542,10,bezier_pgd,0.0016293730004690588,mse,0.00035862179099227493,False
rush_hour,273->465,542,10,bezier_ipopt,0.8528256479767151,mse,0.0001809519799061453,False
rush_hour,273->465,542,10,bezier_nm,8.940789156011306,mse,0.007593634622652628,False
rush_hour,274->272,542,10,bezier_pgd,0.0017242429894395173,mse,0.012931477583397242,False
rush_hour,274->272,542,10,bezier_ipopt,0.8079446739866398,mse,4.573614582342304e-05,False
rush_hour,274->272,542,10,bezier_nm,7.782557594007812,mse,0.10788567367916385,False
rush_hour,274->441,542,10,bezier_pgd,0.0010136979981325567,mse,0.00013649959969916516,False
rush_hour,274->441,542,10,bezier_ipopt,0.9182733729830943,mse,8.084220974705086e-05,False
rush_hour,274->441,542,10,bezier_nm,8.934481245989446,mse,0.0006706178024993762,False
rush_hour,275->173,542,10,bezier_pgd,0.0010207770392298698,mse,0.01833744119469042,False
rush_hour,275->173,542,10,bezier_ipopt,5.403888334985822,mse,9.015389031673306e-05,False
rush_hour,275->173,542,10,bezier_nm,6.958016119024251,mse,0.14845356327188747,False
rush_hour,275->312,542,10,bezier_pgd,0.0006638080230914056,mse,0.21756022054313,False
rush_hour,275->312,542,10,bezier_ipopt,,mse,,True
rush_hour,275->312,542,10,bezier_nm,7.300689643016085,mse,0.5679117332340572,False
rush_hour,276->364,542,10,bezier_pgd,0.001376761996652931,mse,0.0030470514699319543,False
rush_hour,276->364,542,10,bezier_ipopt,,mse,,True
rush_hour,276->364,542,10,bezier_nm,7.868636834027711,mse,0.10082980288994735,False
rush_hour,276->76,542,10,bezier_pgd,0.000812515034340322,mse,0.0064272203847794765,False
rush_hour,276->76,542,10,bezier_ipopt,,mse,,True
rush_hour,276->76,542,10,bezier_nm,7.649782660999335,mse,0.07438797598979376,False
rush_hour,277->278,542,10,bezier_pgd,0.0016494049923494458,mse,0.007714213166906652,False
rush_hour,277->278,542,10,bezier_ipopt,1.0201678170124069,mse,0.00025042023753158355,False
rush_hour,277->278,542,10,bezier_nm,7.061735825962387,mse,0.1466624856423965,False
rush_hour,277->453,542,10,bezier_pgd,0.0007652100175619125,mse,0.0004399292510590463,False
rush_hour,277->453,542,10,bezier_ipopt,1.0600123580079526,mse,0.00034131763991996337,False
rush_hour,277->453,542,10,bezier_nm,8.295003556995653,mse,0.0023861417359077376,False
rush_hour,278->277,542,10,bezier_pgd,0.0009545009816065431,mse,0.0003535448202116472,False
rush_hour,278->277,542,10,bezier_ipopt,1.0619378989795223,mse,0.0001635311018389021,False
rush_hour,278->277,542,10,bezier_nm,7.721909529995173,mse,0.008788991343595336,False
rush_hour,278->323,542,10,bezier_pgd,0.0008748230175115168,mse,0.004273947042689473,False
rush_hour,278->323,542,10,bezier_ipopt,0.8593187090009451,mse,0.00020381418940480314,False
rush_hour,278->323,542,10,bezier_nm,6.871032444993034,mse,0.11435520779413683,False
rush_hour,279->169,542,10,bezier_pgd,0.002958805998787284,mse,0.0002645111391540086,False
rush_hour,279->169,542,10,bezier_ipopt,1.206375540990848,mse,0.00020827554165308814,False
rush_hour,279->169,542,10,bezier_nm,8.74783197598299,mse,0.0010617553002884171,False
rush_hour,279->460,542,10,bezier_pgd,0.001737080980092287,mse,0.0005895402657650931,False
rush_hour,279->460,542,10,bezier_ipopt,,mse,,True
rush_hour,279->460,542,10,bezier_nm,9.101004629977979,mse,0.003135199639572341,False
rush_hour,28->27,542,10,bezier_pgd,0.0008026899886317551,mse,4.8514738106442194e-05,False
rush_hour,28->27,542,10,bezier_ipopt,1.0919177889591083,mse,2.312451906634141e-05,False
rush_hour,28->27,542,10,bezier_nm,8.222065305977594,mse,0.00027488356662450997,False
rush_hour,28->29,542,10,bezier_pgd,0.00162341701798141,mse,4.9034560035331706e-05,False
rush_hour,28->29,542,10,bezier_ipopt,0.9668575709802099,mse,2.176515211782891e-05,False
rush_hour,28->29,542,10,bezier_nm,7.752672097005416,mse,0.0003317922652708769,False
rush_hour,280->114,542,10,bezier_pgd,0.0020568110048770905,mse,0.008159993569062142,False
rush_hour,280->114,542,10,bezier_ipopt,1.5183284010272473,mse,0.0003446911803946973,False
rush_hour,280->114,542,10,bezier_nm,7.987871315970551,mse,0.19762001030647683,False
rush_hour,280->341,542,10,bezier_pgd,0.001338201982434839,mse,0.0718548984184821,False
rush_hour,280->341,542,10,bezier_ipopt,0.7557893830235116,mse,0.00023215149023780334,False
rush_hour,280->341,542,10,bezier_nm,6.744763150985818,mse,0.2816742477072107,False
rush_hour,281->240,542,10,bezier_pgd,0.000982562021818012,mse,0.001561656036429455,False
rush_hour,281->240,542,10,bezier_ipopt,1.3477927049971186,mse,0.0001176008319580862,False
rush_hour,281->240,542,10,bezier_nm,6.158537299954332,mse,0.07286189359501374,False
rush_hour,281->282,542,10,bezier_pgd,0.00134519103448838,mse,0.00023108051866367024,False
rush_hour,281->282,542,10,bezier_ipopt,0.9341626430395991,mse,0.0001309952997833427,False
rush_hour,281->282,542,10,bezier_nm,8.164909732004162,mse,0.0009271802813352539,False
rush_hour,282->281,542,10,bezier_pgd,0.0018759809900075197,mse,0.00026282647839768856,False
rush_hour,282->281,542,10,bezier_ipopt,0.9055725820362568,mse,0.00018648713853613937,False
rush_hour,282->281,542,10,bezier_nm,8.786788088968024,mse,0.0010074942518288037,False
rush_hour,282->495,542,10,bezier_pgd,0.0008161159930750728,mse,0.000448454231574,False
rush_hour,282->495,542,10,bezier_ipopt,1.0975462889764458,mse,0.0003782307177959165,False
rush_hour,282->495,542,10,bezier_nm,7.5878556440002285,mse,0.0019565235584516937,False
rush_hour,283->381,542,10,bezier_pgd,0.001445809961296618,mse,0.0006433111086111841,False
rush_hour,283->381,542,10,bezier_ipopt,1.135820031980984,mse,0.00027740335581101814,False
rush_hour,283->381,542,10,bezier_nm,7.91007774398895,mse,0.000832804024637267,False
rush_hour,283->440,542,10,bezier_pgd,0.0011920680408366024,mse,0.006264840034112488,False
rush_hour,283->440,542,10,bezier_ipopt,1.0866324419621378,mse,0.0003943371329985674,False
rush_hour,283->440,542,10,bezier_nm,6.405333553964738,mse,0.10866541438565636,False
rush_hour,284->174,542,10,bezier_pgd,0.0021311049931682646,mse,0.0003155407742236701,False
rush_hour,284->174,542,10,bezier_ipopt,1.2765098210074939,mse,0.00015669373430663417,False
rush_hour,284->174,542,10,bezier_nm,6.518706939008553,mse,0.01218775829156136,False
rush_hour,284->335,542,10,bezier_pgd,0.0012482510064728558,mse,0.0001756581573809435,False
rush_hour,284->335,542,10,bezier_ipopt,0.9135248360107653,mse,9.139932625841722e-05,False
rush_hour,284->335,542,10,bezier_nm,7.270280616008677,mse,0.0005078258901654917,False
rush_hour,285->168,542,10,bezier_pgd,0.0011800599750131369,mse,0.022209237599864772,False
rush_hour,285->168,542,10,bezier_ipopt,42.84401780099142,mse,0.01889114849150262,False
rush_hour,285->168,542,10,bezier_nm,4.538117732969113,mse,0.04904242226927043,False
rush_hour,285->440,542,10,bezier_pgd,0.0015065050101839006,mse,0.00034846218680592496,False
rush_hour,285->440,542,10,bezier_ipopt,0.9267752610030584,mse,0.00017051049256807055,False
rush_hour,285->440,542,10,bezier_nm,7.709975859965198,mse,0.0005631118343441735,False
rush_hour,286->468,542,10,bezier_pgd,0.0029083729605190456,mse,0.00029745545951689417,False
rush_hour,286->468,542,10,bezier_ipopt,0.8458892470225692,mse,0.000206469820244297,False
rush_hour,286->468,542,10,bezier_nm,7.834565880999435,mse,0.0010547628323039767,False
rush_hour,286->490,542,10,bezier_pgd,0.0013791469973511994,mse,0.0002789474598038066,False
rush_hour,286->490,542,10,bezier_ipopt,0.9389367679832503,mse,0.00022730687077659125,False
rush_hour,286->490,542,10,bezier_nm,7.957936858001631,mse,0.0007079830256371937,False
rush_hour,287->356,542,10,bezier_pgd,0.0012537490110844374,mse,0.0007368347510122983,False
rush_hour,287->356,542,10,bezier_ipopt,1.0244304160005413,mse,0.00036743455301331784,False
rush_hour,287->356,542,10,bezier_nm,7.420130518032238,mse,0.05223202389163418,False
rush_hour,287->497,542,10,bezier_pgd,0.0012584590003825724,mse,0.0005703946623458712,False
rush_hour,287->497,542,10,bezier_ipopt,0.9198148649884388,mse,0.0002803677052845503,False
rush_hour,287->497,542,10,bezier_nm,8.225187010015361,mse,0.0023587637526665995,False
rush_hour,288->204,542,10,bezier_pgd,0.000755908025894314,mse,0.00016891714112084565,False
rush_hour,288->204,542,10,bezier_ipopt,1.2773281969712116,mse,0.00011663038172038306,False
rush_hour,288->204,542,10,bezier_nm,7.932350333954673,mse,0.00046991265659912886,False
rush_hour,288->338,542,10,bezier_pgd,0.0007830220274627209,mse,0.0007380405554902581,False
rush_hour,288->338,542,10,bezier_ipopt,0.8102263010223396,mse,0.00013494279665824104,False
rush_hour,288->338,542,10,bezier_nm,5.507396128959954,mse,0.010585228542292158,False
rush_hour,289->320,542,10,bezier_pgd,0.0015356710064224899,mse,0.003968671304964345,False
rush_hour,289->320,542,10,bezier_ipopt,,mse,,True
rush_hour,289->320,542,10,bezier_nm,6.588672226003837,mse,0.1395908314942883,False
rush_hour,289->425,542,10,bezier_pgd,0.0007367199868895113,mse,0.0002907367184799559,False
rush_hour,289->425,542,10,bezier_ipopt,0.9687082069576718,mse,0.00024353074722811388,False
rush_hour,289->425,542,10,bezier_nm,7.33835368801374,mse,0.0017352615665597992,False
rush_hour,29->28,542,10,bezier_pgd,0.0011965289595536888,mse,0.00010807466083341849,False
rush_hour,29->28,542,10,bezier_ipopt,0.6815961709944531,mse,4.8741845610943375e-05,False
rush_hour,29->28,542,10,bezier_nm,7.9928036439814605,mse,0.00033857839279217956,False
rush_hour,29->30,542,10,bezier_pgd,0.0006809729966334999,mse,3.7032182405236776e-05,False
rush_hour,29->30,542,10,bezier_ipopt,1.493609007971827,mse,1.9375992353822098e-05,False
rush_hour,29->30,542,10,bezier_nm,7.907086750958115,mse,9.182315633653574e-05,False
rush_hour,290->151,542,10,bezier_pgd,0.001050641993060708,mse,0.004616744093164281,False
rush_hour,290->151,542,10,bezier_ipopt,,mse,,True
rush_hour,290->151,542,10,bezier_nm,6.693653799011372,mse,0.07695659216448966,False
rush_hour,290->509,542,10,bezier_pgd,0.0009306810097768903,mse,0.0003791998967366629,False
rush_hour,290->509,542,10,bezier_ipopt,0.9627760949661024,mse,0.0001759894133096662,False
rush_hour,290->509,542,10,bezier_nm,8.954305384017061,mse,0.001522993652136013,False
rush_hour,291->18,542,10,bezier_pgd,0.0012669970165006816,mse,0.017867479204236685,False
rush_hour,291->18,542,10,bezier_ipopt,,mse,,True
rush_hour,291->18,542,10,bezier_nm,7.159732136991806,mse,0.16076503260242286,False
rush_hour,291->292,542,10,bezier_pgd,0.0006745510036125779,mse,0.05420510428755195,False
rush_hour,291->292,542,10,bezier_ipopt,,mse,,True
rush_hour,291->292,542,10,bezier_nm,6.9731541340006515,mse,0.38687497323564246,False
rush_hour,292->291,542,10,bezier_pgd,0.0016136739868670702,mse,0.005285173819744041,False
rush_hour,292->291,542,10,bezier_ipopt,1.0159567989758216,mse,0.00024487840227311144,False
rush_hour,292->291,542,10,bezier_nm,6.678896990022622,mse,0.12960885383396986,False
rush_hour,292->397,542,10,bezier_pgd,0.0008951760246418417,mse,3.526660436802148e-05,False
rush_hour,292->397,542,10,bezier_ipopt,1.196172378025949,mse,2.1738085213400397e-05,False
rush_hour,292->397,542,10,bezier_nm,8.445222956012003,mse,0.00013874767374594924,False
rush_hour,292->408,542,10,bezier_pgd,0.0009191760327666998,mse,6.65322591364155e-05,False
rush_hour,292->408,542,10,bezier_ipopt,1.479992915992625,mse,3.4849189212072806e-05,False
rush_hour,292->408,542,10,bezier_nm,7.121734533982817,mse,0.00013536800525617827,False
rush_hour,293->322,542,10,bezier_pgd,0.0015059240395203233,mse,0.0015356746363473827,False
rush_hour,293->322,542,10,bezier_ipopt,0.9441180230351165,mse,0.00031724717349123114,False
rush_hour,293->322,542,10,bezier_nm,7.276636607013643,mse,0.12998831340351197,False
rush_hour,293->487,542,10,bezier_pgd,0.0016024330398067832,mse,0.004454919835528991,False
rush_hour,293->487,542,10,bezier_ipopt,0.9115896269795485,mse,0.00017472365720720194,False
rush_hour,293->487,542,10,bezier_nm,6.60709579201648,mse,0.0853638324151615,False
rush_hour,294->205,542,10,bezier_pgd,0.001097124011721462,mse,0.004383099582896335,False
rush_hour,294->205,542,10,bezier_ipopt,0.9150240810122341,mse,0.0002724918810112249,False
rush_hour,294->205,542,10,bezier_nm,6.867798820021562,mse,0.1196240043980356,False
rush_hour,294->370,542,10,bezier_pgd,0.0015642429934814572,mse,0.009981253182859884,False
rush_hour,294->370,542,10,bezier_ipopt,0.9487394049647264,mse,0.00016836919009306556,False
rush_hour,294->370,542,10,bezier_nm,6.064940129988827,mse,0.1435128948591346,False
rush_hour,295->458,542,10,bezier_pgd,0.0010076839826069772,mse,0.00523227916689713,False
rush_hour,295->458,542,10,bezier_ipopt,0.793227054993622,mse,0.0002896404155385338,False
rush_hour,295->458,542,10,bezier_nm,7.284124855999835,mse,0.0901613951736125,False
rush_hour,295->459,542,10,bezier_pgd,0.0010174830094911158,mse,0.0006260685229575406,False
rush_hour,295->459,542,10,bezier_ipopt,0.9263754319981672,mse,0.00042931938586349524,False
rush_hour,295->459,542,10,bezier_nm,7.309956827957649,mse,0.0014497111337811819,False
rush_hour,296->503,542,10,bezier_pgd,0.0016001249896362424,mse,0.0008272403587348187,False
rush_hour,296->503,542,10,bezier_ipopt,1.0613264759886079,mse,0.0003112332431670013,False
rush_hour,296->503,542,10,bezier_nm,8.271745042002294,mse,0.002631793918386493,False
rush_hour,296->506,542,10,bezier_pgd,0.0009733719634823501,mse,0.005601406708706521,False
rush_hour,296->506,542,10,bezier_ipopt,1.0180129000218585,mse,0.00013295473602842879,False
rush_hour,296->506,542,10,bezier_nm,6.52781653002603,mse,0.09144088811295348,False
rush_hour,297->114,542,10,bezier_pgd,0.0007821680046617985,mse,3.953886347543695e-05,False
rush_hour,297->114,542,10,bezier_ipopt,0.9954138880129904,mse,2.3539302784405617e-05,False
rush_hour,297->114,542,10,bezier_nm,8.772108273056801,mse,5.6403287221653046e-05,False
rush_hour,297->298,542,10,bezier_pgd,0.0012586080119945109,mse,0.004173916421305604,False
rush_hour,297->298,542,10,bezier_ipopt,,mse,,True
rush_hour,297->298,542,10,bezier_nm,6.58056105999276,mse,0.10761396380591381,False
rush_hour,297->89,542,10,bezier_pgd,0.0009706160053610802,mse,6.03302554071779e-05,False
rush_hour,297->89,542,10,bezier_ipopt,0.9399784719571471,mse,3.358581698230013e-05,False
rush_hour,297->89,542,10,bezier_nm,7.919184663973283,mse,0.0002874371179963301,False
rush_hour,298->297,542,10,bezier_pgd,0.0006812560022808611,mse,0.0004377276791645267,False
rush_hour,298->297,542,10,bezier_ipopt,,mse,,True
rush_hour,298->297,542,10,bezier_nm,8.173882494971622,mse,0.0006913657621567064,False
rush_hour,298->465,542,10,bezier_pgd,0.0017716899747028947,mse,0.0004904602421145159,False
rush_hour,298->465,542,10,bezier_ipopt,,mse,,True
rush_hour,298->465,542,10,bezier_nm,7.8334026410011575,mse,0.0008854134477876165,False
rush_hour,299->121,542,10,bezier_pgd,0.0009813900105655193,mse,0.00034346588753295993,False
rush_hour,299->121,542,10,bezier_ipopt,0.8535915489774197,mse,0.0003242625663169388,False
rush_hour,299->121,542,10,bezier_nm,8.340637106040958,mse,0.0036437173216259835,False
rush_hour,299->319,542,10,bezier_pgd,0.0006639999919570982,mse,0.00023875196837785698,False
rush_hour,299->319,542,10,bezier_ipopt,0.9890853780088946,mse,0.00019457308547920658,False
rush_hour,299->319,542,10,bezier_nm,7.303656522009987,mse,0.00035112037128398756,False
rush_hour,30->251,542,10,bezier_pgd,0.0011343980440869927,mse,0.0002430888657039172,False
rush_hour,30->251,542,10,bezier_ipopt,0.6783244689577259,mse,0.0001389561254398017,False
rush_hour,30->251,542,10,bezier_nm,7.887299116991926,mse,0.0004835701951862193,False
rush_hour,30->29,542,10,bezier_pgd,0.00074140599463135,mse,7.558758747072351e-05,False
rush_hour,30->29,542,10,bezier_ipopt,1.7935003119637258,mse,1.5546003817384197e-05,False
rush_hour,30->29,542,10,bezier_nm,7.3923088680021465,mse,0.00012707798758964701,False
rush_hour,300->193,542,10,bezier_pgd,0.0016009939718060195,mse,0.0002822556861079662,False
rush_hour,300->193,542,10,bezier_ipopt,0.8541009890032001,mse,0.0001860170220731576,False
rush_hour,300->193,542,10,bezier_nm,8.633669111004565,mse,0.0013029615942840413,False
rush_hour,300->427,542,10,bezier_pgd,0.0009866590262390673,mse,0.0003834042429560936,False
rush_hour,300->427,542,10,bezier_ipopt,1.068267000024207,mse,0.0002918534404821944,False
rush_hour,300->427,542,10,bezier_nm,7.708058264979627,mse,0.0008707953889551388,False
rush_hour,301->386,542,10,bezier_pgd,0.0014110240153968334,mse,0.00016021259397976939,False
rush_hour,301->386,542,10,bezier_ipopt,0.9547029089881107,mse,0.00010743574185254815,False
rush_hour,301->386,542,10,bezier_nm,8.064024001010694,mse,0.00048438320194931406,False
rush_hour,301->405,542,10,bezier_pgd,0.000943436985835433,mse,0.00019068712877374502,False
rush_hour,301->405,542,10,bezier_ipopt,0.8269604440429248,mse,0.0001372991922975761,False
rush_hour,301->405,542,10,bezier_nm,7.617962583957706,mse,0.00041986797807136596,False
rush_hour,302->487,542,10,bezier_pgd,0.0015880450373515487,mse,0.00026091444679083865,False
rush_hour,302->487,542,10,bezier_ipopt,0.9292259039939381,mse,0.00021372848359373266,False
rush_hour,302->487,542,10,bezier_nm,7.566273972974159,mse,0.0010709820412547705,False
rush_hour,302->507,542,10,bezier_pgd,0.0008705840446054935,mse,0.005375408706753223,False
rush_hour,302->507,542,10,bezier_ipopt,1.1232702860143036,mse,0.00020522465635493327,False
rush_hour,302->507,542,10,bezier_nm,6.339370761997998,mse,0.019699782559828145,False
rush_hour,303->499,542,10,bezier_pgd,0.0008222120231948793,mse,0.0002539281582108437,False
rush_hour,303->499,542,10,bezier_ipopt,0.7945921390200965,mse,0.00020304400259848882,False
rush_hour,303->499,542,10,bezier_nm,7.855168026988395,mse,0.0012523572294627174,False
rush_hour,303->514,542,10,bezier_pgd,0.0025642230175435543,mse,0.0004507295248798208,False
rush_hour,303->514,542,10,bezier_ipopt,1.241428643988911,mse,0.00020833323356651587,False
rush_hour,303->514,542,10,bezier_nm,7.10094872105401,mse,0.05503896171330209,False
rush_hour,304->500,542,10,bezier_pgd,0.001044538978021592,mse,0.0004892101592990939,False
rush_hour,304->500,542,10,bezier_ipopt,1.0398247379926033,mse,0.0001626593040926061,False
rush_hour,304->500,542,10,bezier_nm,6.068054803996347,mse,0.06416983129933071,False
rush_hour,304->506,542,10,bezier_pgd,0.0009404990123584867,mse,0.00039235612583840383,False
rush_hour,304->506,542,10,bezier_ipopt,0.7938059390289709,mse,0.00032527972747465765,False
rush_hour,304->506,542,10,bezier_nm,8.344714926963206,mse,0.004695513101576506,False
rush_hour,305->329,542,10,bezier_pgd,0.001439499028492719,mse,0.0007745738668020795,False
rush_hour,305->329,542,10,bezier_ipopt,1.2475528870127164,mse,0.00032345888291802075,False
rush_hour,305->329,542,10,bezier_nm,8.953662953979801,mse,0.004522184838339759,False
rush_hour,305->517,542,10,bezier_pgd,0.0010551820159889758,mse,0.00025633305881238685,False
rush_hour,305->517,542,10,bezier_ipopt,0.896695883013308,mse,0.0001777542840563493,False
rush_hour,305->517,542,10,bezier_nm,7.824286379036494,mse,0.0009204415073964933,False
rush_hour,306->307,542,10,bezier_pgd,0.001276502967812121,mse,0.00042007743182575797,False
rush_hour,306->307,542,10,bezier_ipopt,0.8047276490251534,mse,0.00022742175461782618,False
rush_hour,306->307,542,10,bezier_nm,6.913075758027844,mse,0.020799824271425498,False
rush_hour,306->460,542,10,bezier_pgd,0.0015589380054734647,mse,0.00031255920157036073,False
rush_hour,306->460,542,10,bezier_ipopt,0.7192394350422546,mse,0.00021851652147392717,False
rush_hour,306->460,542,10,bezier_nm,8.333339899952989,mse,0.0017658246203829564,False
rush_hour,307->166,542,10,bezier_pgd,0.0014927650336176157,mse,0.00026585620320574696,False
rush_hour,307->166,542,10,bezier_ipopt,0.9247017449815758,mse,0.00016724889165618971,False
rush_hour,307->166,542,10,bezier_nm,8.789433539030142,mse,0.0028619307811139547,False
rush_hour,307->306,542,10,bezier_pgd,0.0011186260380782187,mse,0.00016260112133940698,False
rush_hour,307->306,542,10,bezier_ipopt,0.8719005419989116,mse,0.00010079644795553238,False
rush_hour,307->306,542,10,bezier_nm,7.707505926024169,mse,0.00038871407007111484,False
rush_hour,308->243,542,10,bezier_pgd,0.0016705410089343786,mse,0.0013324787189856627,False
rush_hour,308->243,542,10,bezier_ipopt,0.8246628839988261,mse,0.0002461095882946992,False
rush_hour,308->243,542,10,bezier_nm,6.800584090000484,mse,0.0023163779346482673,False
rush_hour,308->314,542,10,bezier_pgd,0.0010500670177862048,mse,0.003265907673379033,False
rush_hour,308->314,542,10,bezier_ipopt,0.9343996309908107,mse,0.00025340581475487246,False
rush_hour,308->314,542,10,bezier_nm,7.80181823100429,mse,0.07229181025595081,False
rush_hour,309->463,542,10,bezier_pgd,0.0016153649776242673,mse,0.00013845455656756204,False
rush_hour,309->463,542,10,bezier_ipopt,1.0771504240110517,mse,0.0001195445176056805,False
rush_hour,309->463,542,10,bezier_nm,8.374000234005507,mse,0.0005383342671336683,False
rush_hour,309->500,542,10,bezier_pgd,0.000868254981469363,mse,0.00015318976152245225,False
rush_hour,309->500,542,10,bezier_ipopt,1.1298518149997108,mse,0.00010002320860319312,False
rush_hour,309->500,542,10,bezier_nm,7.52549845201429,mse,0.0004427309620383926,False
rush_hour,31->1,542,10,bezier_pgd,0.0015517610008828342,mse,4.945597059435778e-05,False
rush_hour,31->1,542,10,bezier_ipopt,1.0568945790291764,mse,2.547116042846751e-05,False
rush_hour,31->1,542,10,bezier_nm,6.9354010410024785,mse,0.0005008595247521994,False
rush_hour,31->32,542,10,bezier_pgd,0.0005940179689787328,mse,2.8519336515656547e-05,False
rush_hour,31->32,542,10,bezier_ipopt,0.8008615499711595,mse,1.9244768499696982e-05,False
rush_hour,31->32,542,10,bezier_nm,6.6802787620108575,mse,0.00025033589035533587,False
rush_hour,310->462,542,10,bezier_pgd,0.001713547040708363,mse,0.00032787213657185283,False
rush_hour,310->462,542,10,bezier_ipopt,1.1492068189545535,mse,0.0002495358871011603,False
rush_hour,310->462,542,10,bezier_nm,8.723799937986769,mse,0.000752706827240565,False
rush_hour,310->476,542,10,bezier_pgd,0.0007874260190874338,mse,0.00017136668259828397,False
rush_hour,310->476,542,10,bezier_ipopt,1.0128309780266136,mse,0.0001141266717960102,False
rush_hour,310->476,542,10,bezier_nm,7.217535262985621,mse,0.00032909388098207915,False
rush_hour,311->119,542,10,bezier_pgd,0.001089533034246415,mse,0.00037031764132386494,False
rush_hour,311->119,542,10,bezier_ipopt,0.8230835580034181,mse,0.0002405508021769985,False
rush_hour,311->119,542,10,bezier_nm,8.330526750010904,mse,0.0017695863544190398,False
rush_hour,311->489,542,10,bezier_pgd,0.0011690229875966907,mse,0.00023677240099101587,False
rush_hour,311->489,542,10,bezier_ipopt,0.9997843080200255,mse,0.00017830337614438942,False
rush_hour,311->489,542,10,bezier_nm,7.583618790959008,mse,0.0005195987217664516,False
rush_hour,312->275,542,10,bezier_pgd,0.0005613290122710168,mse,0.05793286312649645,False
rush_hour,312->275,542,10,bezier_ipopt,,mse,,True
rush_hour,312->275,542,10,bezier_nm,6.771254559978843,mse,0.4888946489195866,False
rush_hour,312->313,542,10,bezier_pgd,0.0013229299802333117,mse,0.3135682178608982,False
rush_hour,312->313,542,10,bezier_ipopt,,mse,,True
rush_hour,312->313,542,10,bezier_nm,7.485152171982918,mse,0.43109741444764466,False
rush_hour,313->312,542,10,bezier_pgd,0.0008996169781312346,mse,0.029271762299087543,False
rush_hour,313->312,542,10,bezier_ipopt,,mse,,True
rush_hour,313->312,542,10,bezier_nm,7.369517282000743,mse,0.1902368390554407,False
rush_hour,313->409,542,10,bezier_pgd,0.0011302580242045224,mse,0.10267663102190164,False
rush_hour,313->409,542,10,bezier_ipopt,0.9414194760029204,mse,0.001441818199979389,False
rush_hour,313->409,542,10,bezier_nm,7.3976816610083915,mse,0.26918370482368187,False
rush_hour,314->308,542,10,bezier_pgd,0.0019295309903100133,mse,0.00028211738606503576,False
rush_hour,314->308,542,10,bezier_ipopt,1.0086143060470931,mse,0.00021180492441762386,False
rush_hour,314->308,542,10,bezier_nm,7.278235147998203,mse,0.0004255982433621275,False
rush_hour,314->458,542,10,bezier_pgd,0.0014137370162643492,mse,0.00022180357655044767,False
rush_hour,314->458,542,10,bezier_ipopt,0.8253560700104572,mse,0.00012186455400639871,False
rush_hour,314->458,542,10,bezier_nm,8.13171006203629,mse,0.00039135026727219255,False
rush_hour,315->203,542,10,bezier_pgd,0.0009008960332721472,mse,0.0013934596627996627,False
rush_hour,315->203,542,10,bezier_ipopt,1.1930532910046168,mse,0.00022435718540286562,False
rush_hour,315->203,542,10,bezier_nm,6.576131362002343,mse,0.06621776453922124,False
rush_hour,315->509,542,10,bezier_pgd,0.0012051049852743745,mse,0.0004301353882613844,False
rush_hour,315->509,542,10,bezier_ipopt,0.8600494120037183,mse,0.00010928875274962392,False
rush_hour,315->509,542,10,bezier_nm,9.59186518000206,mse,0.0017592323501805778,False
rush_hour,316->411,542,10,bezier_pgd,0.0009342440171167254,mse,0.0013783212767291468,False
rush_hour,316->411,542,10,bezier_ipopt,0.7375547820120119,mse,0.0003697030157980361,False
rush_hour,316->411,542,10,bezier_nm,6.7198053280008025,mse,0.07526853607667984,False
rush_hour,316->478,542,10,bezier_pgd,0.0011768289841711521,mse,0.0017916794664384248,False
rush_hour,316->478,542,10,bezier_ipopt,0.8099120230181143,mse,0.0002775079703536631,False
rush_hour,316->478,542,10,bezier_nm,6.7101373199839145,mse,0.004338373325478099,False
rush_hour,317->318,542,10,bezier_pgd,0.00297036295523867,mse,0.00035347152089658954,False
rush_hour,317->318,542,10,bezier_ipopt,0.9142791220219806,mse,0.00013944650646325986,False
rush_hour,317->318,542,10,bezier_nm,9.080444359977264,mse,0.002968120372730547,False
rush_hour,317->487,542,10,bezier_pgd,0.0011357369949109852,mse,0.008586318456684028,False
rush_hour,317->487,542,10,bezier_ipopt,0.7956230970448814,mse,0.0002712968448325745,False
rush_hour,317->487,542,10,bezier_nm,6.395139965985436,mse,0.15321542119559606,False
rush_hour,318->317,542,10,bezier_pgd,0.0033362419926561415,mse,0.0002318146100033508,False
rush_hour,318->317,542,10,bezier_ipopt,0.8073619359638542,mse,8.871172763077796e-05,False
rush_hour,318->317,542,10,bezier_nm,8.579263539984822,mse,0.0007495458514284563,False
rush_hour,318->336,542,10,bezier_pgd,0.0006358080427162349,mse,0.00017890407278714108,False
rush_hour,318->336,542,10,bezier_ipopt,0.8740376579808071,mse,0.00012016689682896061,False
rush_hour,318->336,542,10,bezier_nm,7.388828937022481,mse,0.00036647890175775554,False
rush_hour,319->299,542,10,bezier_pgd,0.0013968409621156752,mse,0.0002609126698608641,False
rush_hour,319->299,542,10,bezier_ipopt,0.8536623059771955,mse,0.00018967568130019022,False
rush_hour,319->299,542,10,bezier_nm,7.870590949023608,mse,0.0005084779093632763,False
rush_hour,319->355,542,10,bezier_pgd,0.0010042450157925487,mse,0.00023862462066007634,False
rush_hour,319->355,542,10,bezier_ipopt,0.8520855180104263,mse,0.00016975896169948372,False
rush_hour,319->355,542,10,bezier_nm,7.146610434981994,mse,0.0004988088023764315,False
rush_hour,32->31,542,10,bezier_pgd,0.0007383240154013038,mse,3.576547846771954e-05,False
rush_hour,32->31,542,10,bezier_ipopt,0.9130357960239053,mse,2.310198836322661e-05,False
rush_hour,32->31,542,10,bezier_nm,6.211873863998335,mse,0.00015007528606121324,False
rush_hour,32->33,542,10,bezier_pgd,0.0008731060079298913,mse,4.4898063096911637e-05,False
rush_hour,32->33,542,10,bezier_ipopt,0.8946849179919809,mse,2.7076192238468064e-05,False
rush_hour,32->33,542,10,bezier_nm,7.8286666729836725,mse,8.987504797347522e-05,False
rush_hour,320->134,542,10,bezier_pgd,0.0013659640098921955,mse,0.0022647453314860815,False
rush_hour,320->134,542,10,bezier_ipopt,0.906819301948417,mse,0.0003368335626044592,False
rush_hour,320->134,542,10,bezier_nm,6.632765756978188,mse,0.11073047063451386,False
rush_hour,320->289,542,10,bezier_pgd,0.0011139879934489727,mse,0.1385896809304164,False
rush_hour,320->289,542,10,bezier_ipopt,1.1072680020006374,mse,0.0002824232673882639,False
rush_hour,320->289,542,10,bezier_nm,6.351766186999157,mse,0.28549950756794706,False
rush_hour,321->269,542,10,bezier_pgd,0.0009688049904070795,mse,0.00018735616001173684,False
rush_hour,321->269,542,10,bezier_ipopt,1.0908107270370238,mse,0.0001058208180823168,False
rush_hour,321->269,542,10,bezier_nm,7.270281234988943,mse,0.0005379066462923196,False
rush_hour,321->322,542,10,bezier_pgd,0.0010938089690171182,mse,0.017891819308994864,False
rush_hour,321->322,542,10,bezier_ipopt,0.8137866370379925,mse,0.00018687441319308612,False
rush_hour,321->322,542,10,bezier_nm,7.708107162965462,mse,0.20949617066149884,False
rush_hour,322->293,542,10,bezier_pgd,0.0008099189726635814,mse,0.009942522597803052,False
rush_hour,322->293,542,10,bezier_ipopt,,mse,,True
rush_hour,322->293,542,10,bezier_nm,6.512166631000582,mse,0.050499002959608325,False
rush_hour,322->321,542,10,bezier_pgd,0.001214748015627265,mse,0.0014595641331928328,False
rush_hour,322->321,542,10,bezier_ipopt,0.7623428329825401,mse,0.0002719770728221387,False
rush_hour,322->321,542,10,bezier_nm,6.779328045027796,mse,0.032102032470564645,False
rush_hour,323->278,542,10,bezier_pgd,0.001010066014714539,mse,0.015011396215557294,False
rush_hour,323->278,542,10,bezier_ipopt,0.9059124600025825,mse,0.00027508722717278615,False
rush_hour,323->278,542,10,bezier_nm,7.132627118960954,mse,0.18871601316232517,False
rush_hour,323->324,542,10,bezier_pgd,0.0009100789902731776,mse,0.002782057255076234,False
rush_hour,323->324,542,10,bezier_ipopt,0.7999058039858937,mse,0.0001619573527150207,False
rush_hour,323->324,542,10,bezier_nm,6.417212856002152,mse,0.05845885608181414,False
rush_hour,324->323,542,10,bezier_pgd,0.0016842259792611003,mse,0.00024165378513767272,False
rush_hour,324->323,542,10,bezier_ipopt,0.8511800190317445,mse,0.00016013164648271257,False
rush_hour,324->323,542,10,bezier_nm,7.2199407939915545,mse,0.0009949968996297736,False
rush_hour,324->455,542,10,bezier_pgd,0.0019696890376508236,mse,0.0008069213972419091,False
rush_hour,324->455,542,10,bezier_ipopt,0.7631894570076838,mse,0.0002393029081353665,False
rush_hour,324->455,542,10,bezier_nm,9.43164544296451,mse,0.0034530267604982114,False
rush_hour,325->377,542,10,bezier_pgd,0.0008489679894410074,mse,0.0006883136105740626,False
rush_hour,325->377,542,10,bezier_ipopt,0.673274984001182,mse,0.0001966117420525828,False
rush_hour,325->377,542,10,bezier_nm,6.78365490102442,mse,0.028495667312246807,False
rush_hour,325->385,542,10,bezier_pgd,0.000957751995883882,mse,0.0013842457298826251,False
rush_hour,325->385,542,10,bezier_ipopt,,mse,,True
rush_hour,325->385,542,10,bezier_nm,7.573116727988236,mse,0.08929829075820683,False
rush_hour,326->18,542,10,bezier_pgd,0.001860982971265912,mse,0.14261707668788948,False
rush_hour,326->18,542,10,bezier_ipopt,,mse,,True
rush_hour,326->18,542,10,bezier_nm,8.000769903999753,mse,0.34498446825091095,False
rush_hour,326->245,542,10,bezier_pgd,0.0009955790010280907,mse,0.0002517513705881442,False
rush_hour,326->245,542,10,bezier_ipopt,0.9068202300113626,mse,8.523931927148862e-08,False
rush_hour,326->245,542,10,bezier_nm,5.420536907971837,mse,0.054615759106876535,False
rush_hour,327->328,542,10,bezier_pgd,0.0013819289742968976,mse,0.00011476593433559238,False
rush_hour,327->328,542,10,bezier_ipopt,0.9363862380268984,mse,7.16556406226278e-05,False
rush_hour,327->328,542,10,bezier_nm,7.083675202040467,mse,0.0006357554404991492,False
rush_hour,327->447,542,10,bezier_pgd,0.0014407819835469127,mse,0.0002419386937958723,False
rush_hour,327->447,542,10,bezier_ipopt,0.9284303010208532,mse,8.669394684113939e-05,False
rush_hour,327->447,542,10,bezier_nm,7.718051822041161,mse,0.00048613048033909113,False
rush_hour,328->196,542,10,bezier_pgd,0.0013516440521925688,mse,0.0004378649960131044,False
rush_hour,328->196,542,10,bezier_ipopt,0.7192792909918353,mse,0.00019593430969095705,False
rush_hour,328->196,542,10,bezier_nm,6.1510917210252956,mse,0.012940441551897313,False
rush_hour,328->327,542,10,bezier_pgd,0.0021193059510551393,mse,0.00028878097078222434,False
rush_hour,328->327,542,10,bezier_ipopt,0.6679567570099607,mse,0.0001879419930077287,False
rush_hour,328->327,542,10,bezier_nm,7.3589196219691075,mse,0.0011055801043306907,False
rush_hour,329->223,542,10,bezier_pgd,0.0010185189894400537,mse,0.015283317787811286,False
rush_hour,329->223,542,10,bezier_ipopt,0.8004113549832255,mse,0.00020549213818439895,False
rush_hour,329->223,542,10,bezier_nm,6.948831653979141,mse,0.20839092758972616,False
rush_hour,329->305,542,10,bezier_pgd,0.0031461939797736704,mse,0.0005225654900931118,False
rush_hour,329->305,542,10,bezier_ipopt,1.0362511379644275,mse,0.0002848983933689119,False
rush_hour,329->305,542,10,bezier_nm,8.640784817980602,mse,0.004471546811127773,False
rush_hour,33->32,542,10,bezier_pgd,0.0018287679995410144,mse,5.913310571678225e-05,False
rush_hour,33->32,542,10,bezier_ipopt,0.8422024470055476,mse,3.3149369966653955e-05,False
rush_hour,33->32,542,10,bezier_nm,7.894238848995883,mse,0.00024369297695845201,False
rush_hour,33->34,542,10,bezier_pgd,0.0008375899633392692,mse,4.091644997672545e-05,False
rush_hour,33->34,542,10,bezier_ipopt,0.7889052329701371,mse,1.9141820037332952e-05,False
rush_hour,33->34,542,10,bezier_nm,7.289031027990859,mse,0.0013054229188857903,False
rush_hour,330->358,542,10,bezier_pgd,0.0009657079936005175,mse,0.0003547136846698944,False
rush_hour,330->358,542,10,bezier_ipopt,1.0414373399689794,mse,0.00030126479902865935,False
rush_hour,330->358,542,10,bezier_nm,6.401340178039391,mse,0.0008607813204165924,False
rush_hour,330->423,542,10,bezier_pgd,0.0013758830027654767,mse,0.010664476356969767,False
rush_hour,330->423,542,10,bezier_ipopt,,mse,,True
rush_hour,330->423,542,10,bezier_nm,6.7720327420393005,mse,0.022655785559581223,False
rush_hour,331->425,542,10,bezier_pgd,0.0014280439936555922,mse,0.00027193525811980743,False
rush_hour,331->425,542,10,bezier_ipopt,0.7940259689930826,mse,0.0001763734562931958,False
rush_hour,331->425,542,10,bezier_nm,9.075824824976735,mse,0.0024289087944507678,False
rush_hour,331->466,542,10,bezier_pgd,0.0009179460466839373,mse,0.0028449849981575705,False
rush_hour,331->466,542,10,bezier_ipopt,0.9017396700219251,mse,0.00021489447303159,False
rush_hour,331->466,542,10,bezier_nm,7.020155608013738,mse,0.07999266165312204,False
rush_hour,332->234,542,10,bezier_pgd,0.0010725989704951644,mse,0.014819448033185682,False
rush_hour,332->234,542,10,bezier_ipopt,,mse,,True
rush_hour,332->234,542,10,bezier_nm,7.665381558006629,mse,0.12316696652287092,False
rush_hour,332->441,542,10,bezier_pgd,0.00341909599956125,mse,0.48338008585391024,False
rush_hour,332->441,542,10,bezier_ipopt,,mse,,True
rush_hour,332->441,542,10,bezier_nm,6.894449736981187,mse,0.5669641957876109,False
rush_hour,333->176,542,10,bezier_pgd,0.0013553669559769332,mse,0.0008735368401131549,False
rush_hour,333->176,542,10,bezier_ipopt,0.7624472670140676,mse,0.0003778729946842724,False
rush_hour,333->176,542,10,bezier_nm,6.903704953030683,mse,0.025165737263760393,False
rush_hour,333->367,542,10,bezier_pgd,0.0011131249484606087,mse,0.00029293872969192463,False
rush_hour,333->367,542,10,bezier_ipopt,0.6546381539665163,mse,0.00027141065048803754,False
rush_hour,333->367,542,10,bezier_nm,9.39956962398719,mse,0.0006194479454953458,False
rush_hour,334->385,542,10,bezier_pgd,0.0019324860186316073,mse,0.0005223280773257108,False
rush_hour,334->385,542,10,bezier_ipopt,1.0773709279601462,mse,0.00017499570289706244,False
rush_hour,334->385,542,10,bezier_nm,6.43533704301808,mse,0.01556638710043748,False
rush_hour,334->421,542,10,bezier_pgd,0.0010551399900577962,mse,0.0002836964834526227,False
rush_hour,334->421,542,10,bezier_ipopt,0.7963236619834788,mse,0.00020932653849504992,False
rush_hour,334->421,542,10,bezier_nm,7.521236255008262,mse,0.0010391349314760317,False
rush_hour,335->284,542,10,bezier_pgd,0.0008842420065775514,mse,0.00028190773996778694,False
rush_hour,335->284,542,10,bezier_ipopt,0.8833674879861064,mse,0.0001989411041573701,False
rush_hour,335->284,542,10,bezier_nm,6.731898617988918,mse,0.006363186759241505,False
rush_hour,335->386,542,10,bezier_pgd,0.0011087479651905596,mse,0.000629937295724007,False
rush_hour,335->386,542,10,bezier_ipopt,0.9292854020022787,mse,0.00024263372649345163,False
rush_hour,335->386,542,10,bezier_nm,6.352542891050689,mse,0.07227730387059167,False
rush_hour,336->318,542,10,bezier_pgd,0.0011259579914622009,mse,0.0002229983903394928,False
rush_hour,336->318,542,10,bezier_ipopt,0.8933302139630541,mse,0.0001724459019375816,False
rush_hour,336->318,542,10,bezier_nm,7.657657679985277,mse,0.0014085886812940556,False
rush_hour,336->466,542,10,bezier_pgd,0.0008908609743230045,mse,0.009147701393511079,False
rush_hour,336->466,542,10,bezier_ipopt,0.9432039399980567,mse,0.00019911681746123347,False
rush_hour,336->466,542,10,bezier_nm,6.891819305950776,mse,0.1313853525542334,False
rush_hour,337->448,542,10,bezier_pgd,0.001459049992263317,mse,0.0004953895283985806,False
rush_hour,337->448,542,10,bezier_ipopt,0.716003421053756,mse,0.00017104979592846305,False
rush_hour,337->448,542,10,bezier_nm,9.128450992982835,mse,0.0020576390102142504,False
rush_hour,337->467,542,10,bezier_pgd,0.0010121670202352107,mse,0.0006817439121408142,False
rush_hour,337->467,542,10,bezier_ipopt,0.9385293909581378,mse,0.0004117286758712435,False
rush_hour,337->467,542,10,bezier_nm,7.582006561046001,mse,0.0008432253030094173,False
rush_hour,338->288,542,10,bezier_pgd,0.001524101011455059,mse,0.00034395078008325736,False
rush_hour,338->288,542,10,bezier_ipopt,,mse,,True
rush_hour,338->288,542,10,bezier_nm,8.21941998199327,mse,0.0013399229855868575,False
rush_hour,338->489,542,10,bezier_pgd,0.0009535809513181448,mse,0.005738197459323007,False
rush_hour,338->489,542,10,bezier_ipopt,,mse,,True
rush_hour,338->489,542,10,bezier_nm,7.248670259024948,mse,0.12574299556482013,False
rush_hour,339->466,542,10,bezier_pgd,0.0009776270017027855,mse,0.00032036381192455466,False
rush_hour,339->466,542,10,bezier_ipopt,0.9295780580141582,mse,0.00018312537023468792,False
rush_hour,339->466,542,10,bezier_nm,7.20993330195779,mse,0.0007193364018744352,False
rush_hour,339->467,542,10,bezier_pgd,0.0009823450236581266,mse,0.05028430999687617,False
rush_hour,339->467,542,10,bezier_ipopt,0.9986824169754982,mse,0.0002520056450647724,False
rush_hour,339->467,542,10,bezier_nm,7.092278085008729,mse,0.257009678356155,False
rush_hour,34->33,542,10,bezier_pgd,0.000884851033333689,mse,5.2987924936111106e-05,False
rush_hour,34->33,542,10,bezier_ipopt,1.0822479500202462,mse,1.8617733553325492e-05,False
rush_hour,34->33,542,10,bezier_nm,6.988737386011053,mse,0.0006812997467464256,False
rush_hour,34->35,542,10,bezier_pgd,0.0009025859762914479,mse,6.914777976520018e-05,False
rush_hour,34->35,542,10,bezier_ipopt,1.2075052229920402,mse,3.8852897251628166e-05,False
rush_hour,34->35,542,10,bezier_nm,7.466546952025965,mse,0.00011588483645587687,False
rush_hour,340->197,542,10,bezier_pgd,0.0009705380070954561,mse,0.012657222535255575,False
rush_hour,340->197,542,10,bezier_ipopt,1.0931157430168241,mse,0.0002950897851957168,False
rush_hour,340->197,542,10,bezier_nm,5.991946087044198,mse,0.170419168086047,False
rush_hour,340->232,542,10,bezier_pgd,0.0017298979801125824,mse,0.012425694547789606,False
rush_hour,340->232,542,10,bezier_ipopt,0.8637258859816939,mse,0.0003579872632829632,False
rush_hour,340->232,542,10,bezier_nm,6.220613393001258,mse,0.16831276957552704,False
rush_hour,341->109,542,10,bezier_pgd,0.001274151960387826,mse,0.0006559881506549919,False
rush_hour,341->109,542,10,bezier_ipopt,1.1861067920108326,mse,0.00024145225741388499,False
rush_hour,341->109,542,10,bezier_nm,8.256285861018114,mse,0.008574909146108511,False
rush_hour,341->280,542,10,bezier_pgd,0.0015061310259625316,mse,0.0006086388870508861,False
rush_hour,341->280,542,10,bezier_ipopt,0.9577173030120321,mse,0.0005011747873405423,False
rush_hour,341->280,542,10,bezier_nm,7.529526146012358,mse,0.0026407982827631135,False
rush_hour,342->464,542,10,bezier_pgd,0.0014878110378049314,mse,0.00040870267246003285,False
rush_hour,342->464,542,10,bezier_ipopt,0.660682819026988,mse,0.0002291646290934952,False
rush_hour,342->464,542,10,bezier_nm,8.862581920984667,mse,0.001996332572260212,False
rush_hour,342->514,542,10,bezier_pgd,0.00114236498484388,mse,0.00028545349962426825,False
rush_hour,342->514,542,10,bezier_ipopt,0.9103335459949449,mse,0.0002054582104417919,False
rush_hour,342->514,542,10,bezier_nm,7.794228475017007,mse,0.0025252333017618226,False
rush_hour,343->126,542,10,bezier_pgd,0.001345903961919248,mse,0.000976980448128667,False
rush_hour,343->126,542,10,bezier_ipopt,0.7433957059984095,mse,0.0002736310365409658,False
rush_hour,343->126,542,10,bezier_nm,6.701933185977396,mse,0.025439106313447615,False
rush_hour,343->504,542,10,bezier_pgd,0.0008732120040804148,mse,0.0013019110143490152,False
rush_hour,343->504,542,10,bezier_ipopt,0.8355153679731302,mse,0.00023381951994974455,False
rush_hour,343->504,542,10,bezier_nm,6.371477072010748,mse,0.01404937846477186,False
rush_hour,344->222,542,10,bezier_pgd,0.0006698479992337525,mse,0.00022233198874368725,False
rush_hour,344->222,542,10,bezier_ipopt,1.0557399899698794,mse,0.00014542858249374762,False
rush_hour,344->222,542,10,bezier_nm,7.331437390996143,mse,0.0014581470262609746,False
rush_hour,344->522,542,10,bezier_pgd,0.0008120709680952132,mse,0.0002946503558275114,False
rush_hour,344->522,542,10,bezier_ipopt,0.777775454975199,mse,0.00022387781390720204,False
rush_hour,344->522,542,10,bezier_nm,7.114053536963183,mse,0.003238666563420109,False
rush_hour,345->110,542,10,bezier_pgd,0.0009078200091607869,mse,7.795431672646302e-05,False
rush_hour,345->110,542,10,bezier_ipopt,1.245525197009556,mse,2.2446728996177238e-05,False
rush_hour,345->110,542,10,bezier_nm,6.729640436009504,mse,0.0013644559999489425,False
rush_hour,345->242,542,10,bezier_pgd,0.0013836959842592478,mse,0.00031798372589700714,False
rush_hour,345->242,542,10,bezier_ipopt,0.94001473399112,mse,0.00020603127715529762,False
rush_hour,345->242,542,10,bezier_nm,9.560715597006492,mse,0.001619902832721459,False
rush_hour,346->433,542,10,bezier_pgd,0.001009433006402105,mse,0.0007207272898392646,False
rush_hour,346->433,542,10,bezier_ipopt,0.9240379420225509,mse,0.00034748065580518885,False
rush_hour,346->433,542,10,bezier_nm,8.591539229033515,mse,0.004921743708386495,False
rush_hour,346->468,542,10,bezier_pgd,0.0008592369849793613,mse,0.06611402279846228,False
rush_hour,346->468,542,10,bezier_ipopt,0.8290513280080631,mse,0.0002796927006537829,False
rush_hour,346->468,542,10,bezier_nm,6.564281523984391,mse,0.2617607029856225,False
rush_hour,347->250,542,10,bezier_pgd,0.0007904989761300385,mse,0.02187475256326234,False
rush_hour,347->250,542,10,bezier_ipopt,,mse,,True
rush_hour,347->250,542,10,bezier_nm,7.240639575989917,mse,0.26065159745754557,False
rush_hour,347->456,542,10,bezier_pgd,0.0011657760478556156,mse,0.00017552569598036448,False
rush_hour,347->456,542,10,bezier_ipopt,,mse,,True
rush_hour,347->456,542,10,bezier_nm,8.291602034005336,mse,0.0004962218930566803,False
rush_hour,348->122,542,10,bezier_pgd,0.0008717349846847355,mse,0.0016593631575744555,False
rush_hour,348->122,542,10,bezier_ipopt,0.8109908329788595,mse,0.00020452269309088926,False
rush_hour,348->122,542,10,bezier_nm,8.029120666964445,mse,0.07977684775811372,False
rush_hour,348->170,542,10,bezier_pgd,0.0008411449962295592,mse,0.003359329887249077,False
rush_hour,348->170,542,10,bezier_ipopt,0.9899296250077896,mse,0.00022351477468381128,False
rush_hour,348->170,542,10,bezier_nm,6.765225179027766,mse,0.08440008552059523,False
rush_hour,349->231,542,10,bezier_pgd,0.0012413299991749227,mse,0.006439021061193231,False
rush_hour,349->231,542,10,bezier_ipopt,0.8420978449867107,mse,0.004430989341289028,False
rush_hour,349->231,542,10,bezier_nm,6.689946817001328,mse,0.16018746875864767,False
rush_hour,349->467,542,10,bezier_pgd,0.00087039201753214,mse,0.00030063164524199486,False
rush_hour,349->467,542,10,bezier_ipopt,0.9284712090156972,mse,0.00020630672978383784,False
rush_hour,349->467,542,10,bezier_nm,8.270874744979665,mse,0.0003481604887991387,False
rush_hour,35->34,542,10,bezier_pgd,0.0010359560255892575,mse,6.024020586250183e-05,False
rush_hour,35->34,542,10,bezier_ipopt,1.4149636590154842,mse,4.280270026449698e-05,False
rush_hour,35->34,542,10,bezier_nm,7.119970222003758,mse,0.00024425555546365795,False
rush_hour,35->397,542,10,bezier_pgd,0.0013248519971966743,mse,4.849302352929009e-05,False
rush_hour,35->397,542,10,bezier_ipopt,0.9498805209877901,mse,1.549568927205005e-05,False
rush_hour,35->397,542,10,bezier_nm,7.710829660005402,mse,0.00036602622656561917,False
rush_hour,350->481,542,10,bezier_pgd,0.0008331640274263918,mse,0.00020291727750943332,False
rush_hour,350->481,542,10,bezier_ipopt,1.0776170439785346,mse,0.00011627913218805582,False
rush_hour,350->481,542,10,bezier_nm,8.596099102054723,mse,0.00040564357062228696,False
rush_hour,350->517,542,10,bezier_pgd,0.0011783029767684639,mse,0.0007627686432526707,False
rush_hour,350->517,542,10,bezier_ipopt,0.8408553409972228,mse,0.00024766929648945186,False
rush_hour,350->517,542,10,bezier_nm,8.28068406903185,mse,0.0042310226621954964,False
rush_hour,351->273,542,10,bezier_pgd,0.0015008169575594366,mse,0.018785180938626217,False
rush_hour,351->273,542,10,bezier_ipopt,0.7722086909925565,mse,0.0011239320816358402,False
rush_hour,351->273,542,10,bezier_nm,6.406142744992394,mse,0.2188179652457083,False
rush_hour,351->377,542,10,bezier_pgd,0.0011288179666735232,mse,0.0002897469047674776,False
rush_hour,351->377,542,10,bezier_ipopt,1.095640895946417,mse,0.00020754201494271263,False
rush_hour,351->377,542,10,bezier_nm,9.363575030001812,mse,0.0004886150620199931,False
rush_hour,352->255,542,10,bezier_pgd,0.002100070007145405,mse,0.0003014223183321778,False
rush_hour,352->255,542,10,bezier_ipopt,0.8063214920111932,mse,0.0001875861586398439,False
rush_hour,352->255,542,10,bezier_nm,8.634902296995278,mse,0.0015424659439706753,False
rush_hour,352->444,542,10,bezier_pgd,0.0008586589829064906,mse,0.003094183666676147,False
rush_hour,352->444,542,10,bezier_ipopt,0.8980908269877546,mse,0.00018007509275448416,False
rush_hour,352->444,542,10,bezier_nm,6.093453312991187,mse,0.06319543556407345,False
rush_hour,353->115,542,10,bezier_pgd,0.0008413910400122404,mse,0.0047726581286536614,False
rush_hour,353->115,542,10,bezier_ipopt,0.7217013909830712,mse,0.00024286243657609067,False
rush_hour,353->115,542,10,bezier_nm,7.333456721971743,mse,0.1141596675140043,False
rush_hour,353->369,542,10,bezier_pgd,0.0006628080154769123,mse,0.0002591068009710892,False
rush_hour,353->369,542,10,bezier_ipopt,0.9956784849637188,mse,0.0001546610311198535,False
rush_hour,353->369,542,10,bezier_nm,7.5722657179576345,mse,0.0010431057020322903,False
rush_hour,354->410,542,10,bezier_pgd,0.0009081910247914493,mse,0.03393079363654311,False
rush_hour,354->410,542,10,bezier_ipopt,1.0627829219447449,mse,0.00028423038702165036,False
rush_hour,354->410,542,10,bezier_nm,7.689415965985972,mse,0.23789776441822907,False
rush_hour,354->522,542,10,bezier_pgd,0.0021141530014574528,mse,0.0011001609515942426,False
rush_hour,354->522,542,10,bezier_ipopt,0.9786038969759829,mse,0.00020271107594277662,False
rush_hour,354->522,542,10,bezier_nm,6.814667860977352,mse,0.053217267016744445,False
rush_hour,355->319,542,10,bezier_pgd,0.000995038019027561,mse,0.0003794971789319294,False
rush_hour,355->319,542,10,bezier_ipopt,1.0846301679848693,mse,0.00021446135004187807,False
rush_hour,355->319,542,10,bezier_nm,8.233518116991036,mse,0.0014119024696400547,False
rush_hour,355->396,542,10,bezier_pgd,0.0009902800084091723,mse,0.00013029842561017362,False
rush_hour,355->396,542,10,bezier_ipopt,0.7284663800382987,mse,0.00010200991181661943,False
rush_hour,355->396,542,10,bezier_nm,7.7237427810323425,mse,0.000842005969350574,False
rush_hour,356->287,542,10,bezier_pgd,0.0008576139807701111,mse,0.006589801341972435,False
rush_hour,356->287,542,10,bezier_ipopt,0.8363111289800145,mse,0.0003974000498150258,False
rush_hour,356->287,542,10,bezier_nm,7.78186814498622,mse,0.09267997126529351,False
rush_hour,356->373,542,10,bezier_pgd,0.0008476969669573009,mse,0.005150851273720663,False
rush_hour,356->373,542,10,bezier_ipopt,0.7224170910194516,mse,0.0003922330277959126,False
rush_hour,356->373,542,10,bezier_nm,6.048627476033289,mse,0.1145015144140583,False
rush_hour,357->128,542,10,bezier_pgd,0.0012122030020691454,mse,0.015513826528105111,False
rush_hour,357->128,542,10,bezier_ipopt,,mse,,True
rush_hour,357->128,542,10,bezier_nm,7.259713654988445,mse,0.18774170085742006,False
rush_hour,357->454,542,10,bezier_pgd,0.0007719399873167276,mse,0.0001354587865303303,False
rush_hour,357->454,542,10,bezier_ipopt,0.8186751889879815,mse,8.826683218132546e-05,False
rush_hour,357->454,542,10,bezier_nm,7.5072776500019245,mse,0.0006519942032543443,False
rush_hour,358->208,542,10,bezier_pgd,0.0020617840345948935,mse,0.0014418546882918229,False
rush_hour,358->208,542,10,bezier_ipopt,1.3670583760249428,mse,0.001072641293596057,False
rush_hour,358->208,542,10,bezier_nm,7.0673550350475125,mse,0.0020619239058063668,False
rush_hour,358->330,542,10,bezier_pgd,0.0009174500009976327,mse,0.04474579960283621,False
rush_hour,358->330,542,10,bezier_ipopt,,mse,,True
rush_hour,358->330,542,10,bezier_nm,5.539824674953707,mse,0.10525073870193175,False
rush_hour,359->463,542,10,bezier_pgd,0.0010402229963801801,mse,0.008927898532688033,False
rush_hour,359->463,542,10,bezier_ipopt,0.7365884800092317,mse,0.0002262726641925013,False
rush_hour,359->463,542,10,bezier_nm,6.765889061964117,mse,0.14622213788313518,False
rush_hour,359->480,542,10,bezier_pgd,0.001153122982941568,mse,0.0004420294760282146,False
rush_hour,359->480,542,10,bezier_ipopt,0.9761978139868006,mse,0.00017760577579525584,False
rush_hour,359->480,542,10,bezier_nm,6.736778795020655,mse,0.04500291352679547,False
rush_hour,36->37,542,10,bezier_pgd,0.0007874019793234766,mse,4.35271808380555e-05,False
rush_hour,36->37,542,10,bezier_ipopt,0.9664652139763348,mse,2.349975497706827e-05,False
rush_hour,36->37,542,10,bezier_nm,6.3965729890041985,mse,0.0007772813361845259,False
rush_hour,36->408,542,10,bezier_pgd,0.0009420939604751766,mse,4.200049367783425e-05,False
rush_hour,36->408,542,10,bezier_ipopt,1.1262324650306255,mse,1.5884538825078765e-05,False
rush_hour,36->408,542,10,bezier_nm,7.591981734032743,mse,0.00039711482857465453,False
rush_hour,360->405,542,10,bezier_pgd,0.0007318289717659354,mse,0.00015363226747462557,False
rush_hour,360->405,542,10,bezier_ipopt,0.9924244749709032,mse,0.0001214646361812153,False
rush_hour,360->405,542,10,bezier_nm,7.957599371031392,mse,0.0009839776685621935,False
rush_hour,360->499,542,10,bezier_pgd,0.001055450993590057,mse,0.0003805540569643827,False
rush_hour,360->499,542,10,bezier_ipopt,0.683967541961465,mse,0.00015240179977081103,False
rush_hour,360->499,542,10,bezier_nm,8.210448472993448,mse,0.0006638287037626807,False
rush_hour,361->389,542,10,bezier_pgd,0.0013792049721814692,mse,0.0003597646057616165,False
rush_hour,361->389,542,10,bezier_ipopt,0.8003674779902212,mse,0.0002289120528980181,False
rush_hour,361->389,542,10,bezier_nm,7.872453379968647,mse,0.0008670090828024233,False
rush_hour,361->411,542,10,bezier_pgd,0.0008126370375975966,mse,0.00023547103381416193,False
rush_hour,361->411,542,10,bezier_ipopt,0.6872773380018771,mse,0.00016083069831170004,False
rush_hour,361->411,542,10,bezier_nm,6.960128934006207,mse,0.001814125171999334,False
rush_hour,362->465,542,10,bezier_pgd,0.0017648190259933472,mse,0.00044879685602743926,False
rush_hour,362->465,542,10,bezier_ipopt,0.7827113589737564,mse,0.00023369684032648681,False
rush_hour,362->465,542,10,bezier_nm,8.05945129902102,mse,0.0008624477460144853,False
rush_hour,362->499,542,10,bezier_pgd,0.0007424979703500867,mse,0.00019642947386502242,False
rush_hour,362->499,542,10,bezier_ipopt,0.8552175039658323,mse,0.0001572065549278708,False
rush_hour,362->499,542,10,bezier_nm,7.9309044139808975,mse,0.00037010119264901665,False
rush_hour,363->486,542,10,bezier_pgd,0.0008936609956435859,mse,0.013655112501516617,False
rush_hour,363->486,542,10,bezier_ipopt,0.7309609520016238,mse,0.00022424723378035617,False
rush_hour,363->486,542,10,bezier_nm,6.55392313899938,mse,0.18683507790764195,False
rush_hour,363->512,542,10,bezier_pgd,0.0012867399491369724,mse,0.0031321484727105005,False
rush_hour,363->512,542,10,bezier_ipopt,1.2044044859940186,mse,0.0002932485194282411,False
rush_hour,363->512,542,10,bezier_nm,8.029735243006144,mse,0.08182645906896262,False
rush_hour,364->22,542,10,bezier_pgd,0.002192514017224312,mse,0.31533696970903463,False
rush_hour,364->22,542,10,bezier_ipopt,,mse,,True
rush_hour,364->22,542,10,bezier_nm,,mse,,True
rush_hour,364->276,542,10,bezier_pgd,0.0009550969698466361,mse,0.011145120761707494,False
rush_hour,364->276,542,10,bezier_ipopt,,mse,,True
rush_hour,364->276,542,10,bezier_nm,7.692779676988721,mse,0.22940185782894995,False
rush_hour,364->392,542,10,bezier_pgd,0.001547669991850853,mse,0.00892060761799962,False
rush_hour,364->392,542,10,bezier_ipopt,0.8752727169776335,mse,0.0003750394389482359,False
rush_hour,364->392,542,10,bezier_nm,7.098796242964454,mse,0.10194076039025467,False
rush_hour,365->383,542,10,bezier_pgd,0.0018137290026061237,mse,0.00011655726347953574,False
rush_hour,365->383,542,10,bezier_ipopt,0.8867347639752552,mse,7.130039534832627e-05,False
rush_hour,365->383,542,10,bezier_nm,8.66287314001238,mse,0.00035782642659704464,False
rush_hour,365->513,542,10,bezier_pgd,0.0034236329956911504,mse,0.0003355489178226964,False
rush_hour,365->513,542,10,bezier_ipopt,1.0418875640025362,mse,0.0001421899842601475,False
rush_hour,365->513,542,10,bezier_nm,7.8904917720356025,mse,0.0010799041630880602,False
rush_hour,366->490,542,10,bezier_pgd,0.0006895250407978892,mse,0.00016239309500887,False
rush_hour,366->490,542,10,bezier_ipopt,1.0013239129912108,mse,0.00012264829984286868,False
rush_hour,366->490,542,10,bezier_nm,8.423777828982566,mse,0.0011584891881289356,False
rush_hour,366->514,542,10,bezier_pgd,0.0014333740109577775,mse,0.0004899475843955226,False
rush_hour,366->514,542,10,bezier_ipopt,1.1826924749766476,mse,0.00013878649078911403,False
rush_hour,366->514,542,10,bezier_nm,8.775602601992432,mse,0.002373536466924893,False
rush_hour,367->333,542,10,bezier_pgd,0.0010878249886445701,mse,0.004062354690912924,False
rush_hour,367->333,542,10,bezier_ipopt,1.0924560720450245,mse,0.00022167728893065592,False
rush_hour,367->333,542,10,bezier_nm,6.487003879039548,mse,0.07231180816589518,False
rush_hour,367->502,542,10,bezier_pgd,0.001351656042970717,mse,0.0002463347110998618,False
rush_hour,367->502,542,10,bezier_ipopt,0.8412140349973924,mse,0.0001915124752952761,False
rush_hour,367->502,542,10,bezier_nm,8.911065719963517,mse,0.0013233495732450668,False
rush_hour,368->433,542,10,bezier_pgd,0.0010244129807688296,mse,0.08071732641330322,False
rush_hour,368->433,542,10,bezier_ipopt,0.8311632429831661,mse,0.00026929356467231096,False
rush_hour,368->433,542,10,bezier_nm,7.075370534032118,mse,0.27152770164762824,False
rush_hour,368->462,542,10,bezier_pgd,0.0010437450255267322,mse,0.00033672198157713566,False
rush_hour,368->462,542,10,bezier_ipopt,1.0255441979970783,mse,9.89080354710778e-05,False
rush_hour,368->462,542,10,bezier_nm,6.798209358006716,mse,0.0010055980863836157,False
rush_hour,369->353,542,10,bezier_pgd,0.00185507902642712,mse,0.0004517944664984212,False
rush_hour,369->353,542,10,bezier_ipopt,0.9085066260304302,mse,0.0001552675728599716,False
rush_hour,369->353,542,10,bezier_nm,8.41660412895726,mse,0.006654586441171878,False
rush_hour,369->498,542,10,bezier_pgd,0.0012664400273934007,mse,0.002062477126072937,False
rush_hour,369->498,542,10,bezier_ipopt,0.8618469840148464,mse,0.0001730749524631192,False
rush_hour,369->498,542,10,bezier_nm,6.756231402978301,mse,0.11429444561632518,False
rush_hour,37->36,542,10,bezier_pgd,0.0007826819783076644,mse,8.894155810587158e-05,False
rush_hour,37->36,542,10,bezier_ipopt,0.910897110006772,mse,2.7973673317499654e-05,False
rush_hour,37->36,542,10,bezier_nm,6.327051758999005,mse,0.0008926300322246015,False
rush_hour,37->38,542,10,bezier_pgd,0.0007495629834011197,mse,4.002769472979045e-05,False
rush_hour,37->38,542,10,bezier_ipopt,0.8042050839867443,mse,1.4928699588888856e-05,False
rush_hour,37->38,542,10,bezier_nm,6.87320702400757,mse,0.0005493404635282026,False
rush_hour,370->294,542,10,bezier_pgd,0.001094356004614383,mse,0.013144764137998864,False
rush_hour,370->294,542,10,bezier_ipopt,0.7627322030020878,mse,0.0003947527018264997,False
rush_hour,370->294,542,10,bezier_nm,6.972965827968437,mse,0.17030653517480351,False
rush_hour,370->371,542,10,bezier_pgd,0.0009623880032449961,mse,0.00028457730700395085,False
rush_hour,370->371,542,10,bezier_ipopt,0.8704279439989477,mse,0.00019329701172170484,False
rush_hour,370->371,542,10,bezier_nm,8.155813333054539,mse,0.0009807872382668397,False
rush_hour,371->370,542,10,bezier_pgd,0.000775925989728421,mse,0.0005745671233871585,False
rush_hour,371->370,542,10,bezier_ipopt,0.8118388000293635,mse,0.0002783579676443366,False
rush_hour,371->370,542,10,bezier_nm,6.539910872001201,mse,0.002302901449083007,False
rush_hour,371->494,542,10,bezier_pgd,0.0015751909813843668,mse,0.00026650959819297525,False
rush_hour,371->494,542,10,bezier_ipopt,0.9087844030000269,mse,0.00016903366366417333,False
rush_hour,371->494,542,10,bezier_nm,8.068912067974452,mse,0.0009349645073092899,False
rush_hour,372->14,542,10,bezier_pgd,0.0009328899905085564,mse,8.351710103600121e-05,False
rush_hour,372->14,542,10,bezier_ipopt,1.0073574539856054,mse,3.575983920850177e-05,False
rush_hour,372->14,542,10,bezier_nm,9.942377605999354,mse,0.0002428193764914799,False
rush_hour,372->442,542,10,bezier_pgd,0.0008858070359565318,mse,0.005160601547993078,False
rush_hour,372->442,542,10,bezier_ipopt,0.8707892870297655,mse,0.0016498166763196625,False
rush_hour,372->442,542,10,bezier_nm,7.465702517016325,mse,0.21828361307593308,False
rush_hour,372->515,542,10,bezier_pgd,0.0010844800272025168,mse,5.388802348123801e-05,False
rush_hour,372->515,542,10,bezier_ipopt,0.988537235010881,mse,2.0592505977666482e-05,False
rush_hour,372->515,542,10,bezier_nm,8.789620530034881,mse,0.00022417905958290886,False
rush_hour,373->180,542,10,bezier_pgd,0.0010053180158138275,mse,0.0006406166138873958,False
rush_hour,373->180,542,10,bezier_ipopt,0.8042297319625504,mse,0.000220540885823428,False
rush_hour,373->180,542,10,bezier_nm,6.607100185006857,mse,0.014276023117816956,False
rush_hour,373->356,542,10,bezier_pgd,0.0009679609793238342,mse,0.009439212139373303,False
rush_hour,373->356,542,10,bezier_ipopt,0.8312221330124885,mse,0.0002896501394292451,False
rush_hour,373->356,542,10,bezier_nm,7.167686918983236,mse,0.15154580216475114,False
rush_hour,374->139,542,10,bezier_pgd,0.0011656119604595006,mse,0.025480836389132608,False
rush_hour,374->139,542,10,bezier_ipopt,0.7682249189820141,mse,0.0003585726025510209,False
rush_hour,374->139,542,10,bezier_nm,6.745854277978651,mse,0.18767446610923627,False
rush_hour,374->454,542,10,bezier_pgd,0.001239039993379265,mse,0.0003432452656229001,False
rush_hour,374->454,542,10,bezier_ipopt,0.7285010979976505,mse,0.00022334899278208682,False
rush_hour,374->454,542,10,bezier_nm,8.034102855017409,mse,0.008480215947659152,False
rush_hour,375->271,542,10,bezier_pgd,0.001269106986001134,mse,0.002158728061730082,False
rush_hour,375->271,542,10,bezier_ipopt,,mse,,True
rush_hour,375->271,542,10,bezier_nm,7.751222982013132,mse,0.06997464202355613,False
rush_hour,375->426,542,10,bezier_pgd,0.0006102349725551903,mse,0.22088171388679126,False
rush_hour,375->426,542,10,bezier_ipopt,,mse,,True
rush_hour,375->426,542,10,bezier_nm,9.657172499981243,mse,0.6534045106640826,False
rush_hour,376->221,542,10,bezier_pgd,0.0012375300284475088,mse,0.003905958509685007,False
rush_hour,376->221,542,10,bezier_ipopt,0.7700516860350035,mse,0.0034424090130065507,False
rush_hour,376->221,542,10,bezier_nm,7.141332284954842,mse,0.062252601019398786,False
rush_hour,376->420,542,10,bezier_pgd,0.0009498550207354128,mse,0.0002205732410032836,False
rush_hour,376->420,542,10,bezier_ipopt,0.937747999036219,mse,0.0001688047928146767,False
rush_hour,376->420,542,10,bezier_nm,8.168312405992765,mse,0.0005190782496988409,False
rush_hour,377->325,542,10,bezier_pgd,0.002077862969599664,mse,0.0002912532778142367,False
rush_hour,377->325,542,10,bezier_ipopt,0.8887692879652604,mse,0.00025855849182171686,False
rush_hour,377->325,542,10,bezier_nm,7.520558913995046,mse,0.0009804479551346636,False
rush_hour,377->351,542,10,bezier_pgd,0.0013094890164211392,mse,0.0003855347480722958,False
rush_hour,377->351,542,10,bezier_ipopt,0.8904291090439074,mse,0.00014569822083762356,False
rush_hour,377->351,542,10,bezier_nm,7.935358403017744,mse,0.0007776146974029093,False
rush_hour,378->233,542,10,bezier_pgd,0.001127357012592256,mse,0.00037731311491477507,False
rush_hour,378->233,542,10,bezier_ipopt,1.1091131220455281,mse,9.646790115181744e-05,False
rush_hour,378->233,542,10,bezier_nm,7.649727587006055,mse,0.04592429053614726,False
rush_hour,378->464,542,10,bezier_pgd,0.001208391971886158,mse,0.0005996482802505462,False
rush_hour,378->464,542,10,bezier_ipopt,0.7762996529927477,mse,0.00017513390641698187,False
rush_hour,378->464,542,10,bezier_nm,8.521907163027208,mse,0.0031079719801761453,False
rush_hour,379->398,542,10,bezier_pgd,0.000867321970872581,mse,0.0017381709783994249,False
rush_hour,379->398,542,10,bezier_ipopt,0.8118294829619117,mse,0.00015802534426673413,False
rush_hour,379->398,542,10,bezier_nm,6.624363460985478,mse,0.06503243812726608,False
rush_hour,379->502,542,10,bezier_pgd,0.0016327659832313657,mse,0.0003233978674118299,False
rush_hour,379->502,542,10,bezier_ipopt,1.1056132929516025,mse,0.00022476545077852663,False
rush_hour,379->502,542,10,bezier_nm,8.62944479600992,mse,0.0010852270518878248,False
rush_hour,38->37,542,10,bezier_pgd,0.0007206770242191851,mse,8.443753087191829e-05,False
rush_hour,38->37,542,10,bezier_ipopt,0.9364190550404601,mse,2.790674428975801e-05,False
rush_hour,38->37,542,10,bezier_nm,7.166248110006563,mse,0.000758322020376568,False
rush_hour,38->39,542,10,bezier_pgd,0.0010530910221859813,mse,0.007867470905659925,False
rush_hour,38->39,542,10,bezier_ipopt,,mse,,True
rush_hour,38->39,542,10,bezier_nm,6.951750807987992,mse,0.15415604518217793,False
rush_hour,380->381,542,10,bezier_pgd,0.0017844699905253947,mse,0.00036499602104127807,False
rush_hour,380->381,542,10,bezier_ipopt,0.9788030600175261,mse,0.0002523095934288229,False
rush_hour,380->381,542,10,bezier_nm,9.168303230952006,mse,0.0008333564684160895,False
rush_hour,380->400,542,10,bezier_pgd,0.0009568080422468483,mse,0.0019943362047588446,False
rush_hour,380->400,542,10,bezier_ipopt,1.0183992439997382,mse,0.00018947970827548936,False
rush_hour,380->400,542,10,bezier_nm,5.86135971697513,mse,0.013054045618098642,False
rush_hour,381->283,542,10,bezier_pgd,0.0006149089895188808,mse,0.000362307593226309,False
rush_hour,381->283,542,10,bezier_ipopt,1.032242979039438,mse,0.0002800158397334233,False
rush_hour,381->283,542,10,bezier_nm,7.23560491000535,mse,0.0020185140844098132,False
rush_hour,381->380,542,10,bezier_pgd,0.0010693619842641056,mse,0.0005725044281440089,False
rush_hour,381->380,542,10,bezier_ipopt,0.8924042480066419,mse,0.0003305373767442391,False
rush_hour,381->380,542,10,bezier_nm,6.958452013030183,mse,0.05928572774012554,False
rush_hour,382->501,542,10,bezier_pgd,0.0010770059889182448,mse,0.0004989345764778528,False
rush_hour,382->501,542,10,bezier_ipopt,,mse,,True
rush_hour,382->501,542,10,bezier_nm,7.261692636995576,mse,0.0009099658466228483,False
rush_hour,382->512,542,10,bezier_pgd,0.001637119974475354,mse,0.00027514119958849256,False
rush_hour,382->512,542,10,bezier_ipopt,0.9979615269694477,mse,0.00020138124944131256,False
rush_hour,382->512,542,10,bezier_nm,9.721369168022648,mse,0.0011686824546839353,False
rush_hour,383->144,542,10,bezier_pgd,0.0010959269711747766,mse,0.00021182238598223377,False
rush_hour,383->144,542,10,bezier_ipopt,0.9932361620012671,mse,0.00017818512288005474,False
rush_hour,383->144,542,10,bezier_nm,8.174311776005197,mse,0.0006654155821682853,False
rush_hour,383->365,542,10,bezier_pgd,0.0008548590121790767,mse,0.0002513862701584647,False
rush_hour,383->365,542,10,bezier_ipopt,0.9904571000370197,mse,0.0001710183752063997,False
rush_hour,383->365,542,10,bezier_nm,7.559543665032834,mse,0.0004150446731899568,False
rush_hour,384->200,542,10,bezier_pgd,0.0012230200227349997,mse,0.026893721145434035,False
rush_hour,384->200,542,10,bezier_ipopt,,mse,,True
rush_hour,384->200,542,10,bezier_nm,6.577963501040358,mse,0.23272716563692622,False
rush_hour,384->259,542,10,bezier_pgd,0.0018172989948652685,mse,0.004624369294508595,False
rush_hour,384->259,542,10,bezier_ipopt,0.8304007780388929,mse,0.0002265711740826055,False
rush_hour,384->259,542,10,bezier_nm,6.553802956012078,mse,0.12168012139975803,False
rush_hour,385->178,542,10,bezier_pgd,0.0008008419536054134,mse,0.0004037018180372436,False
rush_hour,385->178,542,10,bezier_ipopt,0.7946519899996929,mse,0.0002382826236681023,False
rush_hour,385->178,542,10,bezier_nm,8.020295381022152,mse,0.0011610776508324352,False
rush_hour,385->325,542,10,bezier_pgd,0.001708608993794769,mse,0.0004012029353788601,False
rush_hour,385->325,542,10,bezier_ipopt,1.1040498780203052,mse,0.0002148692314112559,False
rush_hour,385->325,542,10,bezier_nm,7.964082263002638,mse,0.004063046053134381,False
rush_hour,385->334,542,10,bezier_pgd,0.000812735001090914,mse,0.00039351834774068996,False
rush_hour,385->334,542,10,bezier_ipopt,1.034879173967056,mse,0.000312366205094024,False
rush_hour,385->334,542,10,bezier_nm,7.245261226024013,mse,0.0006128923225887152,False
rush_hour,386->301,542,10,bezier_pgd,0.0011402649688534439,mse,0.0007169308005430782,False
rush_hour,386->301,542,10,bezier_ipopt,0.809745448990725,mse,0.00033307922722868803,False
rush_hour,386->301,542,10,bezier_nm,6.847015033010393,mse,0.011740526640945577,False
rush_hour,386->335,542,10,bezier_pgd,0.0011092899949289858,mse,0.0045633218209233896,False
rush_hour,386->335,542,10,bezier_ipopt,1.2405651320004836,mse,0.00018682191906271427,False
rush_hour,386->335,542,10,bezier_nm,6.909873073047493,mse,0.14600303629890687,False
rush_hour,387->12,542,10,bezier_pgd,0.000953790033236146,mse,0.009566518457773442,False
rush_hour,387->12,542,10,bezier_ipopt,1.196167536021676,mse,0.0003625994306811542,False
rush_hour,387->12,542,10,bezier_nm,6.412536084011663,mse,0.15228720104148788,False
rush_hour,387->452,542,10,bezier_pgd,0.0010259590344503522,mse,0.005298925893314765,False
rush_hour,387->452,542,10,bezier_ipopt,1.1051159750204533,mse,0.00012817752292828833,False
rush_hour,387->452,542,10,bezier_nm,7.1893387520103715,mse,0.1366467491336444,False
rush_hour,387->475,542,10,bezier_pgd,0.0016990849981084466,mse,0.001307725370265418,False
rush_hour,387->475,542,10,bezier_ipopt,0.8898969669826329,mse,0.0005865077295097112,False
rush_hour,387->475,542,10,bezier_nm,6.676157203037292,mse,0.012341802040069138,False
rush_hour,388->268,542,10,bezier_pgd,0.001322129974141717,mse,0.017601892162082293,False
rush_hour,388->268,542,10,bezier_ipopt,1.133890100987628,mse,0.0007508558835183747,False
rush_hour,388->268,542,10,bezier_nm,6.202337727998383,mse,0.22876921641573456,False
rush_hour,388->389,542,10,bezier_pgd,0.0008309209952130914,mse,0.00023623614705123913,False
rush_hour,388->389,542,10,bezier_ipopt,1.0004558750079013,mse,0.00019456225715768947,False
rush_hour,388->389,542,10,bezier_nm,8.540839355962817,mse,0.0004685714597251022,False
rush_hour,389->197,542,10,bezier_pgd,0.0009999549947679043,mse,0.0003036804490041277,False
rush_hour,389->197,542,10,bezier_ipopt,1.0503383770119399,mse,0.0001643652234583386,False
rush_hour,389->197,542,10,bezier_nm,7.271521886985283,mse,0.0005859865378804327,False
rush_hour,389->361,542,10,bezier_pgd,0.0011467339936643839,mse,0.0005711862937298194,False
rush_hour,389->361,542,10,bezier_ipopt,0.8408239660202526,mse,0.00014158013312485685,False
rush_hour,389->361,542,10,bezier_nm,8.210081461002119,mse,0.0018269878728620467,False
rush_hour,389->388,542,10,bezier_pgd,0.0010018660104833543,mse,0.0002513824598802968,False
rush_hour,389->388,542,10,bezier_ipopt,1.2558243329985999,mse,0.00017726795222593476,False
rush_hour,389->388,542,10,bezier_nm,7.2185323689482175,mse,0.00041471395887046115,False
rush_hour,39->26,542,10,bezier_pgd,0.001158591010607779,mse,0.00028088560215166217,False
rush_hour,39->26,542,10,bezier_ipopt,1.4854193990468048,mse,0.00023817760677361324,False
rush_hour,39->26,542,10,bezier_nm,8.108098906988744,mse,0.0004215487760921064,False
rush_hour,39->38,542,10,bezier_pgd,0.001122305984608829,mse,4.2379142271704985e-05,False
rush_hour,39->38,542,10,bezier_ipopt,0.8676813369966112,mse,1.870070441273592e-05,False
rush_hour,39->38,542,10,bezier_nm,6.900803758006077,mse,0.0010711520875664,False
rush_hour,390->157,542,10,bezier_pgd,0.0012687240377999842,mse,0.00037109737956561264,False
rush_hour,390->157,542,10,bezier_ipopt,1.01123728195671,mse,0.0002962441575601226,False
rush_hour,390->157,542,10,bezier_nm,8.337911381968297,mse,0.0014080261751126108,False
rush_hour,390->182,542,10,bezier_pgd,0.0011792699806392193,mse,0.0014581659257894666,False
rush_hour,390->182,542,10,bezier_ipopt,,mse,,True
rush_hour,390->182,542,10,bezier_nm,6.858360419049859,mse,0.10722649298880614,False
rush_hour,390->208,542,10,bezier_pgd,0.004278774023987353,mse,0.7104124104197712,False
rush_hour,390->208,542,10,bezier_ipopt,2.2652254889835604,mse,0.7076910977319619,False
rush_hour,390->208,542,10,bezier_nm,4.823821121011861,mse,0.7187256035127797,False
rush_hour,391->156,542,10,bezier_pgd,0.0019422410405240953,mse,0.0036999214238705542,False
rush_hour,391->156,542,10,bezier_ipopt,,mse,,True
rush_hour,391->156,542,10,bezier_nm,7.119336459029,mse,0.017677071728158994,False
rush_hour,391->478,542,10,bezier_pgd,0.001076754997484386,mse,0.0015529846806270212,False
rush_hour,391->478,542,10,bezier_ipopt,,mse,,True
rush_hour,391->478,542,10,bezier_nm,6.902656201971695,mse,0.05502472954758142,False
rush_hour,392->372,542,10,bezier_pgd,0.0007261830032803118,mse,6.449582669859027e-05,False
rush_hour,392->372,542,10,bezier_ipopt,0.7992371279979125,mse,2.6674678741819706e-05,False
rush_hour,392->372,542,10,bezier_nm,7.958375194983091,mse,0.0002093737729048229,False
rush_hour,392->437,542,10,bezier_pgd,0.001735202968120575,mse,0.0002618779110164873,False
rush_hour,392->437,542,10,bezier_ipopt,1.2458368169609457,mse,0.00016334622084843685,False
rush_hour,392->437,542,10,bezier_nm,7.951255374995526,mse,0.0003391602820524273,False
rush_hour,392->518,542,10,bezier_pgd,0.002222480019554496,mse,0.00034198233176434387,False
rush_hour,392->518,542,10,bezier_ipopt,0.7084539320203476,mse,0.00013692294282583137,False
rush_hour,392->518,542,10,bezier_nm,11.27361324802041,mse,0.0013055648638230187,False
rush_hour,393->446,542,10,bezier_pgd,0.0009062419994734228,mse,0.0037567963554397178,False
rush_hour,393->446,542,10,bezier_ipopt,0.831300702993758,mse,0.00014807169718616373,False
rush_hour,393->446,542,10,bezier_nm,7.842493383970577,mse,0.04162934866590827,False
rush_hour,393->471,542,10,bezier_pgd,0.0006965170032344759,mse,0.0034758509666161673,False
rush_hour,393->471,542,10,bezier_ipopt,0.7853032140410505,mse,0.00023861949460219644,False
rush_hour,393->471,542,10,bezier_nm,7.303096118965186,mse,0.04830401058869366,False
rush_hour,394->179,542,10,bezier_pgd,0.0015219170018099248,mse,0.00022143579700348187,False
rush_hour,394->179,542,10,bezier_ipopt,0.9645241010002792,mse,0.00010874235810632733,False
rush_hour,394->179,542,10,bezier_nm,7.38033761800034,mse,0.0003480605630172099,False
rush_hour,394->493,542,10,bezier_pgd,0.0017221830203197896,mse,0.0034381377533350614,False
rush_hour,394->493,542,10,bezier_ipopt,1.8385534799890593,mse,0.0024872118678421684,False
rush_hour,394->493,542,10,bezier_nm,7.025438065000344,mse,0.0988178829736383,False
rush_hour,395->459,542,10,bezier_pgd,0.0009227109840139747,mse,0.001022150807038985,False
rush_hour,395->459,542,10,bezier_ipopt,0.7349926610477269,mse,0.00013822170494188436,False
rush_hour,395->459,542,10,bezier_nm,8.486015503003728,mse,0.06993153350918702,False
rush_hour,395->503,542,10,bezier_pgd,0.0008808450074866414,mse,0.00024057809864786898,False
rush_hour,395->503,542,10,bezier_ipopt,0.7943955939845182,mse,0.00015831023560774959,False
rush_hour,395->503,542,10,bezier_nm,8.369951717962977,mse,0.004714337519725067,False
rush_hour,396->355,542,10,bezier_pgd,0.0010571560123935342,mse,0.00029936414489113494,False
rush_hour,396->355,542,10,bezier_ipopt,,mse,,True
rush_hour,396->355,542,10,bezier_nm,7.604648635024205,mse,0.0005910260407093855,False
rush_hour,396->422,542,10,bezier_pgd,0.0012299870140850544,mse,0.0003305138556138029,False
rush_hour,396->422,542,10,bezier_ipopt,0.7843705349951051,mse,0.0002315427065457133,False
rush_hour,396->422,542,10,bezier_nm,6.272337534988765,mse,0.04494765226817248,False
rush_hour,397->167,542,10,bezier_pgd,0.00041807297384366393,mse,0.014680809360776103,False
rush_hour,397->167,542,10,bezier_ipopt,3.96679607097758,mse,0.013172530555588893,False
rush_hour,397->167,542,10,bezier_nm,5.858336357981898,mse,0.01467282781976859,False
rush_hour,397->292,542,10,bezier_pgd,0.0008935289806686342,mse,5.5135131666659515e-05,False
rush_hour,397->292,542,10,bezier_ipopt,0.8836393429664895,mse,2.0753782696130692e-05,False
rush_hour,397->292,542,10,bezier_nm,9.052946764975786,mse,0.00020272907377160394,False
rush_hour,397->35,542,10,bezier_pgd,0.0008346529793925583,mse,5.969977116928818e-05,False
rush_hour,397->35,542,10,bezier_ipopt,1.0268969829776324,mse,2.3291544090134496e-05,False
rush_hour,397->35,542,10,bezier_nm,7.5295860699843615,mse,0.0002436112047995214,False
rush_hour,398->155,542,10,bezier_pgd,0.0010516239563003182,mse,0.006744197755601428,False
rush_hour,398->155,542,10,bezier_ipopt,0.755025427963119,mse,0.0003497949519519185,False
rush_hour,398->155,542,10,bezier_nm,6.531099106010515,mse,0.12551535054280638,False
rush_hour,398->379,542,10,bezier_pgd,0.0008903470006771386,mse,0.002043501573836433,False
rush_hour,398->379,542,10,bezier_ipopt,0.9304794559720904,mse,0.0002690566607433807,False
rush_hour,398->379,542,10,bezier_nm,6.964095103030559,mse,0.1131094706630534,False
rush_hour,399->141,542,10,bezier_pgd,0.0008472269983030856,mse,0.003041996431665536,False
rush_hour,399->141,542,10,bezier_ipopt,0.8359161840053275,mse,0.00031956767151132467,False
rush_hour,399->141,542,10,bezier_nm,6.562475087994244,mse,0.08206614049433261,False
rush_hour,399->427,542,10,bezier_pgd,0.00117570097791031,mse,0.007236606847912863,False
rush_hour,399->427,542,10,bezier_ipopt,,mse,,True
rush_hour,399->427,542,10,bezier_nm,6.337348426983226,mse,0.19537674817282102,False
rush_hour,4->454,542,10,bezier_pgd,0.0009189049596898258,mse,5.259755640196298e-05,False
rush_hour,4->454,542,10,bezier_ipopt,0.7190485199680552,mse,3.260237436754455e-05,False
rush_hour,4->454,542,10,bezier_nm,8.132599605014548,mse,0.0001960106171844401,False
rush_hour,40->447,1084,10,bezier_pgd,0.0029558330425061285,mse,4.651452956237103e-05,False
rush_hour,40->447,1084,10,bezier_ipopt,2.1810716300387867,mse,1.215298391548663e-05,False
rush_hour,40->447,1084,10,bezier_nm,16.67478243698133,mse,0.0003067907739581746,False
rush_hour,400->380,542,10,bezier_pgd,0.0008431280148215592,mse,0.0063641868414962095,False
rush_hour,400->380,542,10,bezier_ipopt,0.8388520629960112,mse,0.00020241193054781,False
rush_hour,400->380,542,10,bezier_nm,7.221192352997605,mse,0.0496426730765977,False
rush_hour,400->521,542,10,bezier_pgd,0.002152501023374498,mse,0.001148785776052432,False
rush_hour,400->521,542,10,bezier_ipopt,0.7431459610234015,mse,0.0005169910165386313,False
rush_hour,400->521,542,10,bezier_nm,6.930590659962036,mse,0.08072874377325077,False
rush_hour,401->402,542,10,bezier_pgd,0.0012026579934172332,mse,0.0022077392063636716,False
rush_hour,401->402,542,10,bezier_ipopt,0.815299372014124,mse,0.00028671075088999344,False
rush_hour,401->402,542,10,bezier_nm,7.05570423102472,mse,0.03964627048212679,False
rush_hour,401->416,542,10,bezier_pgd,0.0019491380080580711,mse,0.0002837637271814225,False
rush_hour,401->416,542,10,bezier_ipopt,0.8262036599917337,mse,0.00020118565517040802,False
rush_hour,401->416,542,10,bezier_nm,8.584263549011666,mse,0.001487677296794378,False
rush_hour,402->401,542,10,bezier_pgd,0.0011274029966443777,mse,0.00023612011196314398,False
rush_hour,402->401,542,10,bezier_ipopt,0.9710990370367654,mse,0.00021728582371526847,False
rush_hour,402->401,542,10,bezier_nm,7.531900175032206,mse,0.000337580286194189,False
rush_hour,402->463,542,10,bezier_pgd,0.0013551070005632937,mse,0.00021603282384628997,False
rush_hour,402->463,542,10,bezier_ipopt,1.0186186650535092,mse,0.00011638016234396074,False
rush_hour,402->463,542,10,bezier_nm,8.367606365005486,mse,0.0007539973889566202,False
rush_hour,403->486,542,10,bezier_pgd,0.0013266640016809106,mse,0.002037412151550861,False
rush_hour,403->486,542,10,bezier_ipopt,0.8473693099804223,mse,0.0002900296921027266,False
rush_hour,403->486,542,10,bezier_nm,6.668945490964688,mse,0.020607983534813846,False
rush_hour,403->529,542,10,bezier_pgd,0.001174475997686386,mse,0.0004765793824439024,False
rush_hour,403->529,542,10,bezier_ipopt,0.985741167969536,mse,0.0002381811590800433,False
rush_hour,403->529,542,10,bezier_nm,7.2176093779853545,mse,0.00228414421701845,False
rush_hour,404->462,542,10,bezier_pgd,0.000878610007930547,mse,0.06531364861480089,False
rush_hour,404->462,542,10,bezier_ipopt,0.792656823003199,mse,0.0004101766506721219,False
rush_hour,404->462,542,10,bezier_nm,7.133015713014174,mse,0.2771299702443247,False
rush_hour,404->507,542,10,bezier_pgd,0.0008648020448163152,mse,0.00027226703663406896,False
rush_hour,404->507,542,10,bezier_ipopt,1.0701275579631329,mse,0.00015046856954899126,False
rush_hour,404->507,542,10,bezier_nm,6.293940920964815,mse,0.01193992586030072,False
rush_hour,405->161,542,10,bezier_pgd,0.001709759992081672,mse,0.0006624200108101593,False
rush_hour,405->161,542,10,bezier_ipopt,0.9000809110002592,mse,0.00038635634582895946,False
rush_hour,405->161,542,10,bezier_nm,7.115609825996216,mse,0.0019260137090345404,False
rush_hour,405->301,542,10,bezier_pgd,0.0020546800224110484,mse,0.00041171972040712204,False
rush_hour,405->301,542,10,bezier_ipopt,1.1171197529765777,mse,0.00014193692108826876,False
rush_hour,405->301,542,10,bezier_nm,8.537068844016176,mse,0.008224500753962862,False
rush_hour,405->360,542,10,bezier_pgd,0.0016822670004330575,mse,0.0004090314253720078,False
rush_hour,405->360,542,10,bezier_ipopt,1.8332779969787225,mse,0.00020925157605531972,False
rush_hour,405->360,542,10,bezier_nm,8.039856571005657,mse,0.001967156786137013,False
rush_hour,406->500,542,10,bezier_pgd,0.0010034030419774354,mse,0.00031393088271092727,False
rush_hour,406->500,542,10,bezier_ipopt,0.9086408349685371,mse,0.00022466337548559037,False
rush_hour,406->500,542,10,bezier_nm,9.233047946006991,mse,0.0007725909268758713,False
rush_hour,406->512,542,10,bezier_pgd,0.0012744740233756602,mse,0.00020482938858327164,False
rush_hour,406->512,542,10,bezier_ipopt,0.6886560060083866,mse,0.00015284344635783717,False
rush_hour,406->512,542,10,bezier_nm,8.014370782999322,mse,0.000434491190853055,False
rush_hour,407->505,542,10,bezier_pgd,0.0015028089983388782,mse,0.0002440297519360736,False
rush_hour,407->505,542,10,bezier_ipopt,0.8673221559729427,mse,0.00014499448629024536,False
rush_hour,407->505,542,10,bezier_nm,9.152821955969557,mse,0.0011390809991857675,False
rush_hour,407->511,542,10,bezier_pgd,0.0006761109689250588,mse,0.0006598446514653619,False
rush_hour,407->511,542,10,bezier_ipopt,0.7530858379905112,mse,0.0005799295957885641,False
rush_hour,407->511,542,10,bezier_nm,7.555135128030088,mse,0.0009872263732272411,False
rush_hour,407->532,542,10,bezier_pgd,0.0020653899991884828,mse,0.0003460650581898169,False
rush_hour,407->532,542,10,bezier_ipopt,0.8224705180036835,mse,0.00013134057371325691,False
rush_hour,407->532,542,10,bezier_nm,8.490072736982256,mse,0.0013898278100546576,False
rush_hour,408->292,542,10,bezier_pgd,0.0010451230336911976,mse,4.755952422265152e-05,False
rush_hour,408->292,542,10,bezier_ipopt,0.8087329249829054,mse,2.2148491299845582e-05,False
rush_hour,408->292,542,10,bezier_nm,8.239221703028306,mse,0.00015239809875984965,False
rush_hour,408->36,542,10,bezier_pgd,0.0021297900239005685,mse,0.0003142200082870428,False
rush_hour,408->36,542,10,bezier_ipopt,1.81590733199846,mse,0.00021538780271661336,False
rush_hour,408->36,542,10,bezier_nm,8.059626486967318,mse,0.0008384584951241019,False
rush_hour,408->91,542,10,bezier_pgd,0.0007279799901880324,mse,9.405432713097945e-05,False
rush_hour,408->91,542,10,bezier_ipopt,0.841911269002594,mse,5.2133116641026106e-05,False
rush_hour,408->91,542,10,bezier_nm,8.1725206800038,mse,0.0002908181383391379,False
rush_hour,409->313,542,10,bezier_pgd,0.0022103129886090755,mse,0.32243753850056495,False
rush_hour,409->313,542,10,bezier_ipopt,,mse,,True
rush_hour,409->313,542,10,bezier_nm,6.711944934038911,mse,0.3873188751031624,False
rush_hour,409->418,542,10,bezier_pgd,0.0012542220065370202,mse,0.2345499190280553,False
rush_hour,409->418,542,10,bezier_ipopt,1.011110669001937,mse,6.632540280248553e-05,False
rush_hour,409->418,542,10,bezier_nm,7.810217302001547,mse,0.35252594900050366,False
rush_hour,41->112,1084,10,bezier_pgd,0.0014133270015008748,mse,2.1380453883564436e-05,False
rush_hour,41->112,1084,10,bezier_ipopt,2.346793459961191,mse,6.70882058056033e-06,False
rush_hour,41->112,1084,10,bezier_nm,17.36537351604784,mse,0.00011745547857724652,False
rush_hour,410->198,542,10,bezier_pgd,0.0026849440182559192,mse,0.000578722678835264,False
rush_hour,410->198,542,10,bezier_ipopt,0.6801481290021911,mse,0.00017600728689565862,False
rush_hour,410->198,542,10,bezier_nm,8.550079534994438,mse,0.005515011699598094,False
rush_hour,410->354,542,10,bezier_pgd,0.0010351240052841604,mse,0.009372800943072941,False
rush_hour,410->354,542,10,bezier_ipopt,0.8271869739983231,mse,0.00039049690008747634,False
rush_hour,410->354,542,10,bezier_nm,6.914468155999202,mse,0.15414934205452213,False
rush_hour,411->316,542,10,bezier_pgd,0.0009709059959277511,mse,0.010120553938474565,False
rush_hour,411->316,542,10,bezier_ipopt,0.8697203140472993,mse,0.0002760597774339899,False
rush_hour,411->316,542,10,bezier_nm,7.066893554001581,mse,0.1459673177080298,False
rush_hour,411->361,542,10,bezier_pgd,0.0028759659617207944,mse,0.0006205848035712637,False
rush_hour,411->361,542,10,bezier_ipopt,0.9081021830206737,mse,0.0003016797884119309,False
rush_hour,411->361,542,10,bezier_nm,8.149431077006739,mse,0.010823843629241674,False
rush_hour,412->419,542,10,bezier_pgd,0.0024396810331381857,mse,0.004070704166160005,False
rush_hour,412->419,542,10,bezier_ipopt,,mse,,True
rush_hour,412->419,542,10,bezier_nm,6.69030155998189,mse,0.09246480836292481,False
rush_hour,412->529,542,10,bezier_pgd,0.0010038439650088549,mse,0.00036784583216989175,False
rush_hour,412->529,542,10,bezier_ipopt,0.8196412959950976,mse,0.0003024195331136793,False
rush_hour,412->529,542,10,bezier_nm,7.550106703012716,mse,0.0008219148966628631,False
rush_hour,412->533,1084,10,bezier_pgd,0.0018316909554414451,mse,0.0004325379202101362,False
rush_hour,412->533,1084,10,bezier_ipopt,2.2278540729894303,mse,0.0003037825876109961,False
rush_hour,412->533,1084,10,bezier_nm,15.69966076296987,mse,0.0005774843323734682,False
rush_hour,413->414,542,10,bezier_pgd,0.001480389037169516,mse,0.0004253362417397624,False
rush_hour,413->414,542,10,bezier_ipopt,2.5129640609957278,mse,0.00020486104561927025,False
rush_hour,413->414,542,10,bezier_nm,7.710260697989725,mse,0.0068054600694761784,False
rush_hour,413->493,1084,10,bezier_pgd,0.001757888006977737,mse,0.0004933165080277071,False
rush_hour,413->493,1084,10,bezier_ipopt,2.266734369972255,mse,0.00011576625006807267,False
rush_hour,413->493,1084,10,bezier_nm,17.1582372970297,mse,0.0006371789602472516,False
rush_hour,414->413,542,10,bezier_pgd,0.0019313679658807814,mse,0.005606511867951338,False
rush_hour,414->413,542,10,bezier_ipopt,1.0405450490070507,mse,0.00027997603868515483,False
rush_hour,414->413,542,10,bezier_nm,6.780515207035933,mse,0.1567843227176612,False
rush_hour,414->450,542,10,bezier_pgd,0.0010390360257588327,mse,0.006979766212324093,False
rush_hour,414->450,542,10,bezier_ipopt,0.8347335750004277,mse,0.0002582748560891441,False
rush_hour,414->450,542,10,bezier_nm,7.059380134975072,mse,0.1295494637237254,False
rush_hour,415->122,542,10,bezier_pgd,0.0017897139769047499,mse,0.00024786214720495635,False
rush_hour,415->122,542,10,bezier_ipopt,1.0734936380176805,mse,0.00016117627192774913,False
rush_hour,415->122,542,10,bezier_nm,7.666363405005541,mse,0.0012266921004645817,False
rush_hour,415->143,542,10,bezier_pgd,0.0010040290071628988,mse,0.0002449595813410276,False
rush_hour,415->143,542,10,bezier_ipopt,1.176800440007355,mse,0.0002087629176575992,False
rush_hour,415->143,542,10,bezier_nm,8.01001351402374,mse,0.002097793218551752,False
rush_hour,415->146,542,10,bezier_pgd,0.0012184699880890548,mse,0.00027053947513067426,False
rush_hour,415->146,542,10,bezier_ipopt,0.906424889981281,mse,0.00010632651669819775,False
rush_hour,415->146,542,10,bezier_nm,8.184587388997898,mse,0.0016389199818136635,False
rush_hour,416->401,542,10,bezier_pgd,0.0010311820078641176,mse,0.010266725218205996,False
rush_hour,416->401,542,10,bezier_ipopt,1.170714650012087,mse,0.0002742688799419376,False
rush_hour,416->401,542,10,bezier_nm,7.168317229021341,mse,0.147261158923581,False
rush_hour,416->474,542,10,bezier_pgd,0.0013077329494990408,mse,0.0005365316895999026,False
rush_hour,416->474,542,10,bezier_ipopt,0.8335009919828735,mse,0.00020575156026698168,False
rush_hour,416->474,542,10,bezier_nm,6.400995824020356,mse,0.034095468320371164,False
rush_hour,417->229,542,10,bezier_pgd,0.0009396399836987257,mse,0.055387894469025825,False
rush_hour,417->229,542,10,bezier_ipopt,0.9663349239854142,mse,2.8649187245937176e-05,False
rush_hour,417->229,542,10,bezier_nm,7.794450599991251,mse,0.24036329134262346,False
rush_hour,417->430,542,10,bezier_pgd,0.0016994900070130825,mse,0.30229574635260814,False
rush_hour,417->430,542,10,bezier_ipopt,,mse,,True
rush_hour,417->430,542,10,bezier_nm,7.300927614036482,mse,0.38706961510746113,False
rush_hour,417->451,542,10,bezier_pgd,0.0010703380103223026,mse,5.272390072960807e-05,False
rush_hour,417->451,542,10,bezier_ipopt,1.071754435019102,mse,1.8372299180258322e-05,False
rush_hour,417->451,542,10,bezier_nm,7.4752178900525905,mse,0.00018700066211216232,False
rush_hour,418->409,542,10,bezier_pgd,0.0007563529652543366,mse,0.018822838482566745,False
rush_hour,418->409,542,10,bezier_ipopt,,mse,,True
rush_hour,418->409,542,10,bezier_nm,8.450515795964748,mse,0.2517200886820976,False
rush_hour,418->430,542,10,bezier_pgd,0.001109606004320085,mse,0.2923614530956848,False
rush_hour,418->430,542,10,bezier_ipopt,0.7990443840390071,mse,8.467717075005433e-06,False
rush_hour,418->430,542,10,bezier_nm,8.359889503975864,mse,0.4620804779523215,False
rush_hour,419->412,542,10,bezier_pgd,0.0012789060128852725,mse,0.012872180158943033,False
rush_hour,419->412,542,10,bezier_ipopt,1.0542635270394385,mse,6.414123826868346e-05,False
rush_hour,419->412,542,10,bezier_nm,7.590187443012837,mse,0.03302459713943546,False
rush_hour,419->529,542,10,bezier_pgd,0.00620585004799068,mse,0.6259059094904842,False
rush_hour,419->529,542,10,bezier_ipopt,,mse,,True
rush_hour,419->529,542,10,bezier_nm,4.8253017329843715,mse,0.6881389131600594,False
rush_hour,42->112,542,10,bezier_pgd,0.0012067680363543332,mse,7.033407048224287e-05,False
rush_hour,42->112,542,10,bezier_ipopt,0.8883190510096028,mse,4.802093615981966e-05,False
rush_hour,42->112,542,10,bezier_nm,8.78774403699208,mse,0.0002952989595158339,False
rush_hour,42->43,542,10,bezier_pgd,0.000900238985195756,mse,4.846805684178059e-05,False
rush_hour,42->43,542,10,bezier_ipopt,0.8903094440465793,mse,3.0144451800195964e-05,False
rush_hour,42->43,542,10,bezier_nm,7.928771915961988,mse,0.00012392886253434656,False
rush_hour,420->192,542,10,bezier_pgd,0.0010034989682026207,mse,0.0033399509289496186,False
rush_hour,420->192,542,10,bezier_ipopt,0.9381588179967366,mse,0.00039257015385870807,False
rush_hour,420->192,542,10,bezier_nm,6.38830600399524,mse,0.09997932874517135,False
rush_hour,420->199,542,10,bezier_pgd,0.0016206249711103737,mse,0.0006323384986335277,False
rush_hour,420->199,542,10,bezier_ipopt,1.3224524530232884,mse,0.00026849097810585756,False
rush_hour,420->199,542,10,bezier_nm,8.125923611049075,mse,0.0012984140993977848,False
rush_hour,420->376,542,10,bezier_pgd,0.0008488509920425713,mse,0.004257027671994048,False
rush_hour,420->376,542,10,bezier_ipopt,1.023102244012989,mse,0.0002757214700948975,False
rush_hour,420->376,542,10,bezier_nm,6.778816698002629,mse,0.06496809935166896,False
rush_hour,421->264,542,10,bezier_pgd,0.0013650089967995882,mse,0.00042980293362775797,False
rush_hour,421->264,542,10,bezier_ipopt,0.9814433199935593,mse,0.00027601331357107864,False
rush_hour,421->264,542,10,bezier_nm,8.325297997973394,mse,0.004169605416264812,False
rush_hour,421->334,542,10,bezier_pgd,0.0008499299874529243,mse,0.0017687135735348994,False
rush_hour,421->334,542,10,bezier_ipopt,0.8935665570315905,mse,0.00020153526891293966,False
rush_hour,421->334,542,10,bezier_nm,7.279670651012566,mse,0.07898012019896819,False
rush_hour,422->138,542,10,bezier_pgd,0.0005449720192700624,mse,0.00031458045010132954,False
rush_hour,422->138,542,10,bezier_ipopt,0.8796285029966384,mse,0.000274068411927318,False
rush_hour,422->138,542,10,bezier_nm,6.940740605990868,mse,0.0005254408523357161,False
rush_hour,422->396,542,10,bezier_pgd,0.001251844980288297,mse,0.0002613684729673614,False
rush_hour,422->396,542,10,bezier_ipopt,0.9859442269662395,mse,0.00020462251357149892,False
rush_hour,422->396,542,10,bezier_nm,8.264236485003494,mse,0.0007693374373122159,False
rush_hour,422->449,542,10,bezier_pgd,0.0008294439758174121,mse,2.4636291622978274e-05,False
rush_hour,422->449,542,10,bezier_ipopt,0.9557763979537413,mse,1.4011948271272994e-05,False
rush_hour,422->449,542,10,bezier_nm,6.842503766005393,mse,0.0007529059125200654,False
rush_hour,423->116,542,10,bezier_pgd,0.0017302019987255335,mse,0.0011037324039539706,False
rush_hour,423->116,542,10,bezier_ipopt,0.7138063519960269,mse,0.00039100071474705594,False
rush_hour,423->116,542,10,bezier_nm,9.10703857097542,mse,0.00898062656094763,False
rush_hour,423->121,542,10,bezier_pgd,0.0015719060320407152,mse,0.0010006609081126367,False
rush_hour,423->121,542,10,bezier_ipopt,0.6955827359925024,mse,0.00022261856032678869,False
rush_hour,423->121,542,10,bezier_nm,8.677636358013842,mse,0.01288743959209629,False
rush_hour,423->330,542,10,bezier_pgd,0.0015015830285847187,mse,0.0007356919126503094,False
rush_hour,423->330,542,10,bezier_ipopt,1.0342086679884233,mse,0.00045382804185170687,False
rush_hour,423->330,542,10,bezier_nm,8.191450695041567,mse,0.006808975021484454,False
rush_hour,424->504,542,10,bezier_pgd,0.001622106006834656,mse,0.0006292346097353274,False
rush_hour,424->504,542,10,bezier_ipopt,,mse,,True
rush_hour,424->504,542,10,bezier_nm,6.674101295007858,mse,0.0008169743883906223,False
rush_hour,424->507,542,10,bezier_pgd,0.0019459580071270466,mse,0.0009690648562319025,False
rush_hour,424->507,542,10,bezier_ipopt,0.9104804859962314,mse,0.00013902530965001557,False
rush_hour,424->507,542,10,bezier_nm,6.712936814001296,mse,0.0034686174203683575,False
rush_hour,425->289,542,10,bezier_pgd,0.002571046003140509,mse,0.00022032876333146344,False
rush_hour,425->289,542,10,bezier_ipopt,0.7507975199841894,mse,0.00014258562873910465,False
rush_hour,425->289,542,10,bezier_nm,9.092588746978436,mse,0.0012623523476861264,False
rush_hour,425->331,542,10,bezier_pgd,0.0014631650410592556,mse,0.01483870083371378,False
rush_hour,425->331,542,10,bezier_ipopt,0.7301551359705627,mse,0.00016636997652065568,False
rush_hour,425->331,542,10,bezier_nm,6.852000170038082,mse,0.22394229150112197,False
rush_hour,425->93,542,10,bezier_pgd,0.0008189509971998632,mse,4.4013944236102366e-05,False
rush_hour,425->93,542,10,bezier_ipopt,1.0615903200232424,mse,2.5254498743444475e-05,False
rush_hour,425->93,542,10,bezier_nm,7.5265886330162175,mse,0.00013385276836900886,False
rush_hour,426->217,542,10,bezier_pgd,0.0011519010295160115,mse,0.02886893523582526,False
rush_hour,426->217,542,10,bezier_ipopt,,mse,,True
rush_hour,426->217,542,10,bezier_nm,,mse,,True
rush_hour,426->375,542,10,bezier_pgd,0.0027724190149456263,mse,0.0008666386764087426,False
rush_hour,426->375,542,10,bezier_ipopt,0.979951991001144,mse,0.0001914956043393764,False
rush_hour,426->375,542,10,bezier_nm,8.97317606996512,mse,0.0023173786527515387,False
rush_hour,426->429,542,10,bezier_pgd,0.0007907929830253124,mse,0.028376869882261884,False
rush_hour,426->429,542,10,bezier_ipopt,,mse,,True
rush_hour,426->429,542,10,bezier_nm,6.6875785299926065,mse,0.23604907363041552,False
rush_hour,427->165,542,10,bezier_pgd,0.0015269400319084525,mse,0.0001742548254685144,False
rush_hour,427->165,542,10,bezier_ipopt,0.7976159910322167,mse,9.688205951156977e-05,False
rush_hour,427->165,542,10,bezier_nm,7.748990082007367,mse,0.00036065293534082523,False
rush_hour,427->300,542,10,bezier_pgd,0.0014584859600290656,mse,0.003699003963416271,False
rush_hour,427->300,542,10,bezier_ipopt,0.9541969610145316,mse,0.00014623592259273933,False
rush_hour,427->300,542,10,bezier_nm,6.734578320989385,mse,0.11579515511017269,False
rush_hour,427->399,542,10,bezier_pgd,0.001076015003491193,mse,0.0005153414131755564,False
rush_hour,427->399,542,10,bezier_ipopt,0.8831483310204931,mse,0.00033156868265959543,False
rush_hour,427->399,542,10,bezier_nm,8.308874081005342,mse,0.001770177541413061,False
rush_hour,428->442,542,10,bezier_pgd,0.0010680469567887485,mse,0.002986915538263408,False
rush_hour,428->442,542,10,bezier_ipopt,0.9377658560406417,mse,0.0001530228289969503,False
rush_hour,428->442,542,10,bezier_nm,6.555674828996416,mse,0.07569235513874982,False
rush_hour,428->508,542,10,bezier_pgd,0.0009135360014624894,mse,0.000114630429921648,False
rush_hour,428->508,542,10,bezier_ipopt,0.7259343540063128,mse,4.1606124491753895e-05,False
rush_hour,428->508,542,10,bezier_nm,8.354245043999981,mse,0.00026894413853753156,False
rush_hour,428->76,542,10,bezier_pgd,0.0013488979893736541,mse,0.0014878749253522273,False
rush_hour,428->76,542,10,bezier_ipopt,0.8666724470094778,mse,0.0002895654773299924,False
rush_hour,428->76,542,10,bezier_nm,5.977657840005122,mse,0.06612993731148756,False
rush_hour,429->125,542,10,bezier_pgd,0.0009461159934289753,mse,0.005611975550181618,False
rush_hour,429->125,542,10,bezier_ipopt,0.7469206869718619,mse,0.0002682243462058679,False
rush_hour,429->125,542,10,bezier_nm,7.878955891006626,mse,0.09250731045224594,False
rush_hour,429->181,542,10,bezier_pgd,0.0009447489865124226,mse,5.151066363637348e-05,False
rush_hour,429->181,542,10,bezier_ipopt,0.8958015569951385,mse,2.7410788463675145e-05,False
rush_hour,429->181,542,10,bezier_nm,8.539861060038675,mse,0.00019113026873004385,False
rush_hour,429->426,542,10,bezier_pgd,0.0008553179795853794,mse,0.003466529146649923,False
rush_hour,429->426,542,10,bezier_ipopt,0.7588997700368054,mse,0.00013841422801372103,False
rush_hour,429->426,542,10,bezier_nm,6.180051392992027,mse,0.06917442132186775,False
rush_hour,43->42,542,10,bezier_pgd,0.0008253350388258696,mse,0.00041931893779277953,False
rush_hour,43->42,542,10,bezier_ipopt,0.693770425976254,mse,0.00018887827637415635,False
rush_hour,43->42,542,10,bezier_nm,8.44175548403291,mse,0.002069399618498656,False
rush_hour,43->480,542,10,bezier_pgd,0.0007434670114889741,mse,4.521144538701999e-05,False
rush_hour,43->480,542,10,bezier_ipopt,1.071187581983395,mse,2.563744439920497e-05,False
rush_hour,43->480,542,10,bezier_nm,7.950886432023253,mse,8.428518264297722e-05,False
rush_hour,430->417,542,10,bezier_pgd,0.0016194329946301877,mse,0.1397490145822255,False
rush_hour,430->417,542,10,bezier_ipopt,0.992960250005126,mse,2.2046405596544288e-05,False
rush_hour,430->417,542,10,bezier_nm,7.94803014799254,mse,0.3035725450572673,False
rush_hour,430->418,542,10,bezier_pgd,0.0006318000378087163,mse,0.0212663154259541,False
rush_hour,430->418,542,10,bezier_ipopt,,mse,,True
rush_hour,430->418,542,10,bezier_nm,8.143937151995488,mse,0.27363015611645813,False
rush_hour,430->77,542,10,bezier_pgd,0.000891425006557256,mse,6.306508051272662e-05,False
rush_hour,430->77,542,10,bezier_ipopt,0.9166075440007262,mse,3.660527584927124e-05,False
rush_hour,430->77,542,10,bezier_nm,7.501527216983959,mse,0.00014458484111047306,False
rush_hour,431->455,542,10,bezier_pgd,0.0012738200020976365,mse,0.014192047469732471,False
rush_hour,431->455,542,10,bezier_ipopt,,mse,,True
rush_hour,431->455,542,10,bezier_nm,6.691464491013903,mse,0.15721155984086668,False
rush_hour,431->496,542,10,bezier_pgd,0.0011356010218150914,mse,0.0008833265983449053,False
rush_hour,431->496,542,10,bezier_ipopt,0.829152644961141,mse,0.0002557751843748515,False
rush_hour,431->496,542,10,bezier_nm,7.598051836015657,mse,0.029043577537913416,False
rush_hour,431->497,542,10,bezier_pgd,0.0012226460385136306,mse,0.00027403421191088363,False
rush_hour,431->497,542,10,bezier_ipopt,1.107691940967925,mse,0.00012565337802257896,False
rush_hour,431->497,542,10,bezier_nm,8.60375443304656,mse,0.0008448996601218966,False
rush_hour,432->24,542,10,bezier_pgd,0.0009350479813292623,mse,0.007275476029606308,False
rush_hour,432->24,542,10,bezier_ipopt,0.7436133429873735,mse,0.00022518758173448693,False
rush_hour,432->24,542,10,bezier_nm,7.080990778980777,mse,0.12788794041059806,False
rush_hour,432->436,542,10,bezier_pgd,0.0008355780155397952,mse,0.0002656030432984933,False
rush_hour,432->436,542,10,bezier_ipopt,1.1945316579658538,mse,0.00012821729086490816,False
rush_hour,432->436,542,10,bezier_nm,9.058079792011995,mse,0.0006565684520264088,False
rush_hour,432->438,542,10,bezier_pgd,0.0013633330236189067,mse,0.0019258482548823266,False
rush_hour,432->438,542,10,bezier_ipopt,0.7904202200006694,mse,0.0001524841832518007,False
rush_hour,432->438,542,10,bezier_nm,6.728854022978339,mse,0.047135277111152125,False
rush_hour,433->182,542,10,bezier_pgd,0.0006409329944290221,mse,0.00012266998329628283,False
rush_hour,433->182,542,10,bezier_ipopt,0.7464031080016866,mse,0.00011100914114756391,False
rush_hour,433->182,542,10,bezier_nm,8.057686078012921,mse,0.00027182651484545297,False
rush_hour,433->346,542,10,bezier_pgd,0.0008973240037448704,mse,0.04681383472132828,False
rush_hour,433->346,542,10,bezier_ipopt,0.6710102739743888,mse,0.0005463767768675151,False
rush_hour,433->346,542,10,bezier_nm,7.549622652994003,mse,0.24974487310353363,False
rush_hour,433->368,542,10,bezier_pgd,0.0005511320196092129,mse,0.0003120368493904351,False
rush_hour,433->368,542,10,bezier_ipopt,0.9419654730008915,mse,0.00027690407420583805,False
rush_hour,433->368,542,10,bezier_nm,6.849671351024881,mse,0.0010127565278325477,False
rush_hour,434->154,542,10,bezier_pgd,0.0013921380159445107,mse,0.0006167189775839651,False
rush_hour,434->154,542,10,bezier_ipopt,1.1140602650120854,mse,0.0003374603125506129,False
rush_hour,434->154,542,10,bezier_nm,7.122630127996672,mse,0.03575303802126381,False
rush_hour,434->262,542,10,bezier_pgd,0.0008054280187934637,mse,0.023484634523024267,False
rush_hour,434->262,542,10,bezier_ipopt,0.7228496199822985,mse,0.00023694391693131764,False
rush_hour,434->262,542,10,bezier_nm,6.596139487985056,mse,0.2364645191859988,False
rush_hour,434->40,1084,10,bezier_pgd,0.0015044249594211578,mse,3.465788837102333e-05,False
rush_hour,434->40,1084,10,bezier_ipopt,3.2440355839789845,mse,1.0536015094583075e-05,False
rush_hour,434->40,1084,10,bezier_nm,16.877211025042925,mse,0.00017391529392280533,False
rush_hour,435->10,542,10,bezier_pgd,0.001412888988852501,mse,0.0034483634137243892,False
rush_hour,435->10,542,10,bezier_ipopt,1.6011602469952777,mse,5.8979163936719227e-05,False
rush_hour,435->10,542,10,bezier_nm,6.77405649702996,mse,0.004472263021797486,False
rush_hour,435->21,542,10,bezier_pgd,0.0008744599763303995,mse,0.0074416058563396455,False
rush_hour,435->21,542,10,bezier_ipopt,0.7547713259700686,mse,0.0005000011715069737,False
rush_hour,435->21,542,10,bezier_nm,6.966049815993756,mse,0.08814462522573373,False
rush_hour,435->23,542,10,bezier_pgd,0.0009352749912068248,mse,0.00039009555714045836,False
rush_hour,435->23,542,10,bezier_ipopt,1.1324068440007977,mse,0.0001284436194335808,False
rush_hour,435->23,542,10,bezier_nm,6.648176033981144,mse,0.029490165154188498,False
rush_hour,435->537,542,10,bezier_pgd,0.001254768983926624,mse,0.0009611156970278192,False
rush_hour,435->537,542,10,bezier_ipopt,0.8792557890410535,mse,6.50725460934629e-05,False
rush_hour,435->537,542,10,bezier_nm,7.0300440870341845,mse,0.006818021801888381,False
rush_hour,436->432,542,10,bezier_pgd,0.0009035170078277588,mse,0.003090509997303369,False
rush_hour,436->432,542,10,bezier_ipopt,0.919667748035863,mse,0.00012693435152788445,False
rush_hour,436->432,542,10,bezier_nm,6.881580279034097,mse,0.09071728248879346,False
rush_hour,436->452,542,10,bezier_pgd,0.0010133670293726027,mse,5.360127284809362e-05,False
rush_hour,436->452,542,10,bezier_ipopt,1.016839970019646,mse,1.837133405510722e-05,False
rush_hour,436->452,542,10,bezier_nm,8.145905318961013,mse,0.00021903245830656428,False
rush_hour,436->475,542,10,bezier_pgd,0.0011005140258930624,mse,0.008589174638603888,False
rush_hour,436->475,542,10,bezier_ipopt,0.81677067396231,mse,0.000227828466773337,False
rush_hour,436->475,542,10,bezier_nm,7.585883977997582,mse,0.20026404635320758,False
rush_hour,437->22,542,10,bezier_pgd,0.0017283849883824587,mse,0.006819973055089029,False
rush_hour,437->22,542,10,bezier_ipopt,,mse,,True
rush_hour,437->22,542,10,bezier_nm,7.572185793018434,mse,0.09586282418216215,False
rush_hour,437->392,542,10,bezier_pgd,0.0014722089981660247,mse,0.0006068063292623598,False
rush_hour,437->392,542,10,bezier_ipopt,0.9865289599983953,mse,0.00016461277432986893,False
rush_hour,437->392,542,10,bezier_nm,7.158352689992171,mse,0.05399340720988263,False
rush_hour,437->525,542,10,bezier_pgd,0.0010142319952137768,mse,0.0027518166307017476,False
rush_hour,437->525,542,10,bezier_ipopt,0.79023285896983,mse,0.00021218291873568274,False
rush_hour,437->525,542,10,bezier_nm,7.875111047993414,mse,0.12382200983968464,False
rush_hour,437->536,542,10,bezier_pgd,0.001122195040807128,mse,0.00026187791101648083,False
rush_hour,437->536,542,10,bezier_ipopt,1.29127333604265,mse,0.00016334626503768115,False
rush_hour,437->536,542,10,bezier_nm,8.348417675995734,mse,0.0003202332811854056,False
rush_hour,438->172,542,10,bezier_pgd,0.0009295549825765193,mse,0.01391197188839947,False
rush_hour,438->172,542,10,bezier_ipopt,,mse,,True
rush_hour,438->172,542,10,bezier_nm,6.441376272006892,mse,0.21930769481577722,False
rush_hour,438->432,542,10,bezier_pgd,0.0011420569499023259,mse,0.00035041167452029017,False
rush_hour,438->432,542,10,bezier_ipopt,0.8339892430230975,mse,0.00028110887212181527,False
rush_hour,438->432,542,10,bezier_nm,8.34290060197236,mse,0.001117418619439465,False
rush_hour,438->528,1084,10,bezier_pgd,0.001166507019661367,mse,0.028432307288968717,False
rush_hour,438->528,1084,10,bezier_ipopt,,mse,,True
rush_hour,438->528,1084,10,bezier_nm,14.026551671035122,mse,0.20753220801131847,False
rush_hour,439->252,542,10,bezier_pgd,0.0011266570072621107,mse,0.000353522277683765,False
rush_hour,439->252,542,10,bezier_ipopt,0.8107991139986552,mse,0.00016800655407926929,False
rush_hour,439->252,542,10,bezier_nm,8.715859061980154,mse,0.00044004767132392483,False
rush_hour,439->471,542,10,bezier_pgd,0.0012792060151696205,mse,0.00025623208366194945,False
rush_hour,439->471,542,10,bezier_ipopt,0.7649305640370585,mse,9.838163977024833e-05,False
rush_hour,439->471,542,10,bezier_nm,9.599919750995468,mse,0.0013328465259684632,False
rush_hour,44->480,542,10,bezier_pgd,0.0014706110232509673,mse,6.110288659359348e-05,False
rush_hour,44->480,542,10,bezier_ipopt,1.032896562013775,mse,3.443151061865394e-05,False
rush_hour,44->480,542,10,bezier_nm,7.5022523360094056,mse,0.00014268076276278426,False
rush_hour,44->529,542,10,bezier_pgd,0.0007767259958200157,mse,0.002633858808358264,False
rush_hour,44->529,542,10,bezier_ipopt,0.789499695005361,mse,0.00046133438488597453,False
rush_hour,44->529,542,10,bezier_nm,6.442542020988185,mse,0.005774755721340971,False
rush_hour,440->265,542,10,bezier_pgd,0.0015127750230021775,mse,0.00025505593461992504,False
rush_hour,440->265,542,10,bezier_ipopt,0.9867313459981233,mse,0.00012024666213468485,False
rush_hour,440->265,542,10,bezier_nm,8.062163486029021,mse,0.0008500870034634092,False
rush_hour,440->283,542,10,bezier_pgd,0.0008133869851008058,mse,0.0005212316417515314,False
rush_hour,440->283,542,10,bezier_ipopt,1.1996760980109684,mse,0.00036954350971205605,False
rush_hour,440->283,542,10,bezier_nm,7.154102989996318,mse,0.003145359996293405,False
rush_hour,440->285,542,10,bezier_pgd,0.0008776820031926036,mse,0.052500036722145677,False
rush_hour,440->285,542,10,bezier_ipopt,,mse,,True
rush_hour,440->285,542,10,bezier_nm,7.402711816015653,mse,0.4218162829713698,False
rush_hour,441->274,542,10,bezier_pgd,0.0011748560355044901,mse,0.13033517914107828,False
rush_hour,441->274,542,10,bezier_ipopt,1.4793674839893356,mse,0.0005729295350128706,False
rush_hour,441->274,542,10,bezier_nm,7.161009025003295,mse,0.2936973478626693,False
rush_hour,441->332,542,10,bezier_pgd,0.0024838930112309754,mse,0.0007162438102494339,False
rush_hour,441->332,542,10,bezier_ipopt,0.99838181596715,mse,0.00010596126161417359,False
rush_hour,441->332,542,10,bezier_nm,,mse,,True
rush_hour,441->535,542,10,bezier_pgd,0.0013770809746347368,mse,0.018111099641250277,False
rush_hour,441->535,542,10,bezier_ipopt,,mse,,True
rush_hour,441->535,542,10,bezier_nm,6.152714116033167,mse,0.07182526622917629,False
rush_hour,442->372,542,10,bezier_pgd,0.0006478590075857937,mse,0.0011615113757022326,False
rush_hour,442->372,542,10,bezier_ipopt,0.948029266030062,mse,0.0011465941425707912,False
rush_hour,442->372,542,10,bezier_nm,7.604803284048103,mse,0.0012950286487900808,False
rush_hour,442->428,542,10,bezier_pgd,0.0017510729958303273,mse,0.001032381926894108,False
rush_hour,442->428,542,10,bezier_ipopt,0.7783147459849715,mse,0.00016152276801529092,False
rush_hour,442->428,542,10,bezier_nm,6.795528501039371,mse,0.03893809800241787,False
rush_hour,442->445,542,10,bezier_pgd,0.0010779559961520135,mse,0.0029869155382634158,False
rush_hour,442->445,542,10,bezier_ipopt,0.89283448405331,mse,0.0001530230036691265,False
rush_hour,442->445,542,10,bezier_nm,6.569675391016062,mse,0.14762992141313266,False
rush_hour,442->508,542,10,bezier_pgd,0.0009270479786209762,mse,0.0051606015479930805,False
rush_hour,442->508,542,10,bezier_ipopt,,mse,,True
rush_hour,442->508,542,10,bezier_nm,7.677622793009505,mse,0.21732602788387834,False
rush_hour,443->452,542,10,bezier_pgd,0.0012429389753378928,mse,0.01936806120993759,False
rush_hour,443->452,542,10,bezier_ipopt,11.46328187797917,mse,0.018792192443693293,False
rush_hour,443->452,542,10,bezier_nm,6.662881966971327,mse,0.025963436950041316,False
rush_hour,443->461,542,10,bezier_pgd,0.0011516610393300653,mse,0.0007796307066003683,False
rush_hour,443->461,542,10,bezier_ipopt,1.1016804249957204,mse,0.00011038091056629767,False
rush_hour,443->461,542,10,bezier_nm,7.060342493990902,mse,0.017754867486890744,False
rush_hour,443->530,542,10,bezier_pgd,0.0007525160326622427,mse,0.04589946579582152,False
rush_hour,443->530,542,10,bezier_ipopt,,mse,,True
rush_hour,443->530,542,10,bezier_nm,6.432918125996366,mse,0.28903607708412604,False
rush_hour,444->136,542,10,bezier_pgd,0.0011327830143272877,mse,0.0003453239222918463,False
rush_hour,444->136,542,10,bezier_ipopt,,mse,,True
rush_hour,444->136,542,10,bezier_nm,7.29814648599131,mse,0.000611145990739464,False
rush_hour,444->270,542,10,bezier_pgd,0.0010640150285325944,mse,0.0003703284445925111,False
rush_hour,444->270,542,10,bezier_ipopt,1.0387164170388132,mse,0.00025465065099907375,False
rush_hour,444->270,542,10,bezier_nm,8.601643515052274,mse,0.0007291784450170838,False
rush_hour,444->352,542,10,bezier_pgd,0.0018124780035577714,mse,0.0005653558472194888,False
rush_hour,444->352,542,10,bezier_ipopt,1.1024314160458744,mse,0.00023412947083852664,False
rush_hour,444->352,542,10,bezier_nm,6.839372257993091,mse,0.01959225811162663,False
rush_hour,444->481,542,10,bezier_pgd,0.0014076699735596776,mse,0.00013573322580580753,False
rush_hour,444->481,542,10,bezier_ipopt,0.8345571290119551,mse,9.235853627139197e-05,False
rush_hour,444->481,542,10,bezier_nm,8.082898045016918,mse,0.0004782676190801754,False
rush_hour,445->442,542,10,bezier_pgd,0.0017062099650502205,mse,0.0010323819268941016,False
rush_hour,445->442,542,10,bezier_ipopt,1.0209608770092018,mse,0.00016152322941362786,False
rush_hour,445->442,542,10,bezier_nm,6.412772834009957,mse,0.03193868556634279,False
rush_hour,445->446,542,10,bezier_pgd,0.0007831019465811551,mse,0.03291289645359351,False
rush_hour,445->446,542,10,bezier_ipopt,0.7673510939930566,mse,0.00021255576189920417,False
rush_hour,445->446,542,10,bezier_nm,6.3296756749623455,mse,0.2485939123438615,False
rush_hour,445->515,542,10,bezier_pgd,0.000700336997397244,mse,0.012974008649533433,False
rush_hour,445->515,542,10,bezier_ipopt,0.7298339679837227,mse,0.00017585794720628993,False
rush_hour,445->515,542,10,bezier_nm,6.797050797031261,mse,0.0509443650444694,False
rush_hour,445->528,542,10,bezier_pgd,0.0010736410040408373,mse,0.00298691553826341,False
rush_hour,445->528,542,10,bezier_ipopt,0.7554249169770628,mse,0.00015302303266609063,False
rush_hour,445->528,542,10,bezier_nm,7.138010737020522,mse,0.15060289123260032,False
rush_hour,446->24,542,10,bezier_pgd,0.0010121630039066076,mse,0.003858822084723549,False
rush_hour,446->24,542,10,bezier_ipopt,0.867678540002089,mse,0.00014948659288987275,False
rush_hour,446->24,542,10,bezier_nm,6.4867201810120605,mse,0.02176554582348413,False
rush_hour,446->393,542,10,bezier_pgd,0.0009076989954337478,mse,0.031211353031156203,False
rush_hour,446->393,542,10,bezier_ipopt,0.723385744029656,mse,0.00028391441992942925,False
rush_hour,446->393,542,10,bezier_nm,7.654855941946153,mse,0.25142882847029224,False
rush_hour,446->445,542,10,bezier_pgd,0.001153685967437923,mse,0.012974008649533448,False
rush_hour,446->445,542,10,bezier_ipopt,0.8558444910449907,mse,0.000175859075343437,False
rush_hour,446->445,542,10,bezier_nm,7.37314498401247,mse,0.06079296566977965,False
rush_hour,446->508,542,10,bezier_pgd,0.0008793799788691103,mse,0.007275476029606304,False
rush_hour,446->508,542,10,bezier_ipopt,1.007265140011441,mse,0.00022518761739991652,False
rush_hour,446->508,542,10,bezier_nm,7.352713502012193,mse,0.12884212742017673,False
rush_hour,447->153,542,10,bezier_pgd,0.000925196975003928,mse,0.0017706966645916033,False
rush_hour,447->153,542,10,bezier_ipopt,0.9093121630139649,mse,0.0002959002303592419,False
rush_hour,447->153,542,10,bezier_nm,7.626854731992353,mse,0.006033533696894541,False
rush_hour,447->327,542,10,bezier_pgd,0.0007503069937229156,mse,0.0007649919543375297,False
rush_hour,447->327,542,10,bezier_ipopt,0.693455753964372,mse,0.00019185431447577727,False
rush_hour,447->327,542,10,bezier_nm,6.8195342710241675,mse,0.03832203674889715,False
rush_hour,447->41,1084,10,bezier_pgd,0.0010753570240922272,mse,1.89346699429169e-05,False
rush_hour,447->41,1084,10,bezier_ipopt,1.6195594779565,mse,1.229352856335602e-05,False
rush_hour,447->41,1084,10,bezier_nm,16.232187444984447,mse,0.00015604501143819992,False
rush_hour,448->337,542,10,bezier_pgd,0.0021555419662036,mse,0.00045387972527122667,False
rush_hour,448->337,542,10,bezier_ipopt,,mse,,True
rush_hour,448->337,542,10,bezier_nm,8.935358276998159,mse,0.0023858675621316605,False
rush_hour,448->449,542,10,bezier_pgd,0.0010079499916173518,mse,5.348388965917884e-05,False
rush_hour,448->449,542,10,bezier_ipopt,0.9512128869537264,mse,2.505374043205256e-05,False
rush_hour,448->449,542,10,bezier_nm,7.708622456993908,mse,0.00045807915683639805,False
rush_hour,448->45,542,10,bezier_pgd,0.0008491219487041235,mse,6.8993424097236e-05,False
rush_hour,448->45,542,10,bezier_ipopt,0.8872212480055168,mse,3.132219431152192e-05,False
rush_hour,448->45,542,10,bezier_nm,7.214312520984095,mse,0.0004249042840362192,False
rush_hour,448->93,542,10,bezier_pgd,0.0007617420051246881,mse,5.940247163523766e-05,False
rush_hour,448->93,542,10,bezier_ipopt,1.0998246340313926,mse,2.9879468476323516e-05,False
rush_hour,448->93,542,10,bezier_nm,7.355450209986884,mse,0.00012240624697291568,False
rush_hour,449->422,542,10,bezier_pgd,0.0011206060298718512,mse,6.703023770533685e-05,False
rush_hour,449->422,542,10,bezier_ipopt,0.8616247110185213,mse,3.6119856804385014e-05,False
rush_hour,449->422,542,10,bezier_nm,6.777498312003445,mse,0.0005068132447150256,False
rush_hour,449->448,542,10,bezier_pgd,0.002529638004489243,mse,0.5098261733377257,False
rush_hour,449->448,542,10,bezier_ipopt,9.228692765987944,mse,0.4958794313077412,False
rush_hour,449->448,542,10,bezier_nm,8.461149899987504,mse,0.5879712013436034,False
rush_hour,449->49,542,10,bezier_pgd,0.000616525998339057,mse,4.6352817318848945e-05,False
rush_hour,449->49,542,10,bezier_ipopt,0.9578048519906588,mse,2.669451773104011e-05,False
rush_hour,449->49,542,10,bezier_nm,6.402286855969578,mse,0.0006596481129987365,False
rush_hour,449->57,542,10,bezier_pgd,0.0007922140066511929,mse,4.4439037714070174e-05,False
rush_hour,449->57,542,10,bezier_ipopt,0.8831112580373883,mse,2.9634071164705542e-05,False
rush_hour,449->57,542,10,bezier_nm,6.834675228048582,mse,0.0003911521006341824,False
rush_hour,45->448,542,10,bezier_pgd,0.0009572840062901378,mse,4.967826467522234e-05,False
rush_hour,45->448,542,10,bezier_ipopt,1.1299167720135301,mse,2.2962694638204767e-05,False
rush_hour,45->448,542,10,bezier_nm,7.616328331991099,mse,0.0003748459327222817,False
rush_hour,45->61,542,10,bezier_pgd,0.001143974019214511,mse,5.419607333582269e-05,False
rush_hour,45->61,542,10,bezier_ipopt,0.8904814969864674,mse,1.825370765685989e-05,False
rush_hour,45->61,542,10,bezier_nm,8.21451772400178,mse,0.00043733612312446524,False
rush_hour,450->130,542,10,bezier_pgd,0.001247371023055166,mse,0.09986971077283724,False
rush_hour,450->130,542,10,bezier_ipopt,,mse,,True
rush_hour,450->130,542,10,bezier_nm,8.337319822981954,mse,0.24375535515039604,False
rush_hour,450->414,542,10,bezier_pgd,0.0010795670095831156,mse,0.0004731146315231835,False
rush_hour,450->414,542,10,bezier_ipopt,0.7653465240146033,mse,0.00018211827193033444,False
rush_hour,450->414,542,10,bezier_nm,6.81324087001849,mse,0.03859363060578259,False
rush_hour,450->60,542,10,bezier_pgd,0.0010111519950442016,mse,2.651430095869063e-05,False
rush_hour,450->60,542,10,bezier_ipopt,0.9947617630241439,mse,1.6466638253049565e-05,False
rush_hour,450->60,542,10,bezier_nm,7.561564275994897,mse,0.00014898079468629764,False
rush_hour,450->66,542,10,bezier_pgd,0.0011628649663180113,mse,8.688284812110855e-05,False
rush_hour,450->66,542,10,bezier_ipopt,0.9683106829761527,mse,2.5895089904136096e-05,False
rush_hour,450->66,542,10,bezier_nm,8.887393219978549,mse,0.0003487154011684977,False
rush_hour,451->16,542,10,bezier_pgd,0.0011047010193578899,mse,3.419702084827934e-05,False
rush_hour,451->16,542,10,bezier_ipopt,1.2214145620237105,mse,1.5188662476422282e-05,False
rush_hour,451->16,542,10,bezier_nm,8.308982583985198,mse,0.0002508783577196735,False
rush_hour,451->224,542,10,bezier_pgd,0.0008439180091954768,mse,0.030174539663268576,False
rush_hour,451->224,542,10,bezier_ipopt,1.072454139997717,mse,0.0005934585590768065,False
rush_hour,451->224,542,10,bezier_nm,7.355857105983887,mse,0.2598874799903526,False
rush_hour,451->247,542,10,bezier_pgd,0.001358607958536595,mse,0.0005398544832300267,False
rush_hour,451->247,542,10,bezier_ipopt,0.8564797609578818,mse,0.00026143496597308896,False
rush_hour,451->247,542,10,bezier_nm,9.088350546022411,mse,0.0018947829629621135,False
rush_hour,451->417,542,10,bezier_pgd,0.0010716990218497813,mse,8.811439587766155e-05,False
rush_hour,451->417,542,10,bezier_ipopt,0.7337627070373856,mse,2.4044138379251643e-05,False
rush_hour,451->417,542,10,bezier_nm,10.055298066989053,mse,0.0003352387696510269,False
rush_hour,452->172,542,10,bezier_pgd,0.0010529370047152042,mse,0.005298925893314752,False
rush_hour,452->172,542,10,bezier_ipopt,0.9644903590087779,mse,0.0001281774979698102,False
rush_hour,452->172,542,10,bezier_nm,6.611563200014643,mse,0.13760426554932859,False
rush_hour,452->387,542,10,bezier_pgd,0.0013660189579240978,mse,0.00048441884681803694,False
rush_hour,452->387,542,10,bezier_ipopt,1.86804015096277,mse,0.0002298925936660565,False
rush_hour,452->387,542,10,bezier_nm,8.244172870006878,mse,0.0010052271358151443,False
rush_hour,452->436,542,10,bezier_pgd,0.0010040560155175626,mse,7.155740370778275e-05,False
rush_hour,452->436,542,10,bezier_ipopt,1.0323661190341227,mse,1.805483458342796e-05,False
rush_hour,452->436,542,10,bezier_nm,8.355831839027815,mse,0.00018287891861224306,False
rush_hour,452->443,542,10,bezier_pgd,0.0011584979947656393,mse,0.045899465795821506,False
rush_hour,452->443,542,10,bezier_ipopt,,mse,,True
rush_hour,452->443,542,10,bezier_nm,7.109660763991997,mse,0.28459672498446287,False
rush_hour,453->124,542,10,bezier_pgd,0.0015416059759445488,mse,0.00022708722439611386,False
rush_hour,453->124,542,10,bezier_ipopt,0.9983462999807671,mse,0.00015562049494210456,False
rush_hour,453->124,542,10,bezier_nm,8.622894761967473,mse,0.0004394651833510255,False
rush_hour,453->226,542,10,bezier_pgd,0.0013186419964767992,mse,0.0019989257034514827,False
rush_hour,453->226,542,10,bezier_ipopt,1.0778883150196634,mse,0.00025981268618325323,False
rush_hour,453->226,542,10,bezier_nm,8.682833464990836,mse,0.06043689541416943,False
rush_hour,453->277,542,10,bezier_pgd,0.0016451659612357616,mse,0.00033009757103129593,False
rush_hour,453->277,542,10,bezier_ipopt,0.9394695769879036,mse,8.802155783203023e-05,False
rush_hour,453->277,542,10,bezier_nm,8.772961648995988,mse,0.0016986813544952782,False
rush_hour,453->81,542,10,bezier_pgd,0.0008673690026625991,mse,5.330167541223852e-05,False
rush_hour,453->81,542,10,bezier_ipopt,1.1082898050080985,mse,2.6442153492412555e-05,False
rush_hour,453->81,542,10,bezier_nm,7.76398164103739,mse,0.00017193923495278785,False
rush_hour,454->187,542,10,bezier_pgd,0.0008763139485381544,mse,0.0004360743614375158,False
rush_hour,454->187,542,10,bezier_ipopt,0.7640076500247233,mse,0.0001496355114898139,False
rush_hour,454->187,542,10,bezier_nm,7.291946005017962,mse,0.053241947862449145,False
rush_hour,454->357,542,10,bezier_pgd,0.0009372499771416187,mse,0.0001991335221209991,False
rush_hour,454->357,542,10,bezier_ipopt,0.8769745629979298,mse,0.0001309885821242973,False
rush_hour,454->357,542,10,bezier_nm,8.637246550002601,mse,0.0041236711115756695,False
rush_hour,454->374,542,10,bezier_pgd,0.0023384750238619745,mse,0.00045758165276726085,False
rush_hour,454->374,542,10,bezier_ipopt,1.2014705190085806,mse,0.00011341249713273079,False
rush_hour,454->374,542,10,bezier_nm,6.624165040964726,mse,0.008754148928227774,False
rush_hour,454->4,542,10,bezier_pgd,0.0009804379660636187,mse,3.7698086534577264e-05,False
rush_hour,454->4,542,10,bezier_ipopt,0.8709918269887567,mse,2.136468644455613e-05,False
rush_hour,454->4,542,10,bezier_nm,9.906833656015806,mse,0.0002483345883489631,False
rush_hour,455->324,542,10,bezier_pgd,0.0012160430196672678,mse,0.000521237075652237,False
rush_hour,455->324,542,10,bezier_ipopt,1.1308698169887066,mse,0.0001146281204494732,False
rush_hour,455->324,542,10,bezier_nm,7.855060754984152,mse,0.04562719914892916,False
rush_hour,455->431,542,10,bezier_pgd,0.0011916660005226731,mse,4.660014891801859e-05,False
rush_hour,455->431,542,10,bezier_ipopt,0.7867830949835479,mse,3.1495137965542286e-05,False
rush_hour,455->431,542,10,bezier_nm,8.371033917996101,mse,0.00023000203202569046,False
rush_hour,455->496,542,10,bezier_pgd,0.0022854299750179052,mse,0.00039697257623031617,False
rush_hour,455->496,542,10,bezier_ipopt,0.8431717890198343,mse,0.00016886031485550796,False
rush_hour,455->496,542,10,bezier_nm,8.621089995955117,mse,0.0013879101014371187,False
rush_hour,455->98,542,10,bezier_pgd,0.0010298349661752582,mse,4.5737502251189016e-05,False
rush_hour,455->98,542,10,bezier_ipopt,0.8979836080106907,mse,1.889413837138288e-05,False
rush_hour,455->98,542,10,bezier_nm,7.629391191992909,mse,0.00030857602066263466,False
rush_hour,456->238,542,10,bezier_pgd,0.0011307650129310787,mse,0.00017006737662938692,False
rush_hour,456->238,542,10,bezier_ipopt,1.7455516179907136,mse,0.00011109544822986447,False
rush_hour,456->238,542,10,bezier_nm,7.994173975952435,mse,0.002402354421053562,False
rush_hour,456->347,542,10,bezier_pgd,0.0011300990008749068,mse,0.009450041274086732,False
rush_hour,456->347,542,10,bezier_ipopt,1.1010228450177237,mse,0.00015386317309381122,False
rush_hour,456->347,542,10,bezier_nm,6.485613827011548,mse,0.19714021354796532,False
rush_hour,456->98,542,10,bezier_pgd,0.000811580044683069,mse,4.227025230898256e-05,False
rush_hour,456->98,542,10,bezier_ipopt,1.1626041669514962,mse,1.734129756076838e-05,False
rush_hour,456->98,542,10,bezier_nm,8.469693872029893,mse,9.23118384067847e-05,False
rush_hour,456->99,542,10,bezier_pgd,0.0012249720166437328,mse,4.838685412947192e-05,False
rush_hour,456->99,542,10,bezier_ipopt,1.0639815679751337,mse,2.6494659472565306e-05,False
rush_hour,456->99,542,10,bezier_nm,8.190873711020686,mse,0.0001665639578908967,False
rush_hour,457->101,542,10,bezier_pgd,0.0010367109789513052,mse,3.731940636867327e-05,False
rush_hour,457->101,542,10,bezier_ipopt,1.065291807986796,mse,2.3014517292564043e-05,False
rush_hour,457->101,542,10,bezier_nm,7.9795188889838755,mse,0.00016040323445723747,False
rush_hour,457->131,542,10,bezier_pgd,0.0020203820313327014,mse,0.0003869992595693145,False
rush_hour,457->131,542,10,bezier_ipopt,0.883338076993823,mse,0.0002560540054629234,False
rush_hour,457->131,542,10,bezier_nm,8.621389176987577,mse,0.002906701310540262,False
rush_hour,457->481,542,10,bezier_pgd,0.0011174120008945465,mse,0.0011792113336972687,False
rush_hour,457->481,542,10,bezier_ipopt,0.9362229480175301,mse,0.00012360771972254062,False
rush_hour,457->481,542,10,bezier_nm,7.266213367052842,mse,0.11035251079221299,False
rush_hour,457->524,542,10,bezier_pgd,0.0011804220266640186,mse,4.007578128545874e-05,False
rush_hour,457->524,542,10,bezier_ipopt,0.8749988719937392,mse,1.9216600592782057e-05,False
rush_hour,457->524,542,10,bezier_nm,9.56189368997002,mse,0.0002009386646946829,False
rush_hour,458->19,542,10,bezier_pgd,0.0010506270336918533,mse,4.925363880867667e-05,False
rush_hour,458->19,542,10,bezier_ipopt,0.7057971129543148,mse,2.5378595752630042e-05,False
rush_hour,458->19,542,10,bezier_nm,9.504793482017703,mse,0.00028795264998895227,False
rush_hour,458->295,542,10,bezier_pgd,0.0010755659895949066,mse,0.014883318453109138,False
rush_hour,458->295,542,10,bezier_ipopt,,mse,,True
rush_hour,458->295,542,10,bezier_nm,7.419525970995892,mse,0.1219515734171979,False
rush_hour,458->314,542,10,bezier_pgd,0.000919973012059927,mse,0.0006413530293451222,False
rush_hour,458->314,542,10,bezier_ipopt,1.4269451629952528,mse,0.0005616655887318541,False
rush_hour,458->314,542,10,bezier_nm,7.716416199982632,mse,0.000940097293760834,False
rush_hour,458->506,542,10,bezier_pgd,0.0007488609990105033,mse,0.028103943105161646,False
rush_hour,458->506,542,10,bezier_ipopt,,mse,,True
rush_hour,458->506,542,10,bezier_nm,,mse,,True
rush_hour,459->115,542,10,bezier_pgd,0.0009903939790092409,mse,0.007466073401836408,False
rush_hour,459->115,542,10,bezier_ipopt,0.9699450610205531,mse,0.00015002479647026803,False
rush_hour,459->115,542,10,bezier_nm,7.004880939959548,mse,0.13959489749206036,False
rush_hour,459->295,542,10,bezier_pgd,0.0008868889999575913,mse,0.0003773657691586832,False
rush_hour,459->295,542,10,bezier_ipopt,1.2693446910125203,mse,0.0003347153210999664,False
rush_hour,459->295,542,10,bezier_nm,8.153754977043718,mse,0.0007650753851466579,False
rush_hour,459->395,542,10,bezier_pgd,0.0012452449882403016,mse,0.0001679101909920321,False
rush_hour,459->395,542,10,bezier_ipopt,0.9769907619920559,mse,9.160077016047422e-05,False
rush_hour,459->395,542,10,bezier_nm,8.004119516990613,mse,0.0010783390997346162,False
rush_hour,459->469,542,10,bezier_pgd,0.0008087119786068797,mse,0.0005525047036796337,False
rush_hour,459->469,542,10,bezier_ipopt,1.1777977189631201,mse,0.0005197661734511347,False
rush_hour,459->469,542,10,bezier_nm,7.639082148030866,mse,0.00138197017486267,False
rush_hour,46->47,542,10,bezier_pgd,0.0007186669972725213,mse,2.3392573511214866e-05,False
rush_hour,46->47,542,10,bezier_ipopt,0.9957841470022686,mse,1.634318746175203e-05,False
rush_hour,46->47,542,10,bezier_nm,6.829212814976927,mse,0.00014625811667970563,False
rush_hour,46->75,542,10,bezier_pgd,0.0008816060144454241,mse,0.00012028490696141781,False
rush_hour,46->75,542,10,bezier_ipopt,0.7868757580290549,mse,2.962223658795043e-05,False
rush_hour,46->75,542,10,bezier_nm,8.400816537963692,mse,0.0005786459029645031,False
rush_hour,460->117,542,10,bezier_pgd,0.0014491150504909456,mse,0.0577596524403669,False
rush_hour,460->117,542,10,bezier_ipopt,1.1688704959815368,mse,0.000330353393574919,False
rush_hour,460->117,542,10,bezier_nm,6.639575673965737,mse,0.2676401306547224,False
rush_hour,460->248,542,10,bezier_pgd,0.0010875080479308963,mse,0.0002110210519598901,False
rush_hour,460->248,542,10,bezier_ipopt,0.9856529689859599,mse,0.00011903564468079612,False
rush_hour,460->248,542,10,bezier_nm,6.995531616965309,mse,0.0005269376371824649,False
rush_hour,460->279,542,10,bezier_pgd,0.001324193028267473,mse,0.0004528498382703236,False
rush_hour,460->279,542,10,bezier_ipopt,0.8018075349973515,mse,0.00023349382951285707,False
rush_hour,460->279,542,10,bezier_nm,8.768188955029473,mse,0.004547543156161645,False
rush_hour,460->306,542,10,bezier_pgd,0.001069289050064981,mse,0.0002491488859910298,False
rush_hour,460->306,542,10,bezier_ipopt,1.1066426589968614,mse,0.00018078081725352743,False
rush_hour,460->306,542,10,bezier_nm,8.376168727001641,mse,0.0046185187354174555,False
rush_hour,461->20,542,10,bezier_pgd,0.002758630958851427,mse,0.00048488517240858085,False
rush_hour,461->20,542,10,bezier_ipopt,1.1579063780372962,mse,0.00019439573855014334,False
rush_hour,461->20,542,10,bezier_nm,6.443227011011913,mse,0.00831368613876035,False
rush_hour,461->523,542,10,bezier_pgd,0.001312870008405298,mse,0.00040265908726999633,False
rush_hour,461->523,542,10,bezier_ipopt,1.0379357460187748,mse,0.00024180380479963185,False
rush_hour,461->523,542,10,bezier_nm,7.6328373000142165,mse,0.0008409777735204474,False
rush_hour,462->120,542,10,bezier_pgd,0.0019098990014754236,mse,0.00038943875178547977,False
rush_hour,462->120,542,10,bezier_ipopt,1.033552057982888,mse,0.00028578935043319976,False
rush_hour,462->120,542,10,bezier_nm,8.633785045996774,mse,0.0008842193415422772,False
rush_hour,462->310,542,10,bezier_pgd,0.0010553979664109647,mse,0.0007348076302248393,False
rush_hour,462->310,542,10,bezier_ipopt,0.8064653130131774,mse,0.0002138694497108503,False
rush_hour,462->310,542,10,bezier_nm,6.922183409042191,mse,0.07045520253292534,False
rush_hour,462->368,542,10,bezier_pgd,0.0024235459859482944,mse,0.0006533698214423854,False
rush_hour,462->368,542,10,bezier_ipopt,0.9812607560306787,mse,8.039740402377759e-05,False
rush_hour,462->368,542,10,bezier_nm,7.189792582008522,mse,0.05625286830979301,False
rush_hour,462->404,542,10,bezier_pgd,0.0007598900119774044,mse,0.00030761991252490543,False
rush_hour,462->404,542,10,bezier_ipopt,1.0506890619872138,mse,0.00018691894142768296,False
rush_hour,462->404,542,10,bezier_nm,8.76792660803767,mse,0.004225491607947173,False
rush_hour,463->123,542,10,bezier_pgd,0.0011467469739727676,mse,0.0069212440401996995,False
rush_hour,463->123,542,10,bezier_ipopt,0.7545132159721106,mse,0.000313044437522603,False
rush_hour,463->123,542,10,bezier_nm,7.3889106010319665,mse,0.1911584821454537,False
rush_hour,463->309,542,10,bezier_pgd,0.001082630013115704,mse,0.00030774281260766443,False
rush_hour,463->309,542,10,bezier_ipopt,0.7539086819742806,mse,0.00022927182154894202,False
rush_hour,463->309,542,10,bezier_nm,8.080396103032399,mse,0.0019141895483462382,False
rush_hour,463->359,542,10,bezier_pgd,0.0007170269964262843,mse,0.0002599267171473518,False
rush_hour,463->359,542,10,bezier_ipopt,1.0293041639961302,mse,0.00020355500630977007,False
rush_hour,463->359,542,10,bezier_nm,7.6441363409976475,mse,0.0037990723719758855,False
rush_hour,463->402,542,10,bezier_pgd,0.0008204799960367382,mse,0.00017682041612092917,False
rush_hour,463->402,542,10,bezier_ipopt,0.7999326310236938,mse,9.516142655233621e-05,False
rush_hour,463->402,542,10,bezier_nm,7.859185078006703,mse,0.0005089953208266797,False
rush_hour,464->126,542,10,bezier_pgd,0.0013792869867756963,mse,0.012873396468027523,False
rush_hour,464->126,542,10,bezier_ipopt,0.9204766349866986,mse,0.00036685572155318143,False
rush_hour,464->126,542,10,bezier_nm,7.255286129016895,mse,0.13701873197191197,False
rush_hour,464->162,542,10,bezier_pgd,0.0020772480056621134,mse,0.0005175371331878497,False
rush_hour,464->162,542,10,bezier_ipopt,1.2775848830351606,mse,0.00012858984221825187,False
rush_hour,464->162,542,10,bezier_nm,6.4458997350302525,mse,0.03829458639872896,False
rush_hour,464->342,542,10,bezier_pgd,0.0019485410302877426,mse,0.0005866702377930253,False
rush_hour,464->342,542,10,bezier_ipopt,0.9225124879740179,mse,0.00024614813630678955,False
rush_hour,464->342,542,10,bezier_nm,7.987551753001753,mse,0.005620945132810168,False
rush_hour,464->378,542,10,bezier_pgd,0.0009061479941010475,mse,0.05788665584888688,False
rush_hour,464->378,542,10,bezier_ipopt,0.8031737700221129,mse,0.00025482986988234214,False
rush_hour,464->378,542,10,bezier_nm,7.182663220970426,mse,0.26922897685629466,False
rush_hour,465->128,542,10,bezier_pgd,0.0011056980001740158,mse,0.00036418553459978306,False
rush_hour,465->128,542,10,bezier_ipopt,0.8953306730254553,mse,0.0001725600976530568,False
rush_hour,465->128,542,10,bezier_nm,6.857088210992515,mse,0.004656658847083076,False
rush_hour,465->273,542,10,bezier_pgd,0.0014542120043188334,mse,0.004037780590943378,False
rush_hour,465->273,542,10,bezier_ipopt,,mse,,True
rush_hour,465->273,542,10,bezier_nm,7.412719768995885,mse,0.06817823038034565,False
rush_hour,465->298,542,10,bezier_pgd,0.0012952869874425232,mse,0.09433557821605013,False
rush_hour,465->298,542,10,bezier_ipopt,,mse,,True
rush_hour,465->298,542,10,bezier_nm,6.575616634043399,mse,0.2596424464721322,False
rush_hour,465->362,542,10,bezier_pgd,0.0015177770401351154,mse,0.0003077774058213555,False
rush_hour,465->362,542,10,bezier_ipopt,0.9877207929966971,mse,0.00019484763620344285,False
rush_hour,465->362,542,10,bezier_nm,7.924416889029089,mse,0.0056850931814337174,False
rush_hour,466->137,542,10,bezier_pgd,0.0008052539778873324,mse,0.00015098886948658867,False
rush_hour,466->137,542,10,bezier_ipopt,1.0484541609766893,mse,0.00012571499277481244,False
rush_hour,466->137,542,10,bezier_nm,7.540350698982365,mse,0.0013132894622546365,False
rush_hour,466->331,542,10,bezier_pgd,0.0009469290380366147,mse,0.0018445759188253786,False
rush_hour,466->331,542,10,bezier_ipopt,,mse,,True
rush_hour,466->331,542,10,bezier_nm,7.445379261975177,mse,0.08131055603317526,False
rush_hour,466->336,542,10,bezier_pgd,0.0009807950118556619,mse,0.029358237712486367,False
rush_hour,466->336,542,10,bezier_ipopt,0.7438680040067993,mse,0.0006531832614066418,False
rush_hour,466->336,542,10,bezier_nm,6.81247246399289,mse,0.24463817912201963,False
rush_hour,466->339,542,10,bezier_pgd,0.0011492979829199612,mse,0.0014527806626399803,False
rush_hour,466->339,542,10,bezier_ipopt,0.9729501630063169,mse,0.0001761098477974058,False
rush_hour,466->339,542,10,bezier_nm,6.6998994830064476,mse,0.10380790369168195,False
rush_hour,467->138,542,10,bezier_pgd,0.0013421910116448998,mse,0.05327186274949873,False
rush_hour,467->138,542,10,bezier_ipopt,,mse,,True
rush_hour,467->138,542,10,bezier_nm,8.422759306035005,mse,0.15386140393361344,False
rush_hour,467->337,542,10,bezier_pgd,0.0020802320213988423,mse,0.0007600271416894972,False
rush_hour,467->337,542,10,bezier_ipopt,0.8800611749757081,mse,0.00011787116304968626,False
rush_hour,467->337,542,10,bezier_nm,10.213416585989762,mse,0.0052353922681736146,False
rush_hour,467->339,542,10,bezier_pgd,0.0019268509931862354,mse,0.0018082118991456359,False
rush_hour,467->339,542,10,bezier_ipopt,1.013970271043945,mse,0.0003117478570457496,False
rush_hour,467->339,542,10,bezier_nm,7.167943392996676,mse,0.04573428726571785,False
rush_hour,467->349,542,10,bezier_pgd,0.0013696710229851305,mse,0.0013229541223205835,False
rush_hour,467->349,542,10,bezier_ipopt,1.081578758021351,mse,0.001181877542569942,False
rush_hour,467->349,542,10,bezier_nm,7.036226251977496,mse,0.0025410253193374663,False
rush_hour,468->139,542,10,bezier_pgd,0.000917806988582015,mse,0.04247909092175375,False
rush_hour,468->139,542,10,bezier_ipopt,0.8407674899790436,mse,0.0002020252978165593,False
rush_hour,468->139,542,10,bezier_nm,6.354377572017256,mse,0.253458106278437,False
rush_hour,468->264,542,10,bezier_pgd,0.0009765899740159512,mse,0.0002706635560814524,False
rush_hour,468->264,542,10,bezier_ipopt,1.050124544010032,mse,0.00021668685201882247,False
rush_hour,468->264,542,10,bezier_nm,8.256119635014329,mse,0.0008193206660693191,False
rush_hour,468->286,542,10,bezier_pgd,0.0005977609544061124,mse,0.0003424754573665765,False
rush_hour,468->286,542,10,bezier_ipopt,1.1679503299528733,mse,0.0003071394708378574,False
rush_hour,468->286,542,10,bezier_nm,7.624376007996034,mse,0.0005914785346975121,False
rush_hour,468->346,542,10,bezier_pgd,0.0016984160174615681,mse,0.0005867668816043484,False
rush_hour,468->346,542,10,bezier_ipopt,1.0375966219580732,mse,0.00020405967879877306,False
rush_hour,468->346,542,10,bezier_nm,9.054213769966736,mse,0.003072832125499888,False
rush_hour,469->140,542,10,bezier_pgd,0.0011391480220481753,mse,0.0015379002634224193,False
rush_hour,469->140,542,10,bezier_ipopt,0.8707309769815765,mse,0.00018778980706899765,False
rush_hour,469->140,542,10,bezier_nm,7.5281561790034175,mse,0.05228874648380846,False
rush_hour,469->156,542,10,bezier_pgd,0.0009886869811452925,mse,0.0725175188918753,False
rush_hour,469->156,542,10,bezier_ipopt,0.9685458099702373,mse,0.000370500183831583,False
rush_hour,469->156,542,10,bezier_nm,6.676665996026713,mse,0.2662069528324314,False
rush_hour,469->211,542,10,bezier_pgd,0.0013367280480451882,mse,0.0010180220651386522,False
rush_hour,469->211,542,10,bezier_ipopt,0.9685826289933175,mse,0.00026555989038570224,False
rush_hour,469->211,542,10,bezier_nm,6.661299499042798,mse,0.04984064124495596,False
rush_hour,469->459,542,10,bezier_pgd,0.0007464640075340867,mse,0.0004647497068579396,False
rush_hour,469->459,542,10,bezier_ipopt,,mse,,True
rush_hour,469->459,542,10,bezier_nm,7.882899752003141,mse,0.0008181645865913838,False
rush_hour,47->46,542,10,bezier_pgd,0.0007727670017629862,mse,4.5217475297016545e-05,False
rush_hour,47->46,542,10,bezier_ipopt,1.1433333869790658,mse,2.4476000601176255e-05,False
rush_hour,47->46,542,10,bezier_nm,6.407173472980503,mse,0.0001825197725053095,False
rush_hour,47->48,542,10,bezier_pgd,0.0008979910053312778,mse,6.028670733873747e-05,False
rush_hour,47->48,542,10,bezier_ipopt,0.7840998420142569,mse,2.56655282231794e-05,False
rush_hour,47->48,542,10,bezier_nm,7.320188108016737,mse,0.00018189233721387148,False
rush_hour,470->142,542,10,bezier_pgd,0.0016248130123130977,mse,0.0003214959620869841,False
rush_hour,470->142,542,10,bezier_ipopt,1.0456494680256583,mse,0.00018262532312656837,False
rush_hour,470->142,542,10,bezier_nm,8.679802266007755,mse,0.0006949836844811204,False
rush_hour,470->154,542,10,bezier_pgd,0.0012534509878605604,mse,0.0004407646295326712,False
rush_hour,470->154,542,10,bezier_ipopt,0.9842293740366586,mse,0.00017396346310470057,False
rush_hour,470->154,542,10,bezier_nm,6.7639573480119,mse,0.04320421470540835,False
rush_hour,470->235,542,10,bezier_pgd,0.0009285940323024988,mse,0.0038326870394177143,False
rush_hour,470->235,542,10,bezier_ipopt,0.8154398879851215,mse,0.0002713771982169032,False
rush_hour,470->235,542,10,bezier_nm,6.6830178469535895,mse,0.04546937029544659,False
rush_hour,470->509,542,10,bezier_pgd,0.001085994008462876,mse,0.00014175420380570803,False
rush_hour,470->509,542,10,bezier_ipopt,0.7715631520259194,mse,0.00010738543931344302,False
rush_hour,470->509,542,10,bezier_nm,7.87955025798874,mse,0.0006122622368833827,False
rush_hour,471->127,542,10,bezier_pgd,0.001166992005892098,mse,0.010837810358856349,False
rush_hour,471->127,542,10,bezier_ipopt,,mse,,True
rush_hour,471->127,542,10,bezier_nm,6.166920873976778,mse,0.18070874242121784,False
rush_hour,471->228,542,10,bezier_pgd,0.0008381949737668037,mse,0.0016063916667498621,False
rush_hour,471->228,542,10,bezier_ipopt,1.2431631869985722,mse,0.00022190772458175696,False
rush_hour,471->228,542,10,bezier_nm,7.496285401983187,mse,0.06139022544675703,False
rush_hour,471->393,542,10,bezier_pgd,0.0011021040263585746,mse,0.0019857175495333695,False
rush_hour,471->393,542,10,bezier_ipopt,0.9433497099671513,mse,0.00012395601274619466,False
rush_hour,471->393,542,10,bezier_nm,7.192224274971522,mse,0.0012463744895444741,False
rush_hour,471->439,542,10,bezier_pgd,0.0015449150232598186,mse,0.00045276212136260996,False
rush_hour,471->439,542,10,bezier_ipopt,0.7731231619836763,mse,0.000265505029728384,False
rush_hour,471->439,542,10,bezier_nm,8.962807907024398,mse,0.0015455047140486911,False
rush_hour,472->148,542,10,bezier_pgd,0.0011815360048785806,mse,0.0002725191291920466,False
rush_hour,472->148,542,10,bezier_ipopt,1.1343037459882908,mse,0.00020045611497900451,False
rush_hour,472->148,542,10,bezier_nm,8.117766739975195,mse,0.0008520504535716509,False
rush_hour,472->191,542,10,bezier_pgd,0.0011367939878255129,mse,0.005747893865184795,False
rush_hour,472->191,542,10,bezier_ipopt,0.9252228690311313,mse,0.0002489105239491882,False
rush_hour,472->191,542,10,bezier_nm,7.74183894804446,mse,0.1653267468738224,False
rush_hour,472->204,542,10,bezier_pgd,0.001671232981607318,mse,0.0004662138250211847,False
rush_hour,472->204,542,10,bezier_ipopt,1.062660557043273,mse,0.0003766713321830779,False
rush_hour,472->204,542,10,bezier_nm,7.371692787972279,mse,0.002795322029061275,False
rush_hour,472->243,542,10,bezier_pgd,0.0012377340462990105,mse,0.0017802422430973613,False
rush_hour,472->243,542,10,bezier_ipopt,1.088663261034526,mse,0.0003686967681696379,False
rush_hour,472->243,542,10,bezier_nm,6.270294766989537,mse,0.09866238979524186,False
rush_hour,473->151,542,10,bezier_pgd,0.0009212090517394245,mse,0.0016117721885548848,False
rush_hour,473->151,542,10,bezier_ipopt,0.8697961239959113,mse,0.0002932191264159073,False
rush_hour,473->151,542,10,bezier_nm,6.559322046989109,mse,0.07373758661851641,False
rush_hour,473->244,542,10,bezier_pgd,0.0011631590314209461,mse,0.0016293515341449522,False
rush_hour,473->244,542,10,bezier_ipopt,0.9147175169782713,mse,0.00024536611778139413,False
rush_hour,473->244,542,10,bezier_nm,7.1721478719846345,mse,0.051881163352420906,False
rush_hour,473->258,542,10,bezier_pgd,0.0009402090217918158,mse,0.003849777902425987,False
rush_hour,473->258,542,10,bezier_ipopt,0.9232513480237685,mse,0.00022210076053537077,False
rush_hour,473->258,542,10,bezier_nm,6.474830471037421,mse,0.07757003393473764,False
rush_hour,473->260,542,10,bezier_pgd,0.0012135979486629367,mse,0.0002842525495164306,False
rush_hour,473->260,542,10,bezier_ipopt,0.9793834500014782,mse,0.00021417124482215613,False
rush_hour,473->260,542,10,bezier_nm,8.467763246968389,mse,0.0007262392463063692,False
rush_hour,474->153,542,10,bezier_pgd,0.002211096987593919,mse,0.0011673497019819735,False
rush_hour,474->153,542,10,bezier_ipopt,1.0718525280244648,mse,0.00022230419078852492,False
rush_hour,474->153,542,10,bezier_nm,6.921351936995052,mse,0.051604288196178946,False
rush_hour,474->235,542,10,bezier_pgd,0.0015651860157959163,mse,0.004509006888751465,False
rush_hour,474->235,542,10,bezier_ipopt,1.8563330490142107,mse,0.00036946858617524714,False
rush_hour,474->235,542,10,bezier_nm,6.816733885963913,mse,0.06294849794189517,False
rush_hour,474->258,542,10,bezier_pgd,0.0016427939990535378,mse,0.00104819977263834,False
rush_hour,474->258,542,10,bezier_ipopt,0.8666353540029377,mse,0.00031076196791534537,False
rush_hour,474->258,542,10,bezier_nm,6.520118243992329,mse,0.03766060319773355,False
rush_hour,474->416,542,10,bezier_pgd,0.000787583994679153,mse,0.00021521390953678545,False
rush_hour,474->416,542,10,bezier_ipopt,0.9603249639621936,mse,0.00017279535272785956,False
rush_hour,474->416,542,10,bezier_nm,7.363072264997754,mse,0.00031838003674337695,False
rush_hour,475->194,542,10,bezier_pgd,0.0011157029657624662,mse,0.00016109981242110361,False
rush_hour,475->194,542,10,bezier_ipopt,0.8143524480401538,mse,0.00013134755237530728,False
rush_hour,475->194,542,10,bezier_nm,8.059529494028538,mse,0.0006352897758937334,False
rush_hour,475->256,542,10,bezier_pgd,0.0012991869589313865,mse,0.0009492191105684766,False
rush_hour,475->256,542,10,bezier_ipopt,0.69948570599081,mse,0.00026220508811911574,False
rush_hour,475->256,542,10,bezier_nm,7.092603597964626,mse,0.06577019642695331,False
rush_hour,475->387,542,10,bezier_pgd,0.0009283620165660977,mse,0.006325954927858058,False
rush_hour,475->387,542,10,bezier_ipopt,0.8929365189978853,mse,0.0003138929994545872,False
rush_hour,475->387,542,10,bezier_nm,6.601137786987238,mse,0.08383551638278502,False
rush_hour,475->436,542,10,bezier_pgd,0.0008537870016880333,mse,0.001211115620599558,False
rush_hour,475->436,542,10,bezier_ipopt,0.7605472099967301,mse,0.00019743818077928832,False
rush_hour,475->436,542,10,bezier_nm,6.272855781018734,mse,0.07636049190917754,False
rush_hour,476->157,542,10,bezier_pgd,0.0009106390061788261,mse,0.0007638696371155003,False
rush_hour,476->157,542,10,bezier_ipopt,,mse,,True
rush_hour,476->157,542,10,bezier_nm,7.2295174120226875,mse,0.0007593935049815508,False
rush_hour,476->171,542,10,bezier_pgd,0.0015871229697950184,mse,0.00020587721905362052,False
rush_hour,476->171,542,10,bezier_ipopt,1.0609654079889879,mse,0.0001462924440787744,False
rush_hour,476->171,542,10,bezier_nm,8.312059165036771,mse,0.0010637417306364055,False
rush_hour,476->201,542,10,bezier_pgd,0.003625518991611898,mse,0.0013607163065902054,False
rush_hour,476->201,542,10,bezier_ipopt,8.273019210027996,mse,1.8612387576630905e-05,False
rush_hour,476->201,542,10,bezier_nm,5.4411859990214,mse,0.037890710716683984,False
rush_hour,476->310,542,10,bezier_pgd,0.0016874090069904923,mse,0.006771671741334889,False
rush_hour,476->310,542,10,bezier_ipopt,,mse,,True
rush_hour,476->310,542,10,bezier_nm,6.647414001985453,mse,0.11392756982920398,False
rush_hour,477->483,542,10,bezier_pgd,0.0012556769652292132,mse,0.005585954938548772,False
rush_hour,477->483,542,10,bezier_ipopt,0.7225199149688706,mse,0.000250943291378453,False
rush_hour,477->483,542,10,bezier_nm,7.372829749947414,mse,0.1729274448995085,False
rush_hour,477->525,542,10,bezier_pgd,0.0014851749874651432,mse,0.022800627353053198,False
rush_hour,477->525,542,10,bezier_ipopt,,mse,,True
rush_hour,477->525,542,10,bezier_nm,6.961870401981287,mse,0.16710601081355447,False
rush_hour,477->527,542,10,bezier_pgd,0.001606383011676371,mse,0.0008111617889595969,False
rush_hour,477->527,542,10,bezier_ipopt,,mse,,True
rush_hour,477->527,542,10,bezier_nm,7.016558074974455,mse,0.001539236237529342,False
rush_hour,477->534,542,10,bezier_pgd,0.001722279004752636,mse,0.0005207319719919335,False
rush_hour,477->534,542,10,bezier_ipopt,0.8216027679736726,mse,0.0002579499704091352,False
rush_hour,477->534,542,10,bezier_nm,7.653137765999418,mse,0.0012358384578843725,False
rush_hour,478->247,542,10,bezier_pgd,0.0009196260361932218,mse,0.0029071650545264174,False
rush_hour,478->247,542,10,bezier_ipopt,0.8687769459793344,mse,0.0003469414911777352,False
rush_hour,478->247,542,10,bezier_nm,6.22823085199343,mse,0.08724089054172932,False
rush_hour,478->316,542,10,bezier_pgd,0.0013997649657540023,mse,0.000664549948526245,False
rush_hour,478->316,542,10,bezier_ipopt,0.7696628469857387,mse,0.00030643576661450005,False
rush_hour,478->316,542,10,bezier_nm,9.363126537005883,mse,0.0022154380719597217,False
rush_hour,478->391,542,10,bezier_pgd,0.0010975399636663496,mse,0.004730899507890666,False
rush_hour,478->391,542,10,bezier_ipopt,,mse,,True
rush_hour,478->391,542,10,bezier_nm,7.6925323260365985,mse,0.06523151913336668,False
rush_hour,478->77,542,10,bezier_pgd,0.0005909779574722052,mse,0.0003101569076358483,False
rush_hour,478->77,542,10,bezier_ipopt,1.2957347740302794,mse,0.00017552583473451748,False
rush_hour,478->77,542,10,bezier_nm,8.119470831006765,mse,0.0003794506529535986,False
rush_hour,479->133,542,10,bezier_pgd,0.0010194120113737881,mse,0.00674195153366554,False
rush_hour,479->133,542,10,bezier_ipopt,,mse,,True
rush_hour,479->133,542,10,bezier_nm,6.514113689016085,mse,0.02477651539006609,False
rush_hour,479->135,542,10,bezier_pgd,0.0010470279958099127,mse,0.0030393546638586046,False
rush_hour,479->135,542,10,bezier_ipopt,0.7000485520111397,mse,0.00015881335395601372,False
rush_hour,479->135,542,10,bezier_nm,6.951419343997259,mse,0.0812830702907997,False
rush_hour,479->218,542,10,bezier_pgd,0.0009920779848471284,mse,0.010975510861947233,False
rush_hour,479->218,542,10,bezier_ipopt,,mse,,True
rush_hour,479->218,542,10,bezier_nm,6.532798806030769,mse,0.14186322788315464,False
rush_hour,479->513,542,10,bezier_pgd,0.0029202610021457076,mse,0.0014698123286156191,False
rush_hour,479->513,542,10,bezier_ipopt,1.1282251619850285,mse,0.00011315013418182669,False
rush_hour,479->513,542,10,bezier_nm,7.17678530595731,mse,0.07511011176044718,False
rush_hour,48->47,542,10,bezier_pgd,0.0007993900217115879,mse,6.46789787033081e-05,False
rush_hour,48->47,542,10,bezier_ipopt,1.0709593089995906,mse,2.1919070313252116e-05,False
rush_hour,48->47,542,10,bezier_nm,7.357818991004024,mse,0.00011331360603818602,False
rush_hour,48->49,542,10,bezier_pgd,0.001599502982571721,mse,4.3378361173290416e-05,False
rush_hour,48->49,542,10,bezier_ipopt,1.017247725976631,mse,1.3680314063162485e-05,False
rush_hour,48->49,542,10,bezier_nm,8.004524598014541,mse,0.00015240529032941642,False
rush_hour,480->155,542,10,bezier_pgd,0.0006256240303628147,mse,0.00020117191050766952,False
rush_hour,480->155,542,10,bezier_ipopt,0.8599633930134587,mse,0.0001403712381521608,False
rush_hour,480->155,542,10,bezier_nm,8.959175767027773,mse,0.0022912334607568924,False
rush_hour,480->359,542,10,bezier_pgd,0.0016759719583205879,mse,0.0002770981448428421,False
rush_hour,480->359,542,10,bezier_ipopt,0.7777690349612385,mse,0.0001481379583538502,False
rush_hour,480->359,542,10,bezier_nm,9.82295418297872,mse,0.002312906632665619,False
rush_hour,480->43,542,10,bezier_pgd,0.0015745569835416973,mse,0.00032019325343042,False
rush_hour,480->43,542,10,bezier_ipopt,0.945141387055628,mse,0.00018791612990989745,False
rush_hour,480->43,542,10,bezier_nm,8.956867436005268,mse,0.0005592409813682437,False
rush_hour,480->44,542,10,bezier_pgd,0.0007366259815171361,mse,4.8507036984916115e-05,False
rush_hour,480->44,542,10,bezier_ipopt,0.9043784490204416,mse,2.2162902629219336e-05,False
rush_hour,480->44,542,10,bezier_nm,8.336093571037054,mse,0.00012031936309587318,False
rush_hour,481->350,542,10,bezier_pgd,0.0015392170171253383,mse,0.002665249757528707,False
rush_hour,481->350,542,10,bezier_ipopt,,mse,,True
rush_hour,481->350,542,10,bezier_nm,6.831591678026598,mse,0.10047480468770721,False
rush_hour,481->444,542,10,bezier_pgd,0.0011676829890348017,mse,0.000736940185564105,False
rush_hour,481->444,542,10,bezier_ipopt,0.8998091149842367,mse,8.727294418858783e-05,False
rush_hour,481->444,542,10,bezier_nm,7.079038624011446,mse,0.05981324781800647,False
rush_hour,481->457,542,10,bezier_pgd,0.0014938459498807788,mse,0.00044705692454095967,False
rush_hour,481->457,542,10,bezier_ipopt,0.6942476729745977,mse,0.00018841291402461302,False
rush_hour,481->457,542,10,bezier_nm,9.474069678981323,mse,0.0044202247995464555,False
rush_hour,481->524,542,10,bezier_pgd,0.001208805013448,mse,0.00030309273290670096,False
rush_hour,481->524,542,10,bezier_ipopt,0.9190638680011034,mse,0.00014340854348153566,False
rush_hour,481->524,542,10,bezier_nm,8.246583389991429,mse,0.0005048522670581526,False
rush_hour,482->496,542,10,bezier_pgd,0.0026534299831837416,mse,0.0006641238032046586,False
rush_hour,482->496,542,10,bezier_ipopt,0.8748940389486961,mse,0.00045045141121159666,False
rush_hour,482->496,542,10,bezier_nm,8.964086701977067,mse,0.0025723621008761324,False
rush_hour,482->502,542,10,bezier_pgd,0.0013420599862001836,mse,0.001262953194678137,False
rush_hour,482->502,542,10,bezier_ipopt,0.9244556869962253,mse,0.0003182774662298311,False
rush_hour,482->502,542,10,bezier_nm,6.311772170010954,mse,0.021119001138747876,False
rush_hour,482->511,542,10,bezier_pgd,0.0009529889794066548,mse,0.0002015079217162615,False
rush_hour,482->511,542,10,bezier_ipopt,1.00104685802944,mse,0.00014635654109640696,False
rush_hour,482->511,542,10,bezier_nm,7.804769229027443,mse,0.00029712198671137696,False
rush_hour,482->520,542,10,bezier_pgd,0.001923079020343721,mse,0.0009985081480971129,False
rush_hour,482->520,542,10,bezier_ipopt,0.9638387209852226,mse,0.0003408609661089925,False
rush_hour,482->520,542,10,bezier_nm,9.06919614301296,mse,0.0055232134943883505,False
rush_hour,483->477,542,10,bezier_pgd,0.0011210190132260323,mse,0.021604214502521688,False
rush_hour,483->477,542,10,bezier_ipopt,0.8270732839591801,mse,0.00047765083021098956,False
rush_hour,483->477,542,10,bezier_nm,7.01728714001365,mse,0.18226252111544314,False
rush_hour,483->519,542,10,bezier_pgd,0.0012423390289768577,mse,0.03209844588857105,False
rush_hour,483->519,542,10,bezier_ipopt,,mse,,True
rush_hour,483->519,542,10,bezier_nm,6.358160343952477,mse,0.2672334209814321,False
rush_hour,483->526,542,10,bezier_pgd,0.0014100419939495623,mse,0.0020929279982628874,False
rush_hour,483->526,542,10,bezier_ipopt,1.1176146990037523,mse,0.0003011844457888521,False
rush_hour,483->526,542,10,bezier_nm,6.722094085009303,mse,0.07192275777175113,False
rush_hour,483->531,542,10,bezier_pgd,0.000974487978965044,mse,0.0020992486993203032,False
rush_hour,483->531,542,10,bezier_ipopt,0.9210987790138461,mse,0.00027209390377158833,False
rush_hour,483->531,542,10,bezier_nm,6.451510541024618,mse,0.06711433790138048,False
rush_hour,484->117,542,10,bezier_pgd,0.0011141679715365171,mse,0.00037156053901855207,False
rush_hour,484->117,542,10,bezier_ipopt,1.1588529720320366,mse,0.0002464859002521256,False
rush_hour,484->117,542,10,bezier_nm,7.577259310986847,mse,0.0005366532933605778,False
rush_hour,484->176,542,10,bezier_pgd,0.000838519015815109,mse,0.0023567616641871937,False
rush_hour,484->176,542,10,bezier_ipopt,0.6817433800315484,mse,0.00020735938472145113,False
rush_hour,484->176,542,10,bezier_nm,6.618378961051349,mse,0.07164191334893208,False
rush_hour,484->195,542,10,bezier_pgd,0.0008801259682513773,mse,0.0015983532521722827,False
rush_hour,484->195,542,10,bezier_ipopt,0.8127475429791957,mse,0.00019635156268786315,False
rush_hour,484->195,542,10,bezier_nm,7.128575103008188,mse,0.07231692063100793,False
rush_hour,484->254,542,10,bezier_pgd,0.0008586249896325171,mse,0.0019266728987474236,False
rush_hour,484->254,542,10,bezier_ipopt,1.0392474840045907,mse,0.00023316729244183477,False
rush_hour,484->254,542,10,bezier_nm,5.8834928930155,mse,0.015128590071280288,False
rush_hour,485->184,542,10,bezier_pgd,0.0009085459751076996,mse,0.0002466967075928156,False
rush_hour,485->184,542,10,bezier_ipopt,0.8848463559988886,mse,0.00015978688298112678,False
rush_hour,485->184,542,10,bezier_nm,7.970105929998681,mse,0.0005423459049792237,False
rush_hour,485->188,542,10,bezier_pgd,0.0013048510299995542,mse,0.004680533599843275,False
rush_hour,485->188,542,10,bezier_ipopt,0.7551642719772644,mse,0.0003138310793590398,False
rush_hour,485->188,542,10,bezier_nm,6.258033860009164,mse,0.09076235607963536,False
rush_hour,485->227,542,10,bezier_pgd,0.0012634589802473783,mse,0.0002630646512866153,False
rush_hour,485->227,542,10,bezier_ipopt,,mse,,True
rush_hour,485->227,542,10,bezier_nm,8.140311797033064,mse,0.0010087134755261365,False
rush_hour,485->489,542,10,bezier_pgd,0.0029225220205262303,mse,0.00039410652561630696,False
rush_hour,485->489,542,10,bezier_ipopt,0.8647308310028166,mse,0.0002157189971696604,False
rush_hour,485->489,542,10,bezier_nm,8.18672332901042,mse,0.0013639625076862095,False
rush_hour,486->123,542,10,bezier_pgd,0.0012432010262273252,mse,0.00029144391876180796,False
rush_hour,486->123,542,10,bezier_ipopt,0.9333404389908537,mse,0.0002253634459541052,False
rush_hour,486->123,542,10,bezier_nm,7.24916944099823,mse,0.0011688237779909176,False
rush_hour,486->194,542,10,bezier_pgd,0.0016723640146665275,mse,0.00031674957323425966,False
rush_hour,486->194,542,10,bezier_ipopt,0.9655472789891064,mse,0.00022086662470348153,False
rush_hour,486->194,542,10,bezier_nm,9.011620067001786,mse,0.004282048466751804,False
rush_hour,486->363,542,10,bezier_pgd,0.0008490890031680465,mse,0.005236522193781141,False
rush_hour,486->363,542,10,bezier_ipopt,,mse,,True
rush_hour,486->363,542,10,bezier_nm,7.061043783964124,mse,0.10261362466962749,False
rush_hour,486->403,542,10,bezier_pgd,0.000873373996000737,mse,0.004260256572393885,False
rush_hour,486->403,542,10,bezier_ipopt,1.1533136169891804,mse,0.00031188763948643066,False
rush_hour,486->403,542,10,bezier_nm,6.502343359985389,mse,0.05558968524895798,False
rush_hour,487->201,542,10,bezier_pgd,0.0010484419763088226,mse,0.013231544285508939,False
rush_hour,487->201,542,10,bezier_ipopt,0.9105173440184444,mse,0.00030526681285648183,False
rush_hour,487->201,542,10,bezier_nm,6.9438469460001215,mse,0.0671092075365111,False
rush_hour,487->293,542,10,bezier_pgd,0.0008071649936027825,mse,0.00024439386078054784,False
rush_hour,487->293,542,10,bezier_ipopt,,mse,,True
rush_hour,487->293,542,10,bezier_nm,8.905354770016856,mse,0.0011603682929471398,False
rush_hour,487->302,542,10,bezier_pgd,0.0009685789700597525,mse,0.00031754737689780523,False
rush_hour,487->302,542,10,bezier_ipopt,0.8691582389874384,mse,0.0002036917538687073,False
rush_hour,487->302,542,10,bezier_nm,7.930916406970937,mse,0.000868646841269267,False
rush_hour,487->317,542,10,bezier_pgd,0.0006410240312106907,mse,0.0002197645211621016,False
rush_hour,487->317,542,10,bezier_ipopt,1.1593460160074756,mse,0.00016114503721093083,False
rush_hour,487->317,542,10,bezier_nm,7.546552982996218,mse,0.000357830804156781,False
rush_hour,488->21,542,10,bezier_pgd,0.0008246420184150338,mse,0.009395400301092876,False
rush_hour,488->21,542,10,bezier_ipopt,0.7642961980309337,mse,0.0002495648729672712,False
rush_hour,488->21,542,10,bezier_nm,6.812336170987692,mse,0.09150870681731632,False
rush_hour,488->212,542,10,bezier_pgd,0.0011919629760086536,mse,0.0021126576288091094,False
rush_hour,488->212,542,10,bezier_ipopt,0.8842938290326856,mse,0.0004112448350496996,False
rush_hour,488->212,542,10,bezier_nm,7.455962772015482,mse,0.02682393490300394,False
rush_hour,488->505,542,10,bezier_pgd,0.0013051750138401985,mse,0.00048208495993037914,False
rush_hour,488->505,542,10,bezier_ipopt,0.9754358350182883,mse,0.0002537974987119322,False
rush_hour,488->505,542,10,bezier_nm,6.122624910029117,mse,0.006563345092559369,False
rush_hour,488->531,542,10,bezier_pgd,0.001176566001959145,mse,0.0006111692982994667,False
rush_hour,488->531,542,10,bezier_ipopt,,mse,,True
rush_hour,488->531,542,10,bezier_nm,7.142683085985482,mse,0.025003220595963997,False
rush_hour,489->218,542,10,bezier_pgd,0.0008780439966358244,mse,0.022496213048662703,False
rush_hour,489->218,542,10,bezier_ipopt,0.7179584270343184,mse,0.00037365849676461335,False
rush_hour,489->218,542,10,bezier_nm,6.1104605559958145,mse,0.2283144694822969,False
rush_hour,489->311,542,10,bezier_pgd,0.0009767510346136987,mse,0.00030119741664740235,False
rush_hour,489->311,542,10,bezier_ipopt,,mse,,True
rush_hour,489->311,542,10,bezier_nm,7.894461916002911,mse,0.0009134695243578223,False
rush_hour,489->338,542,10,bezier_pgd,0.0009467320051044226,mse,0.004399198339227846,False
rush_hour,489->338,542,10,bezier_ipopt,0.8861400540336035,mse,0.00035309273608859367,False
rush_hour,489->338,542,10,bezier_nm,6.808408394979779,mse,0.1131124069485222,False
rush_hour,489->485,542,10,bezier_pgd,0.002059548976831138,mse,0.0004365558592758781,False
rush_hour,489->485,542,10,bezier_ipopt,0.7325581540353596,mse,0.00022789013984990405,False
rush_hour,489->485,542,10,bezier_nm,8.879795059969183,mse,0.0015798503090878285,False
rush_hour,49->449,542,10,bezier_pgd,0.001194989017676562,mse,6.663744764393069e-05,False
rush_hour,49->449,542,10,bezier_ipopt,0.877245238982141,mse,1.8717086703576536e-05,False
rush_hour,49->449,542,10,bezier_nm,7.296777868992649,mse,0.00043121393665630146,False
rush_hour,49->48,542,10,bezier_pgd,0.0017214519903063774,mse,4.493103245223617e-05,False
rush_hour,49->48,542,10,bezier_ipopt,1.3776857419870794,mse,2.286016116730115e-05,False
rush_hour,49->48,542,10,bezier_nm,7.5588493649847806,mse,0.00021281383005375293,False
rush_hour,490->120,542,10,bezier_pgd,0.0011474339989945292,mse,0.00020494966617162546,False
rush_hour,490->120,542,10,bezier_ipopt,1.0253921310068108,mse,0.00014577717374384267,False
rush_hour,490->120,542,10,bezier_nm,8.045003912993707,mse,0.0006395090677706062,False
rush_hour,490->207,542,10,bezier_pgd,0.002079872996546328,mse,0.0006982779198088326,False
rush_hour,490->207,542,10,bezier_ipopt,1.1134314889786765,mse,0.00016923340528110858,False
rush_hour,490->207,542,10,bezier_nm,6.5686260589864105,mse,0.05512339600672794,False
rush_hour,490->286,542,10,bezier_pgd,0.0010168770095333457,mse,0.000690486530826167,False
rush_hour,490->286,542,10,bezier_ipopt,0.8539243030245416,mse,0.00045349751142488814,False
rush_hour,490->286,542,10,bezier_nm,8.529000918962993,mse,0.005443173227771211,False
rush_hour,490->366,542,10,bezier_pgd,0.0021425160230137408,mse,0.00042065056165885826,False
rush_hour,490->366,542,10,bezier_ipopt,4.03233051096322,mse,0.00011506354000426784,False
rush_hour,490->366,542,10,bezier_nm,8.700131447985768,mse,0.0012334085285464415,False
rush_hour,491->219,542,10,bezier_pgd,0.0009912329842336476,mse,0.01480061992708,False
rush_hour,491->219,542,10,bezier_ipopt,0.8758277370361611,mse,0.00041982943492705545,False
rush_hour,491->219,542,10,bezier_nm,7.078856347012334,mse,0.1595063850479934,False
rush_hour,491->492,542,10,bezier_pgd,0.0018567199585959315,mse,0.0003462633881943959,False
rush_hour,491->492,542,10,bezier_ipopt,1.1788025930291042,mse,0.00020951331821988074,False
rush_hour,491->492,542,10,bezier_nm,7.563649044022895,mse,0.003422470599927165,False
rush_hour,491->501,542,10,bezier_pgd,0.000925728993024677,mse,0.020290937936818257,False
rush_hour,491->501,542,10,bezier_ipopt,0.8457953340257518,mse,0.00017222134127033848,False
rush_hour,491->501,542,10,bezier_nm,7.030610078014433,mse,0.23256672195723596,False
rush_hour,491->503,542,10,bezier_pgd,0.0010453760041855276,mse,7.272217449299983e-05,False
rush_hour,491->503,542,10,bezier_ipopt,0.9627747249905951,mse,4.909420510087567e-05,False
rush_hour,491->503,542,10,bezier_nm,7.415230726997834,mse,0.00021082490680509746,False
rush_hour,492->17,542,10,bezier_pgd,0.0010892489808611572,mse,0.0039615822227369165,False
rush_hour,492->17,542,10,bezier_ipopt,0.8801367930136621,mse,0.00021634848168571196,False
rush_hour,492->17,542,10,bezier_nm,6.714850109012332,mse,0.13119225575872923,False
rush_hour,492->491,542,10,bezier_pgd,0.000888361013494432,mse,0.0006925159498903904,False
rush_hour,492->491,542,10,bezier_ipopt,0.8818117859773338,mse,0.0006314700392690893,False
rush_hour,492->491,542,10,bezier_nm,6.70424545701826,mse,0.002715665240690605,False
rush_hour,492->501,542,10,bezier_pgd,0.0010663049761205912,mse,0.004327411440299146,False
rush_hour,492->501,542,10,bezier_ipopt,1.7336013140156865,mse,0.0003294432949956032,False
rush_hour,492->501,542,10,bezier_nm,7.22263934701914,mse,0.11053292437079,False
rush_hour,493->132,542,10,bezier_pgd,0.0008141649886965752,mse,0.029430858317305048,False
rush_hour,493->132,542,10,bezier_ipopt,1.0548717370256782,mse,0.0002588077080884167,False
rush_hour,493->132,542,10,bezier_nm,7.227177580003627,mse,0.23396820877118316,False
rush_hour,493->394,542,10,bezier_pgd,0.0010147889843210578,mse,0.06898155332504115,False
rush_hour,493->394,542,10,bezier_ipopt,0.8588715919759125,mse,0.0003430862632396733,False
rush_hour,493->394,542,10,bezier_nm,7.858486748998985,mse,0.261636589203658,False
rush_hour,493->413,542,10,bezier_pgd,0.0015309840091504157,mse,0.005778808420409676,False
rush_hour,493->413,542,10,bezier_ipopt,,mse,,True
rush_hour,493->413,542,10,bezier_nm,6.789836495008785,mse,0.10228844344810663,False
rush_hour,494->220,542,10,bezier_pgd,0.0016003879718482494,mse,0.0010139924073202624,False
rush_hour,494->220,542,10,bezier_ipopt,0.6929738530307077,mse,0.0002845897725339008,False
rush_hour,494->220,542,10,bezier_nm,8.515003791020717,mse,0.0056822295523537795,False
rush_hour,494->257,542,10,bezier_pgd,0.0007584859849885106,mse,0.0003097408060476974,False
rush_hour,494->257,542,10,bezier_ipopt,0.9024584169965237,mse,0.0002937898100562779,False
rush_hour,494->257,542,10,bezier_nm,7.562317199015524,mse,0.0006169076599292992,False
rush_hour,494->268,542,10,bezier_pgd,0.002031714015174657,mse,0.0005615007971000869,False
rush_hour,494->268,542,10,bezier_ipopt,0.7744918609969318,mse,0.00021200474366277436,False
rush_hour,494->268,542,10,bezier_nm,8.162644223019015,mse,0.0035790418864764043,False
rush_hour,494->371,542,10,bezier_pgd,0.0011495179496705532,mse,0.0029354237188785365,False
rush_hour,494->371,542,10,bezier_ipopt,1.1951459960546345,mse,0.00023211638986210122,False
rush_hour,494->371,542,10,bezier_nm,6.811995203024708,mse,0.13060213903174417,False
rush_hour,495->190,542,10,bezier_pgd,0.0008706439984962344,mse,0.011103687517315405,False
rush_hour,495->190,542,10,bezier_ipopt,0.8518303480232134,mse,0.0003839587354681248,False
rush_hour,495->190,542,10,bezier_nm,6.5763814260135405,mse,0.11104368253092207,False
rush_hour,495->226,542,10,bezier_pgd,0.0010788069921545684,mse,0.0005509115690016623,False
rush_hour,495->226,542,10,bezier_ipopt,0.7826442130026408,mse,0.00032943463856621865,False
rush_hour,495->226,542,10,bezier_nm,9.30922652996378,mse,0.0015129903016881674,False
rush_hour,495->237,542,10,bezier_pgd,0.0006715769995935261,mse,0.00012988362614330774,False
rush_hour,495->237,542,10,bezier_ipopt,0.9046279710019007,mse,7.61413138794746e-05,False
rush_hour,495->237,542,10,bezier_nm,7.276413053041324,mse,0.0020986309583077237,False
rush_hour,495->282,542,10,bezier_pgd,0.000985432998277247,mse,0.0047682212950896224,False
rush_hour,495->282,542,10,bezier_ipopt,,mse,,True
rush_hour,495->282,542,10,bezier_nm,6.5080822900054045,mse,0.11046279626659526,False
rush_hour,496->431,542,10,bezier_pgd,0.0014586609904654324,mse,0.0006039301585451978,False
rush_hour,496->431,542,10,bezier_ipopt,0.7943459649686702,mse,0.00025630216884587166,False
rush_hour,496->431,542,10,bezier_nm,8.793983614013996,mse,0.0023098946008439274,False
rush_hour,496->455,542,10,bezier_pgd,0.003635325003415346,mse,0.00022726241727791838,False
rush_hour,496->455,542,10,bezier_ipopt,0.7748984440113418,mse,0.00018626731125865792,False
rush_hour,496->455,542,10,bezier_nm,8.173727394023445,mse,0.0010515773228377797,False
rush_hour,496->482,542,10,bezier_pgd,0.0016126620466820896,mse,0.0007877303241165354,False
rush_hour,496->482,542,10,bezier_ipopt,1.3162270960165188,mse,0.00021614302032744887,False
rush_hour,496->482,542,10,bezier_nm,6.817769762012176,mse,0.03740978461745998,False
rush_hour,496->511,542,10,bezier_pgd,0.0019047620007768273,mse,0.00273068775371879,False
rush_hour,496->511,542,10,bezier_ipopt,1.124964436981827,mse,0.000440963771532643,False
rush_hour,496->511,542,10,bezier_nm,6.3965410880045965,mse,0.04004113785501169,False
rush_hour,497->263,542,10,bezier_pgd,0.0013746340409852564,mse,0.013786764233454084,False
rush_hour,497->263,542,10,bezier_ipopt,0.8710806249873713,mse,0.0002019562879750893,False
rush_hour,497->263,542,10,bezier_nm,6.457682378997561,mse,0.21930822241636017,False
rush_hour,497->287,542,10,bezier_pgd,0.0017871420131996274,mse,0.0007719844440208847,False
rush_hour,497->287,542,10,bezier_ipopt,0.8805347610032186,mse,0.00037429856672904473,False
rush_hour,497->287,542,10,bezier_nm,8.67485917097656,mse,0.005160627435170302,False
rush_hour,497->431,542,10,bezier_pgd,0.0007772259996272624,mse,0.0004389097894860633,False
rush_hour,497->431,542,10,bezier_ipopt,0.8569459310383536,mse,0.00021743245656749127,False
rush_hour,497->431,542,10,bezier_nm,7.104028927977197,mse,0.005530694800593757,False
rush_hour,497->535,542,10,bezier_pgd,0.001329079968854785,mse,0.0003226971329630569,False
rush_hour,497->535,542,10,bezier_ipopt,0.8457859689951874,mse,0.00013558553490081022,False
rush_hour,497->535,542,10,bezier_nm,7.688736482989043,mse,0.002400517964797816,False
rush_hour,498->148,542,10,bezier_pgd,0.0015830649645067751,mse,0.00038888427251893226,False
rush_hour,498->148,542,10,bezier_ipopt,0.8664009780040942,mse,0.0002884395047347488,False
rush_hour,498->148,542,10,bezier_nm,8.226991949020885,mse,0.0007354174420223976,False
rush_hour,498->236,542,10,bezier_pgd,0.0017243699985556304,mse,0.0004739594752204026,False
rush_hour,498->236,542,10,bezier_ipopt,1.2324801710201427,mse,0.00030531766711886735,False
rush_hour,498->236,542,10,bezier_nm,7.643568244006019,mse,0.0007172200325686516,False
rush_hour,498->257,542,10,bezier_pgd,0.0012217690236866474,mse,0.00035463264840625866,False
rush_hour,498->257,542,10,bezier_ipopt,0.9231535979779437,mse,0.00026939532062442167,False
rush_hour,498->257,542,10,bezier_nm,7.378345867036842,mse,0.0016795424781369426,False
rush_hour,498->369,542,10,bezier_pgd,0.001035957015119493,mse,0.0002765123251365475,False
rush_hour,498->369,542,10,bezier_ipopt,0.926380010030698,mse,0.00013316793119868647,False
rush_hour,498->369,542,10,bezier_nm,6.980630996986292,mse,0.0010147871362300406,False
rush_hour,499->303,542,10,bezier_pgd,0.002739445015322417,mse,0.0007406210030070808,False
rush_hour,499->303,542,10,bezier_ipopt,0.8200324759818614,mse,0.00019746129533547633,False
rush_hour,499->303,542,10,bezier_nm,7.835875029035378,mse,0.005702315640291003,False
rush_hour,499->360,542,10,bezier_pgd,0.0011905520223081112,mse,0.0002412196729323152,False
rush_hour,499->360,542,10,bezier_ipopt,0.8714423250057735,mse,0.00017288179283438622,False
rush_hour,499->360,542,10,bezier_nm,8.123894374992233,mse,0.00029380856313275517,False
rush_hour,499->362,542,10,bezier_pgd,0.0010145739652216434,mse,0.0002858433596747775,False
rush_hour,499->362,542,10,bezier_ipopt,0.8791927919955924,mse,0.0001977665524016909,False
rush_hour,499->362,542,10,bezier_nm,8.02350029698573,mse,0.0005752082805053069,False
rush_hour,499->9,542,10,bezier_pgd,0.0016804180340841413,mse,0.00048804367844391494,False
rush_hour,499->9,542,10,bezier_ipopt,0.974919606000185,mse,0.000145962923278187,False
rush_hour,499->9,542,10,bezier_nm,6.762700426974334,mse,0.0042812269400300754,False
rush_hour,5->106,542,10,bezier_pgd,0.001145174028351903,mse,5.1510713301807296e-05,False
rush_hour,5->106,542,10,bezier_ipopt,1.042371732997708,mse,1.5465079617121383e-05,False
rush_hour,5->106,542,10,bezier_nm,7.385062608984299,mse,0.0003144297654635491,False
rush_hour,50->51,542,10,bezier_pgd,0.0008119780104607344,mse,4.112768454867148e-05,False
rush_hour,50->51,542,10,bezier_ipopt,0.8748762809555046,mse,2.395563710650204e-05,False
rush_hour,50->51,542,10,bezier_nm,6.241072679986246,mse,0.0006882431173712391,False
rush_hour,50->55,542,10,bezier_pgd,0.0008673749980516732,mse,3.9776329901129784e-05,False
rush_hour,50->55,542,10,bezier_ipopt,1.063347167975735,mse,2.322794579513999e-05,False
rush_hour,50->55,542,10,bezier_nm,7.467639178968966,mse,0.0009903920090231111,False
rush_hour,500->253,542,10,bezier_pgd,0.0028357120463624597,mse,0.0004259802923535703,False
rush_hour,500->253,542,10,bezier_ipopt,0.8656137399957515,mse,0.0003144177684194656,False
rush_hour,500->253,542,10,bezier_nm,7.838280618947465,mse,0.002387251220930769,False
rush_hour,500->304,542,10,bezier_pgd,0.0007016430026851594,mse,0.00030419760231589413,False
rush_hour,500->304,542,10,bezier_ipopt,0.9640012980089523,mse,0.0002681095537244772,False
rush_hour,500->304,542,10,bezier_nm,7.756766708975192,mse,0.0011845063708255412,False
rush_hour,500->309,542,10,bezier_pgd,0.0032935579656623304,mse,0.00043793004435387203,False
rush_hour,500->309,542,10,bezier_ipopt,1.015920776000712,mse,0.00029043952817881273,False
rush_hour,500->309,542,10,bezier_nm,6.646089653018862,mse,0.0016552027053214407,False
rush_hour,500->406,542,10,bezier_pgd,0.0008953309734351933,mse,0.0004270246230081959,False
rush_hour,500->406,542,10,bezier_ipopt,0.9908110949909315,mse,0.00024669442780919594,False
rush_hour,500->406,542,10,bezier_nm,8.06680235802196,mse,0.0006408200610409873,False
rush_hour,501->256,542,10,bezier_pgd,0.0009672360029071569,mse,0.004240499715007904,False
rush_hour,501->256,542,10,bezier_ipopt,0.8355377650004812,mse,0.00017878994892167304,False
rush_hour,501->256,542,10,bezier_nm,6.299452412989922,mse,0.12222934075198262,False
rush_hour,501->382,542,10,bezier_pgd,0.0009327179868705571,mse,0.0003271896390286814,False
rush_hour,501->382,542,10,bezier_ipopt,0.7580181919620372,mse,0.0002552033869695187,False
rush_hour,501->382,542,10,bezier_nm,8.230307113029994,mse,0.0008947570826080943,False
rush_hour,501->491,542,10,bezier_pgd,0.0008693970157764852,mse,0.003996125115820405,False
rush_hour,501->491,542,10,bezier_ipopt,0.9863572819740511,mse,0.0004824111416002537,False
rush_hour,501->491,542,10,bezier_nm,6.999894685985055,mse,0.10770653414682424,False
rush_hour,501->492,542,10,bezier_pgd,0.0007963090320117772,mse,0.00032855383888654723,False
rush_hour,501->492,542,10,bezier_ipopt,0.8685139309964143,mse,0.00019467012060710932,False
rush_hour,501->492,542,10,bezier_nm,8.15237803204218,mse,0.0009857811367478967,False
rush_hour,502->367,542,10,bezier_pgd,0.0010999090154655278,mse,0.0015313329722859927,False
rush_hour,502->367,542,10,bezier_ipopt,0.7936043390072882,mse,0.0001689903061507211,False
rush_hour,502->367,542,10,bezier_nm,6.1383042319794185,mse,0.009246266584285215,False
rush_hour,502->379,542,10,bezier_pgd,0.0008307790267281234,mse,0.006184905246651131,False
rush_hour,502->379,542,10,bezier_ipopt,0.9480478339828551,mse,0.0001878729770255038,False
rush_hour,502->379,542,10,bezier_nm,5.679260277014691,mse,0.05285047102796263,False
rush_hour,502->482,542,10,bezier_pgd,0.0018241550424136221,mse,0.0006070645853272539,False
rush_hour,502->482,542,10,bezier_ipopt,0.6261337019968778,mse,0.00016601343665327418,False
rush_hour,502->482,542,10,bezier_nm,8.389704300032463,mse,0.002700478071504901,False
rush_hour,502->520,542,10,bezier_pgd,0.0010364949703216553,mse,0.00019622030886745512,False
rush_hour,502->520,542,10,bezier_ipopt,0.9391619460075162,mse,0.00010578982224386462,False
rush_hour,502->520,542,10,bezier_nm,7.5791532740113325,mse,0.0005789813919960155,False
rush_hour,503->296,542,10,bezier_pgd,0.002333703974727541,mse,0.0003279154185493664,False
rush_hour,503->296,542,10,bezier_ipopt,3.1779519269475713,mse,0.00021025582886658194,False
rush_hour,503->296,542,10,bezier_nm,8.606776855012868,mse,0.007055884599013814,False
rush_hour,503->395,542,10,bezier_pgd,0.0011302099446766078,mse,0.0036977226584795878,False
rush_hour,503->395,542,10,bezier_ipopt,1.1537761219660752,mse,0.00024557019443982754,False
rush_hour,503->395,542,10,bezier_nm,7.382445787021425,mse,0.09875017458420556,False
rush_hour,503->491,542,10,bezier_pgd,0.001137627987191081,mse,0.0011681312401293055,False
rush_hour,503->491,542,10,bezier_ipopt,0.9519577010069042,mse,0.00018597949344350192,False
rush_hour,503->491,542,10,bezier_nm,6.974168695975095,mse,0.06174686071557272,False
rush_hour,503->512,542,10,bezier_pgd,0.0009982000337913632,mse,0.0002656252419256164,False
rush_hour,503->512,542,10,bezier_ipopt,0.978485569008626,mse,0.00022166932274019288,False
rush_hour,503->512,542,10,bezier_nm,7.391161573003046,mse,0.006874095507731115,False
rush_hour,504->206,542,10,bezier_pgd,0.0018433500081300735,mse,0.00044815225056367983,False
rush_hour,504->206,542,10,bezier_ipopt,0.7509286039858125,mse,0.00020787461946261343,False
rush_hour,504->206,542,10,bezier_nm,8.69013277196791,mse,0.0012725951090920822,False
rush_hour,504->207,542,10,bezier_pgd,0.0011273949639871716,mse,0.0014097419070054885,False
rush_hour,504->207,542,10,bezier_ipopt,0.9878462760243565,mse,0.00030900473122012973,False
rush_hour,504->207,542,10,bezier_nm,7.7719991620397195,mse,0.06011060017027265,False
rush_hour,504->343,542,10,bezier_pgd,0.0008008599979802966,mse,0.004556978292048798,False
rush_hour,504->343,542,10,bezier_ipopt,1.1170015009702183,mse,0.0002429159088504631,False
rush_hour,504->343,542,10,bezier_nm,6.701067860994954,mse,0.0448381247168938,False
rush_hour,504->424,542,10,bezier_pgd,0.0010821989853866398,mse,0.02074966091652694,False
rush_hour,504->424,542,10,bezier_ipopt,1.2675785570172593,mse,0.00013648473591721112,False
rush_hour,504->424,542,10,bezier_nm,6.468825066986028,mse,0.2023349519634694,False
rush_hour,505->263,542,10,bezier_pgd,0.0009000150021165609,mse,0.002828881420687262,False
rush_hour,505->263,542,10,bezier_ipopt,0.9431206479785033,mse,0.0002167839763324844,False
rush_hour,505->263,542,10,bezier_nm,5.905038177035749,mse,0.05798797942863969,False
rush_hour,505->407,542,10,bezier_pgd,0.0015704359975643456,mse,0.0006101170411230993,False
rush_hour,505->407,542,10,bezier_ipopt,0.7828293800121173,mse,0.00024345576402351885,False
rush_hour,505->407,542,10,bezier_nm,8.703170297958422,mse,0.002104766911680426,False
rush_hour,505->488,542,10,bezier_pgd,0.0009943459881469607,mse,0.013133405802773983,False
rush_hour,505->488,542,10,bezier_ipopt,1.1352367300423793,mse,0.0002441286093477953,False
rush_hour,505->488,542,10,bezier_nm,6.751483647967689,mse,0.14050564216354194,False
rush_hour,505->532,542,10,bezier_pgd,0.0010642550187185407,mse,0.00018911539747466148,False
rush_hour,505->532,542,10,bezier_ipopt,0.9634355659945868,mse,0.00015811253842512138,False
rush_hour,505->532,542,10,bezier_nm,8.128807653964031,mse,0.0007282045956448396,False
rush_hour,506->19,542,10,bezier_pgd,0.0010058950283564627,mse,0.10590921734956334,False
rush_hour,506->19,542,10,bezier_ipopt,1.1808056729496457,mse,0.0005225979296731992,False
rush_hour,506->19,542,10,bezier_nm,6.5704844040446915,mse,0.29312558251431897,False
rush_hour,506->296,542,10,bezier_pgd,0.0009842540021054447,mse,0.0021417271112026525,False
rush_hour,506->296,542,10,bezier_ipopt,0.9511486010160297,mse,0.000153414631249427,False
rush_hour,506->296,542,10,bezier_nm,6.807467209990136,mse,0.07823722152333348,False
rush_hour,506->304,542,10,bezier_pgd,0.0009288729634135962,mse,0.005245984540869648,False
rush_hour,506->304,542,10,bezier_ipopt,0.8309945769724436,mse,0.0001886579312696542,False
rush_hour,506->304,542,10,bezier_nm,7.518225259962492,mse,0.09898724985680284,False
rush_hour,506->458,542,10,bezier_pgd,0.0009970469982363284,mse,0.08638531801285734,False
rush_hour,506->458,542,10,bezier_ipopt,1.1599128270172514,mse,0.0003998273487552366,False
rush_hour,506->458,542,10,bezier_nm,6.870617998007219,mse,0.28494604546909325,False
rush_hour,507->150,542,10,bezier_pgd,0.0016896940069273114,mse,0.0004360847282332634,False
rush_hour,507->150,542,10,bezier_ipopt,1.1612009200034663,mse,0.00011748974304735105,False
rush_hour,507->150,542,10,bezier_nm,6.418741122994106,mse,0.029421498640190353,False
rush_hour,507->302,542,10,bezier_pgd,0.004461100033950061,mse,0.0007012478745963348,False
rush_hour,507->302,542,10,bezier_ipopt,,mse,,True
rush_hour,507->302,542,10,bezier_nm,5.964186644996516,mse,0.0029799462083989355,False
rush_hour,507->404,542,10,bezier_pgd,0.0010121710365638137,mse,0.0002703258588436509,False
rush_hour,507->404,542,10,bezier_ipopt,0.8076399179990403,mse,0.00020083286023964085,False
rush_hour,507->404,542,10,bezier_nm,8.384079170005862,mse,0.0030077302673299803,False
rush_hour,507->424,542,10,bezier_pgd,0.0009433570085093379,mse,0.0013484590748417805,False
rush_hour,507->424,542,10,bezier_ipopt,0.7752434510039166,mse,0.00033377322048727567,False
rush_hour,507->424,542,10,bezier_nm,6.0512050339602865,mse,0.0048712666962197745,False
rush_hour,508->230,542,10,bezier_pgd,0.0009670170256868005,mse,0.07243765689054979,False
rush_hour,508->230,542,10,bezier_ipopt,1.9667868319666013,mse,0.00033875540312258576,False
rush_hour,508->230,542,10,bezier_nm,8.535873788001481,mse,0.2753035624527617,False
rush_hour,508->428,542,10,bezier_pgd,0.0008637240389361978,mse,0.027969551201057066,False
rush_hour,508->428,542,10,bezier_ipopt,,mse,,True
rush_hour,508->428,542,10,bezier_nm,6.885758211952634,mse,0.2760686175690232,False
rush_hour,508->442,542,10,bezier_pgd,0.0006783949793316424,mse,0.0011615113757022265,False
rush_hour,508->442,542,10,bezier_ipopt,1.3818134350003675,mse,0.0011465942625182822,False
rush_hour,508->442,542,10,bezier_nm,6.746184094983619,mse,0.0014274599092381852,False
rush_hour,508->446,542,10,bezier_pgd,0.0009291069582104683,mse,0.0038588220847235364,False
rush_hour,508->446,542,10,bezier_ipopt,0.8783813290065154,mse,0.00014946798474188731,False
rush_hour,508->446,542,10,bezier_nm,6.884604737046175,mse,0.02982373663023545,False
rush_hour,509->145,542,10,bezier_pgd,0.0011715419823303819,mse,0.00020829453215799547,False
rush_hour,509->145,542,10,bezier_ipopt,0.8699359589954838,mse,0.00012453431444628033,False
rush_hour,509->145,542,10,bezier_nm,7.8848088379600085,mse,0.005610067604679113,False
rush_hour,509->290,542,10,bezier_pgd,0.0009648280101828277,mse,0.07908239598730413,False
rush_hour,509->290,542,10,bezier_ipopt,0.8172135510249063,mse,0.00045583118089983354,False
rush_hour,509->290,542,10,bezier_nm,7.033501678030007,mse,0.26399727400806494,False
rush_hour,509->315,542,10,bezier_pgd,0.0010036950116045773,mse,0.0002961770944928621,False
rush_hour,509->315,542,10,bezier_ipopt,0.9312420469941571,mse,0.00021747900039968278,False
rush_hour,509->315,542,10,bezier_nm,7.799007093010005,mse,0.0009626733856705523,False
rush_hour,509->470,542,10,bezier_pgd,0.0015687889535911381,mse,0.0004587274912346954,False
rush_hour,509->470,542,10,bezier_ipopt,1.1534657629672438,mse,0.00010549083309611631,False
rush_hour,509->470,542,10,bezier_nm,7.810224752989598,mse,0.002219571239927645,False
rush_hour,51->241,542,10,bezier_pgd,0.001014284964185208,mse,0.2971407651733317,False
rush_hour,51->241,542,10,bezier_ipopt,,mse,,True
rush_hour,51->241,542,10,bezier_nm,6.711757112003397,mse,0.4718391380778263,False
rush_hour,51->50,542,10,bezier_pgd,0.0008013470214791596,mse,4.3560973582839554e-05,False
rush_hour,51->50,542,10,bezier_ipopt,0.9000440749805421,mse,2.2849731398543734e-05,False
rush_hour,51->50,542,10,bezier_nm,6.308359453978483,mse,0.0007052252561722574,False
rush_hour,510->108,542,10,bezier_pgd,0.0010323490132577717,mse,0.00046861856844903135,False
rush_hour,510->108,542,10,bezier_ipopt,1.185800253006164,mse,0.00043513147553749025,False
rush_hour,510->108,542,10,bezier_nm,7.667014778999146,mse,0.0006041155976659328,False
rush_hour,510->141,542,10,bezier_pgd,0.001009755942504853,mse,0.014111902653047846,False
rush_hour,510->141,542,10,bezier_ipopt,0.9144323219661601,mse,0.00039078177746371335,False
rush_hour,510->141,542,10,bezier_nm,7.046514241024852,mse,0.13830685752116417,False
rush_hour,510->84,542,10,bezier_pgd,0.0008652469841763377,mse,0.008381636481554875,False
rush_hour,510->84,542,10,bezier_ipopt,,mse,,True
rush_hour,510->84,542,10,bezier_nm,6.6424783889669925,mse,0.2214220942538696,False
rush_hour,511->129,542,10,bezier_pgd,0.0013743559829890728,mse,0.00029505283572961444,False
rush_hour,511->129,542,10,bezier_ipopt,1.1292423670529388,mse,0.00019104621289114615,False
rush_hour,511->129,542,10,bezier_nm,7.47179718199186,mse,0.0012431313865897257,False
rush_hour,511->407,542,10,bezier_pgd,0.0010043520014733076,mse,0.00017048165738009938,False
rush_hour,511->407,542,10,bezier_ipopt,1.0626252720248885,mse,0.00011800553946829663,False
rush_hour,511->407,542,10,bezier_nm,8.459550964005757,mse,0.0008714563761062788,False
rush_hour,511->482,542,10,bezier_pgd,0.0008476939983665943,mse,0.03786037593081815,False
rush_hour,511->482,542,10,bezier_ipopt,0.7753367249970324,mse,0.00039241356414577885,False
rush_hour,511->482,542,10,bezier_nm,7.566299090976827,mse,0.24821230023936822,False
rush_hour,511->496,542,10,bezier_pgd,0.0008828819845803082,mse,0.006674298091872935,False
rush_hour,511->496,542,10,bezier_ipopt,1.0279265550198033,mse,0.00021980591918516285,False
rush_hour,511->496,542,10,bezier_nm,7.555264346010517,mse,0.10540193527880422,False
rush_hour,512->363,542,10,bezier_pgd,0.0015924109611660242,mse,0.002808930395260144,False
rush_hour,512->363,542,10,bezier_ipopt,0.9281528110150248,mse,0.00019311372866517322,False
rush_hour,512->363,542,10,bezier_nm,6.750058557023294,mse,0.05538901262832602,False
rush_hour,512->382,542,10,bezier_pgd,0.0007004379876889288,mse,0.0002559782799868311,False
rush_hour,512->382,542,10,bezier_ipopt,0.8242569069843739,mse,0.00016170525771983416,False
rush_hour,512->382,542,10,bezier_nm,7.215875505004078,mse,0.00045512962373326775,False
rush_hour,512->406,542,10,bezier_pgd,0.0009125529904849827,mse,0.021273876646229355,False
rush_hour,512->406,542,10,bezier_ipopt,0.8086869579856284,mse,0.0003801801273949979,False
rush_hour,512->406,542,10,bezier_nm,6.537447231996339,mse,0.228945726903242,False
rush_hour,512->503,542,10,bezier_pgd,0.0016718939878046513,mse,0.00021091517031738213,False
rush_hour,512->503,542,10,bezier_ipopt,0.9332027269992977,mse,9.492567506161047e-05,False
rush_hour,512->503,542,10,bezier_nm,8.80999035097193,mse,0.0005750776239425163,False
rush_hour,513->179,542,10,bezier_pgd,0.001285741978790611,mse,0.0008073316146311948,False
rush_hour,513->179,542,10,bezier_ipopt,0.7313401439459994,mse,0.0007481111782080125,False
rush_hour,513->179,542,10,bezier_nm,7.137867836980149,mse,0.001055039999016392,False
rush_hour,513->188,542,10,bezier_pgd,0.00200356898130849,mse,0.0003868964702858298,False
rush_hour,513->188,542,10,bezier_ipopt,0.7356698070070706,mse,0.00020987652765665487,False
rush_hour,513->188,542,10,bezier_nm,8.445326395973098,mse,0.010609686593666222,False
rush_hour,513->365,542,10,bezier_pgd,0.0014144250308163464,mse,0.0055924067939370475,False
rush_hour,513->365,542,10,bezier_ipopt,1.2287432019948028,mse,0.0006478291079555263,False
rush_hour,513->365,542,10,bezier_nm,8.252651022048667,mse,0.2095514239295845,False
rush_hour,513->479,542,10,bezier_pgd,0.001001042954158038,mse,0.006885698388328742,False
rush_hour,513->479,542,10,bezier_ipopt,0.7024139760178514,mse,0.00010524625831735308,False
rush_hour,513->479,542,10,bezier_nm,7.0120847329963,mse,0.13487976969679524,False
rush_hour,514->187,542,10,bezier_pgd,0.0009303719853051007,mse,0.004372164221639398,False
rush_hour,514->187,542,10,bezier_ipopt,0.7838224489823915,mse,0.0004139884039392591,False
rush_hour,514->187,542,10,bezier_nm,7.564627764979377,mse,0.08770213092764921,False
rush_hour,514->303,542,10,bezier_pgd,0.003126876021269709,mse,0.0006307931169338689,False
rush_hour,514->303,542,10,bezier_ipopt,0.820951581990812,mse,0.0003630446316984658,False
rush_hour,514->303,542,10,bezier_nm,9.274580309982412,mse,0.004318847616348355,False
rush_hour,514->342,542,10,bezier_pgd,0.0015526560018770397,mse,0.00026874259142349,False
rush_hour,514->342,542,10,bezier_ipopt,0.7441567829810083,mse,0.00018792932049358234,False
rush_hour,514->342,542,10,bezier_nm,8.907584923959803,mse,0.0030085527724499446,False
rush_hour,514->366,542,10,bezier_pgd,0.0008274539723061025,mse,0.004492718728219899,False
rush_hour,514->366,542,10,bezier_ipopt,0.8032562239677645,mse,0.0002303372028861454,False
rush_hour,514->366,542,10,bezier_nm,6.864974796015304,mse,0.09970683492721984,False
rush_hour,515->372,542,10,bezier_pgd,0.001743922010064125,mse,4.925190210845439e-05,False
rush_hour,515->372,542,10,bezier_ipopt,1.15447079698788,mse,1.9508595839676518e-05,False
rush_hour,515->372,542,10,bezier_nm,9.208177339984104,mse,0.0002319928932144535,False
rush_hour,515->445,542,10,bezier_pgd,0.0008718630415387452,mse,0.03291289645359349,False
rush_hour,515->445,542,10,bezier_ipopt,0.7280246799928136,mse,0.00021255570704161196,False
rush_hour,515->445,542,10,bezier_nm,6.673132590949535,mse,0.24904413094411512,False
rush_hour,515->528,542,10,bezier_pgd,0.0007472530123777688,mse,0.02309980741577248,False
rush_hour,515->528,542,10,bezier_ipopt,,mse,,True
rush_hour,515->528,542,10,bezier_nm,7.017692552995868,mse,0.27341916625035934,False
rush_hour,515->6,542,10,bezier_pgd,0.0009109940147027373,mse,0.0074126464856027405,False
rush_hour,515->6,542,10,bezier_ipopt,,mse,,True
rush_hour,515->6,542,10,bezier_nm,6.511575361015275,mse,0.02800657144137092,False
rush_hour,516->15,542,10,bezier_pgd,0.001239517005160451,mse,0.3094515352749671,False
rush_hour,516->15,542,10,bezier_ipopt,,mse,,True
rush_hour,516->15,542,10,bezier_nm,6.174215416016523,mse,0.46292720157631034,False
rush_hour,516->22,542,10,bezier_pgd,0.0008845310076139867,mse,0.0029754561499588336,False
rush_hour,516->22,542,10,bezier_ipopt,0.7707399759674445,mse,0.00010520074125416543,False
rush_hour,516->22,542,10,bezier_nm,7.069254002009984,mse,0.0037805258034761904,False
rush_hour,516->536,1084,10,bezier_pgd,0.001041490992065519,mse,0.040184779821153996,False
rush_hour,516->536,1084,10,bezier_ipopt,,mse,,True
rush_hour,516->536,1084,10,bezier_nm,13.660502663988154,mse,0.3237588566723431,False
rush_hour,517->11,542,10,bezier_pgd,0.0008707329980097711,mse,0.004107749282541133,False
rush_hour,517->11,542,10,bezier_ipopt,0.9172709750127979,mse,0.0001954956264419228,False
rush_hour,517->11,542,10,bezier_nm,7.569790830020793,mse,0.0799589862369262,False
rush_hour,517->136,542,10,bezier_pgd,0.0013925079838372767,mse,0.002960346888472849,False
rush_hour,517->136,542,10,bezier_ipopt,0.874063796014525,mse,0.00029520109130621463,False
rush_hour,517->136,542,10,bezier_nm,7.148518666042946,mse,0.060544990614295316,False
rush_hour,517->164,542,10,bezier_pgd,0.0015519910375587642,mse,0.0005438699881359865,False
rush_hour,517->164,542,10,bezier_ipopt,0.9413690710207447,mse,0.00036833220381120925,False
rush_hour,517->164,542,10,bezier_nm,8.268133596982807,mse,0.003077215852202954,False
rush_hour,517->175,542,10,bezier_pgd,0.0022267349995672703,mse,0.0004904395976085401,False
rush_hour,517->175,542,10,bezier_ipopt,0.887603139039129,mse,0.00031118235463308615,False
rush_hour,517->175,542,10,bezier_nm,7.912564149009995,mse,0.0015375306451002326,False
rush_hour,517->305,542,10,bezier_pgd,0.00101409200578928,mse,0.00037342218875279306,False
rush_hour,517->305,542,10,bezier_ipopt,1.0215009559760801,mse,0.0002295671777072584,False
rush_hour,517->305,542,10,bezier_nm,8.188407887006178,mse,0.001360356404743224,False
rush_hour,517->350,542,10,bezier_pgd,0.000969518965575844,mse,0.00034306722370492786,False
rush_hour,517->350,542,10,bezier_ipopt,0.7445525520015508,mse,0.0002292369793780131,False
rush_hour,517->350,542,10,bezier_nm,8.901392903004307,mse,0.0030963944882634155,False
rush_hour,518->525,542,10,bezier_pgd,0.0008439570083282888,mse,0.009747069901361857,False
rush_hour,518->525,542,10,bezier_ipopt,0.8135662179556675,mse,6.530751489349099e-05,False
rush_hour,518->525,542,10,bezier_nm,6.450999015010893,mse,0.017414453012398072,False
rush_hour,518->527,1084,10,bezier_pgd,0.0015711109736002982,mse,0.0028229781867199375,False
rush_hour,518->527,1084,10,bezier_ipopt,1.8688499039853923,mse,0.0002835865289919945,False
rush_hour,518->527,1084,10,bezier_nm,13.961235357041005,mse,0.07935209980016704,False
rush_hour,518->6,542,10,bezier_pgd,0.001292395987547934,mse,0.001062667328379898,False
rush_hour,518->6,542,10,bezier_ipopt,0.9265479079913348,mse,8.339127725198697e-05,False
rush_hour,518->6,542,10,bezier_nm,6.992022262013052,mse,0.004721192729927471,False
rush_hour,519->483,542,10,bezier_pgd,0.0009849490015767515,mse,0.12846709332475192,False
rush_hour,519->483,542,10,bezier_ipopt,,mse,,True
rush_hour,519->483,542,10,bezier_nm,7.434424181992654,mse,0.32690406571763553,False
rush_hour,519->523,542,10,bezier_pgd,0.0018534529954195023,mse,0.0008841809052398072,False
rush_hour,519->523,542,10,bezier_ipopt,0.9633635130012408,mse,0.0002365730960679951,False
rush_hour,519->523,542,10,bezier_nm,6.407263884029817,mse,0.08074861340776185,False
rush_hour,519->530,542,10,bezier_pgd,0.0008713110000826418,mse,0.004714547247096409,False
rush_hour,519->530,542,10,bezier_ipopt,1.0173821959760971,mse,0.00047896611512849896,False
rush_hour,519->530,542,10,bezier_nm,6.85408894700231,mse,0.21219278078384538,False
rush_hour,52->53,542,10,bezier_pgd,0.0007326460327021778,mse,3.583287347594252e-05,False
rush_hour,52->53,542,10,bezier_ipopt,1.0628032379900105,mse,1.4863419259479898e-05,False
rush_hour,52->53,542,10,bezier_nm,7.277093681972474,mse,0.00035342978808814807,False
rush_hour,52->54,542,10,bezier_pgd,0.0008355439640581608,mse,4.638723863598301e-05,False
rush_hour,52->54,542,10,bezier_ipopt,0.8732531850109808,mse,3.0041107605327585e-05,False
rush_hour,52->54,542,10,bezier_nm,6.93461636203574,mse,0.000196882269366964,False
rush_hour,520->214,542,10,bezier_pgd,0.0014976599486544728,mse,0.00047025210576866845,False
rush_hour,520->214,542,10,bezier_ipopt,1.0120530670392327,mse,0.00021039406967823723,False
rush_hour,520->214,542,10,bezier_nm,6.675157035992015,mse,0.03671815835659181,False
rush_hour,520->250,542,10,bezier_pgd,0.0015816939994692802,mse,0.0003045445679314378,False
rush_hour,520->250,542,10,bezier_ipopt,0.8099775910377502,mse,0.0002292925083027404,False
rush_hour,520->250,542,10,bezier_nm,7.874406683025882,mse,0.0067922752011899306,False
rush_hour,520->482,542,10,bezier_pgd,0.0008608889766037464,mse,0.002388974140576762,False
rush_hour,520->482,542,10,bezier_ipopt,0.9119101020041853,mse,0.0003040987156739907,False
rush_hour,520->482,542,10,bezier_nm,6.490643285971601,mse,0.07891750650126746,False
rush_hour,520->502,542,10,bezier_pgd,0.0022681860136799514,mse,0.000393526867442254,False
rush_hour,520->502,542,10,bezier_ipopt,0.9519570649717934,mse,0.0001874545390761724,False
rush_hour,520->502,542,10,bezier_nm,8.400221841002349,mse,0.002209194511578876,False
rush_hour,521->175,542,10,bezier_pgd,0.0010135470074601471,mse,0.0027962680936142337,False
rush_hour,521->175,542,10,bezier_ipopt,0.7108507560333237,mse,0.0001887522012371789,False
rush_hour,521->175,542,10,bezier_nm,7.573317139002029,mse,0.11248114406177426,False
rush_hour,521->246,542,10,bezier_pgd,0.0011215569684281945,mse,0.0017311235435282634,False
rush_hour,521->246,542,10,bezier_ipopt,0.8988238860038109,mse,0.00012897759198017122,False
rush_hour,521->246,542,10,bezier_nm,6.990505906986073,mse,0.03130405566997356,False
rush_hour,521->400,542,10,bezier_pgd,0.0008891380275599658,mse,0.00011776442615255711,False
rush_hour,521->400,542,10,bezier_ipopt,0.8839364910381846,mse,0.00010066435169801619,False
rush_hour,521->400,542,10,bezier_nm,7.428954650997184,mse,0.0002213446437520975,False
rush_hour,522->210,542,10,bezier_pgd,0.0010039880289696157,mse,0.07545584558879301,False
rush_hour,522->210,542,10,bezier_ipopt,0.8193836249993183,mse,0.0006217627544615032,False
rush_hour,522->210,542,10,bezier_nm,7.19113988103345,mse,0.2672613329475525,False
rush_hour,522->266,542,10,bezier_pgd,0.0014418679638765752,mse,0.0005567965164276731,False
rush_hour,522->266,542,10,bezier_ipopt,0.7258527179947123,mse,0.00025896979337830555,False
rush_hour,522->266,542,10,bezier_nm,6.562390149978455,mse,0.05129956754901816,False
rush_hour,522->344,542,10,bezier_pgd,0.0009543109918013215,mse,0.0024775580044617738,False
rush_hour,522->344,542,10,bezier_ipopt,1.0252318609855138,mse,0.00015069573669406047,False
rush_hour,522->344,542,10,bezier_nm,6.558342967007775,mse,0.10568736135130127,False
rush_hour,522->354,542,10,bezier_pgd,0.0023379569756798446,mse,0.0008516251223673294,False
rush_hour,522->354,542,10,bezier_ipopt,0.7755750649957918,mse,0.0003678363401971805,False
rush_hour,522->354,542,10,bezier_nm,7.181767996982671,mse,0.007312359968936675,False
rush_hour,523->461,542,10,bezier_pgd,0.0009035600232891738,mse,0.007075273208991054,False
rush_hour,523->461,542,10,bezier_ipopt,0.7930584860150702,mse,0.0006261409654748859,False
rush_hour,523->461,542,10,bezier_nm,7.128323473036289,mse,0.20756930204743762,False
rush_hour,523->519,542,10,bezier_pgd,0.0008487449958920479,mse,0.05284175179899513,False
rush_hour,523->519,542,10,bezier_ipopt,,mse,,True
rush_hour,523->519,542,10,bezier_nm,7.246208427008241,mse,0.2785796820237605,False
rush_hour,523->526,542,10,bezier_pgd,0.001182827982120216,mse,0.00500883801747417,False
rush_hour,523->526,542,10,bezier_ipopt,,mse,,True
rush_hour,523->526,542,10,bezier_nm,6.7586075909784995,mse,0.009483654015876001,False
rush_hour,523->530,542,10,bezier_pgd,0.0010900539928115904,mse,0.005833442924979282,False
rush_hour,523->530,542,10,bezier_ipopt,0.7783062389935367,mse,0.00010250696387981223,False
rush_hour,523->530,542,10,bezier_nm,7.197055627999362,mse,0.009734002269788735,False
rush_hour,524->100,542,10,bezier_pgd,0.0007801659521646798,mse,4.66982025532261e-05,False
rush_hour,524->100,542,10,bezier_ipopt,1.6967334760120139,mse,1.9431312202664977e-05,False
rush_hour,524->100,542,10,bezier_nm,7.865819042024668,mse,0.00023477830579348555,False
rush_hour,524->189,542,10,bezier_pgd,0.001637543027754873,mse,0.0013254398128667378,False
rush_hour,524->189,542,10,bezier_ipopt,2.573613352025859,mse,0.00028988255971051956,False
rush_hour,524->189,542,10,bezier_nm,6.424810175027233,mse,0.06132199700607203,False
rush_hour,524->457,542,10,bezier_pgd,0.0010746180196292698,mse,8.476037226535371e-05,False
rush_hour,524->457,542,10,bezier_ipopt,0.7687302979757078,mse,3.798460984617509e-05,False
rush_hour,524->457,542,10,bezier_nm,7.221351068990771,mse,0.0002471453871526091,False
rush_hour,524->481,542,10,bezier_pgd,0.001155942038167268,mse,0.00021972702538053182,False
rush_hour,524->481,542,10,bezier_ipopt,0.8165375659591518,mse,0.0001223538032486782,False
rush_hour,524->481,542,10,bezier_nm,8.19783495599404,mse,0.00047525803253105955,False
rush_hour,525->437,542,10,bezier_pgd,0.001702742010820657,mse,0.006819973055088997,False
rush_hour,525->437,542,10,bezier_ipopt,,mse,,True
rush_hour,525->437,542,10,bezier_nm,7.2335953210131265,mse,0.12339569256145158,False
rush_hour,525->477,542,10,bezier_pgd,0.0008947239839471877,mse,0.009408772745453261,False
rush_hour,525->477,542,10,bezier_ipopt,1.1374173630028963,mse,0.00019195916423751065,False
rush_hour,525->477,542,10,bezier_nm,6.63095522596268,mse,0.0825408018314026,False
rush_hour,525->518,542,10,bezier_pgd,0.0013641249970532954,mse,0.013690356627173973,False
rush_hour,525->518,542,10,bezier_ipopt,0.776492812030483,mse,0.00038373682397315904,False
rush_hour,525->518,542,10,bezier_nm,6.222205186029896,mse,0.09755281041985603,False
rush_hour,525->537,542,10,bezier_pgd,0.0007784879999235272,mse,0.00974706990136185,False
rush_hour,525->537,542,10,bezier_ipopt,0.748856368009001,mse,6.530747849440534e-05,False
rush_hour,525->537,542,10,bezier_nm,6.5749930259771645,mse,0.017792929448205215,False
rush_hour,526->20,542,10,bezier_pgd,0.001552640984300524,mse,0.0020929279982628934,False
rush_hour,526->20,542,10,bezier_ipopt,1.1166408589924686,mse,0.0003011847787840761,False
rush_hour,526->20,542,10,bezier_nm,6.8795550360227935,mse,0.0723922968901973,False
rush_hour,526->483,542,10,bezier_pgd,0.0013025079970248044,mse,0.0007716250021813382,False
rush_hour,526->483,542,10,bezier_ipopt,1.001655961968936,mse,0.0005447362165436946,False
rush_hour,526->483,542,10,bezier_nm,8.897697904962115,mse,0.0019888945140855456,False
rush_hour,526->523,1084,10,bezier_pgd,0.0015025659813545644,mse,0.0028229781867199415,False
rush_hour,526->523,1084,10,bezier_ipopt,1.6734948299708776,mse,0.0002835866376287218,False
rush_hour,526->523,1084,10,bezier_nm,13.477179409004748,mse,0.077557450806575,False
rush_hour,526->527,542,10,bezier_pgd,0.0011401890078559518,mse,0.005008838017474167,False
rush_hour,526->527,542,10,bezier_ipopt,,mse,,True
rush_hour,526->527,542,10,bezier_nm,7.036381423007697,mse,0.009483654015876423,False
rush_hour,527->25,542,10,bezier_pgd,0.002865449001546949,mse,0.0008111617889595957,False
rush_hour,527->25,542,10,bezier_ipopt,1.4305356160039082,mse,0.00013441775501140096,False
rush_hour,527->25,542,10,bezier_nm,6.782419633003883,mse,0.0017919283680129033,False
rush_hour,527->477,542,10,bezier_pgd,0.0010011259582825005,mse,0.017140484070727133,False
rush_hour,527->477,542,10,bezier_ipopt,0.7062752739875577,mse,0.0001692715483104756,False
rush_hour,527->477,542,10,bezier_nm,6.443713198998012,mse,0.18567174313655724,False
rush_hour,527->518,542,10,bezier_pgd,0.0007578869699500501,mse,0.005008838017474169,False
rush_hour,527->518,542,10,bezier_ipopt,0.7058529439964332,mse,0.00027616935189143655,False
rush_hour,527->518,542,10,bezier_nm,6.388263238011859,mse,0.008919990910981538,False
rush_hour,527->526,1084,10,bezier_pgd,0.0016248750034719706,mse,0.0028229781867199423,False
rush_hour,527->526,1084,10,bezier_ipopt,1.7399679620284587,mse,0.0002835866369656329,False
rush_hour,527->526,1084,10,bezier_nm,13.681347472011112,mse,0.07755745080657396,False
rush_hour,528->24,542,10,bezier_pgd,0.002244039031211287,mse,0.000928247806858042,False
rush_hour,528->24,542,10,bezier_ipopt,1.1523316910024732,mse,0.00034340174703114074,False
rush_hour,528->24,542,10,bezier_nm,6.785105710965581,mse,0.04991851563086972,False
rush_hour,528->25,542,10,bezier_pgd,0.000982788042165339,mse,0.017140484070727133,False
rush_hour,528->25,542,10,bezier_ipopt,0.7679056269698776,mse,0.00016927158740268313,False
rush_hour,528->25,542,10,bezier_nm,6.360995267052203,mse,0.18578688121976034,False
rush_hour,528->438,542,10,bezier_pgd,0.0011552550131455064,mse,3.835007130825824e-05,False
rush_hour,528->438,542,10,bezier_ipopt,0.9505470230360515,mse,1.924241937886188e-05,False
rush_hour,528->438,542,10,bezier_nm,8.500420159019995,mse,0.00020875024928304072,False
rush_hour,528->445,542,10,bezier_pgd,0.003117255982942879,mse,0.0010323819268941,False
rush_hour,528->445,542,10,bezier_ipopt,0.7419120519771241,mse,0.00016152330588230574,False
rush_hour,528->445,542,10,bezier_nm,6.799025125976186,mse,0.03555724235318377,False
rush_hour,528->515,542,10,bezier_pgd,0.0007828000234439969,mse,0.05189890865669581,False
rush_hour,528->515,542,10,bezier_ipopt,,mse,,True
rush_hour,528->515,542,10,bezier_nm,6.71787413401762,mse,0.2992676689731859,False
rush_hour,529->160,542,10,bezier_pgd,0.0019996939809061587,mse,0.0002788332214759112,False
rush_hour,529->160,542,10,bezier_ipopt,1.1782637650030665,mse,0.0001877284331978197,False
rush_hour,529->160,542,10,bezier_nm,8.783148326037917,mse,0.0060129611506524435,False
rush_hour,529->403,542,10,bezier_pgd,0.0018073469982482493,mse,0.012027206920768087,False
rush_hour,529->403,542,10,bezier_ipopt,1.0147032989771105,mse,0.0003082068288324976,False
rush_hour,529->403,542,10,bezier_nm,7.539674828003626,mse,0.16631558038907315,False
rush_hour,529->412,542,10,bezier_pgd,0.000989653985016048,mse,0.0011467813556159396,False
rush_hour,529->412,542,10,bezier_ipopt,0.8120584579883143,mse,0.0003388037449633348,False
rush_hour,529->412,542,10,bezier_nm,6.803821631008759,mse,0.03913751793678867,False
rush_hour,529->419,542,10,bezier_pgd,0.0020467599970288575,mse,0.014378312613328347,False
rush_hour,529->419,542,10,bezier_ipopt,,mse,,True
rush_hour,529->419,542,10,bezier_nm,6.189065311977174,mse,0.01590529990313665,False
rush_hour,529->44,542,10,bezier_pgd,0.0014953750069253147,mse,0.001031315994690087,False
rush_hour,529->44,542,10,bezier_ipopt,,mse,,True
rush_hour,529->44,542,10,bezier_nm,6.501224683015607,mse,0.0031742884009962444,False
rush_hour,53->52,542,10,bezier_pgd,0.0010395050048828125,mse,8.047837519621195e-05,False
rush_hour,53->52,542,10,bezier_ipopt,0.6981620140140876,mse,4.488399594159199e-05,False
rush_hour,53->52,542,10,bezier_nm,8.047395274043083,mse,0.0014773328716496336,False
rush_hour,53->56,542,10,bezier_pgd,0.0012305579730309546,mse,5.172422767262789e-05,False
rush_hour,53->56,542,10,bezier_ipopt,0.9480728409835137,mse,1.7505580063962086e-05,False
rush_hour,53->56,542,10,bezier_nm,7.438842627976555,mse,0.0012755737160871894,False
rush_hour,530->443,542,10,bezier_pgd,0.0012803080026060343,mse,0.019368061209937594,False
rush_hour,530->443,542,10,bezier_ipopt,,mse,,True
rush_hour,530->443,542,10,bezier_nm,7.09614620503271,mse,0.024649108032633926,False
rush_hour,530->523,542,10,bezier_pgd,0.0009408859768882394,mse,8.488479100442343e-05,False
rush_hour,530->523,542,10,bezier_ipopt,0.8608102920115925,mse,5.957880911838686e-05,False
rush_hour,530->523,542,10,bezier_nm,7.239702189981472,mse,0.00012238712411166098,False
rush_hour,530->533,1084,10,bezier_pgd,0.0014536580420099199,mse,0.015904739808324467,False
rush_hour,530->533,1084,10,bezier_ipopt,1.8297763599548489,mse,0.00027135932221308416,False
rush_hour,530->533,1084,10,bezier_nm,14.695960437005851,mse,0.19845691858689024,False
rush_hour,531->113,542,10,bezier_pgd,0.0017593769589439034,mse,0.0001017558236164084,False
rush_hour,531->113,542,10,bezier_ipopt,1.241374418954365,mse,2.006168279716484e-05,False
rush_hour,531->113,542,10,bezier_nm,8.817729967006017,mse,0.00041236940186698885,False
rush_hour,531->483,542,10,bezier_pgd,0.0012845549499616027,mse,0.00038990385878091095,False
rush_hour,531->483,542,10,bezier_ipopt,0.8637574979802594,mse,0.0002764239516821438,False
rush_hour,531->483,542,10,bezier_nm,8.867448286968283,mse,0.0010551715091699449,False
rush_hour,531->488,542,10,bezier_pgd,0.0019240929977968335,mse,0.0004285606372843589,False
rush_hour,531->488,542,10,bezier_ipopt,1.431566191953607,mse,0.00029481488895505314,False
rush_hour,531->488,542,10,bezier_nm,9.170331529981922,mse,0.0008140989906145435,False
rush_hour,531->534,1084,10,bezier_pgd,0.0015243139932863414,mse,0.013375692786539231,False
rush_hour,531->534,1084,10,bezier_ipopt,2.252875961945392,mse,0.0008627041849275257,False
rush_hour,531->534,1084,10,bezier_nm,14.22417820803821,mse,0.15493443969527707,False
rush_hour,532->113,542,10,bezier_pgd,0.0008232059772126377,mse,6.0630032912967315e-05,False
rush_hour,532->113,542,10,bezier_ipopt,1.045143529016059,mse,2.3469617424385644e-05,False
rush_hour,532->113,542,10,bezier_nm,8.142582794011105,mse,0.00015257572676398353,False
rush_hour,532->13,542,10,bezier_pgd,0.001970483979675919,mse,0.00034606505818981527,False
rush_hour,532->13,542,10,bezier_ipopt,0.8096906380378641,mse,0.0001313404663464581,False
rush_hour,532->13,542,10,bezier_nm,9.00177623401396,mse,0.0011752184763013903,False
rush_hour,532->407,542,10,bezier_pgd,0.0014231629902496934,mse,0.009227704794918306,False
rush_hour,532->407,542,10,bezier_ipopt,0.8715842110104859,mse,0.007395132921831809,False
rush_hour,532->407,542,10,bezier_nm,6.147290612978395,mse,0.06920263660423041,False
rush_hour,532->505,542,10,bezier_pgd,0.0007333169924095273,mse,0.00036312076979612553,False
rush_hour,532->505,542,10,bezier_ipopt,1.0881030530435964,mse,0.00018188666254766834,False
rush_hour,532->505,542,10,bezier_nm,8.526601484976709,mse,0.0010071435906781406,False
rush_hour,532->533,542,10,bezier_pgd,0.000852904049679637,mse,0.0003438164712351751,False
rush_hour,532->533,542,10,bezier_ipopt,0.8479624569881707,mse,0.00024145714250510203,False
rush_hour,532->533,542,10,bezier_nm,8.001148439012468,mse,0.0019101521299631251,False
rush_hour,533->387,542,10,bezier_pgd,0.001207280030939728,mse,0.0027417289429315273,False
rush_hour,533->387,542,10,bezier_ipopt,1.1298716339515522,mse,0.00037867103630228054,False
rush_hour,533->387,542,10,bezier_nm,7.401264400978107,mse,0.03736661096649164,False
rush_hour,533->412,1084,10,bezier_pgd,0.0014543870347552001,mse,0.0006366088716798118,False
rush_hour,533->412,1084,10,bezier_ipopt,2.2108910499955527,mse,0.00035475906431352083,False
rush_hour,533->412,1084,10,bezier_nm,16.2615472599864,mse,0.0009624851302561466,False
rush_hour,533->530,1084,10,bezier_pgd,0.0013382610050030053,mse,0.010907123373309508,False
rush_hour,533->530,1084,10,bezier_ipopt,,mse,,True
rush_hour,533->530,1084,10,bezier_nm,13.11270387598779,mse,0.10741206350171857,False
rush_hour,533->532,542,10,bezier_pgd,0.0015076679992489517,mse,0.0004097030044071751,False
rush_hour,533->532,542,10,bezier_ipopt,1.2103059229557402,mse,0.00011425986848103171,False
rush_hour,533->532,542,10,bezier_nm,6.300926188996527,mse,0.001518041349697566,False
rush_hour,534->21,542,10,bezier_pgd,0.0019846389768645167,mse,0.0005207319719919388,False
rush_hour,534->21,542,10,bezier_ipopt,0.8959529789863154,mse,0.00025794984375442537,False
rush_hour,534->21,542,10,bezier_nm,8.451360047038179,mse,0.0012716476805119728,False
rush_hour,534->477,542,10,bezier_pgd,0.002214679028838873,mse,0.00028117812797628727,False
rush_hour,534->477,542,10,bezier_ipopt,1.0472765950253233,mse,0.00011229371753850256,False
rush_hour,534->477,542,10,bezier_nm,8.377917276986409,mse,0.0014382297166555427,False
rush_hour,534->531,1084,10,bezier_pgd,0.0014285590150393546,mse,0.0005041801169373319,False
rush_hour,534->531,1084,10,bezier_ipopt,3.27305164700374,mse,0.00046065028592770274,False
rush_hour,534->531,1084,10,bezier_nm,16.765644154977053,mse,0.0007761718399553672,False
rush_hour,534->537,1084,10,bezier_pgd,0.0015817650128155947,mse,0.010788907060396539,False
rush_hour,534->537,1084,10,bezier_ipopt,1.9263946510036476,mse,0.0003026772893382009,False
rush_hour,534->537,1084,10,bezier_nm,14.511018125980627,mse,0.18576701851344865,False
rush_hour,535->212,542,10,bezier_pgd,0.0015766629949212074,mse,0.014716367027251102,False
rush_hour,535->212,542,10,bezier_ipopt,0.8732602240052074,mse,0.0002921053858597648,False
rush_hour,535->212,542,10,bezier_nm,6.953132489987183,mse,0.22398098771083125,False
rush_hour,535->441,542,10,bezier_pgd,0.0012590470141731203,mse,0.012561254846193541,False
rush_hour,535->441,542,10,bezier_ipopt,,mse,,True
rush_hour,535->441,542,10,bezier_nm,7.025515816989355,mse,0.02051629631081144,False
rush_hour,535->497,542,10,bezier_pgd,0.0012863560114055872,mse,0.00043597735368506625,False
rush_hour,535->497,542,10,bezier_ipopt,0.8575313540059142,mse,0.00018035568343075274,False
rush_hour,535->497,542,10,bezier_nm,8.75690148997819,mse,0.002815552438090295,False
rush_hour,536->23,542,10,bezier_pgd,0.0009616799652576447,mse,0.0025810085752177464,False
rush_hour,536->23,542,10,bezier_ipopt,1.0098803480505012,mse,0.0002767083209806537,False
rush_hour,536->23,542,10,bezier_nm,6.698193516989704,mse,0.04584857851285367,False
rush_hour,536->437,542,10,bezier_pgd,0.0014453090261667967,mse,0.0006068063292623537,False
rush_hour,536->437,542,10,bezier_ipopt,0.7413690719986334,mse,0.00016461287858288257,False
rush_hour,536->437,542,10,bezier_nm,6.344766907976009,mse,0.04141466752261943,False
rush_hour,536->516,1084,10,bezier_pgd,0.00135883002076298,mse,0.009461056791640299,False
rush_hour,536->516,1084,10,bezier_ipopt,,mse,,True
rush_hour,536->516,1084,10,bezier_nm,14.75405836198479,mse,0.03888256323088457,False
rush_hour,536->537,1084,10,bezier_pgd,0.0024822729756124318,mse,0.010739305137548005,False
rush_hour,536->537,1084,10,bezier_ipopt,3.4665762949734926,mse,0.00035791005679062084,False
rush_hour,536->537,1084,10,bezier_nm,12.478474600007758,mse,0.1841856168531945,False
rush_hour,537->435,542,10,bezier_pgd,0.0014989979681558907,mse,0.0034483634137243905,False
rush_hour,537->435,542,10,bezier_ipopt,1.0935699129477143,mse,5.89792067339495e-05,False
rush_hour,537->435,542,10,bezier_nm,6.523793641012162,mse,0.0073249393870559315,False
rush_hour,537->525,542,10,bezier_pgd,0.0008840009686537087,mse,0.01369035662717396,False
rush_hour,537->525,542,10,bezier_ipopt,1.049369113985449,mse,0.00038373677890563804,False
rush_hour,537->525,542,10,bezier_nm,6.801842972985469,mse,0.10030746590958334,False
rush_hour,537->534,1084,10,bezier_pgd,0.0016845089849084616,mse,0.000608916234261321,False
rush_hour,537->534,1084,10,bezier_ipopt,1.5705302089918405,mse,0.0003510978758069548,False
rush_hour,537->534,1084,10,bezier_nm,18.066515183018055,mse,0.002031088620857856,False
rush_hour,537->536,1084,10,bezier_pgd,0.001521713042166084,mse,0.02190150458463781,False
rush_hour,537->536,1084,10,bezier_ipopt,2.18370989599498,mse,0.00035818926147771835,False
rush_hour,537->536,1084,10,bezier_nm,13.141541964025237,mse,0.1990880108313443,False
rush_hour,54->52,542,10,bezier_pgd,0.000833584985230118,mse,5.395850883864234e-05,False
rush_hour,54->52,542,10,bezier_ipopt,1.183010118023958,mse,2.6101683509821573e-05,False
rush_hour,54->52,542,10,bezier_nm,6.915263595001306,mse,0.000423018171502221,False
rush_hour,54->55,542,10,bezier_pgd,0.0008563390001654625,mse,3.305116059942521e-05,False
rush_hour,54->55,542,10,bezier_ipopt,0.7214383539976552,mse,1.7275210701964302e-05,False
rush_hour,54->55,542,10,bezier_nm,7.780002633982804,mse,0.0007566387429283529,False
rush_hour,55->50,542,10,bezier_pgd,0.0008731849957257509,mse,3.9605763459339515e-05,False
rush_hour,55->50,542,10,bezier_ipopt,0.8406222389894538,mse,1.946450998072471e-05,False
rush_hour,55->50,542,10,bezier_nm,7.748468366044108,mse,0.0004005015407479184,False
rush_hour,55->54,542,10,bezier_pgd,0.0010838330490514636,mse,3.290060626307689e-05,False
rush_hour,55->54,542,10,bezier_ipopt,0.8031666589668021,mse,2.1262869607435554e-05,False
rush_hour,55->54,542,10,bezier_nm,6.5069836439797655,mse,0.0003397045877011855,False
rush_hour,56->53,542,10,bezier_pgd,0.001257903000805527,mse,3.092445829195733e-05,False
rush_hour,56->53,542,10,bezier_ipopt,1.0534165839781053,mse,1.623405706414475e-05,False
rush_hour,56->53,542,10,bezier_nm,6.743272027000785,mse,0.0006793438596710104,False
rush_hour,56->57,542,10,bezier_pgd,0.0009068049839697778,mse,5.3753401328209894e-05,False
rush_hour,56->57,542,10,bezier_ipopt,0.728437446989119,mse,2.5171607145579262e-05,False
rush_hour,56->57,542,10,bezier_nm,6.797229491989128,mse,0.00047668475524093094,False
rush_hour,57->449,542,10,bezier_pgd,0.0007346029742620885,mse,3.0241409744451924e-05,False
rush_hour,57->449,542,10,bezier_ipopt,1.1392147759906948,mse,1.6319076742045025e-05,False
rush_hour,57->449,542,10,bezier_nm,7.314993095002137,mse,0.000497890237925045,False
rush_hour,57->56,542,10,bezier_pgd,0.001210380985867232,mse,3.460638966979338e-05,False
rush_hour,57->56,542,10,bezier_ipopt,0.8485040260129608,mse,1.4138596088800806e-05,False
rush_hour,57->56,542,10,bezier_nm,7.618758970987983,mse,0.00023681679071480276,False
rush_hour,58->59,542,10,bezier_pgd,0.0008676410070620477,mse,4.757084287825794e-05,False
rush_hour,58->59,542,10,bezier_ipopt,1.182239193993155,mse,2.483998247012174e-05,False
rush_hour,58->59,542,10,bezier_nm,8.430417019990273,mse,0.0001618047210685949,False
rush_hour,58->80,542,10,bezier_pgd,0.0014011720195412636,mse,2.9859802307594367e-05,False
rush_hour,58->80,542,10,bezier_ipopt,1.034454689011909,mse,1.6521961599426604e-05,False
rush_hour,58->80,542,10,bezier_nm,6.414597002964001,mse,0.0004227066848974082,False
rush_hour,59->58,542,10,bezier_pgd,0.000856116006616503,mse,6.90755468839066e-05,False
rush_hour,59->58,542,10,bezier_ipopt,0.9226942239911295,mse,2.2524586265944855e-05,False
rush_hour,59->58,542,10,bezier_nm,8.287367892975453,mse,0.00017189799250300257,False
rush_hour,59->86,542,10,bezier_pgd,0.0011032949551008642,mse,6.799614875628819e-05,False
rush_hour,59->86,542,10,bezier_ipopt,0.8908163459855132,mse,1.7499653537316037e-05,False
rush_hour,59->86,542,10,bezier_nm,7.954879279015586,mse,0.00034328363036237677,False
rush_hour,6->515,542,10,bezier_pgd,0.0021286620176397264,mse,0.0010626673283798845,False
rush_hour,6->515,542,10,bezier_ipopt,0.8197791780112311,mse,8.338977686012512e-05,False
rush_hour,6->515,542,10,bezier_nm,6.530131608014926,mse,0.0038187307175368036,False
rush_hour,6->518,542,10,bezier_pgd,0.000828766031190753,mse,0.007412646485602716,False
rush_hour,6->518,542,10,bezier_ipopt,0.748060901009012,mse,0.00020607927389520647,False
rush_hour,6->518,542,10,bezier_nm,6.477109301020391,mse,0.018098148015818136,False
rush_hour,60->2,542,10,bezier_pgd,0.0006401870050467551,mse,7.90567711728701e-05,False
rush_hour,60->2,542,10,bezier_ipopt,0.8866230869898573,mse,3.318363111764447e-05,False
rush_hour,60->2,542,10,bezier_nm,7.882183272042312,mse,0.00020161000961407542,False
rush_hour,60->450,542,10,bezier_pgd,0.0009647979750297964,mse,4.532702279512769e-05,False
rush_hour,60->450,542,10,bezier_ipopt,0.9355690869851969,mse,1.489292129330907e-05,False
rush_hour,60->450,542,10,bezier_nm,7.651338858006056,mse,8.191245595859064e-05,False
rush_hour,61->45,542,10,bezier_pgd,0.0010621899855323136,mse,9.767927457461962e-05,False
rush_hour,61->45,542,10,bezier_ipopt,0.919782523997128,mse,4.05448533448321e-05,False
rush_hour,61->45,542,10,bezier_nm,6.866088743030559,mse,0.0011417092755487497,False
rush_hour,61->75,542,10,bezier_pgd,0.0010909099946729839,mse,5.614455586219982e-05,False
rush_hour,61->75,542,10,bezier_ipopt,0.7306218069861643,mse,3.207807880358306e-05,False
rush_hour,61->75,542,10,bezier_nm,6.744159121997654,mse,0.0008823935036572797,False
rush_hour,62->63,542,10,bezier_pgd,0.0008305590017698705,mse,6.795839975252384e-05,False
rush_hour,62->63,542,10,bezier_ipopt,1.050657048006542,mse,2.024465477001901e-05,False
rush_hour,62->63,542,10,bezier_nm,6.8510459730168805,mse,0.0006429666996077184,False
rush_hour,62->75,542,10,bezier_pgd,0.001064506999682635,mse,5.5354534329814646e-05,False
rush_hour,62->75,542,10,bezier_ipopt,0.8913725730380975,mse,1.4959028140742624e-05,False
rush_hour,62->75,542,10,bezier_nm,6.8777244530501775,mse,0.0009597946610637653,False
rush_hour,63->62,542,10,bezier_pgd,0.000835935992654413,mse,4.706665459439252e-05,False
rush_hour,63->62,542,10,bezier_ipopt,0.9171899229986593,mse,1.833006928038266e-05,False
rush_hour,63->62,542,10,bezier_nm,7.131312971003354,mse,0.0006339690128285182,False
rush_hour,63->64,542,10,bezier_pgd,0.0007285259780474007,mse,5.14541634137112e-05,False
rush_hour,63->64,542,10,bezier_ipopt,0.8821721220156178,mse,2.81731496247358e-05,False
rush_hour,63->64,542,10,bezier_nm,7.480225303967018,mse,8.268832962057715e-05,False
rush_hour,64->63,542,10,bezier_pgd,0.0008234140113927424,mse,2.4959562218945657e-05,False
rush_hour,64->63,542,10,bezier_ipopt,0.9094706159667112,mse,1.3058535978434279e-05,False
rush_hour,64->63,542,10,bezier_nm,7.938665409048554,mse,0.00012400986325197106,False
rush_hour,64->65,542,10,bezier_pgd,0.0007467360119335353,mse,2.973039102289774e-05,False
rush_hour,64->65,542,10,bezier_ipopt,1.0117985400138423,mse,1.8851625087732175e-05,False
rush_hour,64->65,542,10,bezier_nm,7.905124464945402,mse,0.00013559397061514957,False
rush_hour,65->130,542,10,bezier_pgd,0.0012984219938516617,mse,0.00016359387496233567,False
rush_hour,65->130,542,10,bezier_ipopt,0.8684268720098771,mse,0.00010418205575487402,False
rush_hour,65->130,542,10,bezier_nm,8.279623181966599,mse,0.0012349357561949636,False
rush_hour,65->64,542,10,bezier_pgd,0.0008437479846179485,mse,3.882980261053667e-05,False
rush_hour,65->64,542,10,bezier_ipopt,0.9081979139591567,mse,2.2964951487084477e-05,False
rush_hour,65->64,542,10,bezier_nm,7.6833952849847265,mse,0.00013548437627154735,False
rush_hour,66->450,542,10,bezier_pgd,0.0009586889646016061,mse,7.159772125530145e-05,False
rush_hour,66->450,542,10,bezier_ipopt,0.8152476250543259,mse,3.0871818972859475e-05,False
rush_hour,66->450,542,10,bezier_nm,8.142038003948983,mse,0.0001462059385691746,False
rush_hour,66->67,542,10,bezier_pgd,0.0009701389935798943,mse,4.010847874181771e-05,False
rush_hour,66->67,542,10,bezier_ipopt,1.1393339569913223,mse,1.8484204592556117e-05,False
rush_hour,66->67,542,10,bezier_nm,9.087029710004572,mse,0.00020452192720506307,False
rush_hour,67->66,542,10,bezier_pgd,0.0009668730199337006,mse,4.893161204448684e-05,False
rush_hour,67->66,542,10,bezier_ipopt,0.8259464169968851,mse,1.956217430419212e-05,False
rush_hour,67->66,542,10,bezier_nm,8.360386988031678,mse,0.000186672314644184,False
rush_hour,67->68,542,10,bezier_pgd,0.0007935489993542433,mse,5.335108099596113e-05,False
rush_hour,67->68,542,10,bezier_ipopt,0.982172743009869,mse,2.8141537317591672e-05,False
rush_hour,67->68,542,10,bezier_nm,8.400739943026565,mse,0.00018208374904202232,False
rush_hour,68->67,542,10,bezier_pgd,0.0010940729989670217,mse,8.288433398282749e-05,False
rush_hour,68->67,542,10,bezier_ipopt,1.0014503900310956,mse,2.1809268879772404e-05,False
rush_hour,68->67,542,10,bezier_nm,8.182986967032775,mse,0.00018923874510427436,False
rush_hour,68->69,542,10,bezier_pgd,0.0018525180057622492,mse,0.00017003048754269385,False
rush_hour,68->69,542,10,bezier_ipopt,0.9147737440071069,mse,3.459005667240973e-05,False
rush_hour,68->69,542,10,bezier_nm,8.298345490009524,mse,0.0007785724691425138,False
rush_hour,69->68,542,10,bezier_pgd,0.0009529950330033898,mse,3.788181519976366e-05,False
rush_hour,69->68,542,10,bezier_ipopt,0.8903942320030183,mse,1.7414011160948586e-05,False
rush_hour,69->68,542,10,bezier_nm,6.850502768997103,mse,0.00021528109082312265,False
rush_hour,69->70,542,10,bezier_pgd,0.000929232977796346,mse,4.485702554340058e-05,False
rush_hour,69->70,542,10,bezier_ipopt,0.958728265017271,mse,1.1671189519582996e-05,False
rush_hour,69->70,542,10,bezier_nm,8.217897216964047,mse,0.0001836204266703724,False
rush_hour,7->107,542,10,bezier_pgd,0.001166242000181228,mse,0.007413465190827631,False
rush_hour,7->107,542,10,bezier_ipopt,,mse,,True
rush_hour,7->107,542,10,bezier_nm,7.244974534027278,mse,0.06672512678222745,False
rush_hour,7->108,542,10,bezier_pgd,0.0009601449710316956,mse,5.074168814182879e-05,False
rush_hour,7->108,542,10,bezier_ipopt,0.7712189480080269,mse,2.546309280528094e-05,False
rush_hour,7->108,542,10,bezier_nm,8.656998054008,mse,0.00012318703228628828,False
rush_hour,7->225,542,10,bezier_pgd,0.0006308029987849295,mse,0.00012850600619046878,False
rush_hour,7->225,542,10,bezier_ipopt,0.9621468019904569,mse,8.500862075074006e-05,False
rush_hour,7->225,542,10,bezier_nm,8.818675175018143,mse,0.0003408643430481176,False
rush_hour,70->69,542,10,bezier_pgd,0.0008964120061136782,mse,7.496827074130381e-05,False
rush_hour,70->69,542,10,bezier_ipopt,0.7563817710033618,mse,3.177870880831246e-05,False
rush_hour,70->69,542,10,bezier_nm,8.668421806010883,mse,0.00030654678217974344,False
rush_hour,70->71,542,10,bezier_pgd,0.0009754979982972145,mse,5.3070378013409005e-05,False
rush_hour,70->71,542,10,bezier_ipopt,0.8257279539830051,mse,2.6724925859984776e-05,False
rush_hour,70->71,542,10,bezier_nm,9.27925189799862,mse,0.00032853869756113957,False
rush_hour,71->70,542,10,bezier_pgd,0.0009819100378081203,mse,3.625347482490639e-05,False
rush_hour,71->70,542,10,bezier_ipopt,0.8851142839994282,mse,1.528599122061777e-05,False
rush_hour,71->70,542,10,bezier_nm,9.529542895033956,mse,0.00020762059723624865,False
rush_hour,71->72,542,10,bezier_pgd,0.001288771047256887,mse,6.549582718227538e-05,False
rush_hour,71->72,542,10,bezier_ipopt,0.8161295329919085,mse,2.3029481096620684e-05,False
rush_hour,71->72,542,10,bezier_nm,8.490201069042087,mse,0.0020955838181078686,False
rush_hour,72->202,542,10,bezier_pgd,0.0015612219576723874,mse,6.292196819921537e-05,False
rush_hour,72->202,542,10,bezier_ipopt,1.0221375370165333,mse,3.613612906100524e-05,False
rush_hour,72->202,542,10,bezier_nm,8.146903550019488,mse,0.00016997652893980126,False
rush_hour,72->71,542,10,bezier_pgd,0.001165907015092671,mse,5.607772434132435e-05,False
rush_hour,72->71,542,10,bezier_ipopt,1.0298293819651008,mse,1.8288111406314592e-05,False
rush_hour,72->71,542,10,bezier_nm,7.3137958840234205,mse,0.0012070338177144967,False
rush_hour,73->74,542,10,bezier_pgd,0.0009737020009197295,mse,7.0837354178946e-05,False
rush_hour,73->74,542,10,bezier_ipopt,0.7986544009763747,mse,1.3543104337435051e-05,False
rush_hour,73->74,542,10,bezier_nm,9.768266526050866,mse,0.00048540378553076823,False
rush_hour,73->80,542,10,bezier_pgd,0.0008461059769615531,mse,3.619708864949358e-05,False
rush_hour,73->80,542,10,bezier_ipopt,0.7674226040253416,mse,1.6559058696010012e-05,False
rush_hour,73->80,542,10,bezier_nm,8.4316751830047,mse,0.000160933436254995,False
rush_hour,74->143,542,10,bezier_pgd,0.0011548629845492542,mse,0.0004206898608597297,False
rush_hour,74->143,542,10,bezier_ipopt,0.9435184850008227,mse,0.00018741315089336054,False
rush_hour,74->143,542,10,bezier_nm,8.61459641699912,mse,0.0008494529093349613,False
rush_hour,74->73,542,10,bezier_pgd,0.0008190230000764132,mse,3.857059698556415e-05,False
rush_hour,74->73,542,10,bezier_ipopt,0.9167868240037933,mse,1.949582567253073e-05,False
rush_hour,74->73,542,10,bezier_nm,8.02828689198941,mse,7.140308864691043e-05,False
rush_hour,75->46,542,10,bezier_pgd,0.0008183190366253257,mse,6.82725956388027e-05,False
rush_hour,75->46,542,10,bezier_ipopt,1.2758807119680569,mse,2.1362443586487532e-05,False
rush_hour,75->46,542,10,bezier_nm,7.026532901974861,mse,0.0005189043360839012,False
rush_hour,75->61,542,10,bezier_pgd,0.0007518000202253461,mse,4.2905702717792576e-05,False
rush_hour,75->61,542,10,bezier_ipopt,1.0628345450386405,mse,2.109730177341958e-05,False
rush_hour,75->61,542,10,bezier_nm,7.249086699972395,mse,0.00021919520792115216,False
rush_hour,75->62,542,10,bezier_pgd,0.0007744440226815641,mse,2.5039919607995824e-05,False
rush_hour,75->62,542,10,bezier_ipopt,1.0226485120365396,mse,1.6554916503377708e-05,False
rush_hour,75->62,542,10,bezier_nm,7.778255039011128,mse,0.0007065976316070835,False
rush_hour,76->14,542,10,bezier_pgd,0.0009954790002666414,mse,4.64377718972245e-05,False
rush_hour,76->14,542,10,bezier_ipopt,1.0075200169812888,mse,2.5250217433651806e-05,False
rush_hour,76->14,542,10,bezier_nm,8.570948532025795,mse,0.00022848601701354465,False
rush_hour,76->276,542,10,bezier_pgd,0.0012683719978667796,mse,0.0014878749253522227,False
rush_hour,76->276,542,10,bezier_ipopt,,mse,,True
rush_hour,76->276,542,10,bezier_nm,5.9655820219777524,mse,0.06040035610343257,False
rush_hour,76->428,542,10,bezier_pgd,0.0008435160270892084,mse,0.006427220384779447,False
rush_hour,76->428,542,10,bezier_ipopt,,mse,,True
rush_hour,76->428,542,10,bezier_nm,7.1730902179842815,mse,0.06872888028948988,False
rush_hour,77->430,542,10,bezier_pgd,0.0010512020089663565,mse,4.0185615274569035e-05,False
rush_hour,77->430,542,10,bezier_ipopt,0.7929841699660756,mse,3.204581668242048e-05,False
rush_hour,77->430,542,10,bezier_nm,7.788768482976593,mse,9.938905292575889e-05,False
rush_hour,77->478,542,10,bezier_pgd,0.000829098979011178,mse,0.0001873477739362263,False
rush_hour,77->478,542,10,bezier_ipopt,0.7080342620029114,mse,0.00011418892978110717,False
rush_hour,77->478,542,10,bezier_nm,7.571728139009792,mse,0.0002459818483613075,False
rush_hour,78->109,542,10,bezier_pgd,0.0007366869831457734,mse,2.8597255902966963e-05,False
rush_hour,78->109,542,10,bezier_ipopt,0.8445810790290125,mse,2.1539309097917277e-05,False
rush_hour,78->109,542,10,bezier_nm,6.8457970499875955,mse,0.000454175395978784,False
rush_hour,78->79,542,10,bezier_pgd,0.0009678940405137837,mse,4.6960973359656396e-05,False
rush_hour,78->79,542,10,bezier_ipopt,0.8563299239613116,mse,2.3009410746137175e-05,False
rush_hour,78->79,542,10,bezier_nm,8.30843576497864,mse,0.0002334180894868896,False
rush_hour,79->110,542,10,bezier_pgd,0.0010197579977102578,mse,3.650311383378778e-05,False
rush_hour,79->110,542,10,bezier_ipopt,0.9047524079796858,mse,2.001363034561371e-05,False
rush_hour,79->110,542,10,bezier_nm,8.07551923498977,mse,0.00011560465095835668,False
rush_hour,79->78,542,10,bezier_pgd,0.0008883380214683712,mse,3.981257742951746e-05,False
rush_hour,79->78,542,10,bezier_ipopt,1.009641591052059,mse,1.417773793286861e-05,False
rush_hour,79->78,542,10,bezier_nm,7.032213281025179,mse,0.00016467058639276847,False
rush_hour,8->96,542,10,bezier_pgd,0.005130311008542776,mse,0.011730505475418077,False
rush_hour,8->96,542,10,bezier_ipopt,,mse,,True
rush_hour,8->96,542,10,bezier_nm,4.45650415198179,mse,0.08027667431744899,False
rush_hour,80->202,542,10,bezier_pgd,0.0007564749685116112,mse,5.260775743326542e-05,False
rush_hour,80->202,542,10,bezier_ipopt,1.0906881889677607,mse,1.445441678577006e-05,False
rush_hour,80->202,542,10,bezier_nm,6.797501811990514,mse,0.00048044542817355566,False
rush_hour,80->58,542,10,bezier_pgd,0.001178762991912663,mse,8.136435856810257e-05,False
rush_hour,80->58,542,10,bezier_ipopt,1.150384298991412,mse,2.376651684560138e-05,False
rush_hour,80->58,542,10,bezier_nm,7.668081431998871,mse,0.0012930833053560451,False
rush_hour,80->73,542,10,bezier_pgd,0.0008491540211252868,mse,3.828386942568743e-05,False
rush_hour,80->73,542,10,bezier_ipopt,1.1207797710085288,mse,2.208955238376452e-05,False
rush_hour,80->73,542,10,bezier_nm,7.90086529799737,mse,0.00011161771499940303,False
rush_hour,81->453,542,10,bezier_pgd,0.0013384090270847082,mse,3.173731862125485e-05,False
rush_hour,81->453,542,10,bezier_ipopt,1.0169017629814334,mse,2.323475201885005e-05,False
rush_hour,81->453,542,10,bezier_nm,8.364289857971016,mse,0.00010772059721285918,False
rush_hour,81->82,542,10,bezier_pgd,0.0009240349754691124,mse,0.024070607415763348,False
rush_hour,81->82,542,10,bezier_ipopt,1.818466643046122,mse,0.0006073641620208286,False
rush_hour,81->82,542,10,bezier_nm,6.483288890973199,mse,0.2162179485697784,False
rush_hour,82->81,542,10,bezier_pgd,0.0009938320145010948,mse,6.57800480036717e-05,False
rush_hour,82->81,542,10,bezier_ipopt,0.8651692410348915,mse,1.649533686053518e-05,False
rush_hour,82->81,542,10,bezier_nm,7.313468198000919,mse,0.00016012570396553515,False
rush_hour,82->83,542,10,bezier_pgd,0.0008176469709724188,mse,2.9784796494612234e-05,False
rush_hour,82->83,542,10,bezier_ipopt,1.6476222350029275,mse,1.9904606969584316e-05,False
rush_hour,82->83,542,10,bezier_nm,7.81413390499074,mse,0.00012708352275200372,False
rush_hour,83->82,542,10,bezier_pgd,0.0012070719967596233,mse,4.4529538065849675e-05,False
rush_hour,83->82,542,10,bezier_ipopt,1.2114813450025395,mse,2.3372730717536036e-05,False
rush_hour,83->82,542,10,bezier_nm,7.658513633010443,mse,0.00012151388369550989,False
rush_hour,83->85,542,10,bezier_pgd,0.0008780619828030467,mse,0.0330090020286644,False
rush_hour,83->85,542,10,bezier_ipopt,5.841304619971197,mse,0.0002837043476945543,False
rush_hour,83->85,542,10,bezier_nm,6.761382453958504,mse,0.22823249366267007,False
rush_hour,84->510,542,10,bezier_pgd,0.0007782679749652743,mse,0.000529866610566433,False
rush_hour,84->510,542,10,bezier_ipopt,0.931213881005533,mse,0.00030544543600993513,False
rush_hour,84->510,542,10,bezier_nm,9.268389004981145,mse,0.0011277697914045966,False
rush_hour,84->85,542,10,bezier_pgd,0.001849947962909937,mse,4.324785890003028e-05,False
rush_hour,84->85,542,10,bezier_ipopt,0.7697083220118657,mse,2.4579333962686034e-05,False
rush_hour,84->85,542,10,bezier_nm,8.834755628020503,mse,0.00020528679314878517,False
rush_hour,85->83,542,10,bezier_pgd,0.0016627319855615497,mse,0.00035839919929579717,False
rush_hour,85->83,542,10,bezier_ipopt,1.1580509499763139,mse,0.00019272130290054194,False
rush_hour,85->83,542,10,bezier_nm,9.512275137007236,mse,0.0006319976181779319,False
rush_hour,85->84,542,10,bezier_pgd,0.0015418779803439975,mse,0.012230162531678183,False
rush_hour,85->84,542,10,bezier_ipopt,0.7458947030245326,mse,0.0007361053502047101,False
rush_hour,85->84,542,10,bezier_nm,6.424732223968022,mse,0.1873590774509616,False
rush_hour,86->142,542,10,bezier_pgd,0.0006782899727113545,mse,0.000182779233761308,False
rush_hour,86->142,542,10,bezier_ipopt,0.7655660299933515,mse,0.0001431364400348964,False
rush_hour,86->142,542,10,bezier_nm,9.373338253004476,mse,0.0006153571194884608,False
rush_hour,86->59,542,10,bezier_pgd,0.0007232949719764292,mse,0.02899108500993906,False
rush_hour,86->59,542,10,bezier_ipopt,,mse,,True
rush_hour,86->59,542,10,bezier_nm,7.525217380956747,mse,0.11969213460571788,False
rush_hour,87->88,542,10,bezier_pgd,0.0007537830388173461,mse,3.6619433145422805e-05,False
rush_hour,87->88,542,10,bezier_ipopt,1.505727633018978,mse,1.979498769143061e-05,False
rush_hour,87->88,542,10,bezier_nm,8.684024777030572,mse,9.524657739828603e-05,False
rush_hour,87->97,542,10,bezier_pgd,0.00101700599770993,mse,3.2815172478670455e-05,False
rush_hour,87->97,542,10,bezier_ipopt,0.8930508919875138,mse,1.65484397374669e-05,False
rush_hour,87->97,542,10,bezier_nm,7.144835952029098,mse,0.00016905208617568813,False
rush_hour,88->16,542,10,bezier_pgd,0.0009803709690459073,mse,2.7294219652856735e-05,False
rush_hour,88->16,542,10,bezier_ipopt,0.9415930679533631,mse,1.3545911308161334e-05,False
rush_hour,88->16,542,10,bezier_nm,9.196569989959244,mse,0.00020482198290342174,False
rush_hour,88->87,542,10,bezier_pgd,0.0010203519486822188,mse,3.619008858636332e-05,False
rush_hour,88->87,542,10,bezier_ipopt,0.8333755300263874,mse,1.781407642668724e-05,False
rush_hour,88->87,542,10,bezier_nm,9.217039540002588,mse,0.00013921290431433822,False
rush_hour,89->297,542,10,bezier_pgd,0.0007319280412048101,mse,5.922767354937454e-05,False
rush_hour,89->297,542,10,bezier_ipopt,0.8147464490029961,mse,2.5973515604946922e-05,False
rush_hour,89->297,542,10,bezier_nm,7.302552692010067,mse,0.00011520754247968378,False
rush_hour,89->90,542,10,bezier_pgd,0.0008587460033595562,mse,7.316744553520068e-05,False
rush_hour,89->90,542,10,bezier_ipopt,1.0414847049978562,mse,2.224464010909612e-05,False
rush_hour,89->90,542,10,bezier_nm,8.139026278979145,mse,0.00020306796422924164,False
rush_hour,9->499,542,10,bezier_pgd,0.0014045460266061127,mse,0.0006206332243367447,False
rush_hour,9->499,542,10,bezier_ipopt,1.2282966960337944,mse,0.0002621872827362382,False
rush_hour,9->499,542,10,bezier_nm,6.627366553002503,mse,0.00798966980459192,False
rush_hour,90->216,542,10,bezier_pgd,0.0016402429901063442,mse,0.00017878646135769926,False
rush_hour,90->216,542,10,bezier_ipopt,2.0693843199987896,mse,1.883561071832459e-05,False
rush_hour,90->216,542,10,bezier_nm,8.60732847097097,mse,0.0010799768142581354,False
rush_hour,90->89,542,10,bezier_pgd,0.0008380879880860448,mse,5.931051018922418e-05,False
rush_hour,90->89,542,10,bezier_ipopt,1.122523735044524,mse,2.1686581365476463e-05,False
rush_hour,90->89,542,10,bezier_nm,7.697183117968962,mse,0.00012737407125158978,False
rush_hour,91->408,542,10,bezier_pgd,0.0015461380244232714,mse,0.012563968434077326,False
rush_hour,91->408,542,10,bezier_ipopt,3.3742429389967583,mse,0.008077011043441325,False
rush_hour,91->408,542,10,bezier_nm,7.2896969499997795,mse,0.17318210095407205,False
rush_hour,91->92,542,10,bezier_pgd,0.0008882119436748326,mse,3.87995200545126e-05,False
rush_hour,91->92,542,10,bezier_ipopt,1.1082358150160871,mse,1.965258017711321e-05,False
rush_hour,91->92,542,10,bezier_nm,6.554302364995237,mse,0.0006209818925751592,False
rush_hour,92->259,542,10,bezier_pgd,0.0010201580007560551,mse,0.03432127910476572,False
rush_hour,92->259,542,10,bezier_ipopt,1.0457187700085342,mse,0.0010429500805670638,False
rush_hour,92->259,542,10,bezier_nm,7.358371629030444,mse,0.3200831124058426,False
rush_hour,92->91,542,10,bezier_pgd,0.0012712880270555615,mse,0.016857300190856104,False
rush_hour,92->91,542,10,bezier_ipopt,,mse,,True
rush_hour,92->91,542,10,bezier_nm,,mse,,True
rush_hour,93->425,542,10,bezier_pgd,0.0013258499675430357,mse,5.353724764617557e-05,False
rush_hour,93->425,542,10,bezier_ipopt,1.3350410499842837,mse,1.8723489594739977e-05,False
rush_hour,93->425,542,10,bezier_nm,9.620596145978197,mse,0.00029468340771279,False
rush_hour,93->448,542,10,bezier_pgd,0.0005820619990117848,mse,4.944639517869392e-05,False
rush_hour,93->448,542,10,bezier_ipopt,1.0429709759773687,mse,3.134291761867732e-05,False
rush_hour,93->448,542,10,bezier_nm,7.26883762300713,mse,8.48235880609195e-05,False
rush_hour,94->209,542,10,bezier_pgd,0.0012295279884710908,mse,0.004188858952724615,False
rush_hour,94->209,542,10,bezier_ipopt,0.7544265809701756,mse,0.00016255155358513315,False
rush_hour,94->209,542,10,bezier_nm,7.665911010990385,mse,0.10731599367103359,False
rush_hour,94->95,542,10,bezier_pgd,0.0015299899969249964,mse,8.96649393978091e-05,False
rush_hour,94->95,542,10,bezier_ipopt,1.1260599989909679,mse,1.938919897991809e-05,False
rush_hour,94->95,542,10,bezier_nm,7.970948274014518,mse,0.00018948761187284995,False
rush_hour,95->94,542,10,bezier_pgd,0.0007392260013148189,mse,5.8360940447538106e-05,False
rush_hour,95->94,542,10,bezier_ipopt,0.9973743240116164,mse,2.972961369563388e-05,False
rush_hour,95->94,542,10,bezier_nm,7.473255690012593,mse,0.0001057998304886698,False
rush_hour,95->96,542,10,bezier_pgd,0.0007356060086749494,mse,7.062662026775565e-05,False
rush_hour,95->96,542,10,bezier_ipopt,0.9355238449643366,mse,2.793354203733647e-05,False
rush_hour,95->96,542,10,bezier_nm,7.588462095009163,mse,0.00011781696104476326,False
rush_hour,96->8,542,10,bezier_pgd,0.0006336169899441302,mse,0.05760064182618245,False
rush_hour,96->8,542,10,bezier_ipopt,,mse,,True
rush_hour,96->8,542,10,bezier_nm,7.489757233997807,mse,0.4598765439613459,False
rush_hour,96->95,542,10,bezier_pgd,0.0008156499825417995,mse,4.136641791415137e-05,False
rush_hour,96->95,542,10,bezier_ipopt,0.8968879230087623,mse,1.688128534129478e-05,False
rush_hour,96->95,542,10,bezier_nm,7.8483546859933995,mse,0.00012216162946010825,False
rush_hour,97->17,542,10,bezier_pgd,0.0009198450134135783,mse,3.669803065519316e-05,False
rush_hour,97->17,542,10,bezier_ipopt,0.8372751090209931,mse,1.3217602412912294e-05,False
rush_hour,97->17,542,10,bezier_nm,7.839800494955853,mse,0.00014062750312328736,False
rush_hour,97->87,542,10,bezier_pgd,0.0018212879658676684,mse,7.509899472397339e-05,False
rush_hour,97->87,542,10,bezier_ipopt,0.8643363870214671,mse,2.564269164329308e-05,False
rush_hour,97->87,542,10,bezier_nm,8.379922542022541,mse,0.0002627553360028594,False
rush_hour,98->455,542,10,bezier_pgd,0.0008442670223303139,mse,4.5306615534316635e-05,False
rush_hour,98->455,542,10,bezier_ipopt,0.9276687310193665,mse,2.3625055876502547e-05,False
rush_hour,98->455,542,10,bezier_nm,7.757505110988859,mse,0.0001866756259317594,False
rush_hour,98->456,542,10,bezier_pgd,0.0008254109998233616,mse,4.707344628719025e-05,False
rush_hour,98->456,542,10,bezier_ipopt,1.0163094790186733,mse,2.2825263052109056e-05,False
rush_hour,98->456,542,10,bezier_nm,7.4084595600143075,mse,0.00016883153808173093,False
rush_hour,99->100,542,10,bezier_pgd,0.0015402580029331148,mse,7.064550854232988e-05,False
rush_hour,99->100,542,10,bezier_ipopt,0.8492591739632189,mse,2.6359831303486632e-05,False
rush_hour,99->100,542,10,bezier_nm,7.894373549963348,mse,0.00028347646614459385,False
rush_hour,99->456,542,10,bezier_pgd,0.000921384955290705,mse,3.937561406699483e-05,False
rush_hour,99->456,542,10,bezier_ipopt,0.7808144990121946,mse,2.0646645058082506e-05,False
rush_hour,99->456,542,10,bezier_nm,7.560444359027315,mse,0.00014266913793839448,False
